BOLSIG+ version: 03/2016
Collision input data:
--------------------------------------------------
Ar                                                              
glow-discharge/nominal-crs/fullCrs.txt
--------------------------------------------------
Ar5                                                             
glow-discharge/nominal-crs/fullCrs.txt
--------------------------------------------------
Ar4                                                             
glow-discharge/nominal-crs/fullCrs.txt
--------------------------------------------------
Ar3                                                             
glow-discharge/nominal-crs/fullCrs.txt
--------------------------------------------------
Ar2                                                             
glow-discharge/nominal-crs/fullCrs.txt
--------------------------------------------------
Ar(2p10)                                                        
glow-discharge/nominal-crs/fullCrs.txt
--------------------------------------------------
Ar(2p9)                                                         
glow-discharge/nominal-crs/fullCrs.txt
--------------------------------------------------
Ar(2p8)                                                         
glow-discharge/nominal-crs/fullCrs.txt
--------------------------------------------------
Ar(2p7)                                                         
glow-discharge/nominal-crs/fullCrs.txt
--------------------------------------------------
Ar(2p6)                                                         
glow-discharge/nominal-crs/fullCrs.txt
--------------------------------------------------
Ar(2p5)                                                         
glow-discharge/nominal-crs/fullCrs.txt
--------------------------------------------------
Ar(2p4)                                                         
glow-discharge/nominal-crs/fullCrs.txt
--------------------------------------------------
Ar(2p3)                                                         
glow-discharge/nominal-crs/fullCrs.txt
--------------------------------------------------
Ar(2p2)                                                         
glow-discharge/nominal-crs/fullCrs.txt
--------------------------------------------------
Ar(2p1)                                                         
glow-discharge/nominal-crs/fullCrs.txt
 
 
 
Angular frequency / N (m3/s)               0.000    
Cosine of E-B field angle                  0.000    
Gas temperature (K)                        300.0    
Excitation temperature (K)                 300.0    
Transition energy (eV)                     0.000    
Ionization degree                         0.6214E-07
Plasma density (1/m3)                     0.2000E+16
Ion charge parameter                       1.000    
Ion/neutral mass ratio                     1.000    
e-e momentum effects                       1.000    
Energy sharing                             1.000    
Growth model                               2.000    
Maxwellian mean energy (eV)                0.000    
# of grid points                           200.0    
Grid type                                  0.000    
Maximum energy                             200.0    
Precision                                 0.1000E-09
Convergence                               0.1000E-03
Maximum # of iterations                   0.1000E+05
Mole fraction Ar                           1.000    
Mole fraction Ar5                         0.1243E-05
Mole fraction Ar4                         0.6213E-09
Mole fraction Ar3                         0.9320E-06
Mole fraction Ar2                         0.3107E-09
Mole fraction Ar(2p10)                    0.6213E-10
Mole fraction Ar(2p9)                     0.6213E-10
Mole fraction Ar(2p8)                     0.6213E-10
Mole fraction Ar(2p7)                     0.4660E-10
Mole fraction Ar(2p6)                     0.4660E-10
Mole fraction Ar(2p5)                     0.3107E-10
Mole fraction Ar(2p4)                     0.3107E-10
Mole fraction Ar(2p3)                     0.3107E-10
Mole fraction Ar(2p2)                     0.3107E-10
Mole fraction Ar(2p1)                     0.3107E-10
 
 
E/N (Td)    	Electric field / N (Td)                                         
0.1256E-01	0.1256E-01
0.1291E-01	0.1291E-01
0.1327E-01	0.1327E-01
0.1366E-01	0.1366E-01
0.1408E-01	0.1408E-01
0.1450E-01	0.1450E-01
0.1495E-01	0.1495E-01
0.1542E-01	0.1542E-01
0.1593E-01	0.1593E-01
0.1648E-01	0.1648E-01
0.1705E-01	0.1705E-01
0.1766E-01	0.1766E-01
0.1829E-01	0.1829E-01
0.1896E-01	0.1896E-01
0.1965E-01	0.1965E-01
0.2040E-01	0.2040E-01
0.2121E-01	0.2121E-01
0.2208E-01	0.2208E-01
0.2300E-01	0.2300E-01
0.2397E-01	0.2397E-01
0.2498E-01	0.2498E-01
0.2603E-01	0.2603E-01
0.2718E-01	0.2718E-01
0.2845E-01	0.2845E-01
0.2981E-01	0.2981E-01
0.3122E-01	0.3122E-01
0.3270E-01	0.3270E-01
0.3425E-01	0.3425E-01
0.3600E-01	0.3600E-01
0.3782E-01	0.3782E-01
0.3982E-01	0.3982E-01
0.4198E-01	0.4198E-01
0.4426E-01	0.4426E-01
0.4665E-01	0.4665E-01
0.4921E-01	0.4921E-01
0.5208E-01	0.5208E-01
0.5515E-01	0.5515E-01
0.5836E-01	0.5836E-01
0.6181E-01	0.6181E-01
0.6565E-01	0.6565E-01
0.6976E-01	0.6976E-01
0.7409E-01	0.7409E-01
0.7891E-01	0.7891E-01
0.8394E-01	0.8394E-01
0.8947E-01	0.8947E-01
0.9548E-01	0.9548E-01
0.1018	0.1018
0.1087	0.1087
0.1161	0.1161
0.1240	0.1240
0.1325	0.1325
0.1415	0.1415
0.1511	0.1511
0.1613	0.1613
0.1720	0.1720
0.1834	0.1834
0.1953	0.1953
0.2079	0.2079
0.2211	0.2211
0.2349	0.2349
0.2493	0.2493
0.2643	0.2643
0.2800	0.2800
0.2964	0.2964
0.3134	0.3134
0.3312	0.3312
0.3497	0.3497
0.3689	0.3689
0.3890	0.3890
0.4098	0.4098
0.4316	0.4316
0.4543	0.4543
0.4779	0.4779
0.5026	0.5026
0.5284	0.5284
0.5554	0.5554
0.5837	0.5837
0.6134	0.6134
0.6445	0.6445
0.6771	0.6771
0.7115	0.7115
0.7477	0.7477
0.7859	0.7859
0.8262	0.8262
0.8689	0.8689
0.9140	0.9140
0.9619	0.9619
1.013	1.013
1.067	1.067
1.124	1.124
1.185	1.185
1.250	1.250
1.320	1.320
1.394	1.394
1.473	1.473
1.558	1.558
1.648	1.648
1.744	1.744
1.847	1.847
1.957	1.957
2.074	2.074
2.198	2.198
2.331	2.331
2.471	2.471
2.621	2.621
2.780	2.780
2.949	2.949
3.131	3.131
3.329	3.329
3.546	3.546
3.792	3.792
4.077	4.077
4.423	4.423
4.866	4.866
5.488	5.488
6.492	6.492
8.431	8.431
12.35	12.35
18.34	18.34
25.77	25.77
34.51	34.51
44.70	44.70
56.56	56.56
70.24	70.24
85.86	85.86
103.4	103.4
122.9	122.9
144.3	144.3
167.5	167.5
192.3	192.3
218.7	218.7
246.5	246.5
275.7	275.7
306.1	306.1
337.8	337.8
370.6	370.6
404.6	404.6
439.5	439.5
475.6	475.6
512.8	512.8
550.9	550.9
590.2	590.2
630.4	630.4
671.6	671.6
713.6	713.6
756.8	756.8
801.0	801.0
846.2	846.2
892.4	892.4
939.5	939.5
987.8	987.8
1037.	1037.
1087.	1087.
1139.	1139.
1191.	1191.
1245.	1245.
1299.	1299.
1355.	1355.
1412.	1412.
1470.	1470.
1529.	1529.
1589.	1589.
1651.	1651.
1713.	1713.
1777.	1777.
1842.	1842.
1909.	1909.
1976.	1976.
2045.	2045.
2116.	2116.
2187.	2187.
2260.	2260.
2334.	2334.
2410.	2410.
2487.	2487.
2565.	2565.
2645.	2645.
2726.	2726.
2808.	2808.
2892.	2892.
2978.	2978.
3065.	3065.
3153.	3153.
3243.	3243.
3334.	3334.
3427.	3427.
3522.	3522.
3617.	3617.
3715.	3715.
3814.	3814.
3914.	3914.
4017.	4017.
4120.	4120.
4225.	4225.
4332.	4332.
4441.	4441.
4551.	4551.
4662.	4662.
4775.	4775.
 
 
E/N (Td)	Mean energy (eV)
0.1256E-01	0.2056
0.1291E-01	0.2114
0.1327E-01	0.2174
0.1366E-01	0.2235
0.1408E-01	0.2298
0.1450E-01	0.2362
0.1495E-01	0.2429
0.1542E-01	0.2497
0.1593E-01	0.2567
0.1648E-01	0.2639
0.1705E-01	0.2714
0.1766E-01	0.2790
0.1829E-01	0.2869
0.1896E-01	0.2949
0.1965E-01	0.3032
0.2040E-01	0.3118
0.2121E-01	0.3205
0.2208E-01	0.3295
0.2300E-01	0.3388
0.2397E-01	0.3484
0.2498E-01	0.3582
0.2603E-01	0.3682
0.2718E-01	0.3786
0.2845E-01	0.3892
0.2981E-01	0.4002
0.3122E-01	0.4115
0.3270E-01	0.4230
0.3425E-01	0.4349
0.3600E-01	0.4471
0.3782E-01	0.4598
0.3982E-01	0.4727
0.4198E-01	0.4860
0.4426E-01	0.4997
0.4665E-01	0.5137
0.4921E-01	0.5281
0.5208E-01	0.5430
0.5515E-01	0.5583
0.5836E-01	0.5740
0.6181E-01	0.5901
0.6565E-01	0.6067
0.6976E-01	0.6238
0.7409E-01	0.6414
0.7891E-01	0.6594
0.8394E-01	0.6780
0.8947E-01	0.6970
0.9548E-01	0.7167
0.1018	0.7368
0.1087	0.7576
0.1161	0.7789
0.1240	0.8008
0.1325	0.8233
0.1415	0.8465
0.1511	0.8703
0.1613	0.8948
0.1720	0.9200
0.1834	0.9459
0.1953	0.9725
0.2079	0.9998
0.2211	1.028
0.2349	1.057
0.2493	1.087
0.2643	1.117
0.2800	1.149
0.2964	1.181
0.3134	1.214
0.3312	1.248
0.3497	1.283
0.3689	1.320
0.3890	1.357
0.4098	1.395
0.4316	1.434
0.4543	1.474
0.4779	1.516
0.5026	1.559
0.5284	1.602
0.5554	1.647
0.5837	1.694
0.6134	1.742
0.6445	1.790
0.6771	1.841
0.7115	1.893
0.7477	1.946
0.7859	2.001
0.8262	2.057
0.8689	2.115
0.9140	2.174
0.9619	2.235
1.013	2.298
1.067	2.363
1.124	2.430
1.185	2.498
1.250	2.568
1.320	2.640
1.394	2.715
1.473	2.791
1.558	2.870
1.648	2.950
1.744	3.033
1.847	3.119
1.957	3.206
2.074	3.297
2.198	3.389
2.331	3.485
2.471	3.583
2.621	3.684
2.780	3.787
2.949	3.894
3.131	4.003
3.329	4.116
3.546	4.231
3.792	4.351
4.077	4.473
4.423	4.599
4.866	4.728
5.488	4.861
6.492	4.998
8.431	5.139
12.35	5.284
18.34	5.432
25.77	5.585
34.51	5.742
44.70	5.904
56.56	6.070
70.24	6.241
85.86	6.416
103.4	6.596
122.9	6.782
144.3	6.973
167.5	7.169
192.3	7.371
218.7	7.578
246.5	7.791
275.7	8.011
306.1	8.236
337.8	8.468
370.6	8.706
404.6	8.951
439.5	9.202
475.6	9.461
512.8	9.728
550.9	10.00
590.2	10.28
630.4	10.57
671.6	10.87
713.6	11.18
756.8	11.49
801.0	11.81
846.2	12.15
892.4	12.49
939.5	12.84
987.8	13.20
1037.	13.57
1087.	13.95
1139.	14.35
1191.	14.75
1245.	15.16
1299.	15.59
1355.	16.03
1412.	16.48
1470.	16.94
1529.	17.42
1589.	17.91
1651.	18.42
1713.	18.93
1777.	19.47
1842.	20.01
1909.	20.58
1976.	21.16
2045.	21.75
2116.	22.36
2187.	22.99
2260.	23.64
2334.	24.30
2410.	24.99
2487.	25.69
2565.	26.41
2645.	27.16
2726.	27.92
2808.	28.71
2892.	29.51
2978.	30.34
3065.	31.20
3153.	32.08
3243.	32.98
3334.	33.91
3427.	34.86
3522.	35.84
3617.	36.85
3715.	37.89
3814.	38.95
3914.	40.05
4017.	41.17
4120.	42.33
4225.	43.52
4332.	44.75
4441.	46.01
4551.	47.30
4662.	48.63
4775.	50.00
 
 
E/N (Td)	Mobility *N (1/m/V/s)
0.1256E-01	0.2182E+27
0.1291E-01	0.2138E+27
0.1327E-01	0.2093E+27
0.1366E-01	0.2047E+27
0.1408E-01	0.1996E+27
0.1450E-01	0.1950E+27
0.1495E-01	0.1903E+27
0.1542E-01	0.1854E+27
0.1593E-01	0.1804E+27
0.1648E-01	0.1753E+27
0.1705E-01	0.1701E+27
0.1766E-01	0.1651E+27
0.1829E-01	0.1601E+27
0.1896E-01	0.1553E+27
0.1965E-01	0.1507E+27
0.2040E-01	0.1459E+27
0.2121E-01	0.1409E+27
0.2208E-01	0.1359E+27
0.2300E-01	0.1310E+27
0.2397E-01	0.1263E+27
0.2498E-01	0.1218E+27
0.2603E-01	0.1176E+27
0.2718E-01	0.1131E+27
0.2845E-01	0.1085E+27
0.2981E-01	0.1039E+27
0.3122E-01	0.9960E+26
0.3270E-01	0.9560E+26
0.3425E-01	0.9181E+26
0.3600E-01	0.8760E+26
0.3782E-01	0.8377E+26
0.3982E-01	0.7982E+26
0.4198E-01	0.7589E+26
0.4426E-01	0.7218E+26
0.4665E-01	0.6875E+26
0.4921E-01	0.6540E+26
0.5208E-01	0.6186E+26
0.5515E-01	0.5848E+26
0.5836E-01	0.5537E+26
0.6181E-01	0.5236E+26
0.6565E-01	0.4927E+26
0.6976E-01	0.4635E+26
0.7409E-01	0.4364E+26
0.7891E-01	0.4089E+26
0.8394E-01	0.3841E+26
0.8947E-01	0.3594E+26
0.9548E-01	0.3357E+26
0.1018	0.3140E+26
0.1087	0.2932E+26
0.1161	0.2735E+26
0.1240	0.2552E+26
0.1325	0.2381E+26
0.1415	0.2224E+26
0.1511	0.2077E+26
0.1613	0.1941E+26
0.1720	0.1817E+26
0.1834	0.1702E+26
0.1953	0.1598E+26
0.2079	0.1502E+26
0.2211	0.1414E+26
0.2349	0.1333E+26
0.2493	0.1259E+26
0.2643	0.1191E+26
0.2800	0.1129E+26
0.2964	0.1071E+26
0.3134	0.1018E+26
0.3312	0.9683E+25
0.3497	0.9224E+25
0.3689	0.8796E+25
0.3890	0.8397E+25
0.4098	0.8022E+25
0.4316	0.7670E+25
0.4543	0.7339E+25
0.4779	0.7025E+25
0.5026	0.6728E+25
0.5284	0.6447E+25
0.5554	0.6178E+25
0.5837	0.5923E+25
0.6134	0.5678E+25
0.6445	0.5444E+25
0.6771	0.5219E+25
0.7115	0.5003E+25
0.7477	0.4796E+25
0.7859	0.4596E+25
0.8262	0.4403E+25
0.8689	0.4217E+25
0.9140	0.4037E+25
0.9619	0.3863E+25
1.013	0.3696E+25
1.067	0.3534E+25
1.124	0.3377E+25
1.185	0.3226E+25
1.250	0.3080E+25
1.320	0.2939E+25
1.394	0.2803E+25
1.473	0.2673E+25
1.558	0.2547E+25
1.648	0.2426E+25
1.744	0.2311E+25
1.847	0.2200E+25
1.957	0.2094E+25
2.074	0.1994E+25
2.198	0.1898E+25
2.331	0.1807E+25
2.471	0.1721E+25
2.621	0.1640E+25
2.780	0.1564E+25
2.949	0.1492E+25
3.131	0.1425E+25
3.329	0.1363E+25
3.546	0.1305E+25
3.792	0.1253E+25
4.077	0.1207E+25
4.423	0.1167E+25
4.866	0.1135E+25
5.488	0.1112E+25
6.492	0.1102E+25
8.431	0.1101E+25
12.35	0.1095E+25
18.34	0.1068E+25
25.77	0.1033E+25
34.51	0.9997E+24
44.70	0.9694E+24
56.56	0.9432E+24
70.24	0.9208E+24
85.86	0.9016E+24
103.4	0.8849E+24
122.9	0.8700E+24
144.3	0.8564E+24
167.5	0.8438E+24
192.3	0.8318E+24
218.7	0.8204E+24
246.5	0.8096E+24
275.7	0.7992E+24
306.1	0.7893E+24
337.8	0.7798E+24
370.6	0.7707E+24
404.6	0.7620E+24
439.5	0.7538E+24
475.6	0.7458E+24
512.8	0.7383E+24
550.9	0.7311E+24
590.2	0.7243E+24
630.4	0.7177E+24
671.6	0.7115E+24
713.6	0.7055E+24
756.8	0.6997E+24
801.0	0.6943E+24
846.2	0.6890E+24
892.4	0.6840E+24
939.5	0.6791E+24
987.8	0.6745E+24
1037.	0.6701E+24
1087.	0.6658E+24
1139.	0.6616E+24
1191.	0.6576E+24
1245.	0.6537E+24
1299.	0.6500E+24
1355.	0.6464E+24
1412.	0.6429E+24
1470.	0.6396E+24
1529.	0.6363E+24
1589.	0.6332E+24
1651.	0.6301E+24
1713.	0.6272E+24
1777.	0.6243E+24
1842.	0.6216E+24
1909.	0.6189E+24
1976.	0.6163E+24
2045.	0.6138E+24
2116.	0.6114E+24
2187.	0.6091E+24
2260.	0.6068E+24
2334.	0.6046E+24
2410.	0.6025E+24
2487.	0.6005E+24
2565.	0.5985E+24
2645.	0.5966E+24
2726.	0.5948E+24
2808.	0.5930E+24
2892.	0.5913E+24
2978.	0.5897E+24
3065.	0.5881E+24
3153.	0.5866E+24
3243.	0.5852E+24
3334.	0.5837E+24
3427.	0.5824E+24
3522.	0.5811E+24
3617.	0.5799E+24
3715.	0.5787E+24
3814.	0.5776E+24
3914.	0.5766E+24
4017.	0.5756E+24
4120.	0.5746E+24
4225.	0.5737E+24
4332.	0.5728E+24
4441.	0.5720E+24
4551.	0.5712E+24
4662.	0.5706E+24
4775.	0.5699E+24
 
 
E/N (Td)	Diffusion coefficient *N (1/m/s)
0.1256E-01	0.3015E+26
0.1291E-01	0.3039E+26
0.1327E-01	0.3060E+26
0.1366E-01	0.3080E+26
0.1408E-01	0.3091E+26
0.1450E-01	0.3107E+26
0.1495E-01	0.3120E+26
0.1542E-01	0.3130E+26
0.1593E-01	0.3134E+26
0.1648E-01	0.3135E+26
0.1705E-01	0.3132E+26
0.1766E-01	0.3130E+26
0.1829E-01	0.3126E+26
0.1896E-01	0.3124E+26
0.1965E-01	0.3123E+26
0.2040E-01	0.3115E+26
0.2121E-01	0.3100E+26
0.2208E-01	0.3082E+26
0.2300E-01	0.3063E+26
0.2397E-01	0.3045E+26
0.2498E-01	0.3030E+26
0.2603E-01	0.3019E+26
0.2718E-01	0.2999E+26
0.2845E-01	0.2969E+26
0.2981E-01	0.2937E+26
0.3122E-01	0.2911E+26
0.3270E-01	0.2889E+26
0.3425E-01	0.2872E+26
0.3600E-01	0.2835E+26
0.3782E-01	0.2809E+26
0.3982E-01	0.2773E+26
0.4198E-01	0.2733E+26
0.4426E-01	0.2698E+26
0.4665E-01	0.2670E+26
0.4921E-01	0.2642E+26
0.5208E-01	0.2598E+26
0.5515E-01	0.2557E+26
0.5836E-01	0.2525E+26
0.6181E-01	0.2493E+26
0.6565E-01	0.2448E+26
0.6976E-01	0.2408E+26
0.7409E-01	0.2375E+26
0.7891E-01	0.2329E+26
0.8394E-01	0.2298E+26
0.8947E-01	0.2256E+26
0.9548E-01	0.2211E+26
0.1018	0.2175E+26
0.1087	0.2137E+26
0.1161	0.2094E+26
0.1240	0.2055E+26
0.1325	0.2015E+26
0.1415	0.1980E+26
0.1511	0.1942E+26
0.1613	0.1902E+26
0.1720	0.1866E+26
0.1834	0.1831E+26
0.1953	0.1796E+26
0.2079	0.1761E+26
0.2211	0.1727E+26
0.2349	0.1694E+26
0.2493	0.1663E+26
0.2643	0.1633E+26
0.2800	0.1602E+26
0.2964	0.1574E+26
0.3134	0.1545E+26
0.3312	0.1518E+26
0.3497	0.1493E+26
0.3689	0.1466E+26
0.3890	0.1441E+26
0.4098	0.1417E+26
0.4316	0.1394E+26
0.4543	0.1373E+26
0.4779	0.1350E+26
0.5026	0.1328E+26
0.5284	0.1309E+26
0.5554	0.1289E+26
0.5837	0.1268E+26
0.6134	0.1249E+26
0.6445	0.1232E+26
0.6771	0.1215E+26
0.7115	0.1196E+26
0.7477	0.1179E+26
0.7859	0.1162E+26
0.8262	0.1146E+26
0.8689	0.1131E+26
0.9140	0.1115E+26
0.9619	0.1099E+26
1.013	0.1084E+26
1.067	0.1069E+26
1.124	0.1054E+26
1.185	0.1040E+26
1.250	0.1025E+26
1.320	0.1011E+26
1.394	0.9975E+25
1.473	0.9837E+25
1.558	0.9700E+25
1.648	0.9565E+25
1.744	0.9431E+25
1.847	0.9298E+25
1.957	0.9167E+25
2.074	0.9036E+25
2.198	0.8907E+25
2.331	0.8779E+25
2.471	0.8653E+25
2.621	0.8528E+25
2.780	0.8404E+25
2.949	0.8283E+25
3.131	0.8163E+25
3.329	0.8046E+25
3.546	0.7931E+25
3.792	0.7819E+25
4.077	0.7710E+25
4.423	0.7606E+25
4.866	0.7507E+25
5.488	0.7417E+25
6.492	0.7338E+25
8.431	0.7272E+25
12.35	0.7209E+25
18.34	0.7135E+25
25.77	0.7057E+25
34.51	0.6983E+25
44.70	0.6915E+25
56.56	0.6853E+25
70.24	0.6799E+25
85.86	0.6752E+25
103.4	0.6712E+25
122.9	0.6677E+25
144.3	0.6648E+25
167.5	0.6623E+25
192.3	0.6603E+25
218.7	0.6589E+25
246.5	0.6580E+25
275.7	0.6576E+25
306.1	0.6576E+25
337.8	0.6581E+25
370.6	0.6591E+25
404.6	0.6605E+25
439.5	0.6623E+25
475.6	0.6645E+25
512.8	0.6672E+25
550.9	0.6704E+25
590.2	0.6741E+25
630.4	0.6784E+25
671.6	0.6830E+25
713.6	0.6880E+25
756.8	0.6936E+25
801.0	0.6997E+25
846.2	0.7063E+25
892.4	0.7134E+25
939.5	0.7207E+25
987.8	0.7287E+25
1037.	0.7374E+25
1087.	0.7464E+25
1139.	0.7558E+25
1191.	0.7658E+25
1245.	0.7763E+25
1299.	0.7873E+25
1355.	0.7989E+25
1412.	0.8111E+25
1470.	0.8238E+25
1529.	0.8369E+25
1589.	0.8506E+25
1651.	0.8649E+25
1713.	0.8798E+25
1777.	0.8954E+25
1842.	0.9116E+25
1909.	0.9284E+25
1976.	0.9458E+25
2045.	0.9640E+25
2116.	0.9827E+25
2187.	0.1002E+26
2260.	0.1022E+26
2334.	0.1044E+26
2410.	0.1065E+26
2487.	0.1088E+26
2565.	0.1111E+26
2645.	0.1135E+26
2726.	0.1160E+26
2808.	0.1186E+26
2892.	0.1213E+26
2978.	0.1240E+26
3065.	0.1269E+26
3153.	0.1299E+26
3243.	0.1329E+26
3334.	0.1361E+26
3427.	0.1393E+26
3522.	0.1427E+26
3617.	0.1462E+26
3715.	0.1497E+26
3814.	0.1534E+26
3914.	0.1573E+26
4017.	0.1612E+26
4120.	0.1653E+26
4225.	0.1695E+26
4332.	0.1738E+26
4441.	0.1783E+26
4551.	0.1829E+26
4662.	0.1877E+26
4775.	0.1926E+26
 
 
E/N (Td)	Energy mobility *N (1/m/V/s)
0.1256E-01	0.2609E+27
0.1291E-01	0.2511E+27
0.1327E-01	0.2415E+27
0.1366E-01	0.2321E+27
0.1408E-01	0.2226E+27
0.1450E-01	0.2137E+27
0.1495E-01	0.2049E+27
0.1542E-01	0.1964E+27
0.1593E-01	0.1879E+27
0.1648E-01	0.1797E+27
0.1705E-01	0.1716E+27
0.1766E-01	0.1640E+27
0.1829E-01	0.1565E+27
0.1896E-01	0.1494E+27
0.1965E-01	0.1427E+27
0.2040E-01	0.1361E+27
0.2121E-01	0.1296E+27
0.2208E-01	0.1233E+27
0.2300E-01	0.1172E+27
0.2397E-01	0.1115E+27
0.2498E-01	0.1061E+27
0.2603E-01	0.1011E+27
0.2718E-01	0.9609E+26
0.2845E-01	0.9112E+26
0.2981E-01	0.8639E+26
0.3122E-01	0.8198E+26
0.3270E-01	0.7787E+26
0.3425E-01	0.7403E+26
0.3600E-01	0.7010E+26
0.3782E-01	0.6649E+26
0.3982E-01	0.6297E+26
0.4198E-01	0.5958E+26
0.4426E-01	0.5641E+26
0.4665E-01	0.5348E+26
0.4921E-01	0.5070E+26
0.5208E-01	0.4793E+26
0.5515E-01	0.4533E+26
0.5836E-01	0.4294E+26
0.6181E-01	0.4068E+26
0.6565E-01	0.3845E+26
0.6976E-01	0.3638E+26
0.7409E-01	0.3447E+26
0.7891E-01	0.3260E+26
0.8394E-01	0.3090E+26
0.8947E-01	0.2927E+26
0.9548E-01	0.2772E+26
0.1018	0.2630E+26
0.1087	0.2495E+26
0.1161	0.2368E+26
0.1240	0.2251E+26
0.1325	0.2141E+26
0.1415	0.2038E+26
0.1511	0.1942E+26
0.1613	0.1853E+26
0.1720	0.1769E+26
0.1834	0.1692E+26
0.1953	0.1619E+26
0.2079	0.1550E+26
0.2211	0.1486E+26
0.2349	0.1426E+26
0.2493	0.1370E+26
0.2643	0.1316E+26
0.2800	0.1266E+26
0.2964	0.1218E+26
0.3134	0.1172E+26
0.3312	0.1129E+26
0.3497	0.1088E+26
0.3689	0.1048E+26
0.3890	0.1011E+26
0.4098	0.9745E+25
0.4316	0.9397E+25
0.4543	0.9062E+25
0.4779	0.8739E+25
0.5026	0.8427E+25
0.5284	0.8126E+25
0.5554	0.7834E+25
0.5837	0.7551E+25
0.6134	0.7277E+25
0.6445	0.7011E+25
0.6771	0.6752E+25
0.7115	0.6501E+25
0.7477	0.6257E+25
0.7859	0.6020E+25
0.8262	0.5788E+25
0.8689	0.5564E+25
0.9140	0.5345E+25
0.9619	0.5132E+25
1.013	0.4925E+25
1.067	0.4724E+25
1.124	0.4529E+25
1.185	0.4339E+25
1.250	0.4155E+25
1.320	0.3976E+25
1.394	0.3803E+25
1.473	0.3636E+25
1.558	0.3475E+25
1.648	0.3319E+25
1.744	0.3170E+25
1.847	0.3026E+25
1.957	0.2889E+25
2.074	0.2757E+25
2.198	0.2631E+25
2.331	0.2512E+25
2.471	0.2399E+25
2.621	0.2291E+25
2.780	0.2190E+25
2.949	0.2094E+25
3.131	0.2005E+25
3.329	0.1921E+25
3.546	0.1842E+25
3.792	0.1769E+25
4.077	0.1701E+25
4.423	0.1639E+25
4.866	0.1583E+25
5.488	0.1533E+25
6.492	0.1491E+25
8.431	0.1457E+25
12.35	0.1428E+25
18.34	0.1396E+25
25.77	0.1364E+25
34.51	0.1334E+25
44.70	0.1305E+25
56.56	0.1280E+25
70.24	0.1257E+25
85.86	0.1236E+25
103.4	0.1218E+25
122.9	0.1201E+25
144.3	0.1185E+25
167.5	0.1171E+25
192.3	0.1158E+25
218.7	0.1146E+25
246.5	0.1135E+25
275.7	0.1124E+25
306.1	0.1114E+25
337.8	0.1105E+25
370.6	0.1096E+25
404.6	0.1088E+25
439.5	0.1081E+25
475.6	0.1073E+25
512.8	0.1066E+25
550.9	0.1060E+25
590.2	0.1054E+25
630.4	0.1048E+25
671.6	0.1043E+25
713.6	0.1037E+25
756.8	0.1032E+25
801.0	0.1028E+25
846.2	0.1023E+25
892.4	0.1019E+25
939.5	0.1015E+25
987.8	0.1011E+25
1037.	0.1007E+25
1087.	0.1003E+25
1139.	0.9994E+24
1191.	0.9960E+24
1245.	0.9927E+24
1299.	0.9895E+24
1355.	0.9864E+24
1412.	0.9834E+24
1470.	0.9806E+24
1529.	0.9778E+24
1589.	0.9751E+24
1651.	0.9725E+24
1713.	0.9700E+24
1777.	0.9675E+24
1842.	0.9652E+24
1909.	0.9630E+24
1976.	0.9608E+24
2045.	0.9587E+24
2116.	0.9567E+24
2187.	0.9549E+24
2260.	0.9530E+24
2334.	0.9513E+24
2410.	0.9496E+24
2487.	0.9480E+24
2565.	0.9465E+24
2645.	0.9451E+24
2726.	0.9438E+24
2808.	0.9426E+24
2892.	0.9414E+24
2978.	0.9403E+24
3065.	0.9393E+24
3153.	0.9384E+24
3243.	0.9376E+24
3334.	0.9368E+24
3427.	0.9362E+24
3522.	0.9356E+24
3617.	0.9351E+24
3715.	0.9347E+24
3814.	0.9344E+24
3914.	0.9342E+24
4017.	0.9340E+24
4120.	0.9340E+24
4225.	0.9341E+24
4332.	0.9342E+24
4441.	0.9344E+24
4551.	0.9347E+24
4662.	0.9352E+24
4775.	0.9357E+24
 
 
E/N (Td)	Energy diffusion coef. D*N (1/m/s)
0.1256E-01	0.3595E+26
0.1291E-01	0.3559E+26
0.1327E-01	0.3521E+26
0.1366E-01	0.3481E+26
0.1408E-01	0.3433E+26
0.1450E-01	0.3390E+26
0.1495E-01	0.3345E+26
0.1542E-01	0.3298E+26
0.1593E-01	0.3247E+26
0.1648E-01	0.3195E+26
0.1705E-01	0.3140E+26
0.1766E-01	0.3088E+26
0.1829E-01	0.3033E+26
0.1896E-01	0.2982E+26
0.1965E-01	0.2931E+26
0.2040E-01	0.2878E+26
0.2121E-01	0.2822E+26
0.2208E-01	0.2764E+26
0.2300E-01	0.2707E+26
0.2397E-01	0.2652E+26
0.2498E-01	0.2600E+26
0.2603E-01	0.2552E+26
0.2718E-01	0.2500E+26
0.2845E-01	0.2443E+26
0.2981E-01	0.2388E+26
0.3122E-01	0.2336E+26
0.3270E-01	0.2288E+26
0.3425E-01	0.2244E+26
0.3600E-01	0.2192E+26
0.3782E-01	0.2146E+26
0.3982E-01	0.2097E+26
0.4198E-01	0.2048E+26
0.4426E-01	0.2002E+26
0.4665E-01	0.1960E+26
0.4921E-01	0.1920E+26
0.5208E-01	0.1874E+26
0.5515E-01	0.1831E+26
0.5836E-01	0.1793E+26
0.6181E-01	0.1757E+26
0.6565E-01	0.1716E+26
0.6976E-01	0.1678E+26
0.7409E-01	0.1645E+26
0.7891E-01	0.1608E+26
0.8394E-01	0.1577E+26
0.8947E-01	0.1543E+26
0.9548E-01	0.1510E+26
0.1018	0.1480E+26
0.1087	0.1451E+26
0.1161	0.1421E+26
0.1240	0.1394E+26
0.1325	0.1367E+26
0.1415	0.1342E+26
0.1511	0.1318E+26
0.1613	0.1293E+26
0.1720	0.1271E+26
0.1834	0.1249E+26
0.1953	0.1228E+26
0.2079	0.1208E+26
0.2211	0.1189E+26
0.2349	0.1171E+26
0.2493	0.1154E+26
0.2643	0.1137E+26
0.2800	0.1121E+26
0.2964	0.1106E+26
0.3134	0.1091E+26
0.3312	0.1077E+26
0.3497	0.1064E+26
0.3689	0.1051E+26
0.3890	0.1039E+26
0.4098	0.1027E+26
0.4316	0.1016E+26
0.4543	0.1005E+26
0.4779	0.9938E+25
0.5026	0.9833E+25
0.5284	0.9734E+25
0.5554	0.9636E+25
0.5837	0.9539E+25
0.6134	0.9444E+25
0.6445	0.9352E+25
0.6771	0.9262E+25
0.7115	0.9171E+25
0.7477	0.9081E+25
0.7859	0.8992E+25
0.8262	0.8904E+25
0.8689	0.8816E+25
0.9140	0.8727E+25
0.9619	0.8638E+25
1.013	0.8548E+25
1.067	0.8458E+25
1.124	0.8367E+25
1.185	0.8275E+25
1.250	0.8182E+25
1.320	0.8087E+25
1.394	0.7992E+25
1.473	0.7895E+25
1.558	0.7797E+25
1.648	0.7697E+25
1.744	0.7597E+25
1.847	0.7495E+25
1.957	0.7392E+25
2.074	0.7289E+25
2.198	0.7185E+25
2.331	0.7080E+25
2.471	0.6976E+25
2.621	0.6872E+25
2.780	0.6768E+25
2.949	0.6666E+25
3.131	0.6565E+25
3.329	0.6465E+25
3.546	0.6367E+25
3.792	0.6271E+25
4.077	0.6178E+25
4.423	0.6087E+25
4.866	0.5998E+25
5.488	0.5913E+25
6.492	0.5831E+25
8.431	0.5756E+25
12.35	0.5694E+25
18.34	0.5644E+25
25.77	0.5604E+25
34.51	0.5571E+25
44.70	0.5546E+25
56.56	0.5529E+25
70.24	0.5520E+25
85.86	0.5520E+25
103.4	0.5529E+25
122.9	0.5548E+25
144.3	0.5575E+25
167.5	0.5613E+25
192.3	0.5659E+25
218.7	0.5714E+25
246.5	0.5777E+25
275.7	0.5849E+25
306.1	0.5930E+25
337.8	0.6019E+25
370.6	0.6116E+25
404.6	0.6221E+25
439.5	0.6334E+25
475.6	0.6455E+25
512.8	0.6584E+25
550.9	0.6721E+25
590.2	0.6867E+25
630.4	0.7021E+25
671.6	0.7182E+25
713.6	0.7350E+25
756.8	0.7528E+25
801.0	0.7713E+25
846.2	0.7906E+25
892.4	0.8108E+25
939.5	0.8317E+25
987.8	0.8535E+25
1037.	0.8761E+25
1087.	0.8996E+25
1139.	0.9240E+25
1191.	0.9492E+25
1245.	0.9753E+25
1299.	0.1002E+26
1355.	0.1030E+26
1412.	0.1059E+26
1470.	0.1089E+26
1529.	0.1120E+26
1589.	0.1152E+26
1651.	0.1184E+26
1713.	0.1218E+26
1777.	0.1253E+26
1842.	0.1289E+26
1909.	0.1326E+26
1976.	0.1365E+26
2045.	0.1404E+26
2116.	0.1445E+26
2187.	0.1487E+26
2260.	0.1531E+26
2334.	0.1576E+26
2410.	0.1622E+26
2487.	0.1669E+26
2565.	0.1718E+26
2645.	0.1769E+26
2726.	0.1821E+26
2808.	0.1875E+26
2892.	0.1931E+26
2978.	0.1988E+26
3065.	0.2047E+26
3153.	0.2108E+26
3243.	0.2171E+26
3334.	0.2236E+26
3427.	0.2303E+26
3522.	0.2372E+26
3617.	0.2444E+26
3715.	0.2517E+26
3814.	0.2593E+26
3914.	0.2672E+26
4017.	0.2753E+26
4120.	0.2837E+26
4225.	0.2924E+26
4332.	0.3013E+26
4441.	0.3106E+26
4551.	0.3202E+26
4662.	0.3300E+26
4775.	0.3403E+26
 
 
E/N (Td)	Total collision freq. /N (m3/s)
0.1256E-01	0.1427E-14
0.1291E-01	0.1453E-14
0.1327E-01	0.1481E-14
0.1366E-01	0.1513E-14
0.1408E-01	0.1549E-14
0.1450E-01	0.1587E-14
0.1495E-01	0.1629E-14
0.1542E-01	0.1674E-14
0.1593E-01	0.1724E-14
0.1648E-01	0.1777E-14
0.1705E-01	0.1834E-14
0.1766E-01	0.1895E-14
0.1829E-01	0.1960E-14
0.1896E-01	0.2029E-14
0.1965E-01	0.2103E-14
0.2040E-01	0.2181E-14
0.2121E-01	0.2264E-14
0.2208E-01	0.2351E-14
0.2300E-01	0.2444E-14
0.2397E-01	0.2541E-14
0.2498E-01	0.2644E-14
0.2603E-01	0.2751E-14
0.2718E-01	0.2864E-14
0.2845E-01	0.2982E-14
0.2981E-01	0.3106E-14
0.3122E-01	0.3236E-14
0.3270E-01	0.3371E-14
0.3425E-01	0.3512E-14
0.3600E-01	0.3660E-14
0.3782E-01	0.3813E-14
0.3982E-01	0.3973E-14
0.4198E-01	0.4140E-14
0.4426E-01	0.4313E-14
0.4665E-01	0.4493E-14
0.4921E-01	0.4679E-14
0.5208E-01	0.4873E-14
0.5515E-01	0.5074E-14
0.5836E-01	0.5283E-14
0.6181E-01	0.5499E-14
0.6565E-01	0.5723E-14
0.6976E-01	0.5955E-14
0.7409E-01	0.6195E-14
0.7891E-01	0.6444E-14
0.8394E-01	0.6701E-14
0.8947E-01	0.6967E-14
0.9548E-01	0.7242E-14
0.1018	0.7527E-14
0.1087	0.7820E-14
0.1161	0.8124E-14
0.1240	0.8438E-14
0.1325	0.8763E-14
0.1415	0.9098E-14
0.1511	0.9443E-14
0.1613	0.9800E-14
0.1720	0.1017E-13
0.1834	0.1055E-13
0.1953	0.1094E-13
0.2079	0.1134E-13
0.2211	0.1176E-13
0.2349	0.1219E-13
0.2493	0.1264E-13
0.2643	0.1309E-13
0.2800	0.1357E-13
0.2964	0.1405E-13
0.3134	0.1456E-13
0.3312	0.1508E-13
0.3497	0.1561E-13
0.3689	0.1617E-13
0.3890	0.1674E-13
0.4098	0.1733E-13
0.4316	0.1795E-13
0.4543	0.1858E-13
0.4779	0.1924E-13
0.5026	0.1992E-13
0.5284	0.2063E-13
0.5554	0.2137E-13
0.5837	0.2213E-13
0.6134	0.2292E-13
0.6445	0.2375E-13
0.6771	0.2461E-13
0.7115	0.2551E-13
0.7477	0.2644E-13
0.7859	0.2742E-13
0.8262	0.2844E-13
0.8689	0.2950E-13
0.9140	0.3062E-13
0.9619	0.3179E-13
1.013	0.3302E-13
1.067	0.3430E-13
1.124	0.3565E-13
1.185	0.3707E-13
1.250	0.3856E-13
1.320	0.4013E-13
1.394	0.4179E-13
1.473	0.4353E-13
1.558	0.4536E-13
1.648	0.4730E-13
1.744	0.4933E-13
1.847	0.5148E-13
1.957	0.5374E-13
2.074	0.5611E-13
2.198	0.5861E-13
2.331	0.6124E-13
2.471	0.6399E-13
2.621	0.6687E-13
2.780	0.6988E-13
2.949	0.7302E-13
3.131	0.7630E-13
3.329	0.7970E-13
3.546	0.8323E-13
3.792	0.8690E-13
4.077	0.9069E-13
4.423	0.9461E-13
4.866	0.9866E-13
5.488	0.1028E-12
6.492	0.1071E-12
8.431	0.1115E-12
12.35	0.1157E-12
18.34	0.1197E-12
25.77	0.1237E-12
34.51	0.1277E-12
44.70	0.1316E-12
56.56	0.1354E-12
70.24	0.1392E-12
85.86	0.1429E-12
103.4	0.1465E-12
122.9	0.1501E-12
144.3	0.1535E-12
167.5	0.1569E-12
192.3	0.1603E-12
218.7	0.1635E-12
246.5	0.1667E-12
275.7	0.1698E-12
306.1	0.1729E-12
337.8	0.1758E-12
370.6	0.1788E-12
404.6	0.1817E-12
439.5	0.1845E-12
475.6	0.1873E-12
512.8	0.1900E-12
550.9	0.1927E-12
590.2	0.1953E-12
630.4	0.1979E-12
671.6	0.2004E-12
713.6	0.2029E-12
756.8	0.2054E-12
801.0	0.2078E-12
846.2	0.2101E-12
892.4	0.2124E-12
939.5	0.2147E-12
987.8	0.2169E-12
1037.	0.2191E-12
1087.	0.2213E-12
1139.	0.2234E-12
1191.	0.2255E-12
1245.	0.2275E-12
1299.	0.2295E-12
1355.	0.2315E-12
1412.	0.2334E-12
1470.	0.2353E-12
1529.	0.2372E-12
1589.	0.2390E-12
1651.	0.2408E-12
1713.	0.2426E-12
1777.	0.2444E-12
1842.	0.2461E-12
1909.	0.2478E-12
1976.	0.2494E-12
2045.	0.2511E-12
2116.	0.2527E-12
2187.	0.2543E-12
2260.	0.2558E-12
2334.	0.2573E-12
2410.	0.2588E-12
2487.	0.2603E-12
2565.	0.2617E-12
2645.	0.2632E-12
2726.	0.2645E-12
2808.	0.2659E-12
2892.	0.2672E-12
2978.	0.2686E-12
3065.	0.2699E-12
3153.	0.2711E-12
3243.	0.2724E-12
3334.	0.2736E-12
3427.	0.2748E-12
3522.	0.2759E-12
3617.	0.2771E-12
3715.	0.2782E-12
3814.	0.2793E-12
3914.	0.2803E-12
4017.	0.2814E-12
4120.	0.2824E-12
4225.	0.2834E-12
4332.	0.2844E-12
4441.	0.2853E-12
4551.	0.2862E-12
4662.	0.2871E-12
4775.	0.2880E-12
 
 
E/N (Td)	Momentum frequency /N (m3/s)
0.1256E-01	0.7777E-15
0.1291E-01	0.7946E-15
0.1327E-01	0.8127E-15
0.1366E-01	0.8317E-15
0.1408E-01	0.8539E-15
0.1450E-01	0.8751E-15
0.1495E-01	0.8977E-15
0.1542E-01	0.9221E-15
0.1593E-01	0.9489E-15
0.1648E-01	0.9775E-15
0.1705E-01	0.1008E-14
0.1766E-01	0.1040E-14
0.1829E-01	0.1073E-14
0.1896E-01	0.1107E-14
0.1965E-01	0.1142E-14
0.2040E-01	0.1181E-14
0.2121E-01	0.1224E-14
0.2208E-01	0.1270E-14
0.2300E-01	0.1319E-14
0.2397E-01	0.1369E-14
0.2498E-01	0.1421E-14
0.2603E-01	0.1473E-14
0.2718E-01	0.1532E-14
0.2845E-01	0.1599E-14
0.2981E-01	0.1671E-14
0.3122E-01	0.1744E-14
0.3270E-01	0.1818E-14
0.3425E-01	0.1894E-14
0.3600E-01	0.1986E-14
0.3782E-01	0.2078E-14
0.3982E-01	0.2182E-14
0.4198E-01	0.2297E-14
0.4426E-01	0.2416E-14
0.4665E-01	0.2538E-14
0.4921E-01	0.2669E-14
0.5208E-01	0.2824E-14
0.5515E-01	0.2989E-14
0.5836E-01	0.3158E-14
0.6181E-01	0.3340E-14
0.6565E-01	0.3552E-14
0.6976E-01	0.3777E-14
0.7409E-01	0.4013E-14
0.7891E-01	0.4285E-14
0.8394E-01	0.4563E-14
0.8947E-01	0.4878E-14
0.9548E-01	0.5224E-14
0.1018	0.5588E-14
0.1087	0.5984E-14
0.1161	0.6418E-14
0.1240	0.6880E-14
0.1325	0.7376E-14
0.1415	0.7898E-14
0.1511	0.8458E-14
0.1613	0.9053E-14
0.1720	0.9673E-14
0.1834	0.1032E-13
0.1953	0.1100E-13
0.2079	0.1171E-13
0.2211	0.1243E-13
0.2349	0.1319E-13
0.2493	0.1396E-13
0.2643	0.1476E-13
0.2800	0.1558E-13
0.2964	0.1642E-13
0.3134	0.1728E-13
0.3312	0.1816E-13
0.3497	0.1906E-13
0.3689	0.1999E-13
0.3890	0.2094E-13
0.4098	0.2192E-13
0.4316	0.2293E-13
0.4543	0.2396E-13
0.4779	0.2503E-13
0.5026	0.2614E-13
0.5284	0.2728E-13
0.5554	0.2846E-13
0.5837	0.2969E-13
0.6134	0.3097E-13
0.6445	0.3231E-13
0.6771	0.3370E-13
0.7115	0.3515E-13
0.7477	0.3667E-13
0.7859	0.3827E-13
0.8262	0.3995E-13
0.8689	0.4171E-13
0.9140	0.4357E-13
0.9619	0.4552E-13
1.013	0.4759E-13
1.067	0.4977E-13
1.124	0.5208E-13
1.185	0.5452E-13
1.250	0.5711E-13
1.320	0.5984E-13
1.394	0.6274E-13
1.473	0.6581E-13
1.558	0.6905E-13
1.648	0.7249E-13
1.744	0.7611E-13
1.847	0.7994E-13
1.957	0.8397E-13
2.074	0.8821E-13
2.198	0.9267E-13
2.331	0.9732E-13
2.471	0.1022E-12
2.621	0.1072E-12
2.780	0.1125E-12
2.949	0.1179E-12
3.131	0.1234E-12
3.329	0.1291E-12
3.546	0.1347E-12
3.792	0.1403E-12
4.077	0.1457E-12
4.423	0.1507E-12
4.866	0.1550E-12
5.488	0.1581E-12
6.492	0.1596E-12
8.431	0.1597E-12
12.35	0.1607E-12
18.34	0.1647E-12
25.77	0.1702E-12
34.51	0.1759E-12
44.70	0.1814E-12
56.56	0.1865E-12
70.24	0.1910E-12
85.86	0.1951E-12
103.4	0.1987E-12
122.9	0.2021E-12
144.3	0.2054E-12
167.5	0.2085E-12
192.3	0.2114E-12
218.7	0.2144E-12
246.5	0.2173E-12
275.7	0.2201E-12
306.1	0.2229E-12
337.8	0.2256E-12
370.6	0.2282E-12
404.6	0.2308E-12
439.5	0.2333E-12
475.6	0.2358E-12
512.8	0.2382E-12
550.9	0.2406E-12
590.2	0.2429E-12
630.4	0.2451E-12
671.6	0.2472E-12
713.6	0.2493E-12
756.8	0.2514E-12
801.0	0.2534E-12
846.2	0.2553E-12
892.4	0.2572E-12
939.5	0.2590E-12
987.8	0.2608E-12
1037.	0.2625E-12
1087.	0.2642E-12
1139.	0.2659E-12
1191.	0.2675E-12
1245.	0.2691E-12
1299.	0.2706E-12
1355.	0.2721E-12
1412.	0.2736E-12
1470.	0.2750E-12
1529.	0.2764E-12
1589.	0.2778E-12
1651.	0.2792E-12
1713.	0.2805E-12
1777.	0.2818E-12
1842.	0.2830E-12
1909.	0.2842E-12
1976.	0.2854E-12
2045.	0.2866E-12
2116.	0.2877E-12
2187.	0.2888E-12
2260.	0.2899E-12
2334.	0.2909E-12
2410.	0.2920E-12
2487.	0.2930E-12
2565.	0.2939E-12
2645.	0.2949E-12
2726.	0.2958E-12
2808.	0.2966E-12
2892.	0.2975E-12
2978.	0.2983E-12
3065.	0.2991E-12
3153.	0.2999E-12
3243.	0.3006E-12
3334.	0.3014E-12
3427.	0.3020E-12
3522.	0.3027E-12
3617.	0.3033E-12
3715.	0.3040E-12
3814.	0.3046E-12
3914.	0.3051E-12
4017.	0.3056E-12
4120.	0.3062E-12
4225.	0.3067E-12
4332.	0.3071E-12
4441.	0.3075E-12
4551.	0.3080E-12
4662.	0.3083E-12
4775.	0.3087E-12
 
 
E/N (Td)	e-i momentum frequency /N (m3/s)
0.1256E-01	0.2859E-16
0.1291E-01	0.2832E-16
0.1327E-01	0.2805E-16
0.1366E-01	0.2778E-16
0.1408E-01	0.2748E-16
0.1450E-01	0.2724E-16
0.1495E-01	0.2700E-16
0.1542E-01	0.2675E-16
0.1593E-01	0.2651E-16
0.1648E-01	0.2627E-16
0.1705E-01	0.2604E-16
0.1766E-01	0.2581E-16
0.1829E-01	0.2559E-16
0.1896E-01	0.2537E-16
0.1965E-01	0.2517E-16
0.2040E-01	0.2494E-16
0.2121E-01	0.2471E-16
0.2208E-01	0.2449E-16
0.2300E-01	0.2427E-16
0.2397E-01	0.2405E-16
0.2498E-01	0.2383E-16
0.2603E-01	0.2362E-16
0.2718E-01	0.2339E-16
0.2845E-01	0.2315E-16
0.2981E-01	0.2291E-16
0.3122E-01	0.2267E-16
0.3270E-01	0.2243E-16
0.3425E-01	0.2219E-16
0.3600E-01	0.2193E-16
0.3782E-01	0.2171E-16
0.3982E-01	0.2142E-16
0.4198E-01	0.2113E-16
0.4426E-01	0.2083E-16
0.4665E-01	0.2054E-16
0.4921E-01	0.2023E-16
0.5208E-01	0.1989E-16
0.5515E-01	0.1953E-16
0.5836E-01	0.1917E-16
0.6181E-01	0.1879E-16
0.6565E-01	0.1839E-16
0.6976E-01	0.1796E-16
0.7409E-01	0.1751E-16
0.7891E-01	0.1707E-16
0.8394E-01	0.1658E-16
0.8947E-01	0.1607E-16
0.9548E-01	0.1552E-16
0.1018	0.1496E-16
0.1087	0.1439E-16
0.1161	0.1379E-16
0.1240	0.1317E-16
0.1325	0.1257E-16
0.1415	0.1195E-16
0.1511	0.1132E-16
0.1613	0.1070E-16
0.1720	0.1009E-16
0.1834	0.9488E-17
0.1953	0.8908E-17
0.2079	0.8346E-17
0.2211	0.7809E-17
0.2349	0.7315E-17
0.2493	0.6831E-17
0.2643	0.6374E-17
0.2800	0.5945E-17
0.2964	0.5542E-17
0.3134	0.5167E-17
0.3312	0.4818E-17
0.3497	0.4493E-17
0.3689	0.4191E-17
0.3890	0.3912E-17
0.4098	0.3653E-17
0.4316	0.3413E-17
0.4543	0.3191E-17
0.4779	0.2985E-17
0.5026	0.2795E-17
0.5284	0.2626E-17
0.5554	0.2463E-17
0.5837	0.2311E-17
0.6134	0.2170E-17
0.6445	0.2040E-17
0.6771	0.1919E-17
0.7115	0.1806E-17
0.7477	0.1701E-17
0.7859	0.1603E-17
0.8262	0.1513E-17
0.8689	0.1428E-17
0.9140	0.1349E-17
0.9619	0.1276E-17
1.013	0.1208E-17
1.067	0.1144E-17
1.124	0.1085E-17
1.185	0.1030E-17
1.250	0.9778E-18
1.320	0.9296E-18
1.394	0.8845E-18
1.473	0.8425E-18
1.558	0.8032E-18
1.648	0.7666E-18
1.744	0.7324E-18
1.847	0.7004E-18
1.957	0.6705E-18
2.074	0.6426E-18
2.198	0.6164E-18
2.331	0.5919E-18
2.471	0.5690E-18
2.621	0.5477E-18
2.780	0.5281E-18
2.949	0.5104E-18
3.131	0.4951E-18
3.329	0.4827E-18
3.546	0.4744E-18
3.792	0.4710E-18
4.077	0.4740E-18
4.423	0.4849E-18
4.866	0.5049E-18
5.488	0.5342E-18
6.492	0.5683E-18
8.431	0.5877E-18
12.35	0.5585E-18
18.34	0.4994E-18
25.77	0.4470E-18
34.51	0.4103E-18
44.70	0.3898E-18
56.56	0.3837E-18
70.24	0.3887E-18
85.86	0.4013E-18
103.4	0.4175E-18
122.9	0.4346E-18
144.3	0.4508E-18
167.5	0.4643E-18
192.3	0.4751E-18
218.7	0.4832E-18
246.5	0.4890E-18
275.7	0.4927E-18
306.1	0.4944E-18
337.8	0.4941E-18
370.6	0.4930E-18
404.6	0.4899E-18
439.5	0.4844E-18
475.6	0.4774E-18
512.8	0.4702E-18
550.9	0.4627E-18
590.2	0.4550E-18
630.4	0.4475E-18
671.6	0.4395E-18
713.6	0.4297E-18
756.8	0.4200E-18
801.0	0.4106E-18
846.2	0.4014E-18
892.4	0.3921E-18
939.5	0.3809E-18
987.8	0.3713E-18
1037.	0.3618E-18
1087.	0.3524E-18
1139.	0.3413E-18
1191.	0.3306E-18
1245.	0.3200E-18
1299.	0.3097E-18
1355.	0.2998E-18
1412.	0.2903E-18
1470.	0.2805E-18
1529.	0.2698E-18
1589.	0.2594E-18
1651.	0.2491E-18
1713.	0.2397E-18
1777.	0.2307E-18
1842.	0.2219E-18
1909.	0.2135E-18
1976.	0.2050E-18
2045.	0.1969E-18
2116.	0.1887E-18
2187.	0.1813E-18
2260.	0.1743E-18
2334.	0.1676E-18
2410.	0.1612E-18
2487.	0.1551E-18
2565.	0.1494E-18
2645.	0.1441E-18
2726.	0.1388E-18
2808.	0.1337E-18
2892.	0.1288E-18
2978.	0.1241E-18
3065.	0.1198E-18
3153.	0.1158E-18
3243.	0.1120E-18
3334.	0.1081E-18
3427.	0.1039E-18
3522.	0.9982E-19
3617.	0.9595E-19
3715.	0.9275E-19
3814.	0.8924E-19
3914.	0.8587E-19
4017.	0.8261E-19
4120.	0.7872E-19
4225.	0.7508E-19
4332.	0.7160E-19
4441.	0.6820E-19
4551.	0.6502E-19
4662.	0.6194E-19
4775.	0.5903E-19
 
 
E/N (Td)	Total ionization freq. /N (m3/s)
0.1256E-01	0.3974E-32
0.1291E-01	0.7051E-32
0.1327E-01	0.1232E-31
0.1366E-01	0.2125E-31
0.1408E-01	0.3993E-31
0.1450E-01	0.6609E-31
0.1495E-01	0.1082E-30
0.1542E-01	0.1752E-30
0.1593E-01	0.2809E-30
0.1648E-01	0.4452E-30
0.1705E-01	0.6990E-30
0.1766E-01	0.1086E-29
0.1829E-01	0.1670E-29
0.1896E-01	0.2545E-29
0.1965E-01	0.3840E-29
0.2040E-01	0.5741E-29
0.2121E-01	0.8513E-29
0.2208E-01	0.1251E-28
0.2300E-01	0.1823E-28
0.2397E-01	0.2635E-28
0.2498E-01	0.3777E-28
0.2603E-01	0.5373E-28
0.2718E-01	0.7579E-28
0.2845E-01	0.1063E-27
0.2981E-01	0.1479E-27
0.3122E-01	0.2044E-27
0.3270E-01	0.2806E-27
0.3425E-01	0.3825E-27
0.3600E-01	0.5184E-27
0.3782E-01	0.6976E-27
0.3982E-01	0.9354E-27
0.4198E-01	0.1249E-26
0.4426E-01	0.1658E-26
0.4665E-01	0.2191E-26
0.4921E-01	0.2882E-26
0.5208E-01	0.3782E-26
0.5515E-01	0.4952E-26
0.5836E-01	0.6463E-26
0.6181E-01	0.8421E-26
0.6565E-01	0.1098E-25
0.6976E-01	0.1432E-25
0.7409E-01	0.1867E-25
0.7891E-01	0.2443E-25
0.8394E-01	0.3202E-25
0.8947E-01	0.4215E-25
0.9548E-01	0.5577E-25
0.1018	0.7414E-25
0.1087	0.9913E-25
0.1161	0.1334E-24
0.1240	0.1807E-24
0.1325	0.2462E-24
0.1415	0.3372E-24
0.1511	0.4643E-24
0.1613	0.6423E-24
0.1720	0.8912E-24
0.1834	0.1239E-23
0.1953	0.1726E-23
0.2079	0.2404E-23
0.2211	0.3345E-23
0.2349	0.4648E-23
0.2493	0.6437E-23
0.2643	0.8886E-23
0.2800	0.1221E-22
0.2964	0.1671E-22
0.3134	0.2273E-22
0.3312	0.3075E-22
0.3497	0.4134E-22
0.3689	0.5523E-22
0.3890	0.7331E-22
0.4098	0.9667E-22
0.4316	0.1266E-21
0.4543	0.1647E-21
0.4779	0.2129E-21
0.5026	0.2733E-21
0.5284	0.3485E-21
0.5554	0.4416E-21
0.5837	0.5561E-21
0.6134	0.6958E-21
0.6445	0.8654E-21
0.6771	0.1070E-20
0.7115	0.1315E-20
0.7477	0.1608E-20
0.7859	0.1955E-20
0.8262	0.2364E-20
0.8689	0.2843E-20
0.9140	0.3403E-20
0.9619	0.4053E-20
1.013	0.4803E-20
1.067	0.5665E-20
1.124	0.6651E-20
1.185	0.7773E-20
1.250	0.9043E-20
1.320	0.1047E-19
1.394	0.1208E-19
1.473	0.1387E-19
1.558	0.1586E-19
1.648	0.1805E-19
1.744	0.2047E-19
1.847	0.2311E-19
1.957	0.2598E-19
2.074	0.2909E-19
2.198	0.3245E-19
2.331	0.3605E-19
2.471	0.3989E-19
2.621	0.4398E-19
2.780	0.4830E-19
2.949	0.5286E-19
3.131	0.5765E-19
3.329	0.6266E-19
3.546	0.6789E-19
3.792	0.7336E-19
4.077	0.7905E-19
4.423	0.8496E-19
4.866	0.9111E-19
5.488	0.9749E-19
6.492	0.1041E-18
8.431	0.1109E-18
12.35	0.1176E-18
18.34	0.1286E-18
25.77	0.2075E-18
34.51	0.6594E-18
44.70	0.2292E-17
56.56	0.6636E-17
70.24	0.1603E-16
85.86	0.3356E-16
103.4	0.6261E-16
122.9	0.1071E-15
144.3	0.1704E-15
167.5	0.2560E-15
192.3	0.3663E-15
218.7	0.5039E-15
246.5	0.6708E-15
275.7	0.8685E-15
306.1	0.1098E-14
337.8	0.1361E-14
370.6	0.1659E-14
404.6	0.1991E-14
439.5	0.2357E-14
475.6	0.2761E-14
512.8	0.3203E-14
550.9	0.3681E-14
590.2	0.4197E-14
630.4	0.4750E-14
671.6	0.5341E-14
713.6	0.5969E-14
756.8	0.6636E-14
801.0	0.7342E-14
846.2	0.8086E-14
892.4	0.8869E-14
939.5	0.9689E-14
987.8	0.1055E-13
1037.	0.1145E-13
1087.	0.1238E-13
1139.	0.1335E-13
1191.	0.1436E-13
1245.	0.1541E-13
1299.	0.1650E-13
1355.	0.1762E-13
1412.	0.1877E-13
1470.	0.1997E-13
1529.	0.2119E-13
1589.	0.2246E-13
1651.	0.2375E-13
1713.	0.2508E-13
1777.	0.2644E-13
1842.	0.2784E-13
1909.	0.2926E-13
1976.	0.3072E-13
2045.	0.3221E-13
2116.	0.3372E-13
2187.	0.3527E-13
2260.	0.3684E-13
2334.	0.3844E-13
2410.	0.4006E-13
2487.	0.4171E-13
2565.	0.4339E-13
2645.	0.4508E-13
2726.	0.4680E-13
2808.	0.4854E-13
2892.	0.5030E-13
2978.	0.5208E-13
3065.	0.5388E-13
3153.	0.5569E-13
3243.	0.5752E-13
3334.	0.5937E-13
3427.	0.6123E-13
3522.	0.6310E-13
3617.	0.6498E-13
3715.	0.6687E-13
3814.	0.6877E-13
3914.	0.7068E-13
4017.	0.7260E-13
4120.	0.7452E-13
4225.	0.7645E-13
4332.	0.7837E-13
4441.	0.8031E-13
4551.	0.8224E-13
4662.	0.8417E-13
4775.	0.8610E-13
 
 
E/N (Td)	Townsend ioniz. coef. alpha/N (m2)
0.1256E-01	0.1450E-35
0.1291E-01	0.2555E-35
0.1327E-01	0.4434E-35
0.1366E-01	0.7599E-35
0.1408E-01	0.1421E-34
0.1450E-01	0.2337E-34
0.1495E-01	0.3804E-34
0.1542E-01	0.6127E-34
0.1593E-01	0.9772E-34
0.1648E-01	0.1542E-33
0.1705E-01	0.2410E-33
0.1766E-01	0.3725E-33
0.1829E-01	0.5703E-33
0.1896E-01	0.8642E-33
0.1965E-01	0.1296E-32
0.2040E-01	0.1929E-32
0.2121E-01	0.2848E-32
0.2208E-01	0.4168E-32
0.2300E-01	0.6052E-32
0.2397E-01	0.8707E-32
0.2498E-01	0.1242E-31
0.2603E-01	0.1756E-31
0.2718E-01	0.2464E-31
0.2845E-01	0.3444E-31
0.2981E-01	0.4778E-31
0.3122E-01	0.6574E-31
0.3270E-01	0.8976E-31
0.3425E-01	0.1216E-30
0.3600E-01	0.1644E-30
0.3782E-01	0.2202E-30
0.3982E-01	0.2943E-30
0.4198E-01	0.3919E-30
0.4426E-01	0.5190E-30
0.4665E-01	0.6831E-30
0.4921E-01	0.8953E-30
0.5208E-01	0.1174E-29
0.5515E-01	0.1535E-29
0.5836E-01	0.2000E-29
0.6181E-01	0.2602E-29
0.6565E-01	0.3394E-29
0.6976E-01	0.4428E-29
0.7409E-01	0.5775E-29
0.7891E-01	0.7571E-29
0.8394E-01	0.9933E-29
0.8947E-01	0.1311E-28
0.9548E-01	0.1740E-28
0.1018	0.2319E-28
0.1087	0.3110E-28
0.1161	0.4202E-28
0.1240	0.5709E-28
0.1325	0.7805E-28
0.1415	0.1072E-27
0.1511	0.1480E-27
0.1613	0.2052E-27
0.1720	0.2852E-27
0.1834	0.3970E-27
0.1953	0.5531E-27
0.2079	0.7702E-27
0.2211	0.1071E-26
0.2349	0.1485E-26
0.2493	0.2051E-26
0.2643	0.2822E-26
0.2800	0.3864E-26
0.2964	0.5263E-26
0.3134	0.7126E-26
0.3312	0.9588E-26
0.3497	0.1282E-25
0.3689	0.1702E-25
0.3890	0.2245E-25
0.4098	0.2941E-25
0.4316	0.3825E-25
0.4543	0.4942E-25
0.4779	0.6342E-25
0.5026	0.8083E-25
0.5284	0.1023E-24
0.5554	0.1288E-24
0.5837	0.1609E-24
0.6134	0.1999E-24
0.6445	0.2469E-24
0.6771	0.3031E-24
0.7115	0.3700E-24
0.7477	0.4491E-24
0.7859	0.5421E-24
0.8262	0.6511E-24
0.8689	0.7779E-24
0.9140	0.9248E-24
0.9619	0.1094E-23
1.013	0.1288E-23
1.067	0.1509E-23
1.124	0.1761E-23
1.185	0.2044E-23
1.250	0.2363E-23
1.320	0.2719E-23
1.394	0.3116E-23
1.473	0.3554E-23
1.558	0.4036E-23
1.648	0.4564E-23
1.744	0.5139E-23
1.847	0.5761E-23
1.957	0.6431E-23
2.074	0.7148E-23
2.198	0.7910E-23
2.331	0.8717E-23
2.471	0.9564E-23
2.621	0.1045E-22
2.780	0.1136E-22
2.949	0.1230E-22
3.131	0.1324E-22
3.329	0.1417E-22
3.546	0.1505E-22
3.792	0.1585E-22
4.077	0.1649E-22
4.423	0.1688E-22
4.866	0.1688E-22
5.488	0.1629E-22
6.492	0.1478E-22
8.431	0.1206E-22
12.35	0.8736E-23
18.34	0.6582E-23
25.77	0.7809E-23
34.51	0.1919E-22
44.70	0.5333E-22
56.56	0.1265E-21
70.24	0.2547E-21
85.86	0.4513E-21
103.4	0.7226E-21
122.9	0.1073E-20
144.3	0.1500E-20
167.5	0.1998E-20
192.3	0.2560E-20
218.7	0.3179E-20
246.5	0.3849E-20
275.7	0.4563E-20
306.1	0.5314E-20
337.8	0.6097E-20
370.6	0.6908E-20
404.6	0.7742E-20
439.5	0.8592E-20
475.6	0.9462E-20
512.8	0.1035E-19
550.9	0.1124E-19
590.2	0.1214E-19
630.4	0.1305E-19
671.6	0.1397E-19
713.6	0.1488E-19
756.8	0.1580E-19
801.0	0.1672E-19
846.2	0.1764E-19
892.4	0.1855E-19
939.5	0.1947E-19
987.8	0.2037E-19
1037.	0.2128E-19
1087.	0.2217E-19
1139.	0.2306E-19
1191.	0.2395E-19
1245.	0.2482E-19
1299.	0.2568E-19
1355.	0.2654E-19
1412.	0.2738E-19
1470.	0.2822E-19
1529.	0.2904E-19
1589.	0.2985E-19
1651.	0.3064E-19
1713.	0.3143E-19
1777.	0.3220E-19
1842.	0.3295E-19
1909.	0.3369E-19
1976.	0.3442E-19
2045.	0.3513E-19
2116.	0.3582E-19
2187.	0.3650E-19
2260.	0.3716E-19
2334.	0.3780E-19
2410.	0.3843E-19
2487.	0.3904E-19
2565.	0.3963E-19
2645.	0.4020E-19
2726.	0.4075E-19
2808.	0.4129E-19
2892.	0.4180E-19
2978.	0.4230E-19
3065.	0.4278E-19
3153.	0.4324E-19
3243.	0.4367E-19
3334.	0.4409E-19
3427.	0.4449E-19
3522.	0.4487E-19
3617.	0.4522E-19
3715.	0.4556E-19
3814.	0.4588E-19
3914.	0.4618E-19
4017.	0.4645E-19
4120.	0.4671E-19
4225.	0.4695E-19
4332.	0.4716E-19
4441.	0.4736E-19
4551.	0.4754E-19
4662.	0.4769E-19
4775.	0.4783E-19
 
 
E/N (Td)	Power /N (eV m3/s)
0.1256E-01	0.3443E-19
0.1291E-01	0.3563E-19
0.1327E-01	0.3687E-19
0.1366E-01	0.3818E-19
0.1408E-01	0.3956E-19
0.1450E-01	0.4100E-19
0.1495E-01	0.4251E-19
0.1542E-01	0.4411E-19
0.1593E-01	0.4580E-19
0.1648E-01	0.4758E-19
0.1705E-01	0.4947E-19
0.1766E-01	0.5146E-19
0.1829E-01	0.5358E-19
0.1896E-01	0.5582E-19
0.1965E-01	0.5819E-19
0.2040E-01	0.6071E-19
0.2121E-01	0.6340E-19
0.2208E-01	0.6626E-19
0.2300E-01	0.6930E-19
0.2397E-01	0.7254E-19
0.2498E-01	0.7599E-19
0.2603E-01	0.7967E-19
0.2718E-01	0.8359E-19
0.2845E-01	0.8780E-19
0.2981E-01	0.9229E-19
0.3122E-01	0.9708E-19
0.3270E-01	0.1022E-18
0.3425E-01	0.1077E-18
0.3600E-01	0.1135E-18
0.3782E-01	0.1198E-18
0.3982E-01	0.1265E-18
0.4198E-01	0.1337E-18
0.4426E-01	0.1414E-18
0.4665E-01	0.1496E-18
0.4921E-01	0.1584E-18
0.5208E-01	0.1678E-18
0.5515E-01	0.1779E-18
0.5836E-01	0.1886E-18
0.6181E-01	0.2001E-18
0.6565E-01	0.2124E-18
0.6976E-01	0.2255E-18
0.7409E-01	0.2395E-18
0.7891E-01	0.2546E-18
0.8394E-01	0.2706E-18
0.8947E-01	0.2877E-18
0.9548E-01	0.3060E-18
0.1018	0.3256E-18
0.1087	0.3464E-18
0.1161	0.3687E-18
0.1240	0.3925E-18
0.1325	0.4179E-18
0.1415	0.4450E-18
0.1511	0.4739E-18
0.1613	0.5047E-18
0.1720	0.5375E-18
0.1834	0.5723E-18
0.1953	0.6095E-18
0.2079	0.6489E-18
0.2211	0.6908E-18
0.2349	0.7353E-18
0.2493	0.7823E-18
0.2643	0.8322E-18
0.2800	0.8850E-18
0.2964	0.9408E-18
0.3134	0.9998E-18
0.3312	0.1062E-17
0.3497	0.1128E-17
0.3689	0.1197E-17
0.3890	0.1270E-17
0.4098	0.1347E-17
0.4316	0.1428E-17
0.4543	0.1514E-17
0.4779	0.1604E-17
0.5026	0.1699E-17
0.5284	0.1800E-17
0.5554	0.1905E-17
0.5837	0.2017E-17
0.6134	0.2135E-17
0.6445	0.2259E-17
0.6771	0.2391E-17
0.7115	0.2530E-17
0.7477	0.2677E-17
0.7859	0.2833E-17
0.8262	0.2999E-17
0.8689	0.3176E-17
0.9140	0.3363E-17
0.9619	0.3563E-17
1.013	0.3776E-17
1.067	0.4003E-17
1.124	0.4246E-17
1.185	0.4506E-17
1.250	0.4785E-17
1.320	0.5083E-17
1.394	0.5404E-17
1.473	0.5748E-17
1.558	0.6119E-17
1.648	0.6517E-17
1.744	0.6946E-17
1.847	0.7408E-17
1.957	0.7906E-17
2.074	0.8441E-17
2.198	0.9018E-17
2.331	0.9639E-17
2.471	0.1031E-16
2.621	0.1103E-16
2.780	0.1182E-16
2.949	0.1268E-16
3.131	0.1363E-16
3.329	0.1472E-16
3.546	0.1599E-16
3.792	0.1755E-16
4.077	0.1955E-16
4.423	0.2226E-16
4.866	0.2626E-16
5.488	0.3284E-16
6.492	0.4573E-16
8.431	0.7755E-16
12.35	0.1663E-15
18.34	0.3584E-15
25.77	0.6850E-15
34.51	0.1186E-14
44.70	0.1921E-14
56.56	0.2968E-14
70.24	0.4420E-14
85.86	0.6385E-14
103.4	0.8958E-14
122.9	0.1227E-13
144.3	0.1640E-13
167.5	0.2147E-13
192.3	0.2752E-13
218.7	0.3466E-13
246.5	0.4296E-13
275.7	0.5247E-13
306.1	0.6327E-13
337.8	0.7542E-13
370.6	0.8899E-13
404.6	0.1040E-12
439.5	0.1206E-12
475.6	0.1388E-12
512.8	0.1588E-12
550.9	0.1804E-12
590.2	0.2040E-12
630.4	0.2294E-12
671.6	0.2568E-12
713.6	0.2862E-12
756.8	0.3178E-12
801.0	0.3517E-12
846.2	0.3879E-12
892.4	0.4266E-12
939.5	0.4677E-12
987.8	0.5114E-12
1037.	0.5578E-12
1087.	0.6071E-12
1139.	0.6593E-12
1191.	0.7145E-12
1245.	0.7729E-12
1299.	0.8345E-12
1355.	0.8995E-12
1412.	0.9679E-12
1470.	0.1040E-11
1529.	0.1116E-11
1589.	0.1196E-11
1651.	0.1279E-11
1713.	0.1367E-11
1777.	0.1460E-11
1842.	0.1556E-11
1909.	0.1658E-11
1976.	0.1764E-11
2045.	0.1875E-11
2116.	0.1992E-11
2187.	0.2113E-11
2260.	0.2240E-11
2334.	0.2373E-11
2410.	0.2512E-11
2487.	0.2657E-11
2565.	0.2808E-11
2645.	0.2966E-11
2726.	0.3130E-11
2808.	0.3302E-11
2892.	0.3480E-11
2978.	0.3666E-11
3065.	0.3860E-11
3153.	0.4062E-11
3243.	0.4271E-11
3334.	0.4490E-11
3427.	0.4717E-11
3522.	0.4952E-11
3617.	0.5198E-11
3715.	0.5452E-11
3814.	0.5717E-11
3914.	0.5992E-11
4017.	0.6277E-11
4120.	0.6573E-11
4225.	0.6880E-11
4332.	0.7199E-11
4441.	0.7530E-11
4551.	0.7872E-11
4662.	0.8227E-11
4775.	0.8595E-11
 
 
E/N (Td)	Elastic power loss /N (eV m3/s)
0.1256E-01	0.9035E-20
0.1291E-01	0.9793E-20
0.1327E-01	0.1061E-19
0.1366E-01	0.1150E-19
0.1408E-01	0.1247E-19
0.1450E-01	0.1352E-19
0.1495E-01	0.1464E-19
0.1542E-01	0.1586E-19
0.1593E-01	0.1718E-19
0.1648E-01	0.1860E-19
0.1705E-01	0.2013E-19
0.1766E-01	0.2177E-19
0.1829E-01	0.2354E-19
0.1896E-01	0.2544E-19
0.1965E-01	0.2747E-19
0.2040E-01	0.2965E-19
0.2121E-01	0.3199E-19
0.2208E-01	0.3448E-19
0.2300E-01	0.3716E-19
0.2397E-01	0.4001E-19
0.2498E-01	0.4306E-19
0.2603E-01	0.4631E-19
0.2718E-01	0.4976E-19
0.2845E-01	0.5345E-19
0.2981E-01	0.5738E-19
0.3122E-01	0.6155E-19
0.3270E-01	0.6599E-19
0.3425E-01	0.7069E-19
0.3600E-01	0.7569E-19
0.3782E-01	0.8101E-19
0.3982E-01	0.8663E-19
0.4198E-01	0.9260E-19
0.4426E-01	0.9893E-19
0.4665E-01	0.1056E-18
0.4921E-01	0.1127E-18
0.5208E-01	0.1202E-18
0.5515E-01	0.1282E-18
0.5836E-01	0.1366E-18
0.6181E-01	0.1454E-18
0.6565E-01	0.1548E-18
0.6976E-01	0.1648E-18
0.7409E-01	0.1753E-18
0.7891E-01	0.1864E-18
0.8394E-01	0.1982E-18
0.8947E-01	0.2106E-18
0.9548E-01	0.2238E-18
0.1018	0.2377E-18
0.1087	0.2524E-18
0.1161	0.2681E-18
0.1240	0.2846E-18
0.1325	0.3021E-18
0.1415	0.3207E-18
0.1511	0.3404E-18
0.1613	0.3612E-18
0.1720	0.3833E-18
0.1834	0.4068E-18
0.1953	0.4317E-18
0.2079	0.4581E-18
0.2211	0.4861E-18
0.2349	0.5158E-18
0.2493	0.5474E-18
0.2643	0.5808E-18
0.2800	0.6164E-18
0.2964	0.6541E-18
0.3134	0.6942E-18
0.3312	0.7367E-18
0.3497	0.7819E-18
0.3689	0.8299E-18
0.3890	0.8809E-18
0.4098	0.9351E-18
0.4316	0.9928E-18
0.4543	0.1054E-17
0.4779	0.1119E-17
0.5026	0.1189E-17
0.5284	0.1263E-17
0.5554	0.1342E-17
0.5837	0.1425E-17
0.6134	0.1515E-17
0.6445	0.1610E-17
0.6771	0.1712E-17
0.7115	0.1821E-17
0.7477	0.1938E-17
0.7859	0.2062E-17
0.8262	0.2195E-17
0.8689	0.2338E-17
0.9140	0.2491E-17
0.9619	0.2655E-17
1.013	0.2832E-17
1.067	0.3021E-17
1.124	0.3225E-17
1.185	0.3444E-17
1.250	0.3680E-17
1.320	0.3934E-17
1.394	0.4208E-17
1.473	0.4504E-17
1.558	0.4824E-17
1.648	0.5169E-17
1.744	0.5542E-17
1.847	0.5944E-17
1.957	0.6379E-17
2.074	0.6849E-17
2.198	0.7356E-17
2.331	0.7903E-17
2.471	0.8492E-17
2.621	0.9125E-17
2.780	0.9806E-17
2.949	0.1054E-16
3.131	0.1132E-16
3.329	0.1215E-16
3.546	0.1304E-16
3.792	0.1400E-16
4.077	0.1501E-16
4.423	0.1609E-16
4.866	0.1724E-16
5.488	0.1848E-16
6.492	0.1983E-16
8.431	0.2128E-16
12.35	0.2279E-16
18.34	0.2427E-16
25.77	0.2576E-16
34.51	0.2727E-16
44.70	0.2883E-16
56.56	0.3043E-16
70.24	0.3208E-16
85.86	0.3378E-16
103.4	0.3552E-16
122.9	0.3732E-16
144.3	0.3915E-16
167.5	0.4103E-16
192.3	0.4296E-16
218.7	0.4492E-16
246.5	0.4693E-16
275.7	0.4899E-16
306.1	0.5110E-16
337.8	0.5326E-16
370.6	0.5547E-16
404.6	0.5774E-16
439.5	0.6005E-16
475.6	0.6243E-16
512.8	0.6488E-16
550.9	0.6738E-16
590.2	0.6996E-16
630.4	0.7259E-16
671.6	0.7530E-16
713.6	0.7807E-16
756.8	0.8092E-16
801.0	0.8384E-16
846.2	0.8684E-16
892.4	0.8992E-16
939.5	0.9309E-16
987.8	0.9634E-16
1037.	0.9968E-16
1087.	0.1031E-15
1139.	0.1066E-15
1191.	0.1103E-15
1245.	0.1140E-15
1299.	0.1178E-15
1355.	0.1217E-15
1412.	0.1258E-15
1470.	0.1299E-15
1529.	0.1342E-15
1589.	0.1386E-15
1651.	0.1431E-15
1713.	0.1478E-15
1777.	0.1525E-15
1842.	0.1574E-15
1909.	0.1625E-15
1976.	0.1677E-15
2045.	0.1730E-15
2116.	0.1785E-15
2187.	0.1841E-15
2260.	0.1899E-15
2334.	0.1958E-15
2410.	0.2019E-15
2487.	0.2082E-15
2565.	0.2146E-15
2645.	0.2213E-15
2726.	0.2281E-15
2808.	0.2351E-15
2892.	0.2423E-15
2978.	0.2497E-15
3065.	0.2573E-15
3153.	0.2651E-15
3243.	0.2731E-15
3334.	0.2813E-15
3427.	0.2897E-15
3522.	0.2984E-15
3617.	0.3073E-15
3715.	0.3165E-15
3814.	0.3259E-15
3914.	0.3355E-15
4017.	0.3454E-15
4120.	0.3556E-15
4225.	0.3660E-15
4332.	0.3767E-15
4441.	0.3876E-15
4551.	0.3989E-15
4662.	0.4104E-15
4775.	0.4223E-15
 
 
E/N (Td)	Inelastic power loss /N (eV m3/s)
0.1256E-01	0.2523E-19
0.1291E-01	0.2567E-19
0.1327E-01	0.2610E-19
0.1366E-01	0.2652E-19
0.1408E-01	0.2693E-19
0.1450E-01	0.2733E-19
0.1495E-01	0.2772E-19
0.1542E-01	0.2810E-19
0.1593E-01	0.2847E-19
0.1648E-01	0.2883E-19
0.1705E-01	0.2919E-19
0.1766E-01	0.2954E-19
0.1829E-01	0.2988E-19
0.1896E-01	0.3023E-19
0.1965E-01	0.3057E-19
0.2040E-01	0.3092E-19
0.2121E-01	0.3127E-19
0.2208E-01	0.3163E-19
0.2300E-01	0.3200E-19
0.2397E-01	0.3239E-19
0.2498E-01	0.3281E-19
0.2603E-01	0.3325E-19
0.2718E-01	0.3372E-19
0.2845E-01	0.3425E-19
0.2981E-01	0.3482E-19
0.3122E-01	0.3545E-19
0.3270E-01	0.3614E-19
0.3425E-01	0.3692E-19
0.3600E-01	0.3779E-19
0.3782E-01	0.3876E-19
0.3982E-01	0.3985E-19
0.4198E-01	0.4107E-19
0.4426E-01	0.4243E-19
0.4665E-01	0.4396E-19
0.4921E-01	0.4566E-19
0.5208E-01	0.4756E-19
0.5515E-01	0.4968E-19
0.5836E-01	0.5203E-19
0.6181E-01	0.5463E-19
0.6565E-01	0.5753E-19
0.6976E-01	0.6073E-19
0.7409E-01	0.6426E-19
0.7891E-01	0.6815E-19
0.8394E-01	0.7242E-19
0.8947E-01	0.7710E-19
0.9548E-01	0.8224E-19
0.1018	0.8785E-19
0.1087	0.9397E-19
0.1161	0.1006E-18
0.1240	0.1079E-18
0.1325	0.1158E-18
0.1415	0.1243E-18
0.1511	0.1335E-18
0.1613	0.1434E-18
0.1720	0.1541E-18
0.1834	0.1655E-18
0.1953	0.1777E-18
0.2079	0.1908E-18
0.2211	0.2047E-18
0.2349	0.2194E-18
0.2493	0.2349E-18
0.2643	0.2513E-18
0.2800	0.2686E-18
0.2964	0.2866E-18
0.3134	0.3055E-18
0.3312	0.3253E-18
0.3497	0.3458E-18
0.3689	0.3671E-18
0.3890	0.3891E-18
0.4098	0.4119E-18
0.4316	0.4354E-18
0.4543	0.4596E-18
0.4779	0.4844E-18
0.5026	0.5099E-18
0.5284	0.5361E-18
0.5554	0.5628E-18
0.5837	0.5901E-18
0.6134	0.6181E-18
0.6445	0.6465E-18
0.6771	0.6756E-18
0.7115	0.7052E-18
0.7477	0.7355E-18
0.7859	0.7663E-18
0.8262	0.7976E-18
0.8689	0.8297E-18
0.9140	0.8623E-18
0.9619	0.8957E-18
1.013	0.9297E-18
1.067	0.9645E-18
1.124	0.1000E-17
1.185	0.1037E-17
1.250	0.1074E-17
1.320	0.1112E-17
1.394	0.1151E-17
1.473	0.1192E-17
1.558	0.1233E-17
1.648	0.1276E-17
1.744	0.1320E-17
1.847	0.1365E-17
1.957	0.1412E-17
2.074	0.1460E-17
2.198	0.1510E-17
2.331	0.1562E-17
2.471	0.1617E-17
2.621	0.1679E-17
2.780	0.1752E-17
2.949	0.1849E-17
3.131	0.1987E-17
3.329	0.2201E-17
3.546	0.2542E-17
3.792	0.3104E-17
4.077	0.4035E-17
4.423	0.5617E-17
4.866	0.8411E-17
5.488	0.1371E-16
6.492	0.2519E-16
8.431	0.5552E-16
12.35	0.1427E-15
18.34	0.3332E-15
25.77	0.6577E-15
34.51	0.1154E-14
44.70	0.1874E-14
56.56	0.2882E-14
70.24	0.4250E-14
85.86	0.6051E-14
103.4	0.8342E-14
122.9	0.1120E-13
144.3	0.1466E-13
167.5	0.1877E-13
192.3	0.2355E-13
218.7	0.2902E-13
246.5	0.3519E-13
275.7	0.4207E-13
306.1	0.4967E-13
337.8	0.5799E-13
370.6	0.6704E-13
404.6	0.7681E-13
439.5	0.8727E-13
475.6	0.9850E-13
512.8	0.1105E-12
550.9	0.1232E-12
590.2	0.1366E-12
630.4	0.1508E-12
671.6	0.1656E-12
713.6	0.1812E-12
756.8	0.1975E-12
801.0	0.2145E-12
846.2	0.2322E-12
892.4	0.2507E-12
939.5	0.2698E-12
987.8	0.2896E-12
1037.	0.3101E-12
1087.	0.3313E-12
1139.	0.3532E-12
1191.	0.3757E-12
1245.	0.3988E-12
1299.	0.4226E-12
1355.	0.4471E-12
1412.	0.4721E-12
1470.	0.4977E-12
1529.	0.5240E-12
1589.	0.5508E-12
1651.	0.5782E-12
1713.	0.6062E-12
1777.	0.6347E-12
1842.	0.6637E-12
1909.	0.6932E-12
1976.	0.7233E-12
2045.	0.7538E-12
2116.	0.7848E-12
2187.	0.8162E-12
2260.	0.8481E-12
2334.	0.8804E-12
2410.	0.9131E-12
2487.	0.9461E-12
2565.	0.9796E-12
2645.	0.1013E-11
2726.	0.1047E-11
2808.	0.1082E-11
2892.	0.1117E-11
2978.	0.1152E-11
3065.	0.1187E-11
3153.	0.1222E-11
3243.	0.1258E-11
3334.	0.1294E-11
3427.	0.1330E-11
3522.	0.1366E-11
3617.	0.1402E-11
3715.	0.1439E-11
3814.	0.1475E-11
3914.	0.1512E-11
4017.	0.1548E-11
4120.	0.1585E-11
4225.	0.1621E-11
4332.	0.1658E-11
4441.	0.1695E-11
4551.	0.1731E-11
4662.	0.1767E-11
4775.	0.1804E-11
 
 
E/N (Td)	Growth power /N (eV m3/s)
0.1256E-01	0.000
0.1291E-01	0.000
0.1327E-01	0.000
0.1366E-01	0.000
0.1408E-01	0.000
0.1450E-01	0.000
0.1495E-01	0.000
0.1542E-01	0.000
0.1593E-01	0.7603E-31
0.1648E-01	0.9591E-31
0.1705E-01	0.1232E-30
0.1766E-01	0.3008E-30
0.1829E-01	0.4683E-30
0.1896E-01	0.7220E-30
0.1965E-01	0.1102E-29
0.2040E-01	0.1669E-29
0.2121E-01	0.2509E-29
0.2208E-01	0.3738E-29
0.2300E-01	0.5529E-29
0.2397E-01	0.8106E-29
0.2498E-01	0.1179E-28
0.2603E-01	0.1701E-28
0.2718E-01	0.2436E-28
0.2845E-01	0.3476E-28
0.2981E-01	0.4923E-28
0.3122E-01	0.6923E-28
0.3270E-01	0.9668E-28
0.3425E-01	0.1341E-27
0.3600E-01	0.1855E-27
0.3782E-01	0.2545E-27
0.3982E-01	0.3487E-27
0.4198E-01	0.4763E-27
0.4426E-01	0.6474E-27
0.4665E-01	0.8755E-27
0.4921E-01	0.1180E-26
0.5208E-01	0.1591E-26
0.5515E-01	0.2143E-26
0.5836E-01	0.2877E-26
0.6181E-01	0.3860E-26
0.6565E-01	0.5198E-26
0.6976E-01	0.7009E-26
0.7409E-01	0.9458E-26
0.7891E-01	0.1284E-25
0.8394E-01	0.1747E-25
0.8947E-01	0.2392E-25
0.9548E-01	0.3300E-25
0.1018	0.4575E-25
0.1087	0.6389E-25
0.1161	0.8999E-25
0.1240	0.1276E-24
0.1325	0.1822E-24
0.1415	0.2616E-24
0.1511	0.3779E-24
0.1613	0.5486E-24
0.1720	0.7985E-24
0.1834	0.1164E-23
0.1953	0.1700E-23
0.2079	0.2482E-23
0.2211	0.3616E-23
0.2349	0.5255E-23
0.2493	0.7609E-23
0.2643	0.1097E-22
0.2800	0.1573E-22
0.2964	0.2244E-22
0.3134	0.3179E-22
0.3312	0.4476E-22
0.3497	0.6258E-22
0.3689	0.8688E-22
0.3890	0.1197E-21
0.4098	0.1638E-21
0.4316	0.2225E-21
0.4543	0.2999E-21
0.4779	0.4015E-21
0.5026	0.5335E-21
0.5284	0.7040E-21
0.5554	0.9226E-21
0.5837	0.1201E-20
0.6134	0.1552E-20
0.6445	0.1994E-20
0.6771	0.2547E-20
0.7115	0.3231E-20
0.7477	0.4072E-20
0.7859	0.5112E-20
0.8262	0.6366E-20
0.8689	0.7906E-20
0.9140	0.9727E-20
0.9619	0.1203E-19
1.013	0.1471E-19
1.067	0.1790E-19
1.124	0.2168E-19
1.185	0.2614E-19
1.250	0.3137E-19
1.320	0.3748E-19
1.394	0.4459E-19
1.473	0.5281E-19
1.558	0.6228E-19
1.648	0.7314E-19
1.744	0.8552E-19
1.847	0.9960E-19
1.957	0.1155E-18
2.074	0.1334E-18
2.198	0.1535E-18
2.331	0.1759E-18
2.471	0.2007E-18
2.621	0.2282E-18
2.780	0.2584E-18
2.949	0.2916E-18
3.131	0.3278E-18
3.329	0.3672E-18
3.546	0.4097E-18
3.792	0.4555E-18
4.077	0.5038E-18
4.423	0.5545E-18
4.866	0.6060E-18
5.488	0.6577E-18
6.492	0.7076E-18
8.431	0.7554E-18
12.35	0.8103E-18
18.34	0.9127E-18
25.77	0.1529E-17
34.51	0.5057E-17
44.70	0.1828E-16
56.56	0.5501E-16
70.24	0.1381E-15
85.86	0.3001E-15
103.4	0.5809E-15
122.9	0.1031E-14
144.3	0.1702E-14
167.5	0.2650E-14
192.3	0.3930E-14
218.7	0.5602E-14
246.5	0.7723E-14
275.7	0.1035E-13
306.1	0.1355E-13
337.8	0.1738E-13
370.6	0.2190E-13
404.6	0.2717E-13
439.5	0.3324E-13
475.6	0.4023E-13
512.8	0.4819E-13
550.9	0.5716E-13
590.2	0.6727E-13
630.4	0.7854E-13
671.6	0.9109E-13
713.6	0.1049E-12
756.8	0.1203E-12
801.0	0.1371E-12
846.2	0.1556E-12
892.4	0.1758E-12
939.5	0.1978E-12
987.8	0.2217E-12
1037.	0.2476E-12
1087.	0.2757E-12
1139.	0.3060E-12
1191.	0.3387E-12
1245.	0.3739E-12
1299.	0.4117E-12
1355.	0.4523E-12
1412.	0.4957E-12
1470.	0.5421E-12
1529.	0.5917E-12
1589.	0.6447E-12
1651.	0.7010E-12
1713.	0.7611E-12
1777.	0.8249E-12
1842.	0.8926E-12
1909.	0.9645E-12
1976.	0.1041E-11
2045.	0.1121E-11
2116.	0.1207E-11
2187.	0.1297E-11
2260.	0.1392E-11
2334.	0.1493E-11
2410.	0.1599E-11
2487.	0.1711E-11
2565.	0.1828E-11
2645.	0.1952E-11
2726.	0.2083E-11
2808.	0.2220E-11
2892.	0.2364E-11
2978.	0.2515E-11
3065.	0.2673E-11
3153.	0.2839E-11
3243.	0.3014E-11
3334.	0.3196E-11
3427.	0.3387E-11
3522.	0.3587E-11
3617.	0.3796E-11
3715.	0.4014E-11
3814.	0.4242E-11
3914.	0.4481E-11
4017.	0.4729E-11
4120.	0.4989E-11
4225.	0.5260E-11
4332.	0.5542E-11
4441.	0.5836E-11
4551.	0.6142E-11
4662.	0.6461E-11
4775.	0.6793E-11
 
 
E/N (Td)	e-i power loss /N (eV m3/s)
0.1256E-01	0.1499E-21
0.1291E-01	0.1496E-21
0.1327E-01	0.1492E-21
0.1366E-01	0.1487E-21
0.1408E-01	0.1469E-21
0.1450E-01	0.1464E-21
0.1495E-01	0.1459E-21
0.1542E-01	0.1453E-21
0.1593E-01	0.1448E-21
0.1648E-01	0.1442E-21
0.1705E-01	0.1435E-21
0.1766E-01	0.1428E-21
0.1829E-01	0.1421E-21
0.1896E-01	0.1414E-21
0.1965E-01	0.1407E-21
0.2040E-01	0.1399E-21
0.2121E-01	0.1391E-21
0.2208E-01	0.1383E-21
0.2300E-01	0.1375E-21
0.2397E-01	0.1366E-21
0.2498E-01	0.1357E-21
0.2603E-01	0.1348E-21
0.2718E-01	0.1339E-21
0.2845E-01	0.1330E-21
0.2981E-01	0.1320E-21
0.3122E-01	0.1311E-21
0.3270E-01	0.1301E-21
0.3425E-01	0.1291E-21
0.3600E-01	0.1281E-21
0.3782E-01	0.1277E-21
0.3982E-01	0.1267E-21
0.4198E-01	0.1256E-21
0.4426E-01	0.1245E-21
0.4665E-01	0.1234E-21
0.4921E-01	0.1223E-21
0.5208E-01	0.1212E-21
0.5515E-01	0.1200E-21
0.5836E-01	0.1189E-21
0.6181E-01	0.1178E-21
0.6565E-01	0.1166E-21
0.6976E-01	0.1154E-21
0.7409E-01	0.1142E-21
0.7891E-01	0.1136E-21
0.8394E-01	0.1124E-21
0.8947E-01	0.1112E-21
0.9548E-01	0.1100E-21
0.1018	0.1088E-21
0.1087	0.1077E-21
0.1161	0.1065E-21
0.1240	0.1053E-21
0.1325	0.1045E-21
0.1415	0.1034E-21
0.1511	0.1022E-21
0.1613	0.1011E-21
0.1720	0.9997E-22
0.1834	0.9886E-22
0.1953	0.9777E-22
0.2079	0.9669E-22
0.2211	0.9563E-22
0.2349	0.9485E-22
0.2493	0.9380E-22
0.2643	0.9277E-22
0.2800	0.9175E-22
0.2964	0.9075E-22
0.3134	0.8976E-22
0.3312	0.8877E-22
0.3497	0.8780E-22
0.3689	0.8684E-22
0.3890	0.8589E-22
0.4098	0.8495E-22
0.4316	0.8402E-22
0.4543	0.8310E-22
0.4779	0.8217E-22
0.5026	0.8126E-22
0.5284	0.8053E-22
0.5554	0.7963E-22
0.5837	0.7874E-22
0.6134	0.7785E-22
0.6445	0.7698E-22
0.6771	0.7610E-22
0.7115	0.7524E-22
0.7477	0.7438E-22
0.7859	0.7353E-22
0.8262	0.7269E-22
0.8689	0.7185E-22
0.9140	0.7102E-22
0.9619	0.7020E-22
1.013	0.6940E-22
1.067	0.6860E-22
1.124	0.6782E-22
1.185	0.6703E-22
1.250	0.6626E-22
1.320	0.6550E-22
1.394	0.6474E-22
1.473	0.6399E-22
1.558	0.6326E-22
1.648	0.6253E-22
1.744	0.6181E-22
1.847	0.6110E-22
1.957	0.6040E-22
2.074	0.5972E-22
2.198	0.5904E-22
2.331	0.5837E-22
2.471	0.5772E-22
2.621	0.5707E-22
2.780	0.5644E-22
2.949	0.5582E-22
3.131	0.5520E-22
3.329	0.5460E-22
3.546	0.5402E-22
3.792	0.5344E-22
4.077	0.5289E-22
4.423	0.5236E-22
4.866	0.5186E-22
5.488	0.5140E-22
6.492	0.5100E-22
8.431	0.5067E-22
12.35	0.5032E-22
18.34	0.4986E-22
25.77	0.4934E-22
34.51	0.4881E-22
44.70	0.4830E-22
56.56	0.4781E-22
70.24	0.4733E-22
85.86	0.4688E-22
103.4	0.4644E-22
122.9	0.4601E-22
144.3	0.4560E-22
167.5	0.4519E-22
192.3	0.4479E-22
218.7	0.4439E-22
246.5	0.4399E-22
275.7	0.4360E-22
306.1	0.4322E-22
337.8	0.4284E-22
370.6	0.4246E-22
404.6	0.4208E-22
439.5	0.4171E-22
475.6	0.4134E-22
512.8	0.4098E-22
550.9	0.4061E-22
590.2	0.4025E-22
630.4	0.3990E-22
671.6	0.3954E-22
713.6	0.3919E-22
756.8	0.3885E-22
801.0	0.3850E-22
846.2	0.3816E-22
892.4	0.3782E-22
939.5	0.3748E-22
987.8	0.3714E-22
1037.	0.3681E-22
1087.	0.3648E-22
1139.	0.3615E-22
1191.	0.3582E-22
1245.	0.3549E-22
1299.	0.3517E-22
1355.	0.3485E-22
1412.	0.3453E-22
1470.	0.3421E-22
1529.	0.3389E-22
1589.	0.3358E-22
1651.	0.3326E-22
1713.	0.3295E-22
1777.	0.3264E-22
1842.	0.3234E-22
1909.	0.3203E-22
1976.	0.3173E-22
2045.	0.3142E-22
2116.	0.3112E-22
2187.	0.3083E-22
2260.	0.3053E-22
2334.	0.3023E-22
2410.	0.2994E-22
2487.	0.2965E-22
2565.	0.2936E-22
2645.	0.2907E-22
2726.	0.2878E-22
2808.	0.2850E-22
2892.	0.2822E-22
2978.	0.2794E-22
3065.	0.2766E-22
3153.	0.2738E-22
3243.	0.2711E-22
3334.	0.2684E-22
3427.	0.2657E-22
3522.	0.2630E-22
3617.	0.2603E-22
3715.	0.2577E-22
3814.	0.2550E-22
3914.	0.2524E-22
4017.	0.2498E-22
4120.	0.2473E-22
4225.	0.2447E-22
4332.	0.2422E-22
4441.	0.2397E-22
4551.	0.2372E-22
4662.	0.2348E-22
4775.	0.2323E-22
 
 
E/N (Td)	Coulomb logarithm
0.1256E-01	9.774
0.1291E-01	9.816
0.1327E-01	9.858
0.1366E-01	9.899
0.1408E-01	9.941
0.1450E-01	9.982
0.1495E-01	10.02
0.1542E-01	10.07
0.1593E-01	10.11
0.1648E-01	10.15
0.1705E-01	10.19
0.1766E-01	10.23
0.1829E-01	10.27
0.1896E-01	10.32
0.1965E-01	10.36
0.2040E-01	10.40
0.2121E-01	10.44
0.2208E-01	10.48
0.2300E-01	10.52
0.2397E-01	10.57
0.2498E-01	10.61
0.2603E-01	10.65
0.2718E-01	10.69
0.2845E-01	10.73
0.2981E-01	10.77
0.3122E-01	10.81
0.3270E-01	10.86
0.3425E-01	10.90
0.3600E-01	10.94
0.3782E-01	10.98
0.3982E-01	11.02
0.4198E-01	11.06
0.4426E-01	11.11
0.4665E-01	11.15
0.4921E-01	11.19
0.5208E-01	11.23
0.5515E-01	11.27
0.5836E-01	11.31
0.6181E-01	11.36
0.6565E-01	11.40
0.6976E-01	11.44
0.7409E-01	11.48
0.7891E-01	11.52
0.8394E-01	11.56
0.8947E-01	11.61
0.9548E-01	11.65
0.1018	11.69
0.1087	11.73
0.1161	11.77
0.1240	11.81
0.1325	11.86
0.1415	11.90
0.1511	11.94
0.1613	11.98
0.1720	12.02
0.1834	12.06
0.1953	12.11
0.2079	12.15
0.2211	12.19
0.2349	12.23
0.2493	12.27
0.2643	12.31
0.2800	12.35
0.2964	12.40
0.3134	12.44
0.3312	12.48
0.3497	12.52
0.3689	12.56
0.3890	12.60
0.4098	12.65
0.4316	12.69
0.4543	12.73
0.4779	12.77
0.5026	12.81
0.5284	12.85
0.5554	12.90
0.5837	12.94
0.6134	12.98
0.6445	13.02
0.6771	13.06
0.7115	13.10
0.7477	13.15
0.7859	13.19
0.8262	13.23
0.8689	13.27
0.9140	13.31
0.9619	13.35
1.013	13.40
1.067	13.44
1.124	13.48
1.185	13.52
1.250	13.56
1.320	13.60
1.394	13.64
1.473	13.69
1.558	13.73
1.648	13.77
1.744	13.81
1.847	13.85
1.957	13.89
2.074	13.94
2.198	13.98
2.331	14.02
2.471	14.06
2.621	14.10
2.780	14.14
2.949	14.19
3.131	14.23
3.329	14.27
3.546	14.31
3.792	14.35
4.077	14.39
4.423	14.44
4.866	14.48
5.488	14.52
6.492	14.56
8.431	14.60
12.35	14.64
18.34	14.69
25.77	14.73
34.51	14.77
44.70	14.81
56.56	14.85
70.24	14.89
85.86	14.94
103.4	14.98
122.9	15.02
144.3	15.06
167.5	15.10
192.3	15.14
218.7	15.18
246.5	15.23
275.7	15.27
306.1	15.31
337.8	15.35
370.6	15.39
404.6	15.43
439.5	15.48
475.6	15.52
512.8	15.56
550.9	15.60
590.2	15.64
630.4	15.68
671.6	15.73
713.6	15.77
756.8	15.81
801.0	15.85
846.2	15.89
892.4	15.93
939.5	15.98
987.8	16.02
1037.	16.06
1087.	16.10
1139.	16.14
1191.	16.18
1245.	16.23
1299.	16.27
1355.	16.31
1412.	16.35
1470.	16.39
1529.	16.43
1589.	16.48
1651.	16.52
1713.	16.56
1777.	16.60
1842.	16.64
1909.	16.68
1976.	16.72
2045.	16.77
2116.	16.81
2187.	16.85
2260.	16.89
2334.	16.93
2410.	16.97
2487.	17.02
2565.	17.06
2645.	17.10
2726.	17.14
2808.	17.18
2892.	17.22
2978.	17.27
3065.	17.31
3153.	17.35
3243.	17.39
3334.	17.43
3427.	17.47
3522.	17.52
3617.	17.56
3715.	17.60
3814.	17.64
3914.	17.68
4017.	17.72
4120.	17.77
4225.	17.81
4332.	17.85
4441.	17.89
4551.	17.93
4662.	17.97
4775.	18.01
 
 
E/N (Td)	Maximum energy
0.1256E-01	2.757
0.1291E-01	2.784
0.1327E-01	2.812
0.1366E-01	2.841
0.1408E-01	3.421
0.1450E-01	3.457
0.1495E-01	3.494
0.1542E-01	3.534
0.1593E-01	3.577
0.1648E-01	3.622
0.1705E-01	3.671
0.1766E-01	3.723
0.1829E-01	3.776
0.1896E-01	3.828
0.1965E-01	3.877
0.2040E-01	3.928
0.2121E-01	3.982
0.2208E-01	4.040
0.2300E-01	4.103
0.2397E-01	4.169
0.2498E-01	4.237
0.2603E-01	4.308
0.2718E-01	4.383
0.2845E-01	4.466
0.2981E-01	4.554
0.3122E-01	4.644
0.3270E-01	4.737
0.3425E-01	4.833
0.3600E-01	4.938
0.3782E-01	4.326
0.3982E-01	4.425
0.4198E-01	4.531
0.4426E-01	4.641
0.4665E-01	4.755
0.4921E-01	4.875
0.5208E-01	5.008
0.5515E-01	5.148
0.5836E-01	5.292
0.6181E-01	5.445
0.6565E-01	5.612
0.6976E-01	5.788
0.7409E-01	5.970
0.7891E-01	5.180
0.8394E-01	5.352
0.8947E-01	5.537
0.9548E-01	5.733
0.1018	5.925
0.1087	6.117
0.1161	6.320
0.1240	6.532
0.1325	5.768
0.1415	5.961
0.1511	6.162
0.1613	6.367
0.1720	6.579
0.1834	6.794
0.1953	7.010
0.2079	7.230
0.2211	7.452
0.2349	6.446
0.2493	6.636
0.2643	6.826
0.2800	7.018
0.2964	7.210
0.3134	7.401
0.3312	7.594
0.3497	7.787
0.3689	7.982
0.3890	8.152
0.4098	8.325
0.4316	8.499
0.4543	8.677
0.4779	8.964
0.5026	9.149
0.5284	7.841
0.5554	8.003
0.5837	8.169
0.6134	8.338
0.6445	8.513
0.6771	8.693
0.7115	8.878
0.7477	9.071
0.7859	9.268
0.8262	9.475
0.8689	9.691
0.9140	9.905
0.9619	10.12
1.013	10.36
1.067	10.60
1.124	10.86
1.185	11.29
1.250	11.60
1.320	11.93
1.394	12.28
1.473	12.66
1.558	13.06
1.648	13.48
1.744	13.94
1.847	14.28
1.957	14.54
2.074	14.79
2.198	15.13
2.331	15.36
2.471	15.56
2.621	15.77
2.780	15.97
2.949	16.21
3.131	16.38
3.329	16.58
3.546	14.20
3.792	14.43
4.077	14.69
4.423	14.88
4.866	15.09
5.488	15.57
6.492	16.01
8.431	16.93
12.35	18.53
18.34	20.47
25.77	22.65
34.51	25.31
44.70	27.89
56.56	30.63
70.24	33.66
85.86	37.81
103.4	41.37
122.9	46.27
144.3	51.15
167.5	55.92
192.3	61.49
218.7	67.97
246.5	75.46
275.7	84.06
306.1	90.21
337.8	96.75
370.6	108.4
404.6	116.4
439.5	124.7
475.6	139.9
512.8	149.5
550.9	159.7
590.2	170.6
630.4	192.4
671.6	205.6
713.6	219.5
756.8	234.3
801.0	250.0
846.2	266.6
892.4	284.2
939.5	267.5
987.8	281.9
1037.	293.4
1087.	309.1
1139.	325.5
1191.	338.3
1245.	356.0
1299.	369.7
1355.	383.4
1412.	401.7
1470.	420.8
1529.	435.0
1589.	450.2
1651.	471.7
1713.	487.6
1777.	503.7
1842.	527.7
1909.	544.9
1976.	562.2
2045.	579.9
2116.	607.2
2187.	625.6
2260.	645.0
2334.	664.1
2410.	685.1
2487.	706.6
2565.	728.0
2645.	750.2
2726.	785.3
2808.	809.4
2892.	832.9
2978.	858.9
3065.	884.0
3153.	912.6
3243.	938.8
3334.	964.1
3427.	993.6
3522.	1018.
3617.	1045.
3715.	1095.
3814.	1122.
3914.	1150.
4017.	1176.
4120.	1228.
4225.	1251.
4332.	1271.
4441.	1328.
4551.	1351.
4662.	1409.
4775.	1424.
 
 
E/N (Td)	# of iterations
0.1256E-01	9951.
0.1291E-01	9269.
0.1327E-01	8696.
0.1366E-01	7051.
0.1408E-01	8098.
0.1450E-01	6730.
0.1495E-01	6958.
0.1542E-01	6499.
0.1593E-01	6053.
0.1648E-01	5670.
0.1705E-01	5316.
0.1766E-01	4935.
0.1829E-01	4629.
0.1896E-01	4338.
0.1965E-01	4027.
0.2040E-01	3786.
0.2121E-01	3541.
0.2208E-01	3332.
0.2300E-01	3123.
0.2397E-01	2864.
0.2498E-01	2714.
0.2603E-01	2544.
0.2718E-01	2380.
0.2845E-01	2234.
0.2981E-01	2081.
0.3122E-01	1952.
0.3270E-01	1819.
0.3425E-01	1708.
0.3600E-01	1615.
0.3782E-01	1210.
0.3982E-01	1138.
0.4198E-01	1052.
0.4426E-01	987.0
0.4665E-01	936.0
0.4921E-01	870.0
0.5208E-01	811.0
0.5515E-01	764.0
0.5836E-01	715.0
0.6181E-01	680.0
0.6565E-01	636.0
0.6976E-01	593.0
0.7409E-01	557.0
0.7891E-01	493.0
0.8394E-01	387.0
0.8947E-01	363.0
0.9548E-01	337.0
0.1018	313.0
0.1087	302.0
0.1161	289.0
0.1240	275.0
0.1325	233.0
0.1415	220.0
0.1511	209.0
0.1613	201.0
0.1720	193.0
0.1834	147.0
0.1953	142.0
0.2079	143.0
0.2211	226.0
0.2349	167.0
0.2493	158.0
0.2643	153.0
0.2800	143.0
0.2964	137.0
0.3134	131.0
0.3312	121.0
0.3497	118.0
0.3689	111.0
0.3890	100.0
0.4098	90.00
0.4316	80.00
0.4543	72.00
0.4779	64.00
0.5026	60.00
0.5284	36.00
0.5554	33.00
0.5837	30.00
0.6134	28.00
0.6445	26.00
0.6771	25.00
0.7115	24.00
0.7477	22.00
0.7859	21.00
0.8262	20.00
0.8689	21.00
0.9140	20.00
0.9619	22.00
1.013	22.00
1.067	22.00
1.124	22.00
1.185	22.00
1.250	22.00
1.320	22.00
1.394	22.00
1.473	22.00
1.558	22.00
1.648	22.00
1.744	22.00
1.847	22.00
1.957	22.00
2.074	22.00
2.198	22.00
2.331	22.00
2.471	22.00
2.621	22.00
2.780	21.00
2.949	21.00
3.131	21.00
3.329	21.00
3.546	11.00
3.792	11.00
4.077	11.00
4.423	11.00
4.866	10.00
5.488	10.00
6.492	10.00
8.431	10.00
12.35	10.00
18.34	10.00
25.77	10.00
34.51	12.00
44.70	13.00
56.56	13.00
70.24	13.00
85.86	13.00
103.4	13.00
122.9	12.00
144.3	12.00
167.5	11.00
192.3	11.00
218.7	10.00
246.5	10.00
275.7	10.00
306.1	10.00
337.8	9.000
370.6	8.000
404.6	23.00
439.5	23.00
475.6	25.00
512.8	24.00
550.9	22.00
590.2	22.00
630.4	21.00
671.6	22.00
713.6	22.00
756.8	21.00
801.0	20.00
846.2	13.00
892.4	10.00
939.5	24.00
987.8	24.00
1037.	23.00
1087.	20.00
1139.	21.00
1191.	21.00
1245.	23.00
1299.	23.00
1355.	26.00
1412.	28.00
1470.	31.00
1529.	35.00
1589.	38.00
1651.	40.00
1713.	44.00
1777.	46.00
1842.	57.00
1909.	59.00
1976.	65.00
2045.	57.00
2116.	60.00
2187.	58.00
2260.	63.00
2334.	70.00
2410.	78.00
2487.	73.00
2565.	67.00
2645.	47.00
2726.	54.00
2808.	55.00
2892.	71.00
2978.	52.00
3065.	59.00
3153.	61.00
3243.	59.00
3334.	52.00
3427.	85.00
3522.	83.00
3617.	70.00
3715.	72.00
3814.	71.00
3914.	72.00
4017.	72.00
4120.	74.00
4225.	73.00
4332.	74.00
4441.	73.00
4551.	75.00
4662.	80.00
4775.	88.00
 
 
E/N (Td)	# of grid trials
0.1256E-01	6.000
0.1291E-01	6.000
0.1327E-01	6.000
0.1366E-01	6.000
0.1408E-01	7.000
0.1450E-01	7.000
0.1495E-01	7.000
0.1542E-01	7.000
0.1593E-01	7.000
0.1648E-01	7.000
0.1705E-01	7.000
0.1766E-01	7.000
0.1829E-01	7.000
0.1896E-01	7.000
0.1965E-01	7.000
0.2040E-01	7.000
0.2121E-01	7.000
0.2208E-01	7.000
0.2300E-01	7.000
0.2397E-01	7.000
0.2498E-01	7.000
0.2603E-01	7.000
0.2718E-01	7.000
0.2845E-01	7.000
0.2981E-01	7.000
0.3122E-01	7.000
0.3270E-01	7.000
0.3425E-01	7.000
0.3600E-01	7.000
0.3782E-01	6.000
0.3982E-01	6.000
0.4198E-01	6.000
0.4426E-01	6.000
0.4665E-01	6.000
0.4921E-01	6.000
0.5208E-01	6.000
0.5515E-01	6.000
0.5836E-01	6.000
0.6181E-01	6.000
0.6565E-01	6.000
0.6976E-01	6.000
0.7409E-01	6.000
0.7891E-01	5.000
0.8394E-01	5.000
0.8947E-01	5.000
0.9548E-01	5.000
0.1018	5.000
0.1087	5.000
0.1161	5.000
0.1240	5.000
0.1325	4.000
0.1415	4.000
0.1511	4.000
0.1613	4.000
0.1720	4.000
0.1834	4.000
0.1953	4.000
0.2079	4.000
0.2211	4.000
0.2349	3.000
0.2493	3.000
0.2643	3.000
0.2800	3.000
0.2964	3.000
0.3134	3.000
0.3312	3.000
0.3497	3.000
0.3689	3.000
0.3890	3.000
0.4098	3.000
0.4316	3.000
0.4543	3.000
0.4779	3.000
0.5026	3.000
0.5284	2.000
0.5554	2.000
0.5837	2.000
0.6134	2.000
0.6445	2.000
0.6771	2.000
0.7115	2.000
0.7477	2.000
0.7859	2.000
0.8262	2.000
0.8689	2.000
0.9140	2.000
0.9619	2.000
1.013	2.000
1.067	2.000
1.124	2.000
1.185	2.000
1.250	2.000
1.320	2.000
1.394	2.000
1.473	2.000
1.558	2.000
1.648	2.000
1.744	2.000
1.847	2.000
1.957	2.000
2.074	2.000
2.198	2.000
2.331	2.000
2.471	2.000
2.621	2.000
2.780	2.000
2.949	2.000
3.131	2.000
3.329	2.000
3.546	1.000
3.792	1.000
4.077	1.000
4.423	1.000
4.866	1.000
5.488	1.000
6.492	1.000
8.431	1.000
12.35	1.000
18.34	1.000
25.77	1.000
34.51	1.000
44.70	1.000
56.56	1.000
70.24	1.000
85.86	1.000
103.4	1.000
122.9	1.000
144.3	1.000
167.5	1.000
192.3	1.000
218.7	1.000
246.5	1.000
275.7	1.000
306.1	1.000
337.8	1.000
370.6	1.000
404.6	1.000
439.5	1.000
475.6	1.000
512.8	1.000
550.9	1.000
590.2	1.000
630.4	1.000
671.6	1.000
713.6	1.000
756.8	1.000
801.0	1.000
846.2	1.000
892.4	1.000
939.5	2.000
987.8	2.000
1037.	2.000
1087.	2.000
1139.	2.000
1191.	2.000
1245.	2.000
1299.	2.000
1355.	2.000
1412.	2.000
1470.	2.000
1529.	2.000
1589.	2.000
1651.	2.000
1713.	2.000
1777.	2.000
1842.	2.000
1909.	2.000
1976.	2.000
2045.	2.000
2116.	2.000
2187.	2.000
2260.	2.000
2334.	2.000
2410.	2.000
2487.	2.000
2565.	2.000
2645.	2.000
2726.	2.000
2808.	2.000
2892.	2.000
2978.	2.000
3065.	2.000
3153.	2.000
3243.	2.000
3334.	2.000
3427.	2.000
3522.	2.000
3617.	2.000
3715.	2.000
3814.	2.000
3914.	2.000
4017.	2.000
4120.	2.000
4225.	2.000
4332.	2.000
4441.	2.000
4551.	2.000
4662.	2.000
4775.	2.000
 
 
C1    Ar    Elastic                                             
E/N (Td)	Rate coefficient (m3/s)
0.1256E-01	0.1427E-14
0.1291E-01	0.1453E-14
0.1327E-01	0.1481E-14
0.1366E-01	0.1513E-14
0.1408E-01	0.1548E-14
0.1450E-01	0.1587E-14
0.1495E-01	0.1629E-14
0.1542E-01	0.1674E-14
0.1593E-01	0.1723E-14
0.1648E-01	0.1776E-14
0.1705E-01	0.1833E-14
0.1766E-01	0.1894E-14
0.1829E-01	0.1959E-14
0.1896E-01	0.2029E-14
0.1965E-01	0.2102E-14
0.2040E-01	0.2181E-14
0.2121E-01	0.2263E-14
0.2208E-01	0.2351E-14
0.2300E-01	0.2443E-14
0.2397E-01	0.2541E-14
0.2498E-01	0.2643E-14
0.2603E-01	0.2751E-14
0.2718E-01	0.2863E-14
0.2845E-01	0.2982E-14
0.2981E-01	0.3106E-14
0.3122E-01	0.3236E-14
0.3270E-01	0.3371E-14
0.3425E-01	0.3512E-14
0.3600E-01	0.3659E-14
0.3782E-01	0.3813E-14
0.3982E-01	0.3973E-14
0.4198E-01	0.4139E-14
0.4426E-01	0.4313E-14
0.4665E-01	0.4492E-14
0.4921E-01	0.4679E-14
0.5208E-01	0.4873E-14
0.5515E-01	0.5074E-14
0.5836E-01	0.5283E-14
0.6181E-01	0.5498E-14
0.6565E-01	0.5722E-14
0.6976E-01	0.5955E-14
0.7409E-01	0.6195E-14
0.7891E-01	0.6444E-14
0.8394E-01	0.6701E-14
0.8947E-01	0.6966E-14
0.9548E-01	0.7242E-14
0.1018	0.7526E-14
0.1087	0.7820E-14
0.1161	0.8124E-14
0.1240	0.8438E-14
0.1325	0.8762E-14
0.1415	0.9097E-14
0.1511	0.9443E-14
0.1613	0.9800E-14
0.1720	0.1017E-13
0.1834	0.1055E-13
0.1953	0.1094E-13
0.2079	0.1134E-13
0.2211	0.1176E-13
0.2349	0.1219E-13
0.2493	0.1264E-13
0.2643	0.1309E-13
0.2800	0.1357E-13
0.2964	0.1405E-13
0.3134	0.1456E-13
0.3312	0.1508E-13
0.3497	0.1561E-13
0.3689	0.1617E-13
0.3890	0.1674E-13
0.4098	0.1733E-13
0.4316	0.1795E-13
0.4543	0.1858E-13
0.4779	0.1924E-13
0.5026	0.1992E-13
0.5284	0.2063E-13
0.5554	0.2137E-13
0.5837	0.2213E-13
0.6134	0.2292E-13
0.6445	0.2375E-13
0.6771	0.2461E-13
0.7115	0.2551E-13
0.7477	0.2644E-13
0.7859	0.2742E-13
0.8262	0.2844E-13
0.8689	0.2950E-13
0.9140	0.3062E-13
0.9619	0.3179E-13
1.013	0.3301E-13
1.067	0.3430E-13
1.124	0.3565E-13
1.185	0.3707E-13
1.250	0.3856E-13
1.320	0.4013E-13
1.394	0.4179E-13
1.473	0.4353E-13
1.558	0.4536E-13
1.648	0.4730E-13
1.744	0.4933E-13
1.847	0.5148E-13
1.957	0.5374E-13
2.074	0.5611E-13
2.198	0.5861E-13
2.331	0.6124E-13
2.471	0.6399E-13
2.621	0.6687E-13
2.780	0.6988E-13
2.949	0.7302E-13
3.131	0.7630E-13
3.329	0.7970E-13
3.546	0.8323E-13
3.792	0.8690E-13
4.077	0.9069E-13
4.423	0.9461E-13
4.866	0.9866E-13
5.488	0.1028E-12
6.492	0.1071E-12
8.431	0.1115E-12
12.35	0.1157E-12
18.34	0.1197E-12
25.77	0.1237E-12
34.51	0.1276E-12
44.70	0.1314E-12
56.56	0.1352E-12
70.24	0.1388E-12
85.86	0.1424E-12
103.4	0.1459E-12
122.9	0.1492E-12
144.3	0.1524E-12
167.5	0.1555E-12
192.3	0.1585E-12
218.7	0.1613E-12
246.5	0.1641E-12
275.7	0.1667E-12
306.1	0.1692E-12
337.8	0.1716E-12
370.6	0.1739E-12
404.6	0.1761E-12
439.5	0.1782E-12
475.6	0.1802E-12
512.8	0.1821E-12
550.9	0.1839E-12
590.2	0.1857E-12
630.4	0.1873E-12
671.6	0.1888E-12
713.6	0.1902E-12
756.8	0.1915E-12
801.0	0.1928E-12
846.2	0.1939E-12
892.4	0.1950E-12
939.5	0.1960E-12
987.8	0.1969E-12
1037.	0.1977E-12
1087.	0.1984E-12
1139.	0.1991E-12
1191.	0.1996E-12
1245.	0.2001E-12
1299.	0.2005E-12
1355.	0.2009E-12
1412.	0.2012E-12
1470.	0.2013E-12
1529.	0.2015E-12
1589.	0.2015E-12
1651.	0.2015E-12
1713.	0.2014E-12
1777.	0.2013E-12
1842.	0.2011E-12
1909.	0.2008E-12
1976.	0.2005E-12
2045.	0.2001E-12
2116.	0.1997E-12
2187.	0.1992E-12
2260.	0.1986E-12
2334.	0.1980E-12
2410.	0.1973E-12
2487.	0.1966E-12
2565.	0.1959E-12
2645.	0.1951E-12
2726.	0.1942E-12
2808.	0.1933E-12
2892.	0.1924E-12
2978.	0.1914E-12
3065.	0.1904E-12
3153.	0.1893E-12
3243.	0.1882E-12
3334.	0.1871E-12
3427.	0.1859E-12
3522.	0.1847E-12
3617.	0.1835E-12
3715.	0.1822E-12
3814.	0.1809E-12
3914.	0.1796E-12
4017.	0.1783E-12
4120.	0.1769E-12
4225.	0.1755E-12
4332.	0.1741E-12
4441.	0.1726E-12
4551.	0.1712E-12
4662.	0.1697E-12
4775.	0.1682E-12
 
 
C2    Ar    Excitation    11.55 eV                              
E/N (Td)	Rate coefficient (m3/s)
0.1256E-01	0.000
0.1291E-01	0.000
0.1327E-01	0.000
0.1366E-01	0.000
0.1408E-01	0.000
0.1450E-01	0.000
0.1495E-01	0.000
0.1542E-01	0.000
0.1593E-01	0.000
0.1648E-01	0.000
0.1705E-01	0.000
0.1766E-01	0.000
0.1829E-01	0.000
0.1896E-01	0.000
0.1965E-01	0.000
0.2040E-01	0.000
0.2121E-01	0.000
0.2208E-01	0.000
0.2300E-01	0.000
0.2397E-01	0.000
0.2498E-01	0.000
0.2603E-01	0.000
0.2718E-01	0.000
0.2845E-01	0.000
0.2981E-01	0.000
0.3122E-01	0.000
0.3270E-01	0.000
0.3425E-01	0.000
0.3600E-01	0.000
0.3782E-01	0.000
0.3982E-01	0.000
0.4198E-01	0.000
0.4426E-01	0.000
0.4665E-01	0.000
0.4921E-01	0.000
0.5208E-01	0.000
0.5515E-01	0.000
0.5836E-01	0.000
0.6181E-01	0.000
0.6565E-01	0.000
0.6976E-01	0.000
0.7409E-01	0.000
0.7891E-01	0.000
0.8394E-01	0.000
0.8947E-01	0.000
0.9548E-01	0.000
0.1018	0.000
0.1087	0.000
0.1161	0.000
0.1240	0.000
0.1325	0.000
0.1415	0.000
0.1511	0.000
0.1613	0.000
0.1720	0.000
0.1834	0.000
0.1953	0.000
0.2079	0.000
0.2211	0.000
0.2349	0.000
0.2493	0.000
0.2643	0.000
0.2800	0.000
0.2964	0.000
0.3134	0.000
0.3312	0.000
0.3497	0.000
0.3689	0.000
0.3890	0.000
0.4098	0.000
0.4316	0.000
0.4543	0.000
0.4779	0.000
0.5026	0.000
0.5284	0.000
0.5554	0.000
0.5837	0.000
0.6134	0.000
0.6445	0.000
0.6771	0.000
0.7115	0.000
0.7477	0.000
0.7859	0.000
0.8262	0.000
0.8689	0.000
0.9140	0.000
0.9619	0.000
1.013	0.000
1.067	0.000
1.124	0.000
1.185	0.000
1.250	0.1738E-30
1.320	0.1330E-28
1.394	0.9761E-28
1.473	0.6453E-27
1.558	0.3907E-26
1.648	0.2162E-25
1.744	0.1090E-24
1.847	0.5005E-24
1.957	0.2089E-23
2.074	0.7924E-23
2.198	0.2733E-22
2.331	0.8588E-22
2.471	0.2462E-21
2.621	0.6476E-21
2.780	0.1568E-20
2.949	0.3522E-20
3.131	0.7389E-20
3.329	0.1461E-19
3.546	0.2750E-19
3.792	0.4985E-19
4.077	0.8772E-19
4.423	0.1520E-18
4.866	0.2637E-18
5.488	0.4687E-18
6.492	0.8915E-18
8.431	0.1920E-17
12.35	0.4529E-17
18.34	0.9391E-17
25.77	0.1632E-16
34.51	0.2509E-16
44.70	0.3560E-16
56.56	0.4769E-16
70.24	0.6118E-16
85.86	0.7582E-16
103.4	0.9127E-16
122.9	0.1074E-15
144.3	0.1239E-15
167.5	0.1406E-15
192.3	0.1572E-15
218.7	0.1737E-15
246.5	0.1900E-15
275.7	0.2060E-15
306.1	0.2216E-15
337.8	0.2368E-15
370.6	0.2516E-15
404.6	0.2659E-15
439.5	0.2798E-15
475.6	0.2932E-15
512.8	0.3063E-15
550.9	0.3187E-15
590.2	0.3308E-15
630.4	0.3423E-15
671.6	0.3534E-15
713.6	0.3639E-15
756.8	0.3740E-15
801.0	0.3836E-15
846.2	0.3926E-15
892.4	0.4012E-15
939.5	0.4093E-15
987.8	0.4168E-15
1037.	0.4239E-15
1087.	0.4305E-15
1139.	0.4366E-15
1191.	0.4422E-15
1245.	0.4474E-15
1299.	0.4521E-15
1355.	0.4563E-15
1412.	0.4601E-15
1470.	0.4634E-15
1529.	0.4662E-15
1589.	0.4687E-15
1651.	0.4707E-15
1713.	0.4723E-15
1777.	0.4736E-15
1842.	0.4744E-15
1909.	0.4748E-15
1976.	0.4749E-15
2045.	0.4746E-15
2116.	0.4740E-15
2187.	0.4730E-15
2260.	0.4717E-15
2334.	0.4700E-15
2410.	0.4681E-15
2487.	0.4659E-15
2565.	0.4634E-15
2645.	0.4606E-15
2726.	0.4575E-15
2808.	0.4542E-15
2892.	0.4507E-15
2978.	0.4470E-15
3065.	0.4430E-15
3153.	0.4388E-15
3243.	0.4345E-15
3334.	0.4299E-15
3427.	0.4252E-15
3522.	0.4203E-15
3617.	0.4153E-15
3715.	0.4101E-15
3814.	0.4049E-15
3914.	0.3995E-15
4017.	0.3940E-15
4120.	0.3883E-15
4225.	0.3827E-15
4332.	0.3769E-15
4441.	0.3711E-15
4551.	0.3652E-15
4662.	0.3592E-15
4775.	0.3532E-15
 
 
C3    Ar    Excitation    11.62 eV                              
E/N (Td)	Rate coefficient (m3/s)
0.1256E-01	0.000
0.1291E-01	0.000
0.1327E-01	0.000
0.1366E-01	0.000
0.1408E-01	0.000
0.1450E-01	0.000
0.1495E-01	0.000
0.1542E-01	0.000
0.1593E-01	0.000
0.1648E-01	0.000
0.1705E-01	0.000
0.1766E-01	0.000
0.1829E-01	0.000
0.1896E-01	0.000
0.1965E-01	0.000
0.2040E-01	0.000
0.2121E-01	0.000
0.2208E-01	0.000
0.2300E-01	0.000
0.2397E-01	0.000
0.2498E-01	0.000
0.2603E-01	0.000
0.2718E-01	0.000
0.2845E-01	0.000
0.2981E-01	0.000
0.3122E-01	0.000
0.3270E-01	0.000
0.3425E-01	0.000
0.3600E-01	0.000
0.3782E-01	0.000
0.3982E-01	0.000
0.4198E-01	0.000
0.4426E-01	0.000
0.4665E-01	0.000
0.4921E-01	0.000
0.5208E-01	0.000
0.5515E-01	0.000
0.5836E-01	0.000
0.6181E-01	0.000
0.6565E-01	0.000
0.6976E-01	0.000
0.7409E-01	0.000
0.7891E-01	0.000
0.8394E-01	0.000
0.8947E-01	0.000
0.9548E-01	0.000
0.1018	0.000
0.1087	0.000
0.1161	0.000
0.1240	0.000
0.1325	0.000
0.1415	0.000
0.1511	0.000
0.1613	0.000
0.1720	0.000
0.1834	0.000
0.1953	0.000
0.2079	0.000
0.2211	0.000
0.2349	0.000
0.2493	0.000
0.2643	0.000
0.2800	0.000
0.2964	0.000
0.3134	0.000
0.3312	0.000
0.3497	0.000
0.3689	0.000
0.3890	0.000
0.4098	0.000
0.4316	0.000
0.4543	0.000
0.4779	0.000
0.5026	0.000
0.5284	0.000
0.5554	0.000
0.5837	0.000
0.6134	0.000
0.6445	0.000
0.6771	0.000
0.7115	0.000
0.7477	0.000
0.7859	0.000
0.8262	0.000
0.8689	0.000
0.9140	0.000
0.9619	0.000
1.013	0.000
1.067	0.000
1.124	0.000
1.185	0.000
1.250	0.000
1.320	0.2908E-29
1.394	0.2316E-28
1.473	0.1582E-27
1.558	0.9880E-27
1.648	0.5634E-26
1.744	0.2927E-25
1.847	0.1382E-24
1.957	0.5928E-24
2.074	0.2309E-23
2.198	0.8167E-23
2.331	0.2630E-22
2.471	0.7722E-22
2.621	0.2078E-21
2.780	0.5143E-21
2.949	0.1180E-20
3.131	0.2527E-20
3.329	0.5099E-20
3.546	0.9796E-20
3.792	0.1813E-19
4.077	0.3260E-19
4.423	0.5783E-19
4.866	0.1030E-18
5.488	0.1890E-18
6.492	0.3753E-18
8.431	0.8611E-18
12.35	0.2218E-17
18.34	0.5028E-17
25.77	0.9436E-17
34.51	0.1553E-16
44.70	0.2345E-16
56.56	0.3335E-16
70.24	0.4533E-16
85.86	0.5944E-16
103.4	0.7559E-16
122.9	0.9388E-16
144.3	0.1141E-15
167.5	0.1363E-15
192.3	0.1602E-15
218.7	0.1858E-15
246.5	0.2130E-15
275.7	0.2416E-15
306.1	0.2717E-15
337.8	0.3031E-15
370.6	0.3357E-15
404.6	0.3696E-15
439.5	0.4046E-15
475.6	0.4408E-15
512.8	0.4783E-15
550.9	0.5166E-15
590.2	0.5561E-15
630.4	0.5964E-15
671.6	0.6378E-15
713.6	0.6798E-15
756.8	0.7229E-15
801.0	0.7668E-15
846.2	0.8114E-15
892.4	0.8568E-15
939.5	0.9030E-15
987.8	0.9498E-15
1037.	0.9972E-15
1087.	0.1045E-14
1139.	0.1094E-14
1191.	0.1143E-14
1245.	0.1193E-14
1299.	0.1243E-14
1355.	0.1293E-14
1412.	0.1344E-14
1470.	0.1396E-14
1529.	0.1447E-14
1589.	0.1499E-14
1651.	0.1552E-14
1713.	0.1604E-14
1777.	0.1657E-14
1842.	0.1710E-14
1909.	0.1763E-14
1976.	0.1816E-14
2045.	0.1869E-14
2116.	0.1923E-14
2187.	0.1976E-14
2260.	0.2029E-14
2334.	0.2083E-14
2410.	0.2136E-14
2487.	0.2189E-14
2565.	0.2242E-14
2645.	0.2295E-14
2726.	0.2348E-14
2808.	0.2401E-14
2892.	0.2453E-14
2978.	0.2505E-14
3065.	0.2557E-14
3153.	0.2608E-14
3243.	0.2660E-14
3334.	0.2711E-14
3427.	0.2761E-14
3522.	0.2811E-14
3617.	0.2861E-14
3715.	0.2910E-14
3814.	0.2959E-14
3914.	0.3007E-14
4017.	0.3055E-14
4120.	0.3102E-14
4225.	0.3148E-14
4332.	0.3195E-14
4441.	0.3240E-14
4551.	0.3285E-14
4662.	0.3329E-14
4775.	0.3373E-14
 
 
C4    Ar    Excitation    11.72 eV                              
E/N (Td)	Rate coefficient (m3/s)
0.1256E-01	0.000
0.1291E-01	0.000
0.1327E-01	0.000
0.1366E-01	0.000
0.1408E-01	0.000
0.1450E-01	0.000
0.1495E-01	0.000
0.1542E-01	0.000
0.1593E-01	0.000
0.1648E-01	0.000
0.1705E-01	0.000
0.1766E-01	0.000
0.1829E-01	0.000
0.1896E-01	0.000
0.1965E-01	0.000
0.2040E-01	0.000
0.2121E-01	0.000
0.2208E-01	0.000
0.2300E-01	0.000
0.2397E-01	0.000
0.2498E-01	0.000
0.2603E-01	0.000
0.2718E-01	0.000
0.2845E-01	0.000
0.2981E-01	0.000
0.3122E-01	0.000
0.3270E-01	0.000
0.3425E-01	0.000
0.3600E-01	0.000
0.3782E-01	0.000
0.3982E-01	0.000
0.4198E-01	0.000
0.4426E-01	0.000
0.4665E-01	0.000
0.4921E-01	0.000
0.5208E-01	0.000
0.5515E-01	0.000
0.5836E-01	0.000
0.6181E-01	0.000
0.6565E-01	0.000
0.6976E-01	0.000
0.7409E-01	0.000
0.7891E-01	0.000
0.8394E-01	0.000
0.8947E-01	0.000
0.9548E-01	0.000
0.1018	0.000
0.1087	0.000
0.1161	0.000
0.1240	0.000
0.1325	0.000
0.1415	0.000
0.1511	0.000
0.1613	0.000
0.1720	0.000
0.1834	0.000
0.1953	0.000
0.2079	0.000
0.2211	0.000
0.2349	0.000
0.2493	0.000
0.2643	0.000
0.2800	0.000
0.2964	0.000
0.3134	0.000
0.3312	0.000
0.3497	0.000
0.3689	0.000
0.3890	0.000
0.4098	0.000
0.4316	0.000
0.4543	0.000
0.4779	0.000
0.5026	0.000
0.5284	0.000
0.5554	0.000
0.5837	0.000
0.6134	0.000
0.6445	0.000
0.6771	0.000
0.7115	0.000
0.7477	0.000
0.7859	0.000
0.8262	0.000
0.8689	0.000
0.9140	0.000
0.9619	0.000
1.013	0.000
1.067	0.000
1.124	0.000
1.185	0.000
1.250	0.000
1.320	0.4715E-30
1.394	0.4551E-29
1.473	0.3240E-28
1.558	0.2105E-27
1.648	0.1247E-26
1.744	0.6721E-26
1.847	0.3287E-25
1.957	0.1459E-24
2.074	0.5865E-24
2.198	0.2139E-23
2.331	0.7090E-23
2.471	0.2138E-22
2.621	0.5903E-22
2.780	0.1497E-21
2.949	0.3512E-21
3.131	0.7686E-21
3.329	0.1583E-20
3.546	0.3103E-20
3.792	0.5855E-20
4.077	0.1073E-19
4.423	0.1942E-19
4.866	0.3530E-19
5.488	0.6625E-19
6.492	0.1349E-18
8.431	0.3178E-18
12.35	0.8313E-18
18.34	0.1868E-17
25.77	0.3424E-17
34.51	0.5463E-17
44.70	0.7964E-17
56.56	0.1090E-16
70.24	0.1424E-16
85.86	0.1791E-16
103.4	0.2183E-16
122.9	0.2597E-16
144.3	0.3025E-16
167.5	0.3461E-16
192.3	0.3900E-16
218.7	0.4339E-16
246.5	0.4775E-16
275.7	0.5205E-16
306.1	0.5628E-16
337.8	0.6043E-16
370.6	0.6448E-16
404.6	0.6843E-16
439.5	0.7227E-16
475.6	0.7602E-16
512.8	0.7967E-16
550.9	0.8318E-16
590.2	0.8659E-16
630.4	0.8988E-16
671.6	0.9304E-16
713.6	0.9607E-16
756.8	0.9898E-16
801.0	0.1018E-15
846.2	0.1044E-15
892.4	0.1070E-15
939.5	0.1094E-15
987.8	0.1116E-15
1037.	0.1138E-15
1087.	0.1158E-15
1139.	0.1177E-15
1191.	0.1194E-15
1245.	0.1211E-15
1299.	0.1226E-15
1355.	0.1239E-15
1412.	0.1252E-15
1470.	0.1263E-15
1529.	0.1273E-15
1589.	0.1282E-15
1651.	0.1290E-15
1713.	0.1297E-15
1777.	0.1302E-15
1842.	0.1307E-15
1909.	0.1310E-15
1976.	0.1313E-15
2045.	0.1314E-15
2116.	0.1314E-15
2187.	0.1313E-15
2260.	0.1312E-15
2334.	0.1309E-15
2410.	0.1306E-15
2487.	0.1302E-15
2565.	0.1297E-15
2645.	0.1291E-15
2726.	0.1284E-15
2808.	0.1277E-15
2892.	0.1269E-15
2978.	0.1260E-15
3065.	0.1250E-15
3153.	0.1240E-15
3243.	0.1230E-15
3334.	0.1219E-15
3427.	0.1207E-15
3522.	0.1195E-15
3617.	0.1182E-15
3715.	0.1169E-15
3814.	0.1155E-15
3914.	0.1142E-15
4017.	0.1127E-15
4120.	0.1113E-15
4225.	0.1098E-15
4332.	0.1083E-15
4441.	0.1067E-15
4551.	0.1052E-15
4662.	0.1036E-15
4775.	0.1020E-15
 
 
C5    Ar    Excitation    11.83 eV                              
E/N (Td)	Rate coefficient (m3/s)
0.1256E-01	0.000
0.1291E-01	0.000
0.1327E-01	0.000
0.1366E-01	0.000
0.1408E-01	0.000
0.1450E-01	0.000
0.1495E-01	0.000
0.1542E-01	0.000
0.1593E-01	0.000
0.1648E-01	0.000
0.1705E-01	0.000
0.1766E-01	0.000
0.1829E-01	0.000
0.1896E-01	0.000
0.1965E-01	0.000
0.2040E-01	0.000
0.2121E-01	0.000
0.2208E-01	0.000
0.2300E-01	0.000
0.2397E-01	0.000
0.2498E-01	0.000
0.2603E-01	0.000
0.2718E-01	0.000
0.2845E-01	0.000
0.2981E-01	0.000
0.3122E-01	0.000
0.3270E-01	0.000
0.3425E-01	0.000
0.3600E-01	0.000
0.3782E-01	0.000
0.3982E-01	0.000
0.4198E-01	0.000
0.4426E-01	0.000
0.4665E-01	0.000
0.4921E-01	0.000
0.5208E-01	0.000
0.5515E-01	0.000
0.5836E-01	0.000
0.6181E-01	0.000
0.6565E-01	0.000
0.6976E-01	0.000
0.7409E-01	0.000
0.7891E-01	0.000
0.8394E-01	0.000
0.8947E-01	0.000
0.9548E-01	0.000
0.1018	0.000
0.1087	0.000
0.1161	0.000
0.1240	0.000
0.1325	0.000
0.1415	0.000
0.1511	0.000
0.1613	0.000
0.1720	0.000
0.1834	0.000
0.1953	0.000
0.2079	0.000
0.2211	0.000
0.2349	0.000
0.2493	0.000
0.2643	0.000
0.2800	0.000
0.2964	0.000
0.3134	0.000
0.3312	0.000
0.3497	0.000
0.3689	0.000
0.3890	0.000
0.4098	0.000
0.4316	0.000
0.4543	0.000
0.4779	0.000
0.5026	0.000
0.5284	0.000
0.5554	0.000
0.5837	0.000
0.6134	0.000
0.6445	0.000
0.6771	0.000
0.7115	0.000
0.7477	0.000
0.7859	0.000
0.8262	0.000
0.8689	0.000
0.9140	0.000
0.9619	0.000
1.013	0.000
1.067	0.000
1.124	0.000
1.185	0.000
1.250	0.000
1.320	0.3910E-30
1.394	0.7536E-29
1.473	0.5674E-28
1.558	0.3877E-27
1.648	0.2412E-26
1.744	0.1362E-25
1.847	0.6977E-25
1.957	0.3237E-24
2.074	0.1359E-23
2.198	0.5163E-23
2.331	0.1781E-22
2.471	0.5579E-22
2.621	0.1597E-21
2.780	0.4195E-21
2.949	0.1018E-20
3.131	0.2302E-20
3.329	0.4896E-20
3.546	0.9905E-20
3.792	0.1930E-19
4.077	0.3656E-19
4.423	0.6851E-19
4.866	0.1295E-18
5.488	0.2547E-18
6.492	0.5505E-18
8.431	0.1412E-17
12.35	0.4131E-17
18.34	0.1031E-16
25.77	0.2061E-16
34.51	0.3542E-16
44.70	0.5523E-16
56.56	0.8056E-16
70.24	0.1118E-15
85.86	0.1492E-15
103.4	0.1926E-15
122.9	0.2423E-15
144.3	0.2980E-15
167.5	0.3595E-15
192.3	0.4265E-15
218.7	0.4988E-15
246.5	0.5762E-15
275.7	0.6583E-15
306.1	0.7451E-15
337.8	0.8363E-15
370.6	0.9318E-15
404.6	0.1031E-14
439.5	0.1135E-14
475.6	0.1242E-14
512.8	0.1354E-14
550.9	0.1469E-14
590.2	0.1588E-14
630.4	0.1710E-14
671.6	0.1836E-14
713.6	0.1964E-14
756.8	0.2096E-14
801.0	0.2231E-14
846.2	0.2369E-14
892.4	0.2510E-14
939.5	0.2654E-14
987.8	0.2800E-14
1037.	0.2949E-14
1087.	0.3100E-14
1139.	0.3254E-14
1191.	0.3410E-14
1245.	0.3569E-14
1299.	0.3729E-14
1355.	0.3891E-14
1412.	0.4055E-14
1470.	0.4221E-14
1529.	0.4389E-14
1589.	0.4558E-14
1651.	0.4729E-14
1713.	0.4901E-14
1777.	0.5075E-14
1842.	0.5249E-14
1909.	0.5425E-14
1976.	0.5602E-14
2045.	0.5779E-14
2116.	0.5958E-14
2187.	0.6137E-14
2260.	0.6317E-14
2334.	0.6497E-14
2410.	0.6678E-14
2487.	0.6859E-14
2565.	0.7040E-14
2645.	0.7221E-14
2726.	0.7403E-14
2808.	0.7584E-14
2892.	0.7765E-14
2978.	0.7946E-14
3065.	0.8127E-14
3153.	0.8307E-14
3243.	0.8487E-14
3334.	0.8666E-14
3427.	0.8844E-14
3522.	0.9022E-14
3617.	0.9199E-14
3715.	0.9374E-14
3814.	0.9549E-14
3914.	0.9722E-14
4017.	0.9895E-14
4120.	0.1007E-13
4225.	0.1024E-13
4332.	0.1040E-13
4441.	0.1057E-13
4551.	0.1074E-13
4662.	0.1090E-13
4775.	0.1106E-13
 
 
C6    Ar    Excitation    12.91 eV                              
E/N (Td)	Rate coefficient (m3/s)
0.1256E-01	0.000
0.1291E-01	0.000
0.1327E-01	0.000
0.1366E-01	0.000
0.1408E-01	0.000
0.1450E-01	0.000
0.1495E-01	0.000
0.1542E-01	0.000
0.1593E-01	0.000
0.1648E-01	0.000
0.1705E-01	0.000
0.1766E-01	0.000
0.1829E-01	0.000
0.1896E-01	0.000
0.1965E-01	0.000
0.2040E-01	0.000
0.2121E-01	0.000
0.2208E-01	0.000
0.2300E-01	0.000
0.2397E-01	0.000
0.2498E-01	0.000
0.2603E-01	0.000
0.2718E-01	0.000
0.2845E-01	0.000
0.2981E-01	0.000
0.3122E-01	0.000
0.3270E-01	0.000
0.3425E-01	0.000
0.3600E-01	0.000
0.3782E-01	0.000
0.3982E-01	0.000
0.4198E-01	0.000
0.4426E-01	0.000
0.4665E-01	0.000
0.4921E-01	0.000
0.5208E-01	0.000
0.5515E-01	0.000
0.5836E-01	0.000
0.6181E-01	0.000
0.6565E-01	0.000
0.6976E-01	0.000
0.7409E-01	0.000
0.7891E-01	0.000
0.8394E-01	0.000
0.8947E-01	0.000
0.9548E-01	0.000
0.1018	0.000
0.1087	0.000
0.1161	0.000
0.1240	0.000
0.1325	0.000
0.1415	0.000
0.1511	0.000
0.1613	0.000
0.1720	0.000
0.1834	0.000
0.1953	0.000
0.2079	0.000
0.2211	0.000
0.2349	0.000
0.2493	0.000
0.2643	0.000
0.2800	0.000
0.2964	0.000
0.3134	0.000
0.3312	0.000
0.3497	0.000
0.3689	0.000
0.3890	0.000
0.4098	0.000
0.4316	0.000
0.4543	0.000
0.4779	0.000
0.5026	0.000
0.5284	0.000
0.5554	0.000
0.5837	0.000
0.6134	0.000
0.6445	0.000
0.6771	0.000
0.7115	0.000
0.7477	0.000
0.7859	0.000
0.8262	0.000
0.8689	0.000
0.9140	0.000
0.9619	0.000
1.013	0.000
1.067	0.000
1.124	0.000
1.185	0.000
1.250	0.000
1.320	0.000
1.394	0.000
1.473	0.000
1.558	0.4928E-33
1.648	0.5511E-32
1.744	0.5768E-31
1.847	0.5334E-30
1.957	0.4384E-29
2.074	0.3167E-28
2.198	0.2024E-27
2.331	0.1142E-26
2.471	0.5693E-26
2.621	0.2532E-25
2.780	0.1007E-24
2.949	0.3613E-24
3.131	0.1184E-23
3.329	0.3594E-23
3.546	0.1020E-22
3.792	0.2779E-22
4.077	0.7342E-22
4.423	0.1934E-21
4.866	0.5229E-21
5.488	0.1521E-20
6.492	0.5173E-20
8.431	0.2243E-19
12.35	0.1061E-18
18.34	0.3490E-18
25.77	0.8062E-18
34.51	0.1522E-17
44.70	0.2556E-17
56.56	0.3980E-17
70.24	0.5859E-17
85.86	0.8246E-17
103.4	0.1116E-16
122.9	0.1462E-16
144.3	0.1859E-16
167.5	0.2304E-16
192.3	0.2791E-16
218.7	0.3315E-16
246.5	0.3868E-16
275.7	0.4446E-16
306.1	0.5044E-16
337.8	0.5656E-16
370.6	0.6278E-16
404.6	0.6907E-16
439.5	0.7538E-16
475.6	0.8172E-16
512.8	0.8806E-16
550.9	0.9434E-16
590.2	0.1006E-15
630.4	0.1068E-15
671.6	0.1128E-15
713.6	0.1188E-15
756.8	0.1246E-15
801.0	0.1304E-15
846.2	0.1360E-15
892.4	0.1415E-15
939.5	0.1468E-15
987.8	0.1519E-15
1037.	0.1569E-15
1087.	0.1617E-15
1139.	0.1663E-15
1191.	0.1708E-15
1245.	0.1751E-15
1299.	0.1791E-15
1355.	0.1830E-15
1412.	0.1867E-15
1470.	0.1902E-15
1529.	0.1935E-15
1589.	0.1966E-15
1651.	0.1995E-15
1713.	0.2021E-15
1777.	0.2046E-15
1842.	0.2069E-15
1909.	0.2090E-15
1976.	0.2109E-15
2045.	0.2126E-15
2116.	0.2142E-15
2187.	0.2155E-15
2260.	0.2166E-15
2334.	0.2176E-15
2410.	0.2184E-15
2487.	0.2190E-15
2565.	0.2194E-15
2645.	0.2196E-15
2726.	0.2197E-15
2808.	0.2197E-15
2892.	0.2194E-15
2978.	0.2191E-15
3065.	0.2185E-15
3153.	0.2179E-15
3243.	0.2171E-15
3334.	0.2161E-15
3427.	0.2150E-15
3522.	0.2139E-15
3617.	0.2125E-15
3715.	0.2111E-15
3814.	0.2096E-15
3914.	0.2080E-15
4017.	0.2062E-15
4120.	0.2044E-15
4225.	0.2025E-15
4332.	0.2005E-15
4441.	0.1984E-15
4551.	0.1963E-15
4662.	0.1941E-15
4775.	0.1918E-15
 
 
C7    Ar    Excitation    13.08 eV                              
E/N (Td)	Rate coefficient (m3/s)
0.1256E-01	0.000
0.1291E-01	0.000
0.1327E-01	0.000
0.1366E-01	0.000
0.1408E-01	0.000
0.1450E-01	0.000
0.1495E-01	0.000
0.1542E-01	0.000
0.1593E-01	0.000
0.1648E-01	0.000
0.1705E-01	0.000
0.1766E-01	0.000
0.1829E-01	0.000
0.1896E-01	0.000
0.1965E-01	0.000
0.2040E-01	0.000
0.2121E-01	0.000
0.2208E-01	0.000
0.2300E-01	0.000
0.2397E-01	0.000
0.2498E-01	0.000
0.2603E-01	0.000
0.2718E-01	0.000
0.2845E-01	0.000
0.2981E-01	0.000
0.3122E-01	0.000
0.3270E-01	0.000
0.3425E-01	0.000
0.3600E-01	0.000
0.3782E-01	0.000
0.3982E-01	0.000
0.4198E-01	0.000
0.4426E-01	0.000
0.4665E-01	0.000
0.4921E-01	0.000
0.5208E-01	0.000
0.5515E-01	0.000
0.5836E-01	0.000
0.6181E-01	0.000
0.6565E-01	0.000
0.6976E-01	0.000
0.7409E-01	0.000
0.7891E-01	0.000
0.8394E-01	0.000
0.8947E-01	0.000
0.9548E-01	0.000
0.1018	0.000
0.1087	0.000
0.1161	0.000
0.1240	0.000
0.1325	0.000
0.1415	0.000
0.1511	0.000
0.1613	0.000
0.1720	0.000
0.1834	0.000
0.1953	0.000
0.2079	0.000
0.2211	0.000
0.2349	0.000
0.2493	0.000
0.2643	0.000
0.2800	0.000
0.2964	0.000
0.3134	0.000
0.3312	0.000
0.3497	0.000
0.3689	0.000
0.3890	0.000
0.4098	0.000
0.4316	0.000
0.4543	0.000
0.4779	0.000
0.5026	0.000
0.5284	0.000
0.5554	0.000
0.5837	0.000
0.6134	0.000
0.6445	0.000
0.6771	0.000
0.7115	0.000
0.7477	0.000
0.7859	0.000
0.8262	0.000
0.8689	0.000
0.9140	0.000
0.9619	0.000
1.013	0.000
1.067	0.000
1.124	0.000
1.185	0.000
1.250	0.000
1.320	0.000
1.394	0.000
1.473	0.000
1.558	0.000
1.648	0.2541E-34
1.744	0.3136E-33
1.847	0.3399E-32
1.957	0.3270E-31
2.074	0.2771E-30
2.198	0.2060E-29
2.331	0.1348E-28
2.471	0.7786E-28
2.621	0.4014E-27
2.780	0.1832E-26
2.949	0.7582E-26
3.131	0.2848E-25
3.329	0.9907E-25
3.546	0.3222E-24
3.792	0.1016E-23
4.077	0.3129E-23
4.423	0.9728E-23
4.866	0.3179E-22
5.488	0.1165E-21
6.492	0.5376E-21
8.431	0.3623E-20
12.35	0.3023E-19
18.34	0.1622E-18
25.77	0.5270E-18
34.51	0.1257E-17
44.70	0.2484E-17
56.56	0.4339E-17
70.24	0.6924E-17
85.86	0.1031E-16
103.4	0.1451E-16
122.9	0.1952E-16
144.3	0.2529E-16
167.5	0.3173E-16
192.3	0.3875E-16
218.7	0.4627E-16
246.5	0.5420E-16
275.7	0.6246E-16
306.1	0.7097E-16
337.8	0.7966E-16
370.6	0.8849E-16
404.6	0.9740E-16
439.5	0.1063E-15
475.6	0.1153E-15
512.8	0.1242E-15
550.9	0.1331E-15
590.2	0.1419E-15
630.4	0.1506E-15
671.6	0.1592E-15
713.6	0.1677E-15
756.8	0.1759E-15
801.0	0.1841E-15
846.2	0.1920E-15
892.4	0.1997E-15
939.5	0.2072E-15
987.8	0.2145E-15
1037.	0.2216E-15
1087.	0.2285E-15
1139.	0.2350E-15
1191.	0.2414E-15
1245.	0.2474E-15
1299.	0.2533E-15
1355.	0.2588E-15
1412.	0.2641E-15
1470.	0.2691E-15
1529.	0.2738E-15
1589.	0.2782E-15
1651.	0.2824E-15
1713.	0.2863E-15
1777.	0.2899E-15
1842.	0.2933E-15
1909.	0.2963E-15
1976.	0.2991E-15
2045.	0.3016E-15
2116.	0.3039E-15
2187.	0.3059E-15
2260.	0.3076E-15
2334.	0.3091E-15
2410.	0.3103E-15
2487.	0.3112E-15
2565.	0.3120E-15
2645.	0.3125E-15
2726.	0.3127E-15
2808.	0.3128E-15
2892.	0.3126E-15
2978.	0.3121E-15
3065.	0.3115E-15
3153.	0.3107E-15
3243.	0.3097E-15
3334.	0.3085E-15
3427.	0.3071E-15
3522.	0.3056E-15
3617.	0.3038E-15
3715.	0.3019E-15
3814.	0.2999E-15
3914.	0.2977E-15
4017.	0.2954E-15
4120.	0.2929E-15
4225.	0.2903E-15
4332.	0.2876E-15
4441.	0.2848E-15
4551.	0.2819E-15
4662.	0.2788E-15
4775.	0.2757E-15
 
 
C8    Ar    Excitation    13.10 eV                              
E/N (Td)	Rate coefficient (m3/s)
0.1256E-01	0.000
0.1291E-01	0.000
0.1327E-01	0.000
0.1366E-01	0.000
0.1408E-01	0.000
0.1450E-01	0.000
0.1495E-01	0.000
0.1542E-01	0.000
0.1593E-01	0.000
0.1648E-01	0.000
0.1705E-01	0.000
0.1766E-01	0.000
0.1829E-01	0.000
0.1896E-01	0.000
0.1965E-01	0.000
0.2040E-01	0.000
0.2121E-01	0.000
0.2208E-01	0.000
0.2300E-01	0.000
0.2397E-01	0.000
0.2498E-01	0.000
0.2603E-01	0.000
0.2718E-01	0.000
0.2845E-01	0.000
0.2981E-01	0.000
0.3122E-01	0.000
0.3270E-01	0.000
0.3425E-01	0.000
0.3600E-01	0.000
0.3782E-01	0.000
0.3982E-01	0.000
0.4198E-01	0.000
0.4426E-01	0.000
0.4665E-01	0.000
0.4921E-01	0.000
0.5208E-01	0.000
0.5515E-01	0.000
0.5836E-01	0.000
0.6181E-01	0.000
0.6565E-01	0.000
0.6976E-01	0.000
0.7409E-01	0.000
0.7891E-01	0.000
0.8394E-01	0.000
0.8947E-01	0.000
0.9548E-01	0.000
0.1018	0.000
0.1087	0.000
0.1161	0.000
0.1240	0.000
0.1325	0.000
0.1415	0.000
0.1511	0.000
0.1613	0.000
0.1720	0.000
0.1834	0.000
0.1953	0.000
0.2079	0.000
0.2211	0.000
0.2349	0.000
0.2493	0.000
0.2643	0.000
0.2800	0.000
0.2964	0.000
0.3134	0.000
0.3312	0.000
0.3497	0.000
0.3689	0.000
0.3890	0.000
0.4098	0.000
0.4316	0.000
0.4543	0.000
0.4779	0.000
0.5026	0.000
0.5284	0.000
0.5554	0.000
0.5837	0.000
0.6134	0.000
0.6445	0.000
0.6771	0.000
0.7115	0.000
0.7477	0.000
0.7859	0.000
0.8262	0.000
0.8689	0.000
0.9140	0.000
0.9619	0.000
1.013	0.000
1.067	0.000
1.124	0.000
1.185	0.000
1.250	0.000
1.320	0.000
1.394	0.000
1.473	0.000
1.558	0.000
1.648	0.1334E-34
1.744	0.1672E-33
1.847	0.1838E-32
1.957	0.1792E-31
2.074	0.1538E-30
2.198	0.1158E-29
2.331	0.7668E-29
2.471	0.4481E-28
2.621	0.2334E-27
2.780	0.1076E-26
2.949	0.4498E-26
3.131	0.1706E-25
3.329	0.5987E-25
3.546	0.1964E-24
3.792	0.6249E-24
4.077	0.1941E-23
4.423	0.6092E-23
4.866	0.2011E-22
5.488	0.7451E-22
6.492	0.3487E-21
8.431	0.2390E-20
12.35	0.2028E-19
18.34	0.1099E-18
25.77	0.3583E-18
34.51	0.8539E-18
44.70	0.1686E-17
56.56	0.2939E-17
70.24	0.4685E-17
85.86	0.6979E-17
103.4	0.9832E-17
122.9	0.1327E-16
144.3	0.1728E-16
167.5	0.2182E-16
192.3	0.2686E-16
218.7	0.3236E-16
246.5	0.3829E-16
275.7	0.4461E-16
306.1	0.5129E-16
337.8	0.5830E-16
370.6	0.6561E-16
404.6	0.7320E-16
439.5	0.8102E-16
475.6	0.8912E-16
512.8	0.9745E-16
550.9	0.1060E-15
590.2	0.1147E-15
630.4	0.1236E-15
671.6	0.1326E-15
713.6	0.1417E-15
756.8	0.1510E-15
801.0	0.1604E-15
846.2	0.1699E-15
892.4	0.1794E-15
939.5	0.1891E-15
987.8	0.1987E-15
1037.	0.2085E-15
1087.	0.2182E-15
1139.	0.2279E-15
1191.	0.2377E-15
1245.	0.2474E-15
1299.	0.2571E-15
1355.	0.2667E-15
1412.	0.2763E-15
1470.	0.2859E-15
1529.	0.2953E-15
1589.	0.3047E-15
1651.	0.3140E-15
1713.	0.3232E-15
1777.	0.3323E-15
1842.	0.3412E-15
1909.	0.3501E-15
1976.	0.3588E-15
2045.	0.3673E-15
2116.	0.3757E-15
2187.	0.3839E-15
2260.	0.3920E-15
2334.	0.3999E-15
2410.	0.4076E-15
2487.	0.4151E-15
2565.	0.4224E-15
2645.	0.4296E-15
2726.	0.4365E-15
2808.	0.4432E-15
2892.	0.4498E-15
2978.	0.4561E-15
3065.	0.4622E-15
3153.	0.4680E-15
3243.	0.4737E-15
3334.	0.4791E-15
3427.	0.4843E-15
3522.	0.4893E-15
3617.	0.4941E-15
3715.	0.4986E-15
3814.	0.5029E-15
3914.	0.5070E-15
4017.	0.5108E-15
4120.	0.5144E-15
4225.	0.5178E-15
4332.	0.5210E-15
4441.	0.5239E-15
4551.	0.5266E-15
4662.	0.5291E-15
4775.	0.5314E-15
 
 
C9    Ar    Excitation    13.15 eV                              
E/N (Td)	Rate coefficient (m3/s)
0.1256E-01	0.000
0.1291E-01	0.000
0.1327E-01	0.000
0.1366E-01	0.000
0.1408E-01	0.000
0.1450E-01	0.000
0.1495E-01	0.000
0.1542E-01	0.000
0.1593E-01	0.000
0.1648E-01	0.000
0.1705E-01	0.000
0.1766E-01	0.000
0.1829E-01	0.000
0.1896E-01	0.000
0.1965E-01	0.000
0.2040E-01	0.000
0.2121E-01	0.000
0.2208E-01	0.000
0.2300E-01	0.000
0.2397E-01	0.000
0.2498E-01	0.000
0.2603E-01	0.000
0.2718E-01	0.000
0.2845E-01	0.000
0.2981E-01	0.000
0.3122E-01	0.000
0.3270E-01	0.000
0.3425E-01	0.000
0.3600E-01	0.000
0.3782E-01	0.000
0.3982E-01	0.000
0.4198E-01	0.000
0.4426E-01	0.000
0.4665E-01	0.000
0.4921E-01	0.000
0.5208E-01	0.000
0.5515E-01	0.000
0.5836E-01	0.000
0.6181E-01	0.000
0.6565E-01	0.000
0.6976E-01	0.000
0.7409E-01	0.000
0.7891E-01	0.000
0.8394E-01	0.000
0.8947E-01	0.000
0.9548E-01	0.000
0.1018	0.000
0.1087	0.000
0.1161	0.000
0.1240	0.000
0.1325	0.000
0.1415	0.000
0.1511	0.000
0.1613	0.000
0.1720	0.000
0.1834	0.000
0.1953	0.000
0.2079	0.000
0.2211	0.000
0.2349	0.000
0.2493	0.000
0.2643	0.000
0.2800	0.000
0.2964	0.000
0.3134	0.000
0.3312	0.000
0.3497	0.000
0.3689	0.000
0.3890	0.000
0.4098	0.000
0.4316	0.000
0.4543	0.000
0.4779	0.000
0.5026	0.000
0.5284	0.000
0.5554	0.000
0.5837	0.000
0.6134	0.000
0.6445	0.000
0.6771	0.000
0.7115	0.000
0.7477	0.000
0.7859	0.000
0.8262	0.000
0.8689	0.000
0.9140	0.000
0.9619	0.000
1.013	0.000
1.067	0.000
1.124	0.000
1.185	0.000
1.250	0.000
1.320	0.000
1.394	0.000
1.473	0.000
1.558	0.000
1.648	0.3022E-35
1.744	0.3987E-34
1.847	0.4562E-33
1.957	0.4646E-32
2.074	0.4139E-31
2.198	0.3238E-30
2.331	0.2226E-29
2.471	0.1347E-28
2.621	0.7241E-28
2.780	0.3453E-27
2.949	0.1486E-26
3.131	0.5803E-26
3.329	0.2093E-25
3.546	0.7050E-25
3.792	0.2306E-24
4.077	0.7362E-24
4.423	0.2379E-23
4.866	0.8107E-23
5.488	0.3114E-22
6.492	0.1525E-21
8.431	0.1112E-20
12.35	0.1021E-19
18.34	0.5965E-19
25.77	0.2068E-18
34.51	0.5189E-18
44.70	0.1070E-17
56.56	0.1939E-17
70.24	0.3195E-17
85.86	0.4896E-17
103.4	0.7060E-17
122.9	0.9711E-17
144.3	0.1282E-16
167.5	0.1636E-16
192.3	0.2027E-16
218.7	0.2452E-16
246.5	0.2906E-16
275.7	0.3384E-16
306.1	0.3882E-16
337.8	0.4397E-16
370.6	0.4925E-16
404.6	0.5464E-16
439.5	0.6009E-16
475.6	0.6563E-16
512.8	0.7123E-16
550.9	0.7683E-16
590.2	0.8247E-16
630.4	0.8808E-16
671.6	0.9369E-16
713.6	0.9926E-16
756.8	0.1048E-15
801.0	0.1103E-15
846.2	0.1157E-15
892.4	0.1211E-15
939.5	0.1264E-15
987.8	0.1316E-15
1037.	0.1368E-15
1087.	0.1418E-15
1139.	0.1467E-15
1191.	0.1515E-15
1245.	0.1563E-15
1299.	0.1608E-15
1355.	0.1653E-15
1412.	0.1696E-15
1470.	0.1738E-15
1529.	0.1779E-15
1589.	0.1818E-15
1651.	0.1856E-15
1713.	0.1892E-15
1777.	0.1927E-15
1842.	0.1960E-15
1909.	0.1992E-15
1976.	0.2022E-15
2045.	0.2051E-15
2116.	0.2078E-15
2187.	0.2103E-15
2260.	0.2127E-15
2334.	0.2150E-15
2410.	0.2171E-15
2487.	0.2190E-15
2565.	0.2208E-15
2645.	0.2224E-15
2726.	0.2239E-15
2808.	0.2252E-15
2892.	0.2263E-15
2978.	0.2274E-15
3065.	0.2282E-15
3153.	0.2290E-15
3243.	0.2295E-15
3334.	0.2300E-15
3427.	0.2303E-15
3522.	0.2304E-15
3617.	0.2304E-15
3715.	0.2303E-15
3814.	0.2301E-15
3914.	0.2298E-15
4017.	0.2293E-15
4120.	0.2287E-15
4225.	0.2280E-15
4332.	0.2272E-15
4441.	0.2262E-15
4551.	0.2252E-15
4662.	0.2241E-15
4775.	0.2228E-15
 
 
C10   Ar    Excitation    13.17 eV                              
E/N (Td)	Rate coefficient (m3/s)
0.1256E-01	0.000
0.1291E-01	0.000
0.1327E-01	0.000
0.1366E-01	0.000
0.1408E-01	0.000
0.1450E-01	0.000
0.1495E-01	0.000
0.1542E-01	0.000
0.1593E-01	0.000
0.1648E-01	0.000
0.1705E-01	0.000
0.1766E-01	0.000
0.1829E-01	0.000
0.1896E-01	0.000
0.1965E-01	0.000
0.2040E-01	0.000
0.2121E-01	0.000
0.2208E-01	0.000
0.2300E-01	0.000
0.2397E-01	0.000
0.2498E-01	0.000
0.2603E-01	0.000
0.2718E-01	0.000
0.2845E-01	0.000
0.2981E-01	0.000
0.3122E-01	0.000
0.3270E-01	0.000
0.3425E-01	0.000
0.3600E-01	0.000
0.3782E-01	0.000
0.3982E-01	0.000
0.4198E-01	0.000
0.4426E-01	0.000
0.4665E-01	0.000
0.4921E-01	0.000
0.5208E-01	0.000
0.5515E-01	0.000
0.5836E-01	0.000
0.6181E-01	0.000
0.6565E-01	0.000
0.6976E-01	0.000
0.7409E-01	0.000
0.7891E-01	0.000
0.8394E-01	0.000
0.8947E-01	0.000
0.9548E-01	0.000
0.1018	0.000
0.1087	0.000
0.1161	0.000
0.1240	0.000
0.1325	0.000
0.1415	0.000
0.1511	0.000
0.1613	0.000
0.1720	0.000
0.1834	0.000
0.1953	0.000
0.2079	0.000
0.2211	0.000
0.2349	0.000
0.2493	0.000
0.2643	0.000
0.2800	0.000
0.2964	0.000
0.3134	0.000
0.3312	0.000
0.3497	0.000
0.3689	0.000
0.3890	0.000
0.4098	0.000
0.4316	0.000
0.4543	0.000
0.4779	0.000
0.5026	0.000
0.5284	0.000
0.5554	0.000
0.5837	0.000
0.6134	0.000
0.6445	0.000
0.6771	0.000
0.7115	0.000
0.7477	0.000
0.7859	0.000
0.8262	0.000
0.8689	0.000
0.9140	0.000
0.9619	0.000
1.013	0.000
1.067	0.000
1.124	0.000
1.185	0.000
1.250	0.000
1.320	0.000
1.394	0.000
1.473	0.000
1.558	0.000
1.648	0.4117E-35
1.744	0.5534E-34
1.847	0.6415E-33
1.957	0.6628E-32
2.074	0.5980E-31
2.198	0.4737E-30
2.331	0.3295E-29
2.471	0.2017E-28
2.621	0.1096E-27
2.780	0.5281E-27
2.949	0.2294E-26
3.131	0.9049E-26
3.329	0.3293E-25
3.546	0.1119E-24
3.792	0.3692E-24
4.077	0.1189E-23
4.423	0.3877E-23
4.866	0.1334E-22
5.488	0.5173E-22
6.492	0.2559E-21
8.431	0.1880E-20
12.35	0.1714E-19
18.34	0.9749E-19
25.77	0.3270E-18
34.51	0.7940E-18
44.70	0.1589E-17
56.56	0.2798E-17
70.24	0.4498E-17
85.86	0.6742E-17
103.4	0.9545E-17
122.9	0.1293E-16
144.3	0.1687E-16
167.5	0.2133E-16
192.3	0.2626E-16
218.7	0.3161E-16
246.5	0.3736E-16
275.7	0.4344E-16
306.1	0.4983E-16
337.8	0.5648E-16
370.6	0.6336E-16
404.6	0.7046E-16
439.5	0.7771E-16
475.6	0.8516E-16
512.8	0.9278E-16
550.9	0.1005E-15
590.2	0.1083E-15
630.4	0.1163E-15
671.6	0.1243E-15
713.6	0.1323E-15
756.8	0.1405E-15
801.0	0.1486E-15
846.2	0.1569E-15
892.4	0.1651E-15
939.5	0.1733E-15
987.8	0.1816E-15
1037.	0.1898E-15
1087.	0.1980E-15
1139.	0.2062E-15
1191.	0.2144E-15
1245.	0.2225E-15
1299.	0.2305E-15
1355.	0.2385E-15
1412.	0.2464E-15
1470.	0.2543E-15
1529.	0.2621E-15
1589.	0.2698E-15
1651.	0.2774E-15
1713.	0.2849E-15
1777.	0.2923E-15
1842.	0.2996E-15
1909.	0.3067E-15
1976.	0.3138E-15
2045.	0.3208E-15
2116.	0.3276E-15
2187.	0.3343E-15
2260.	0.3408E-15
2334.	0.3473E-15
2410.	0.3535E-15
2487.	0.3597E-15
2565.	0.3657E-15
2645.	0.3715E-15
2726.	0.3772E-15
2808.	0.3828E-15
2892.	0.3881E-15
2978.	0.3934E-15
3065.	0.3984E-15
3153.	0.4033E-15
3243.	0.4081E-15
3334.	0.4127E-15
3427.	0.4171E-15
3522.	0.4213E-15
3617.	0.4254E-15
3715.	0.4293E-15
3814.	0.4331E-15
3914.	0.4367E-15
4017.	0.4401E-15
4120.	0.4433E-15
4225.	0.4464E-15
4332.	0.4493E-15
4441.	0.4521E-15
4551.	0.4547E-15
4662.	0.4571E-15
4775.	0.4593E-15
 
 
C11   Ar    Excitation    13.27 eV                              
E/N (Td)	Rate coefficient (m3/s)
0.1256E-01	0.000
0.1291E-01	0.000
0.1327E-01	0.000
0.1366E-01	0.000
0.1408E-01	0.000
0.1450E-01	0.000
0.1495E-01	0.000
0.1542E-01	0.000
0.1593E-01	0.000
0.1648E-01	0.000
0.1705E-01	0.000
0.1766E-01	0.000
0.1829E-01	0.000
0.1896E-01	0.000
0.1965E-01	0.000
0.2040E-01	0.000
0.2121E-01	0.000
0.2208E-01	0.000
0.2300E-01	0.000
0.2397E-01	0.000
0.2498E-01	0.000
0.2603E-01	0.000
0.2718E-01	0.000
0.2845E-01	0.000
0.2981E-01	0.000
0.3122E-01	0.000
0.3270E-01	0.000
0.3425E-01	0.000
0.3600E-01	0.000
0.3782E-01	0.000
0.3982E-01	0.000
0.4198E-01	0.000
0.4426E-01	0.000
0.4665E-01	0.000
0.4921E-01	0.000
0.5208E-01	0.000
0.5515E-01	0.000
0.5836E-01	0.000
0.6181E-01	0.000
0.6565E-01	0.000
0.6976E-01	0.000
0.7409E-01	0.000
0.7891E-01	0.000
0.8394E-01	0.000
0.8947E-01	0.000
0.9548E-01	0.000
0.1018	0.000
0.1087	0.000
0.1161	0.000
0.1240	0.000
0.1325	0.000
0.1415	0.000
0.1511	0.000
0.1613	0.000
0.1720	0.000
0.1834	0.000
0.1953	0.000
0.2079	0.000
0.2211	0.000
0.2349	0.000
0.2493	0.000
0.2643	0.000
0.2800	0.000
0.2964	0.000
0.3134	0.000
0.3312	0.000
0.3497	0.000
0.3689	0.000
0.3890	0.000
0.4098	0.000
0.4316	0.000
0.4543	0.000
0.4779	0.000
0.5026	0.000
0.5284	0.000
0.5554	0.000
0.5837	0.000
0.6134	0.000
0.6445	0.000
0.6771	0.000
0.7115	0.000
0.7477	0.000
0.7859	0.000
0.8262	0.000
0.8689	0.000
0.9140	0.000
0.9619	0.000
1.013	0.000
1.067	0.000
1.124	0.000
1.185	0.000
1.250	0.000
1.320	0.000
1.394	0.000
1.473	0.000
1.558	0.000
1.648	0.2218E-36
1.744	0.3442E-35
1.847	0.4297E-34
1.957	0.4775E-33
2.074	0.4618E-32
2.198	0.3912E-31
2.331	0.2901E-30
2.471	0.1887E-29
2.621	0.1087E-28
2.780	0.5539E-28
2.949	0.2538E-27
3.131	0.1054E-26
3.329	0.4029E-26
3.546	0.1434E-25
3.792	0.4971E-25
4.077	0.1682E-24
4.423	0.5776E-24
4.866	0.2102E-23
5.488	0.8698E-23
6.492	0.4665E-22
8.431	0.3821E-21
12.35	0.3981E-20
18.34	0.2549E-19
25.77	0.9344E-19
34.51	0.2430E-18
44.70	0.5143E-18
56.56	0.9507E-18
70.24	0.1594E-17
85.86	0.2483E-17
103.4	0.3638E-17
122.9	0.5086E-17
144.3	0.6825E-17
167.5	0.8854E-17
192.3	0.1116E-16
218.7	0.1372E-16
246.5	0.1654E-16
275.7	0.1958E-16
306.1	0.2283E-16
337.8	0.2628E-16
370.6	0.2991E-16
404.6	0.3371E-16
439.5	0.3765E-16
475.6	0.4176E-16
512.8	0.4602E-16
550.9	0.5039E-16
590.2	0.5489E-16
630.4	0.5950E-16
671.6	0.6421E-16
713.6	0.6900E-16
756.8	0.7390E-16
801.0	0.7887E-16
846.2	0.8392E-16
892.4	0.8904E-16
939.5	0.9422E-16
987.8	0.9945E-16
1037.	0.1047E-15
1087.	0.1100E-15
1139.	0.1154E-15
1191.	0.1208E-15
1245.	0.1262E-15
1299.	0.1316E-15
1355.	0.1370E-15
1412.	0.1424E-15
1470.	0.1478E-15
1529.	0.1532E-15
1589.	0.1586E-15
1651.	0.1640E-15
1713.	0.1693E-15
1777.	0.1746E-15
1842.	0.1799E-15
1909.	0.1852E-15
1976.	0.1903E-15
2045.	0.1955E-15
2116.	0.2006E-15
2187.	0.2056E-15
2260.	0.2105E-15
2334.	0.2154E-15
2410.	0.2202E-15
2487.	0.2250E-15
2565.	0.2296E-15
2645.	0.2342E-15
2726.	0.2386E-15
2808.	0.2430E-15
2892.	0.2473E-15
2978.	0.2515E-15
3065.	0.2556E-15
3153.	0.2596E-15
3243.	0.2634E-15
3334.	0.2672E-15
3427.	0.2709E-15
3522.	0.2744E-15
3617.	0.2778E-15
3715.	0.2811E-15
3814.	0.2843E-15
3914.	0.2874E-15
4017.	0.2903E-15
4120.	0.2932E-15
4225.	0.2959E-15
4332.	0.2984E-15
4441.	0.3009E-15
4551.	0.3032E-15
4662.	0.3054E-15
4775.	0.3075E-15
 
 
C12   Ar    Excitation    13.28 eV                              
E/N (Td)	Rate coefficient (m3/s)
0.1256E-01	0.000
0.1291E-01	0.000
0.1327E-01	0.000
0.1366E-01	0.000
0.1408E-01	0.000
0.1450E-01	0.000
0.1495E-01	0.000
0.1542E-01	0.000
0.1593E-01	0.000
0.1648E-01	0.000
0.1705E-01	0.000
0.1766E-01	0.000
0.1829E-01	0.000
0.1896E-01	0.000
0.1965E-01	0.000
0.2040E-01	0.000
0.2121E-01	0.000
0.2208E-01	0.000
0.2300E-01	0.000
0.2397E-01	0.000
0.2498E-01	0.000
0.2603E-01	0.000
0.2718E-01	0.000
0.2845E-01	0.000
0.2981E-01	0.000
0.3122E-01	0.000
0.3270E-01	0.000
0.3425E-01	0.000
0.3600E-01	0.000
0.3782E-01	0.000
0.3982E-01	0.000
0.4198E-01	0.000
0.4426E-01	0.000
0.4665E-01	0.000
0.4921E-01	0.000
0.5208E-01	0.000
0.5515E-01	0.000
0.5836E-01	0.000
0.6181E-01	0.000
0.6565E-01	0.000
0.6976E-01	0.000
0.7409E-01	0.000
0.7891E-01	0.000
0.8394E-01	0.000
0.8947E-01	0.000
0.9548E-01	0.000
0.1018	0.000
0.1087	0.000
0.1161	0.000
0.1240	0.000
0.1325	0.000
0.1415	0.000
0.1511	0.000
0.1613	0.000
0.1720	0.000
0.1834	0.000
0.1953	0.000
0.2079	0.000
0.2211	0.000
0.2349	0.000
0.2493	0.000
0.2643	0.000
0.2800	0.000
0.2964	0.000
0.3134	0.000
0.3312	0.000
0.3497	0.000
0.3689	0.000
0.3890	0.000
0.4098	0.000
0.4316	0.000
0.4543	0.000
0.4779	0.000
0.5026	0.000
0.5284	0.000
0.5554	0.000
0.5837	0.000
0.6134	0.000
0.6445	0.000
0.6771	0.000
0.7115	0.000
0.7477	0.000
0.7859	0.000
0.8262	0.000
0.8689	0.000
0.9140	0.000
0.9619	0.000
1.013	0.000
1.067	0.000
1.124	0.000
1.185	0.000
1.250	0.000
1.320	0.000
1.394	0.000
1.473	0.000
1.558	0.000
1.648	0.3775E-36
1.744	0.5993E-35
1.847	0.7537E-34
1.957	0.8437E-33
2.074	0.8216E-32
2.198	0.7007E-31
2.331	0.5230E-30
2.471	0.3423E-29
2.621	0.1984E-28
2.780	0.1016E-27
2.949	0.4681E-27
3.131	0.1953E-26
3.329	0.7506E-26
3.546	0.2684E-25
3.792	0.9350E-25
4.077	0.3179E-24
4.423	0.1097E-23
4.866	0.4013E-23
5.488	0.1671E-22
6.492	0.9025E-22
8.431	0.7452E-21
12.35	0.7816E-20
18.34	0.5009E-19
25.77	0.1832E-18
34.51	0.4743E-18
44.70	0.9980E-18
56.56	0.1831E-17
70.24	0.3045E-17
85.86	0.4695E-17
103.4	0.6800E-17
122.9	0.9384E-17
144.3	0.1242E-16
167.5	0.1587E-16
192.3	0.1970E-16
218.7	0.2385E-16
246.5	0.2829E-16
275.7	0.3297E-16
306.1	0.3784E-16
337.8	0.4288E-16
370.6	0.4806E-16
404.6	0.5333E-16
439.5	0.5867E-16
475.6	0.6410E-16
512.8	0.6958E-16
550.9	0.7507E-16
590.2	0.8060E-16
630.4	0.8610E-16
671.6	0.9160E-16
713.6	0.9706E-16
756.8	0.1025E-15
801.0	0.1079E-15
846.2	0.1132E-15
892.4	0.1185E-15
939.5	0.1237E-15
987.8	0.1288E-15
1037.	0.1338E-15
1087.	0.1388E-15
1139.	0.1436E-15
1191.	0.1483E-15
1245.	0.1529E-15
1299.	0.1574E-15
1355.	0.1618E-15
1412.	0.1660E-15
1470.	0.1702E-15
1529.	0.1741E-15
1589.	0.1780E-15
1651.	0.1817E-15
1713.	0.1852E-15
1777.	0.1886E-15
1842.	0.1919E-15
1909.	0.1950E-15
1976.	0.1980E-15
2045.	0.2008E-15
2116.	0.2034E-15
2187.	0.2059E-15
2260.	0.2083E-15
2334.	0.2105E-15
2410.	0.2125E-15
2487.	0.2144E-15
2565.	0.2161E-15
2645.	0.2177E-15
2726.	0.2191E-15
2808.	0.2204E-15
2892.	0.2215E-15
2978.	0.2225E-15
3065.	0.2233E-15
3153.	0.2240E-15
3243.	0.2246E-15
3334.	0.2250E-15
3427.	0.2253E-15
3522.	0.2254E-15
3617.	0.2254E-15
3715.	0.2253E-15
3814.	0.2251E-15
3914.	0.2247E-15
4017.	0.2242E-15
4120.	0.2236E-15
4225.	0.2229E-15
4332.	0.2220E-15
4441.	0.2211E-15
4551.	0.2201E-15
4662.	0.2189E-15
4775.	0.2177E-15
 
 
C13   Ar    Excitation    13.30 eV                              
E/N (Td)	Rate coefficient (m3/s)
0.1256E-01	0.000
0.1291E-01	0.000
0.1327E-01	0.000
0.1366E-01	0.000
0.1408E-01	0.000
0.1450E-01	0.000
0.1495E-01	0.000
0.1542E-01	0.000
0.1593E-01	0.000
0.1648E-01	0.000
0.1705E-01	0.000
0.1766E-01	0.000
0.1829E-01	0.000
0.1896E-01	0.000
0.1965E-01	0.000
0.2040E-01	0.000
0.2121E-01	0.000
0.2208E-01	0.000
0.2300E-01	0.000
0.2397E-01	0.000
0.2498E-01	0.000
0.2603E-01	0.000
0.2718E-01	0.000
0.2845E-01	0.000
0.2981E-01	0.000
0.3122E-01	0.000
0.3270E-01	0.000
0.3425E-01	0.000
0.3600E-01	0.000
0.3782E-01	0.000
0.3982E-01	0.000
0.4198E-01	0.000
0.4426E-01	0.000
0.4665E-01	0.000
0.4921E-01	0.000
0.5208E-01	0.000
0.5515E-01	0.000
0.5836E-01	0.000
0.6181E-01	0.000
0.6565E-01	0.000
0.6976E-01	0.000
0.7409E-01	0.000
0.7891E-01	0.000
0.8394E-01	0.000
0.8947E-01	0.000
0.9548E-01	0.000
0.1018	0.000
0.1087	0.000
0.1161	0.000
0.1240	0.000
0.1325	0.000
0.1415	0.000
0.1511	0.000
0.1613	0.000
0.1720	0.000
0.1834	0.000
0.1953	0.000
0.2079	0.000
0.2211	0.000
0.2349	0.000
0.2493	0.000
0.2643	0.000
0.2800	0.000
0.2964	0.000
0.3134	0.000
0.3312	0.000
0.3497	0.000
0.3689	0.000
0.3890	0.000
0.4098	0.000
0.4316	0.000
0.4543	0.000
0.4779	0.000
0.5026	0.000
0.5284	0.000
0.5554	0.000
0.5837	0.000
0.6134	0.000
0.6445	0.000
0.6771	0.000
0.7115	0.000
0.7477	0.000
0.7859	0.000
0.8262	0.000
0.8689	0.000
0.9140	0.000
0.9619	0.000
1.013	0.000
1.067	0.000
1.124	0.000
1.185	0.000
1.250	0.000
1.320	0.000
1.394	0.000
1.473	0.000
1.558	0.000
1.648	0.2375E-36
1.744	0.3964E-35
1.847	0.5057E-34
1.957	0.5739E-33
2.074	0.5664E-32
2.198	0.4893E-31
2.331	0.3697E-30
2.471	0.2447E-29
2.621	0.1434E-28
2.780	0.7427E-28
2.949	0.3455E-27
3.131	0.1456E-26
3.329	0.5647E-26
3.546	0.2037E-25
3.792	0.7158E-25
4.077	0.2455E-24
4.423	0.8548E-24
4.866	0.3156E-23
5.488	0.1326E-22
6.492	0.7232E-22
8.431	0.6007E-21
12.35	0.6249E-20
18.34	0.3915E-19
25.77	0.1398E-18
34.51	0.3551E-18
44.70	0.7375E-18
56.56	0.1344E-17
70.24	0.2231E-17
85.86	0.3450E-17
103.4	0.5034E-17
122.9	0.7021E-17
144.3	0.9414E-17
167.5	0.1221E-16
192.3	0.1541E-16
218.7	0.1897E-16
246.5	0.2290E-16
275.7	0.2715E-16
306.1	0.3171E-16
337.8	0.3656E-16
370.6	0.4167E-16
404.6	0.4703E-16
439.5	0.5260E-16
475.6	0.5840E-16
512.8	0.6441E-16
550.9	0.7058E-16
590.2	0.7693E-16
630.4	0.8342E-16
671.6	0.9005E-16
713.6	0.9678E-16
756.8	0.1036E-15
801.0	0.1106E-15
846.2	0.1176E-15
892.4	0.1247E-15
939.5	0.1319E-15
987.8	0.1391E-15
1037.	0.1464E-15
1087.	0.1537E-15
1139.	0.1610E-15
1191.	0.1683E-15
1245.	0.1756E-15
1299.	0.1829E-15
1355.	0.1902E-15
1412.	0.1974E-15
1470.	0.2046E-15
1529.	0.2117E-15
1589.	0.2188E-15
1651.	0.2258E-15
1713.	0.2327E-15
1777.	0.2396E-15
1842.	0.2464E-15
1909.	0.2530E-15
1976.	0.2596E-15
2045.	0.2661E-15
2116.	0.2724E-15
2187.	0.2786E-15
2260.	0.2847E-15
2334.	0.2907E-15
2410.	0.2965E-15
2487.	0.3022E-15
2565.	0.3077E-15
2645.	0.3131E-15
2726.	0.3184E-15
2808.	0.3235E-15
2892.	0.3284E-15
2978.	0.3331E-15
3065.	0.3377E-15
3153.	0.3422E-15
3243.	0.3465E-15
3334.	0.3505E-15
3427.	0.3545E-15
3522.	0.3582E-15
3617.	0.3618E-15
3715.	0.3652E-15
3814.	0.3685E-15
3914.	0.3715E-15
4017.	0.3744E-15
4120.	0.3772E-15
4225.	0.3797E-15
4332.	0.3821E-15
4441.	0.3843E-15
4551.	0.3864E-15
4662.	0.3882E-15
4775.	0.3900E-15
 
 
C14   Ar    Excitation    13.33 eV                              
E/N (Td)	Rate coefficient (m3/s)
0.1256E-01	0.000
0.1291E-01	0.000
0.1327E-01	0.000
0.1366E-01	0.000
0.1408E-01	0.000
0.1450E-01	0.000
0.1495E-01	0.000
0.1542E-01	0.000
0.1593E-01	0.000
0.1648E-01	0.000
0.1705E-01	0.000
0.1766E-01	0.000
0.1829E-01	0.000
0.1896E-01	0.000
0.1965E-01	0.000
0.2040E-01	0.000
0.2121E-01	0.000
0.2208E-01	0.000
0.2300E-01	0.000
0.2397E-01	0.000
0.2498E-01	0.000
0.2603E-01	0.000
0.2718E-01	0.000
0.2845E-01	0.000
0.2981E-01	0.000
0.3122E-01	0.000
0.3270E-01	0.000
0.3425E-01	0.000
0.3600E-01	0.000
0.3782E-01	0.000
0.3982E-01	0.000
0.4198E-01	0.000
0.4426E-01	0.000
0.4665E-01	0.000
0.4921E-01	0.000
0.5208E-01	0.000
0.5515E-01	0.000
0.5836E-01	0.000
0.6181E-01	0.000
0.6565E-01	0.000
0.6976E-01	0.000
0.7409E-01	0.000
0.7891E-01	0.000
0.8394E-01	0.000
0.8947E-01	0.000
0.9548E-01	0.000
0.1018	0.000
0.1087	0.000
0.1161	0.000
0.1240	0.000
0.1325	0.000
0.1415	0.000
0.1511	0.000
0.1613	0.000
0.1720	0.000
0.1834	0.000
0.1953	0.000
0.2079	0.000
0.2211	0.000
0.2349	0.000
0.2493	0.000
0.2643	0.000
0.2800	0.000
0.2964	0.000
0.3134	0.000
0.3312	0.000
0.3497	0.000
0.3689	0.000
0.3890	0.000
0.4098	0.000
0.4316	0.000
0.4543	0.000
0.4779	0.000
0.5026	0.000
0.5284	0.000
0.5554	0.000
0.5837	0.000
0.6134	0.000
0.6445	0.000
0.6771	0.000
0.7115	0.000
0.7477	0.000
0.7859	0.000
0.8262	0.000
0.8689	0.000
0.9140	0.000
0.9619	0.000
1.013	0.000
1.067	0.000
1.124	0.000
1.185	0.000
1.250	0.000
1.320	0.000
1.394	0.000
1.473	0.000
1.558	0.000
1.648	0.1945E-36
1.744	0.3562E-35
1.847	0.4635E-34
1.957	0.5360E-33
2.074	0.5387E-32
2.198	0.4736E-31
2.331	0.3639E-30
2.471	0.2449E-29
2.621	0.1457E-28
2.780	0.7655E-28
2.949	0.3612E-27
3.131	0.1542E-26
3.329	0.6059E-26
3.546	0.2213E-25
3.792	0.7872E-25
4.077	0.2734E-24
4.423	0.9643E-24
4.866	0.3609E-23
5.488	0.1540E-22
6.492	0.8539E-22
8.431	0.7224E-21
12.35	0.7597E-20
18.34	0.4722E-19
25.77	0.1647E-18
34.51	0.4047E-18
44.70	0.8069E-18
56.56	0.1404E-17
70.24	0.2220E-17
85.86	0.3264E-17
103.4	0.4530E-17
122.9	0.6016E-17
144.3	0.7700E-17
167.5	0.9561E-17
192.3	0.1158E-16
218.7	0.1372E-16
246.5	0.1599E-16
275.7	0.1834E-16
306.1	0.2078E-16
337.8	0.2328E-16
370.6	0.2583E-16
404.6	0.2843E-16
439.5	0.3106E-16
475.6	0.3372E-16
512.8	0.3641E-16
550.9	0.3910E-16
590.2	0.4181E-16
630.4	0.4451E-16
671.6	0.4721E-16
713.6	0.4989E-16
756.8	0.5256E-16
801.0	0.5522E-16
846.2	0.5785E-16
892.4	0.6046E-16
939.5	0.6304E-16
987.8	0.6558E-16
1037.	0.6808E-16
1087.	0.7054E-16
1139.	0.7296E-16
1191.	0.7533E-16
1245.	0.7765E-16
1299.	0.7992E-16
1355.	0.8213E-16
1412.	0.8428E-16
1470.	0.8638E-16
1529.	0.8842E-16
1589.	0.9039E-16
1651.	0.9229E-16
1713.	0.9413E-16
1777.	0.9591E-16
1842.	0.9761E-16
1909.	0.9924E-16
1976.	0.1008E-15
2045.	0.1023E-15
2116.	0.1037E-15
2187.	0.1051E-15
2260.	0.1063E-15
2334.	0.1075E-15
2410.	0.1087E-15
2487.	0.1097E-15
2565.	0.1107E-15
2645.	0.1116E-15
2726.	0.1124E-15
2808.	0.1132E-15
2892.	0.1138E-15
2978.	0.1144E-15
3065.	0.1150E-15
3153.	0.1154E-15
3243.	0.1158E-15
3334.	0.1161E-15
3427.	0.1164E-15
3522.	0.1166E-15
3617.	0.1167E-15
3715.	0.1167E-15
3814.	0.1167E-15
3914.	0.1166E-15
4017.	0.1165E-15
4120.	0.1163E-15
4225.	0.1160E-15
4332.	0.1157E-15
4441.	0.1153E-15
4551.	0.1149E-15
4662.	0.1144E-15
4775.	0.1138E-15
 
 
C15   Ar    Excitation    13.48 eV                              
E/N (Td)	Rate coefficient (m3/s)
0.1256E-01	0.000
0.1291E-01	0.000
0.1327E-01	0.000
0.1366E-01	0.000
0.1408E-01	0.000
0.1450E-01	0.000
0.1495E-01	0.000
0.1542E-01	0.000
0.1593E-01	0.000
0.1648E-01	0.000
0.1705E-01	0.000
0.1766E-01	0.000
0.1829E-01	0.000
0.1896E-01	0.000
0.1965E-01	0.000
0.2040E-01	0.000
0.2121E-01	0.000
0.2208E-01	0.000
0.2300E-01	0.000
0.2397E-01	0.000
0.2498E-01	0.000
0.2603E-01	0.000
0.2718E-01	0.000
0.2845E-01	0.000
0.2981E-01	0.000
0.3122E-01	0.000
0.3270E-01	0.000
0.3425E-01	0.000
0.3600E-01	0.000
0.3782E-01	0.000
0.3982E-01	0.000
0.4198E-01	0.000
0.4426E-01	0.000
0.4665E-01	0.000
0.4921E-01	0.000
0.5208E-01	0.000
0.5515E-01	0.000
0.5836E-01	0.000
0.6181E-01	0.000
0.6565E-01	0.000
0.6976E-01	0.000
0.7409E-01	0.000
0.7891E-01	0.000
0.8394E-01	0.000
0.8947E-01	0.000
0.9548E-01	0.000
0.1018	0.000
0.1087	0.000
0.1161	0.000
0.1240	0.000
0.1325	0.000
0.1415	0.000
0.1511	0.000
0.1613	0.000
0.1720	0.000
0.1834	0.000
0.1953	0.000
0.2079	0.000
0.2211	0.000
0.2349	0.000
0.2493	0.000
0.2643	0.000
0.2800	0.000
0.2964	0.000
0.3134	0.000
0.3312	0.000
0.3497	0.000
0.3689	0.000
0.3890	0.000
0.4098	0.000
0.4316	0.000
0.4543	0.000
0.4779	0.000
0.5026	0.000
0.5284	0.000
0.5554	0.000
0.5837	0.000
0.6134	0.000
0.6445	0.000
0.6771	0.000
0.7115	0.000
0.7477	0.000
0.7859	0.000
0.8262	0.000
0.8689	0.000
0.9140	0.000
0.9619	0.000
1.013	0.000
1.067	0.000
1.124	0.000
1.185	0.000
1.250	0.000
1.320	0.000
1.394	0.000
1.473	0.000
1.558	0.000
1.648	0.000
1.744	0.6170E-36
1.847	0.9029E-35
1.957	0.1170E-33
2.074	0.1310E-32
2.198	0.1280E-31
2.331	0.1087E-30
2.471	0.8050E-30
2.621	0.5247E-29
2.780	0.3009E-28
2.949	0.1543E-27
3.131	0.7138E-27
3.329	0.3030E-26
3.546	0.1188E-25
3.792	0.4570E-25
4.077	0.1714E-24
4.423	0.6555E-24
4.866	0.2677E-23
5.488	0.1262E-22
6.492	0.7914E-22
8.431	0.7859E-21
12.35	0.9947E-20
18.34	0.7205E-19
25.77	0.2819E-18
34.51	0.7599E-18
44.70	0.1642E-17
56.56	0.3075E-17
70.24	0.5199E-17
85.86	0.8140E-17
103.4	0.1197E-16
122.9	0.1678E-16
144.3	0.2255E-16
167.5	0.2930E-16
192.3	0.3696E-16
218.7	0.4549E-16
246.5	0.5485E-16
275.7	0.6496E-16
306.1	0.7578E-16
337.8	0.8726E-16
370.6	0.9934E-16
404.6	0.1120E-15
439.5	0.1251E-15
475.6	0.1388E-15
512.8	0.1530E-15
550.9	0.1675E-15
590.2	0.1825E-15
630.4	0.1979E-15
671.6	0.2136E-15
713.6	0.2295E-15
756.8	0.2458E-15
801.0	0.2624E-15
846.2	0.2792E-15
892.4	0.2963E-15
939.5	0.3135E-15
987.8	0.3309E-15
1037.	0.3485E-15
1087.	0.3662E-15
1139.	0.3841E-15
1191.	0.4020E-15
1245.	0.4200E-15
1299.	0.4380E-15
1355.	0.4560E-15
1412.	0.4741E-15
1470.	0.4922E-15
1529.	0.5102E-15
1589.	0.5281E-15
1651.	0.5460E-15
1713.	0.5639E-15
1777.	0.5816E-15
1842.	0.5992E-15
1909.	0.6166E-15
1976.	0.6339E-15
2045.	0.6510E-15
2116.	0.6680E-15
2187.	0.6847E-15
2260.	0.7012E-15
2334.	0.7175E-15
2410.	0.7335E-15
2487.	0.7493E-15
2565.	0.7648E-15
2645.	0.7800E-15
2726.	0.7950E-15
2808.	0.8096E-15
2892.	0.8239E-15
2978.	0.8378E-15
3065.	0.8515E-15
3153.	0.8648E-15
3243.	0.8777E-15
3334.	0.8902E-15
3427.	0.9024E-15
3522.	0.9142E-15
3617.	0.9257E-15
3715.	0.9367E-15
3814.	0.9473E-15
3914.	0.9575E-15
4017.	0.9674E-15
4120.	0.9768E-15
4225.	0.9858E-15
4332.	0.9944E-15
4441.	0.1003E-14
4551.	0.1010E-14
4662.	0.1018E-14
4775.	0.1025E-14
 
 
C16   Ar    Excitation    13.85 eV                              
E/N (Td)	Rate coefficient (m3/s)
0.1256E-01	0.000
0.1291E-01	0.000
0.1327E-01	0.000
0.1366E-01	0.000
0.1408E-01	0.000
0.1450E-01	0.000
0.1495E-01	0.000
0.1542E-01	0.000
0.1593E-01	0.000
0.1648E-01	0.000
0.1705E-01	0.000
0.1766E-01	0.000
0.1829E-01	0.000
0.1896E-01	0.000
0.1965E-01	0.000
0.2040E-01	0.000
0.2121E-01	0.000
0.2208E-01	0.000
0.2300E-01	0.000
0.2397E-01	0.000
0.2498E-01	0.000
0.2603E-01	0.000
0.2718E-01	0.000
0.2845E-01	0.000
0.2981E-01	0.000
0.3122E-01	0.000
0.3270E-01	0.000
0.3425E-01	0.000
0.3600E-01	0.000
0.3782E-01	0.000
0.3982E-01	0.000
0.4198E-01	0.000
0.4426E-01	0.000
0.4665E-01	0.000
0.4921E-01	0.000
0.5208E-01	0.000
0.5515E-01	0.000
0.5836E-01	0.000
0.6181E-01	0.000
0.6565E-01	0.000
0.6976E-01	0.000
0.7409E-01	0.000
0.7891E-01	0.000
0.8394E-01	0.000
0.8947E-01	0.000
0.9548E-01	0.000
0.1018	0.000
0.1087	0.000
0.1161	0.000
0.1240	0.000
0.1325	0.000
0.1415	0.000
0.1511	0.000
0.1613	0.000
0.1720	0.000
0.1834	0.000
0.1953	0.000
0.2079	0.000
0.2211	0.000
0.2349	0.000
0.2493	0.000
0.2643	0.000
0.2800	0.000
0.2964	0.000
0.3134	0.000
0.3312	0.000
0.3497	0.000
0.3689	0.000
0.3890	0.000
0.4098	0.000
0.4316	0.000
0.4543	0.000
0.4779	0.000
0.5026	0.000
0.5284	0.000
0.5554	0.000
0.5837	0.000
0.6134	0.000
0.6445	0.000
0.6771	0.000
0.7115	0.000
0.7477	0.000
0.7859	0.000
0.8262	0.000
0.8689	0.000
0.9140	0.000
0.9619	0.000
1.013	0.000
1.067	0.000
1.124	0.000
1.185	0.000
1.250	0.000
1.320	0.000
1.394	0.000
1.473	0.000
1.558	0.000
1.648	0.000
1.744	0.1103E-38
1.847	0.3710E-37
1.957	0.6365E-36
2.074	0.9334E-35
2.198	0.1181E-33
2.331	0.1285E-32
2.471	0.1205E-31
2.621	0.9830E-31
2.780	0.6981E-30
2.949	0.4391E-29
3.131	0.2468E-28
3.329	0.1264E-27
3.546	0.5619E-27
3.792	0.2717E-26
4.077	0.1232E-25
4.423	0.5706E-25
4.866	0.2863E-24
5.488	0.1701E-23
6.492	0.1408E-22
8.431	0.1973E-21
12.35	0.3558E-20
18.34	0.3240E-19
25.77	0.1422E-18
34.51	0.4033E-18
44.70	0.8854E-18
56.56	0.1648E-17
70.24	0.2731E-17
85.86	0.4154E-17
103.4	0.5902E-17
122.9	0.7965E-17
144.3	0.1030E-16
167.5	0.1287E-16
192.3	0.1562E-16
218.7	0.1852E-16
246.5	0.2154E-16
275.7	0.2464E-16
306.1	0.2780E-16
337.8	0.3100E-16
370.6	0.3421E-16
404.6	0.3742E-16
439.5	0.4062E-16
475.6	0.4380E-16
512.8	0.4697E-16
550.9	0.5008E-16
590.2	0.5316E-16
630.4	0.5618E-16
671.6	0.5915E-16
713.6	0.6204E-16
756.8	0.6487E-16
801.0	0.6763E-16
846.2	0.7032E-16
892.4	0.7292E-16
939.5	0.7544E-16
987.8	0.7788E-16
1037.	0.8023E-16
1087.	0.8249E-16
1139.	0.8465E-16
1191.	0.8672E-16
1245.	0.8869E-16
1299.	0.9057E-16
1355.	0.9235E-16
1412.	0.9403E-16
1470.	0.9561E-16
1529.	0.9709E-16
1589.	0.9848E-16
1651.	0.9976E-16
1713.	0.1009E-15
1777.	0.1020E-15
1842.	0.1030E-15
1909.	0.1039E-15
1976.	0.1047E-15
2045.	0.1054E-15
2116.	0.1060E-15
2187.	0.1065E-15
2260.	0.1070E-15
2334.	0.1073E-15
2410.	0.1076E-15
2487.	0.1077E-15
2565.	0.1078E-15
2645.	0.1078E-15
2726.	0.1077E-15
2808.	0.1076E-15
2892.	0.1073E-15
2978.	0.1070E-15
3065.	0.1066E-15
3153.	0.1062E-15
3243.	0.1057E-15
3334.	0.1051E-15
3427.	0.1045E-15
3522.	0.1038E-15
3617.	0.1031E-15
3715.	0.1023E-15
3814.	0.1014E-15
3914.	0.1005E-15
4017.	0.9956E-16
4120.	0.9857E-16
4225.	0.9755E-16
4332.	0.9648E-16
4441.	0.9538E-16
4551.	0.9424E-16
4662.	0.9308E-16
4775.	0.9189E-16
 
 
C17   Ar    Excitation    13.86 eV                              
E/N (Td)	Rate coefficient (m3/s)
0.1256E-01	0.000
0.1291E-01	0.000
0.1327E-01	0.000
0.1366E-01	0.000
0.1408E-01	0.000
0.1450E-01	0.000
0.1495E-01	0.000
0.1542E-01	0.000
0.1593E-01	0.000
0.1648E-01	0.000
0.1705E-01	0.000
0.1766E-01	0.000
0.1829E-01	0.000
0.1896E-01	0.000
0.1965E-01	0.000
0.2040E-01	0.000
0.2121E-01	0.000
0.2208E-01	0.000
0.2300E-01	0.000
0.2397E-01	0.000
0.2498E-01	0.000
0.2603E-01	0.000
0.2718E-01	0.000
0.2845E-01	0.000
0.2981E-01	0.000
0.3122E-01	0.000
0.3270E-01	0.000
0.3425E-01	0.000
0.3600E-01	0.000
0.3782E-01	0.000
0.3982E-01	0.000
0.4198E-01	0.000
0.4426E-01	0.000
0.4665E-01	0.000
0.4921E-01	0.000
0.5208E-01	0.000
0.5515E-01	0.000
0.5836E-01	0.000
0.6181E-01	0.000
0.6565E-01	0.000
0.6976E-01	0.000
0.7409E-01	0.000
0.7891E-01	0.000
0.8394E-01	0.000
0.8947E-01	0.000
0.9548E-01	0.000
0.1018	0.000
0.1087	0.000
0.1161	0.000
0.1240	0.000
0.1325	0.000
0.1415	0.000
0.1511	0.000
0.1613	0.000
0.1720	0.000
0.1834	0.000
0.1953	0.000
0.2079	0.000
0.2211	0.000
0.2349	0.000
0.2493	0.000
0.2643	0.000
0.2800	0.000
0.2964	0.000
0.3134	0.000
0.3312	0.000
0.3497	0.000
0.3689	0.000
0.3890	0.000
0.4098	0.000
0.4316	0.000
0.4543	0.000
0.4779	0.000
0.5026	0.000
0.5284	0.000
0.5554	0.000
0.5837	0.000
0.6134	0.000
0.6445	0.000
0.6771	0.000
0.7115	0.000
0.7477	0.000
0.7859	0.000
0.8262	0.000
0.8689	0.000
0.9140	0.000
0.9619	0.000
1.013	0.000
1.067	0.000
1.124	0.000
1.185	0.000
1.250	0.000
1.320	0.000
1.394	0.000
1.473	0.000
1.558	0.000
1.648	0.000
1.744	0.2548E-38
1.847	0.1135E-36
1.957	0.1981E-35
2.074	0.2952E-34
2.198	0.3795E-33
2.331	0.4190E-32
2.471	0.3986E-31
2.621	0.3299E-30
2.780	0.2376E-29
2.949	0.1514E-28
3.131	0.8625E-28
3.329	0.4476E-27
3.546	0.1973E-26
3.792	0.9847E-26
4.077	0.4537E-25
4.423	0.2133E-24
4.866	0.1088E-23
5.488	0.6595E-23
6.492	0.5599E-22
8.431	0.8121E-21
12.35	0.1526E-19
18.34	0.1438E-18
25.77	0.6456E-18
34.51	0.1862E-17
44.70	0.4141E-17
56.56	0.7784E-17
70.24	0.1301E-16
85.86	0.1991E-16
103.4	0.2845E-16
122.9	0.3856E-16
144.3	0.5005E-16
167.5	0.6272E-16
192.3	0.7635E-16
218.7	0.9074E-16
246.5	0.1057E-15
275.7	0.1212E-15
306.1	0.1369E-15
337.8	0.1529E-15
370.6	0.1689E-15
404.6	0.1850E-15
439.5	0.2010E-15
475.6	0.2170E-15
512.8	0.2328E-15
550.9	0.2485E-15
590.2	0.2640E-15
630.4	0.2792E-15
671.6	0.2942E-15
713.6	0.3088E-15
756.8	0.3232E-15
801.0	0.3372E-15
846.2	0.3509E-15
892.4	0.3642E-15
939.5	0.3771E-15
987.8	0.3896E-15
1037.	0.4017E-15
1087.	0.4133E-15
1139.	0.4245E-15
1191.	0.4352E-15
1245.	0.4455E-15
1299.	0.4554E-15
1355.	0.4647E-15
1412.	0.4736E-15
1470.	0.4820E-15
1529.	0.4900E-15
1589.	0.4974E-15
1651.	0.5044E-15
1713.	0.5109E-15
1777.	0.5169E-15
1842.	0.5225E-15
1909.	0.5276E-15
1976.	0.5322E-15
2045.	0.5364E-15
2116.	0.5401E-15
2187.	0.5434E-15
2260.	0.5462E-15
2334.	0.5486E-15
2410.	0.5505E-15
2487.	0.5521E-15
2565.	0.5532E-15
2645.	0.5539E-15
2726.	0.5542E-15
2808.	0.5542E-15
2892.	0.5538E-15
2978.	0.5530E-15
3065.	0.5519E-15
3153.	0.5504E-15
3243.	0.5486E-15
3334.	0.5465E-15
3427.	0.5440E-15
3522.	0.5413E-15
3617.	0.5383E-15
3715.	0.5350E-15
3814.	0.5315E-15
3914.	0.5277E-15
4017.	0.5237E-15
4120.	0.5194E-15
4225.	0.5150E-15
4332.	0.5104E-15
4441.	0.5055E-15
4551.	0.5005E-15
4662.	0.4953E-15
4775.	0.4900E-15
 
 
C18   Ar    Excitation    13.90 eV                              
E/N (Td)	Rate coefficient (m3/s)
0.1256E-01	0.000
0.1291E-01	0.000
0.1327E-01	0.000
0.1366E-01	0.000
0.1408E-01	0.000
0.1450E-01	0.000
0.1495E-01	0.000
0.1542E-01	0.000
0.1593E-01	0.000
0.1648E-01	0.000
0.1705E-01	0.000
0.1766E-01	0.000
0.1829E-01	0.000
0.1896E-01	0.000
0.1965E-01	0.000
0.2040E-01	0.000
0.2121E-01	0.000
0.2208E-01	0.000
0.2300E-01	0.000
0.2397E-01	0.000
0.2498E-01	0.000
0.2603E-01	0.000
0.2718E-01	0.000
0.2845E-01	0.000
0.2981E-01	0.000
0.3122E-01	0.000
0.3270E-01	0.000
0.3425E-01	0.000
0.3600E-01	0.000
0.3782E-01	0.000
0.3982E-01	0.000
0.4198E-01	0.000
0.4426E-01	0.000
0.4665E-01	0.000
0.4921E-01	0.000
0.5208E-01	0.000
0.5515E-01	0.000
0.5836E-01	0.000
0.6181E-01	0.000
0.6565E-01	0.000
0.6976E-01	0.000
0.7409E-01	0.000
0.7891E-01	0.000
0.8394E-01	0.000
0.8947E-01	0.000
0.9548E-01	0.000
0.1018	0.000
0.1087	0.000
0.1161	0.000
0.1240	0.000
0.1325	0.000
0.1415	0.000
0.1511	0.000
0.1613	0.000
0.1720	0.000
0.1834	0.000
0.1953	0.000
0.2079	0.000
0.2211	0.000
0.2349	0.000
0.2493	0.000
0.2643	0.000
0.2800	0.000
0.2964	0.000
0.3134	0.000
0.3312	0.000
0.3497	0.000
0.3689	0.000
0.3890	0.000
0.4098	0.000
0.4316	0.000
0.4543	0.000
0.4779	0.000
0.5026	0.000
0.5284	0.000
0.5554	0.000
0.5837	0.000
0.6134	0.000
0.6445	0.000
0.6771	0.000
0.7115	0.000
0.7477	0.000
0.7859	0.000
0.8262	0.000
0.8689	0.000
0.9140	0.000
0.9619	0.000
1.013	0.000
1.067	0.000
1.124	0.000
1.185	0.000
1.250	0.000
1.320	0.000
1.394	0.000
1.473	0.000
1.558	0.000
1.648	0.000
1.744	0.2280E-39
1.847	0.3138E-37
1.957	0.5658E-36
2.074	0.8695E-35
2.198	0.1152E-33
2.331	0.1308E-32
2.471	0.1279E-31
2.621	0.1087E-30
2.780	0.8023E-30
2.949	0.5239E-29
3.131	0.3054E-28
3.329	0.1621E-27
3.546	0.7008E-27
3.792	0.3710E-26
4.077	0.1756E-25
4.423	0.8459E-25
4.866	0.4430E-24
5.488	0.2768E-23
6.492	0.2440E-22
8.431	0.3719E-21
12.35	0.7423E-20
18.34	0.7399E-19
25.77	0.3488E-18
34.51	0.1049E-17
44.70	0.2422E-17
56.56	0.4706E-17
70.24	0.8103E-17
85.86	0.1274E-16
103.4	0.1864E-16
122.9	0.2582E-16
144.3	0.3416E-16
167.5	0.4353E-16
192.3	0.5379E-16
218.7	0.6479E-16
246.5	0.7641E-16
275.7	0.8851E-16
306.1	0.1010E-15
337.8	0.1138E-15
370.6	0.1267E-15
404.6	0.1398E-15
439.5	0.1529E-15
475.6	0.1661E-15
512.8	0.1793E-15
550.9	0.1924E-15
590.2	0.2054E-15
630.4	0.2183E-15
671.6	0.2310E-15
713.6	0.2434E-15
756.8	0.2557E-15
801.0	0.2677E-15
846.2	0.2795E-15
892.4	0.2910E-15
939.5	0.3022E-15
987.8	0.3131E-15
1037.	0.3236E-15
1087.	0.3338E-15
1139.	0.3436E-15
1191.	0.3531E-15
1245.	0.3622E-15
1299.	0.3709E-15
1355.	0.3792E-15
1412.	0.3871E-15
1470.	0.3946E-15
1529.	0.4017E-15
1589.	0.4084E-15
1651.	0.4146E-15
1713.	0.4205E-15
1777.	0.4259E-15
1842.	0.4310E-15
1909.	0.4356E-15
1976.	0.4398E-15
2045.	0.4436E-15
2116.	0.4470E-15
2187.	0.4500E-15
2260.	0.4526E-15
2334.	0.4548E-15
2410.	0.4566E-15
2487.	0.4580E-15
2565.	0.4591E-15
2645.	0.4598E-15
2726.	0.4602E-15
2808.	0.4602E-15
2892.	0.4599E-15
2978.	0.4592E-15
3065.	0.4582E-15
3153.	0.4570E-15
3243.	0.4554E-15
3334.	0.4535E-15
3427.	0.4513E-15
3522.	0.4489E-15
3617.	0.4462E-15
3715.	0.4432E-15
3814.	0.4400E-15
3914.	0.4366E-15
4017.	0.4330E-15
4120.	0.4291E-15
4225.	0.4251E-15
4332.	0.4209E-15
4441.	0.4165E-15
4551.	0.4119E-15
4662.	0.4072E-15
4775.	0.4024E-15
 
 
C19   Ar    Excitation    13.98 eV                              
E/N (Td)	Rate coefficient (m3/s)
0.1256E-01	0.000
0.1291E-01	0.000
0.1327E-01	0.000
0.1366E-01	0.000
0.1408E-01	0.000
0.1450E-01	0.000
0.1495E-01	0.000
0.1542E-01	0.000
0.1593E-01	0.000
0.1648E-01	0.000
0.1705E-01	0.000
0.1766E-01	0.000
0.1829E-01	0.000
0.1896E-01	0.000
0.1965E-01	0.000
0.2040E-01	0.000
0.2121E-01	0.000
0.2208E-01	0.000
0.2300E-01	0.000
0.2397E-01	0.000
0.2498E-01	0.000
0.2603E-01	0.000
0.2718E-01	0.000
0.2845E-01	0.000
0.2981E-01	0.000
0.3122E-01	0.000
0.3270E-01	0.000
0.3425E-01	0.000
0.3600E-01	0.000
0.3782E-01	0.000
0.3982E-01	0.000
0.4198E-01	0.000
0.4426E-01	0.000
0.4665E-01	0.000
0.4921E-01	0.000
0.5208E-01	0.000
0.5515E-01	0.000
0.5836E-01	0.000
0.6181E-01	0.000
0.6565E-01	0.000
0.6976E-01	0.000
0.7409E-01	0.000
0.7891E-01	0.000
0.8394E-01	0.000
0.8947E-01	0.000
0.9548E-01	0.000
0.1018	0.000
0.1087	0.000
0.1161	0.000
0.1240	0.000
0.1325	0.000
0.1415	0.000
0.1511	0.000
0.1613	0.000
0.1720	0.000
0.1834	0.000
0.1953	0.000
0.2079	0.000
0.2211	0.000
0.2349	0.000
0.2493	0.000
0.2643	0.000
0.2800	0.000
0.2964	0.000
0.3134	0.000
0.3312	0.000
0.3497	0.000
0.3689	0.000
0.3890	0.000
0.4098	0.000
0.4316	0.000
0.4543	0.000
0.4779	0.000
0.5026	0.000
0.5284	0.000
0.5554	0.000
0.5837	0.000
0.6134	0.000
0.6445	0.000
0.6771	0.000
0.7115	0.000
0.7477	0.000
0.7859	0.000
0.8262	0.000
0.8689	0.000
0.9140	0.000
0.9619	0.000
1.013	0.000
1.067	0.000
1.124	0.000
1.185	0.000
1.250	0.000
1.320	0.000
1.394	0.000
1.473	0.000
1.558	0.000
1.648	0.000
1.744	0.000
1.847	0.1212E-37
1.957	0.2345E-36
2.074	0.3830E-35
2.198	0.5378E-34
2.331	0.6463E-33
2.471	0.6668E-32
2.621	0.5964E-31
2.780	0.4626E-30
2.949	0.3167E-29
3.131	0.1932E-28
3.329	0.1072E-27
3.546	0.4185E-27
3.792	0.2633E-26
4.077	0.1319E-25
4.423	0.6663E-25
4.866	0.3670E-24
5.488	0.2428E-23
6.492	0.2294E-22
8.431	0.3818E-21
12.35	0.8320E-20
18.34	0.8694E-19
25.77	0.4148E-18
34.51	0.1242E-17
44.70	0.2828E-17
56.56	0.5409E-17
70.24	0.9153E-17
85.86	0.1415E-16
103.4	0.2036E-16
122.9	0.2777E-16
144.3	0.3622E-16
167.5	0.4557E-16
192.3	0.5565E-16
218.7	0.6633E-16
246.5	0.7747E-16
275.7	0.8896E-16
306.1	0.1007E-15
337.8	0.1126E-15
370.6	0.1246E-15
404.6	0.1366E-15
439.5	0.1485E-15
475.6	0.1605E-15
512.8	0.1724E-15
550.9	0.1841E-15
590.2	0.1957E-15
630.4	0.2071E-15
671.6	0.2182E-15
713.6	0.2292E-15
756.8	0.2399E-15
801.0	0.2503E-15
846.2	0.2605E-15
892.4	0.2704E-15
939.5	0.2800E-15
987.8	0.2893E-15
1037.	0.2982E-15
1087.	0.3068E-15
1139.	0.3151E-15
1191.	0.3230E-15
1245.	0.3306E-15
1299.	0.3378E-15
1355.	0.3446E-15
1412.	0.3511E-15
1470.	0.3572E-15
1529.	0.3629E-15
1589.	0.3683E-15
1651.	0.3732E-15
1713.	0.3779E-15
1777.	0.3821E-15
1842.	0.3860E-15
1909.	0.3895E-15
1976.	0.3926E-15
2045.	0.3954E-15
2116.	0.3979E-15
2187.	0.3999E-15
2260.	0.4017E-15
2334.	0.4031E-15
2410.	0.4042E-15
2487.	0.4049E-15
2565.	0.4054E-15
2645.	0.4055E-15
2726.	0.4053E-15
2808.	0.4048E-15
2892.	0.4041E-15
2978.	0.4030E-15
3065.	0.4017E-15
3153.	0.4002E-15
3243.	0.3984E-15
3334.	0.3963E-15
3427.	0.3940E-15
3522.	0.3915E-15
3617.	0.3888E-15
3715.	0.3858E-15
3814.	0.3827E-15
3914.	0.3794E-15
4017.	0.3759E-15
4120.	0.3723E-15
4225.	0.3685E-15
4332.	0.3645E-15
4441.	0.3604E-15
4551.	0.3562E-15
4662.	0.3518E-15
4775.	0.3474E-15
 
 
C20   Ar    Excitation    14.01 eV                              
E/N (Td)	Rate coefficient (m3/s)
0.1256E-01	0.000
0.1291E-01	0.000
0.1327E-01	0.000
0.1366E-01	0.000
0.1408E-01	0.000
0.1450E-01	0.000
0.1495E-01	0.000
0.1542E-01	0.000
0.1593E-01	0.000
0.1648E-01	0.000
0.1705E-01	0.000
0.1766E-01	0.000
0.1829E-01	0.000
0.1896E-01	0.000
0.1965E-01	0.000
0.2040E-01	0.000
0.2121E-01	0.000
0.2208E-01	0.000
0.2300E-01	0.000
0.2397E-01	0.000
0.2498E-01	0.000
0.2603E-01	0.000
0.2718E-01	0.000
0.2845E-01	0.000
0.2981E-01	0.000
0.3122E-01	0.000
0.3270E-01	0.000
0.3425E-01	0.000
0.3600E-01	0.000
0.3782E-01	0.000
0.3982E-01	0.000
0.4198E-01	0.000
0.4426E-01	0.000
0.4665E-01	0.000
0.4921E-01	0.000
0.5208E-01	0.000
0.5515E-01	0.000
0.5836E-01	0.000
0.6181E-01	0.000
0.6565E-01	0.000
0.6976E-01	0.000
0.7409E-01	0.000
0.7891E-01	0.000
0.8394E-01	0.000
0.8947E-01	0.000
0.9548E-01	0.000
0.1018	0.000
0.1087	0.000
0.1161	0.000
0.1240	0.000
0.1325	0.000
0.1415	0.000
0.1511	0.000
0.1613	0.000
0.1720	0.000
0.1834	0.000
0.1953	0.000
0.2079	0.000
0.2211	0.000
0.2349	0.000
0.2493	0.000
0.2643	0.000
0.2800	0.000
0.2964	0.000
0.3134	0.000
0.3312	0.000
0.3497	0.000
0.3689	0.000
0.3890	0.000
0.4098	0.000
0.4316	0.000
0.4543	0.000
0.4779	0.000
0.5026	0.000
0.5284	0.000
0.5554	0.000
0.5837	0.000
0.6134	0.000
0.6445	0.000
0.6771	0.000
0.7115	0.000
0.7477	0.000
0.7859	0.000
0.8262	0.000
0.8689	0.000
0.9140	0.000
0.9619	0.000
1.013	0.000
1.067	0.000
1.124	0.000
1.185	0.000
1.250	0.000
1.320	0.000
1.394	0.000
1.473	0.000
1.558	0.000
1.648	0.000
1.744	0.000
1.847	0.2036E-38
1.957	0.4089E-37
2.074	0.6859E-36
2.198	0.9889E-35
2.331	0.1218E-33
2.471	0.1287E-32
2.621	0.1178E-31
2.780	0.9340E-31
2.949	0.6529E-30
3.131	0.4064E-29
3.329	0.2299E-28
3.546	0.8185E-28
3.792	0.5802E-27
4.077	0.2992E-26
4.423	0.1543E-25
4.866	0.8690E-25
5.488	0.5895E-24
6.492	0.5744E-23
8.431	0.9941E-22
12.35	0.2265E-20
18.34	0.2453E-19
25.77	0.1203E-18
34.51	0.3682E-18
44.70	0.8560E-18
56.56	0.1669E-17
70.24	0.2876E-17
85.86	0.4527E-17
103.4	0.6631E-17
122.9	0.9200E-17
144.3	0.1220E-16
167.5	0.1560E-16
192.3	0.1935E-16
218.7	0.2341E-16
246.5	0.2773E-16
275.7	0.3229E-16
306.1	0.3704E-16
337.8	0.4195E-16
370.6	0.4699E-16
404.6	0.5215E-16
439.5	0.5738E-16
475.6	0.6270E-16
512.8	0.6808E-16
550.9	0.7349E-16
590.2	0.7894E-16
630.4	0.8439E-16
671.6	0.8984E-16
713.6	0.9525E-16
756.8	0.1007E-15
801.0	0.1060E-15
846.2	0.1114E-15
892.4	0.1167E-15
939.5	0.1219E-15
987.8	0.1270E-15
1037.	0.1321E-15
1087.	0.1371E-15
1139.	0.1420E-15
1191.	0.1468E-15
1245.	0.1515E-15
1299.	0.1560E-15
1355.	0.1605E-15
1412.	0.1648E-15
1470.	0.1691E-15
1529.	0.1732E-15
1589.	0.1771E-15
1651.	0.1809E-15
1713.	0.1846E-15
1777.	0.1882E-15
1842.	0.1916E-15
1909.	0.1948E-15
1976.	0.1979E-15
2045.	0.2009E-15
2116.	0.2036E-15
2187.	0.2063E-15
2260.	0.2088E-15
2334.	0.2111E-15
2410.	0.2133E-15
2487.	0.2153E-15
2565.	0.2172E-15
2645.	0.2189E-15
2726.	0.2205E-15
2808.	0.2219E-15
2892.	0.2232E-15
2978.	0.2243E-15
3065.	0.2253E-15
3153.	0.2261E-15
3243.	0.2268E-15
3334.	0.2273E-15
3427.	0.2277E-15
3522.	0.2280E-15
3617.	0.2281E-15
3715.	0.2281E-15
3814.	0.2279E-15
3914.	0.2277E-15
4017.	0.2273E-15
4120.	0.2268E-15
4225.	0.2261E-15
4332.	0.2254E-15
4441.	0.2245E-15
4551.	0.2236E-15
4662.	0.2225E-15
4775.	0.2213E-15
 
 
C21   Ar    Excitation    14.06 eV                              
E/N (Td)	Rate coefficient (m3/s)
0.1256E-01	0.000
0.1291E-01	0.000
0.1327E-01	0.000
0.1366E-01	0.000
0.1408E-01	0.000
0.1450E-01	0.000
0.1495E-01	0.000
0.1542E-01	0.000
0.1593E-01	0.000
0.1648E-01	0.000
0.1705E-01	0.000
0.1766E-01	0.000
0.1829E-01	0.000
0.1896E-01	0.000
0.1965E-01	0.000
0.2040E-01	0.000
0.2121E-01	0.000
0.2208E-01	0.000
0.2300E-01	0.000
0.2397E-01	0.000
0.2498E-01	0.000
0.2603E-01	0.000
0.2718E-01	0.000
0.2845E-01	0.000
0.2981E-01	0.000
0.3122E-01	0.000
0.3270E-01	0.000
0.3425E-01	0.000
0.3600E-01	0.000
0.3782E-01	0.000
0.3982E-01	0.000
0.4198E-01	0.000
0.4426E-01	0.000
0.4665E-01	0.000
0.4921E-01	0.000
0.5208E-01	0.000
0.5515E-01	0.000
0.5836E-01	0.000
0.6181E-01	0.000
0.6565E-01	0.000
0.6976E-01	0.000
0.7409E-01	0.000
0.7891E-01	0.000
0.8394E-01	0.000
0.8947E-01	0.000
0.9548E-01	0.000
0.1018	0.000
0.1087	0.000
0.1161	0.000
0.1240	0.000
0.1325	0.000
0.1415	0.000
0.1511	0.000
0.1613	0.000
0.1720	0.000
0.1834	0.000
0.1953	0.000
0.2079	0.000
0.2211	0.000
0.2349	0.000
0.2493	0.000
0.2643	0.000
0.2800	0.000
0.2964	0.000
0.3134	0.000
0.3312	0.000
0.3497	0.000
0.3689	0.000
0.3890	0.000
0.4098	0.000
0.4316	0.000
0.4543	0.000
0.4779	0.000
0.5026	0.000
0.5284	0.000
0.5554	0.000
0.5837	0.000
0.6134	0.000
0.6445	0.000
0.6771	0.000
0.7115	0.000
0.7477	0.000
0.7859	0.000
0.8262	0.000
0.8689	0.000
0.9140	0.000
0.9619	0.000
1.013	0.000
1.067	0.000
1.124	0.000
1.185	0.000
1.250	0.000
1.320	0.000
1.394	0.000
1.473	0.000
1.558	0.000
1.648	0.000
1.744	0.000
1.847	0.8428E-39
1.957	0.1814E-37
2.074	0.3169E-36
2.198	0.4749E-35
2.331	0.6073E-34
2.471	0.6649E-33
2.621	0.6295E-32
2.780	0.5154E-31
2.949	0.3717E-30
3.131	0.2384E-29
3.329	0.1388E-28
3.546	0.3862E-28
3.792	0.3619E-27
4.077	0.1962E-26
4.423	0.1044E-25
4.866	0.6080E-25
5.488	0.4282E-24
6.492	0.4367E-23
8.431	0.8013E-22
12.35	0.1949E-20
18.34	0.2223E-19
25.77	0.1132E-18
34.51	0.3571E-18
44.70	0.8509E-18
56.56	0.1693E-17
70.24	0.2970E-17
85.86	0.4742E-17
103.4	0.7027E-17
122.9	0.9842E-17
144.3	0.1315E-16
167.5	0.1691E-16
192.3	0.2107E-16
218.7	0.2559E-16
246.5	0.3040E-16
275.7	0.3546E-16
306.1	0.4072E-16
337.8	0.4615E-16
370.6	0.5172E-16
404.6	0.5739E-16
439.5	0.6311E-16
475.6	0.6891E-16
512.8	0.7476E-16
550.9	0.8060E-16
590.2	0.8646E-16
630.4	0.9228E-16
671.6	0.9807E-16
713.6	0.1038E-15
756.8	0.1095E-15
801.0	0.1151E-15
846.2	0.1206E-15
892.4	0.1260E-15
939.5	0.1314E-15
987.8	0.1366E-15
1037.	0.1417E-15
1087.	0.1466E-15
1139.	0.1515E-15
1191.	0.1562E-15
1245.	0.1607E-15
1299.	0.1651E-15
1355.	0.1694E-15
1412.	0.1735E-15
1470.	0.1774E-15
1529.	0.1812E-15
1589.	0.1847E-15
1651.	0.1882E-15
1713.	0.1914E-15
1777.	0.1945E-15
1842.	0.1974E-15
1909.	0.2001E-15
1976.	0.2027E-15
2045.	0.2050E-15
2116.	0.2072E-15
2187.	0.2093E-15
2260.	0.2111E-15
2334.	0.2128E-15
2410.	0.2143E-15
2487.	0.2156E-15
2565.	0.2168E-15
2645.	0.2178E-15
2726.	0.2186E-15
2808.	0.2193E-15
2892.	0.2198E-15
2978.	0.2202E-15
3065.	0.2204E-15
3153.	0.2205E-15
3243.	0.2204E-15
3334.	0.2202E-15
3427.	0.2198E-15
3522.	0.2194E-15
3617.	0.2187E-15
3715.	0.2180E-15
3814.	0.2171E-15
3914.	0.2162E-15
4017.	0.2151E-15
4120.	0.2139E-15
4225.	0.2126E-15
4332.	0.2112E-15
4441.	0.2097E-15
4551.	0.2081E-15
4662.	0.2064E-15
4775.	0.2047E-15
 
 
C22   Ar    Excitation    14.07 eV                              
E/N (Td)	Rate coefficient (m3/s)
0.1256E-01	0.000
0.1291E-01	0.000
0.1327E-01	0.000
0.1366E-01	0.000
0.1408E-01	0.000
0.1450E-01	0.000
0.1495E-01	0.000
0.1542E-01	0.000
0.1593E-01	0.000
0.1648E-01	0.000
0.1705E-01	0.000
0.1766E-01	0.000
0.1829E-01	0.000
0.1896E-01	0.000
0.1965E-01	0.000
0.2040E-01	0.000
0.2121E-01	0.000
0.2208E-01	0.000
0.2300E-01	0.000
0.2397E-01	0.000
0.2498E-01	0.000
0.2603E-01	0.000
0.2718E-01	0.000
0.2845E-01	0.000
0.2981E-01	0.000
0.3122E-01	0.000
0.3270E-01	0.000
0.3425E-01	0.000
0.3600E-01	0.000
0.3782E-01	0.000
0.3982E-01	0.000
0.4198E-01	0.000
0.4426E-01	0.000
0.4665E-01	0.000
0.4921E-01	0.000
0.5208E-01	0.000
0.5515E-01	0.000
0.5836E-01	0.000
0.6181E-01	0.000
0.6565E-01	0.000
0.6976E-01	0.000
0.7409E-01	0.000
0.7891E-01	0.000
0.8394E-01	0.000
0.8947E-01	0.000
0.9548E-01	0.000
0.1018	0.000
0.1087	0.000
0.1161	0.000
0.1240	0.000
0.1325	0.000
0.1415	0.000
0.1511	0.000
0.1613	0.000
0.1720	0.000
0.1834	0.000
0.1953	0.000
0.2079	0.000
0.2211	0.000
0.2349	0.000
0.2493	0.000
0.2643	0.000
0.2800	0.000
0.2964	0.000
0.3134	0.000
0.3312	0.000
0.3497	0.000
0.3689	0.000
0.3890	0.000
0.4098	0.000
0.4316	0.000
0.4543	0.000
0.4779	0.000
0.5026	0.000
0.5284	0.000
0.5554	0.000
0.5837	0.000
0.6134	0.000
0.6445	0.000
0.6771	0.000
0.7115	0.000
0.7477	0.000
0.7859	0.000
0.8262	0.000
0.8689	0.000
0.9140	0.000
0.9619	0.000
1.013	0.000
1.067	0.000
1.124	0.000
1.185	0.000
1.250	0.000
1.320	0.000
1.394	0.000
1.473	0.000
1.558	0.000
1.648	0.000
1.744	0.000
1.847	0.7738E-39
1.957	0.1679E-37
2.074	0.2947E-36
2.198	0.4433E-35
2.331	0.5690E-34
2.471	0.6252E-33
2.621	0.5939E-32
2.780	0.4879E-31
2.949	0.3530E-30
3.131	0.2270E-29
3.329	0.1326E-28
3.546	0.3559E-28
3.792	0.3467E-27
4.077	0.1890E-26
4.423	0.1009E-25
4.866	0.5894E-25
5.488	0.4167E-24
6.492	0.4270E-23
8.431	0.7879E-22
12.35	0.1928E-20
18.34	0.2209E-19
25.77	0.1128E-18
34.51	0.3561E-18
44.70	0.8492E-18
56.56	0.1691E-17
70.24	0.2966E-17
85.86	0.4737E-17
103.4	0.7021E-17
122.9	0.9836E-17
144.3	0.1314E-16
167.5	0.1691E-16
192.3	0.2107E-16
218.7	0.2558E-16
246.5	0.3039E-16
275.7	0.3545E-16
306.1	0.4071E-16
337.8	0.4614E-16
370.6	0.5171E-16
404.6	0.5738E-16
439.5	0.6310E-16
475.6	0.6890E-16
512.8	0.7475E-16
550.9	0.8059E-16
590.2	0.8645E-16
630.4	0.9226E-16
671.6	0.9805E-16
713.6	0.1038E-15
756.8	0.1095E-15
801.0	0.1151E-15
846.2	0.1206E-15
892.4	0.1260E-15
939.5	0.1313E-15
987.8	0.1366E-15
1037.	0.1417E-15
1087.	0.1466E-15
1139.	0.1515E-15
1191.	0.1562E-15
1245.	0.1607E-15
1299.	0.1651E-15
1355.	0.1694E-15
1412.	0.1735E-15
1470.	0.1774E-15
1529.	0.1811E-15
1589.	0.1847E-15
1651.	0.1882E-15
1713.	0.1914E-15
1777.	0.1945E-15
1842.	0.1974E-15
1909.	0.2001E-15
1976.	0.2027E-15
2045.	0.2050E-15
2116.	0.2072E-15
2187.	0.2093E-15
2260.	0.2111E-15
2334.	0.2128E-15
2410.	0.2143E-15
2487.	0.2156E-15
2565.	0.2168E-15
2645.	0.2178E-15
2726.	0.2186E-15
2808.	0.2193E-15
2892.	0.2198E-15
2978.	0.2202E-15
3065.	0.2204E-15
3153.	0.2205E-15
3243.	0.2204E-15
3334.	0.2202E-15
3427.	0.2198E-15
3522.	0.2194E-15
3617.	0.2187E-15
3715.	0.2180E-15
3814.	0.2171E-15
3914.	0.2162E-15
4017.	0.2151E-15
4120.	0.2139E-15
4225.	0.2126E-15
4332.	0.2112E-15
4441.	0.2097E-15
4551.	0.2081E-15
4662.	0.2064E-15
4775.	0.2047E-15
 
 
C23   Ar    Excitation    14.09 eV                              
E/N (Td)	Rate coefficient (m3/s)
0.1256E-01	0.000
0.1291E-01	0.000
0.1327E-01	0.000
0.1366E-01	0.000
0.1408E-01	0.000
0.1450E-01	0.000
0.1495E-01	0.000
0.1542E-01	0.000
0.1593E-01	0.000
0.1648E-01	0.000
0.1705E-01	0.000
0.1766E-01	0.000
0.1829E-01	0.000
0.1896E-01	0.000
0.1965E-01	0.000
0.2040E-01	0.000
0.2121E-01	0.000
0.2208E-01	0.000
0.2300E-01	0.000
0.2397E-01	0.000
0.2498E-01	0.000
0.2603E-01	0.000
0.2718E-01	0.000
0.2845E-01	0.000
0.2981E-01	0.000
0.3122E-01	0.000
0.3270E-01	0.000
0.3425E-01	0.000
0.3600E-01	0.000
0.3782E-01	0.000
0.3982E-01	0.000
0.4198E-01	0.000
0.4426E-01	0.000
0.4665E-01	0.000
0.4921E-01	0.000
0.5208E-01	0.000
0.5515E-01	0.000
0.5836E-01	0.000
0.6181E-01	0.000
0.6565E-01	0.000
0.6976E-01	0.000
0.7409E-01	0.000
0.7891E-01	0.000
0.8394E-01	0.000
0.8947E-01	0.000
0.9548E-01	0.000
0.1018	0.000
0.1087	0.000
0.1161	0.000
0.1240	0.000
0.1325	0.000
0.1415	0.000
0.1511	0.000
0.1613	0.000
0.1720	0.000
0.1834	0.000
0.1953	0.000
0.2079	0.000
0.2211	0.000
0.2349	0.000
0.2493	0.000
0.2643	0.000
0.2800	0.000
0.2964	0.000
0.3134	0.000
0.3312	0.000
0.3497	0.000
0.3689	0.000
0.3890	0.000
0.4098	0.000
0.4316	0.000
0.4543	0.000
0.4779	0.000
0.5026	0.000
0.5284	0.000
0.5554	0.000
0.5837	0.000
0.6134	0.000
0.6445	0.000
0.6771	0.000
0.7115	0.000
0.7477	0.000
0.7859	0.000
0.8262	0.000
0.8689	0.000
0.9140	0.000
0.9619	0.000
1.013	0.000
1.067	0.000
1.124	0.000
1.185	0.000
1.250	0.000
1.320	0.000
1.394	0.000
1.473	0.000
1.558	0.000
1.648	0.000
1.744	0.000
1.847	0.3044E-41
1.957	0.8827E-40
2.074	0.1661E-38
2.198	0.2671E-37
2.331	0.3660E-36
2.471	0.4292E-35
2.621	0.4350E-34
2.780	0.3811E-33
2.949	0.2939E-32
3.131	0.2016E-31
3.329	0.1256E-30
3.546	0.1029E-30
3.792	0.3036E-29
4.077	0.2134E-28
4.423	0.1264E-27
4.866	0.8169E-27
5.488	0.6509E-26
6.492	0.7818E-25
8.431	0.1830E-23
12.35	0.6216E-22
18.34	0.9780E-21
25.77	0.6443E-20
34.51	0.2504E-19
44.70	0.7127E-19
56.56	0.1660E-18
70.24	0.3359E-18
85.86	0.6118E-18
103.4	0.1024E-17
122.9	0.1606E-17
144.3	0.2383E-17
167.5	0.3381E-17
192.3	0.4616E-17
218.7	0.6103E-17
246.5	0.7855E-17
275.7	0.9877E-17
306.1	0.1218E-16
337.8	0.1476E-16
370.6	0.1762E-16
404.6	0.2078E-16
439.5	0.2420E-16
475.6	0.2793E-16
512.8	0.3196E-16
550.9	0.3625E-16
590.2	0.4086E-16
630.4	0.4573E-16
671.6	0.5089E-16
713.6	0.5632E-16
756.8	0.6204E-16
801.0	0.6804E-16
846.2	0.7431E-16
892.4	0.8086E-16
939.5	0.8767E-16
987.8	0.9474E-16
1037.	0.1021E-15
1087.	0.1097E-15
1139.	0.1175E-15
1191.	0.1256E-15
1245.	0.1339E-15
1299.	0.1425E-15
1355.	0.1513E-15
1412.	0.1603E-15
1470.	0.1696E-15
1529.	0.1790E-15
1589.	0.1887E-15
1651.	0.1986E-15
1713.	0.2086E-15
1777.	0.2189E-15
1842.	0.2293E-15
1909.	0.2399E-15
1976.	0.2507E-15
2045.	0.2616E-15
2116.	0.2727E-15
2187.	0.2840E-15
2260.	0.2953E-15
2334.	0.3068E-15
2410.	0.3185E-15
2487.	0.3302E-15
2565.	0.3421E-15
2645.	0.3540E-15
2726.	0.3661E-15
2808.	0.3782E-15
2892.	0.3904E-15
2978.	0.4027E-15
3065.	0.4150E-15
3153.	0.4274E-15
3243.	0.4399E-15
3334.	0.4523E-15
3427.	0.4648E-15
3522.	0.4773E-15
3617.	0.4898E-15
3715.	0.5023E-15
3814.	0.5149E-15
3914.	0.5274E-15
4017.	0.5398E-15
4120.	0.5523E-15
4225.	0.5647E-15
4332.	0.5770E-15
4441.	0.5894E-15
4551.	0.6016E-15
4662.	0.6138E-15
4775.	0.6259E-15
 
 
C24   Ar    Excitation    14.10 eV                              
E/N (Td)	Rate coefficient (m3/s)
0.1256E-01	0.000
0.1291E-01	0.000
0.1327E-01	0.000
0.1366E-01	0.000
0.1408E-01	0.000
0.1450E-01	0.000
0.1495E-01	0.000
0.1542E-01	0.000
0.1593E-01	0.000
0.1648E-01	0.000
0.1705E-01	0.000
0.1766E-01	0.000
0.1829E-01	0.000
0.1896E-01	0.000
0.1965E-01	0.000
0.2040E-01	0.000
0.2121E-01	0.000
0.2208E-01	0.000
0.2300E-01	0.000
0.2397E-01	0.000
0.2498E-01	0.000
0.2603E-01	0.000
0.2718E-01	0.000
0.2845E-01	0.000
0.2981E-01	0.000
0.3122E-01	0.000
0.3270E-01	0.000
0.3425E-01	0.000
0.3600E-01	0.000
0.3782E-01	0.000
0.3982E-01	0.000
0.4198E-01	0.000
0.4426E-01	0.000
0.4665E-01	0.000
0.4921E-01	0.000
0.5208E-01	0.000
0.5515E-01	0.000
0.5836E-01	0.000
0.6181E-01	0.000
0.6565E-01	0.000
0.6976E-01	0.000
0.7409E-01	0.000
0.7891E-01	0.000
0.8394E-01	0.000
0.8947E-01	0.000
0.9548E-01	0.000
0.1018	0.000
0.1087	0.000
0.1161	0.000
0.1240	0.000
0.1325	0.000
0.1415	0.000
0.1511	0.000
0.1613	0.000
0.1720	0.000
0.1834	0.000
0.1953	0.000
0.2079	0.000
0.2211	0.000
0.2349	0.000
0.2493	0.000
0.2643	0.000
0.2800	0.000
0.2964	0.000
0.3134	0.000
0.3312	0.000
0.3497	0.000
0.3689	0.000
0.3890	0.000
0.4098	0.000
0.4316	0.000
0.4543	0.000
0.4779	0.000
0.5026	0.000
0.5284	0.000
0.5554	0.000
0.5837	0.000
0.6134	0.000
0.6445	0.000
0.6771	0.000
0.7115	0.000
0.7477	0.000
0.7859	0.000
0.8262	0.000
0.8689	0.000
0.9140	0.000
0.9619	0.000
1.013	0.000
1.067	0.000
1.124	0.000
1.185	0.000
1.250	0.000
1.320	0.000
1.394	0.000
1.473	0.000
1.558	0.000
1.648	0.000
1.744	0.000
1.847	0.5999E-40
1.957	0.1388E-38
2.074	0.2497E-37
2.198	0.3851E-36
2.331	0.5059E-35
2.471	0.5683E-34
2.621	0.5515E-33
2.780	0.4625E-32
2.949	0.3412E-31
3.131	0.2236E-30
3.329	0.1329E-29
3.546	0.2651E-29
3.792	0.3521E-28
4.077	0.1995E-27
4.423	0.1087E-26
4.866	0.6484E-26
5.488	0.4695E-25
6.492	0.4954E-24
8.431	0.9510E-23
12.35	0.2447E-21
18.34	0.2951E-20
25.77	0.1575E-19
34.51	0.5176E-19
44.70	0.1280E-18
56.56	0.2640E-18
70.24	0.4794E-18
85.86	0.7926E-18
103.4	0.1215E-17
122.9	0.1760E-17
144.3	0.2428E-17
167.5	0.3221E-17
192.3	0.4133E-17
218.7	0.5160E-17
246.5	0.6295E-17
275.7	0.7532E-17
306.1	0.8863E-17
337.8	0.1028E-16
370.6	0.1178E-16
404.6	0.1336E-16
439.5	0.1499E-16
475.6	0.1670E-16
512.8	0.1848E-16
550.9	0.2030E-16
590.2	0.2218E-16
630.4	0.2410E-16
671.6	0.2606E-16
713.6	0.2806E-16
756.8	0.3009E-16
801.0	0.3215E-16
846.2	0.3425E-16
892.4	0.3636E-16
939.5	0.3849E-16
987.8	0.4064E-16
1037.	0.4280E-16
1087.	0.4497E-16
1139.	0.4715E-16
1191.	0.4932E-16
1245.	0.5150E-16
1299.	0.5367E-16
1355.	0.5584E-16
1412.	0.5800E-16
1470.	0.6015E-16
1529.	0.6228E-16
1589.	0.6439E-16
1651.	0.6649E-16
1713.	0.6856E-16
1777.	0.7061E-16
1842.	0.7264E-16
1909.	0.7463E-16
1976.	0.7660E-16
2045.	0.7853E-16
2116.	0.8043E-16
2187.	0.8230E-16
2260.	0.8413E-16
2334.	0.8592E-16
2410.	0.8766E-16
2487.	0.8937E-16
2565.	0.9104E-16
2645.	0.9266E-16
2726.	0.9423E-16
2808.	0.9576E-16
2892.	0.9725E-16
2978.	0.9868E-16
3065.	0.1001E-15
3153.	0.1014E-15
3243.	0.1027E-15
3334.	0.1039E-15
3427.	0.1051E-15
3522.	0.1063E-15
3617.	0.1073E-15
3715.	0.1084E-15
3814.	0.1094E-15
3914.	0.1103E-15
4017.	0.1112E-15
4120.	0.1120E-15
4225.	0.1128E-15
4332.	0.1135E-15
4441.	0.1142E-15
4551.	0.1148E-15
4662.	0.1154E-15
4775.	0.1160E-15
 
 
C25   Ar    Excitation    14.15 eV                              
E/N (Td)	Rate coefficient (m3/s)
0.1256E-01	0.000
0.1291E-01	0.000
0.1327E-01	0.000
0.1366E-01	0.000
0.1408E-01	0.000
0.1450E-01	0.000
0.1495E-01	0.000
0.1542E-01	0.000
0.1593E-01	0.000
0.1648E-01	0.000
0.1705E-01	0.000
0.1766E-01	0.000
0.1829E-01	0.000
0.1896E-01	0.000
0.1965E-01	0.000
0.2040E-01	0.000
0.2121E-01	0.000
0.2208E-01	0.000
0.2300E-01	0.000
0.2397E-01	0.000
0.2498E-01	0.000
0.2603E-01	0.000
0.2718E-01	0.000
0.2845E-01	0.000
0.2981E-01	0.000
0.3122E-01	0.000
0.3270E-01	0.000
0.3425E-01	0.000
0.3600E-01	0.000
0.3782E-01	0.000
0.3982E-01	0.000
0.4198E-01	0.000
0.4426E-01	0.000
0.4665E-01	0.000
0.4921E-01	0.000
0.5208E-01	0.000
0.5515E-01	0.000
0.5836E-01	0.000
0.6181E-01	0.000
0.6565E-01	0.000
0.6976E-01	0.000
0.7409E-01	0.000
0.7891E-01	0.000
0.8394E-01	0.000
0.8947E-01	0.000
0.9548E-01	0.000
0.1018	0.000
0.1087	0.000
0.1161	0.000
0.1240	0.000
0.1325	0.000
0.1415	0.000
0.1511	0.000
0.1613	0.000
0.1720	0.000
0.1834	0.000
0.1953	0.000
0.2079	0.000
0.2211	0.000
0.2349	0.000
0.2493	0.000
0.2643	0.000
0.2800	0.000
0.2964	0.000
0.3134	0.000
0.3312	0.000
0.3497	0.000
0.3689	0.000
0.3890	0.000
0.4098	0.000
0.4316	0.000
0.4543	0.000
0.4779	0.000
0.5026	0.000
0.5284	0.000
0.5554	0.000
0.5837	0.000
0.6134	0.000
0.6445	0.000
0.6771	0.000
0.7115	0.000
0.7477	0.000
0.7859	0.000
0.8262	0.000
0.8689	0.000
0.9140	0.000
0.9619	0.000
1.013	0.000
1.067	0.000
1.124	0.000
1.185	0.000
1.250	0.000
1.320	0.000
1.394	0.000
1.473	0.000
1.558	0.000
1.648	0.000
1.744	0.000
1.847	0.1817E-41
1.957	0.8523E-40
2.074	0.1703E-38
2.198	0.2880E-37
2.331	0.4140E-36
2.471	0.5081E-35
2.621	0.5381E-34
2.780	0.4915E-33
2.949	0.3947E-32
3.131	0.2813E-31
3.329	0.1820E-30
3.546	0.2061E-31
3.792	0.3960E-29
4.077	0.3373E-28
4.423	0.2111E-27
4.866	0.1431E-26
5.488	0.1199E-25
6.492	0.1529E-24
8.431	0.3863E-23
12.35	0.1427E-21
18.34	0.2384E-20
25.77	0.1629E-19
34.51	0.6485E-19
44.70	0.1877E-18
56.56	0.4427E-18
70.24	0.9043E-18
85.86	0.1660E-17
103.4	0.2794E-17
122.9	0.4404E-17
144.3	0.6564E-17
167.5	0.9344E-17
192.3	0.1279E-16
218.7	0.1696E-16
246.5	0.2187E-16
275.7	0.2755E-16
306.1	0.3401E-16
337.8	0.4128E-16
370.6	0.4936E-16
404.6	0.5825E-16
439.5	0.6792E-16
475.6	0.7846E-16
512.8	0.8984E-16
550.9	0.1020E-15
590.2	0.1150E-15
630.4	0.1288E-15
671.6	0.1435E-15
713.6	0.1588E-15
756.8	0.1751E-15
801.0	0.1921E-15
846.2	0.2099E-15
892.4	0.2285E-15
939.5	0.2478E-15
987.8	0.2679E-15
1037.	0.2887E-15
1087.	0.3103E-15
1139.	0.3326E-15
1191.	0.3556E-15
1245.	0.3793E-15
1299.	0.4037E-15
1355.	0.4287E-15
1412.	0.4544E-15
1470.	0.4807E-15
1529.	0.5076E-15
1589.	0.5351E-15
1651.	0.5633E-15
1713.	0.5919E-15
1777.	0.6211E-15
1842.	0.6508E-15
1909.	0.6811E-15
1976.	0.7118E-15
2045.	0.7430E-15
2116.	0.7746E-15
2187.	0.8067E-15
2260.	0.8391E-15
2334.	0.8719E-15
2410.	0.9051E-15
2487.	0.9386E-15
2565.	0.9725E-15
2645.	0.1007E-14
2726.	0.1041E-14
2808.	0.1076E-14
2892.	0.1110E-14
2978.	0.1145E-14
3065.	0.1181E-14
3153.	0.1216E-14
3243.	0.1252E-14
3334.	0.1287E-14
3427.	0.1323E-14
3522.	0.1359E-14
3617.	0.1394E-14
3715.	0.1430E-14
3814.	0.1466E-14
3914.	0.1502E-14
4017.	0.1537E-14
4120.	0.1573E-14
4225.	0.1608E-14
4332.	0.1644E-14
4441.	0.1679E-14
4551.	0.1714E-14
4662.	0.1749E-14
4775.	0.1784E-14
 
 
C26   Ar    Excitation    14.21 eV                              
E/N (Td)	Rate coefficient (m3/s)
0.1256E-01	0.000
0.1291E-01	0.000
0.1327E-01	0.000
0.1366E-01	0.000
0.1408E-01	0.000
0.1450E-01	0.000
0.1495E-01	0.000
0.1542E-01	0.000
0.1593E-01	0.000
0.1648E-01	0.000
0.1705E-01	0.000
0.1766E-01	0.000
0.1829E-01	0.000
0.1896E-01	0.000
0.1965E-01	0.000
0.2040E-01	0.000
0.2121E-01	0.000
0.2208E-01	0.000
0.2300E-01	0.000
0.2397E-01	0.000
0.2498E-01	0.000
0.2603E-01	0.000
0.2718E-01	0.000
0.2845E-01	0.000
0.2981E-01	0.000
0.3122E-01	0.000
0.3270E-01	0.000
0.3425E-01	0.000
0.3600E-01	0.000
0.3782E-01	0.000
0.3982E-01	0.000
0.4198E-01	0.000
0.4426E-01	0.000
0.4665E-01	0.000
0.4921E-01	0.000
0.5208E-01	0.000
0.5515E-01	0.000
0.5836E-01	0.000
0.6181E-01	0.000
0.6565E-01	0.000
0.6976E-01	0.000
0.7409E-01	0.000
0.7891E-01	0.000
0.8394E-01	0.000
0.8947E-01	0.000
0.9548E-01	0.000
0.1018	0.000
0.1087	0.000
0.1161	0.000
0.1240	0.000
0.1325	0.000
0.1415	0.000
0.1511	0.000
0.1613	0.000
0.1720	0.000
0.1834	0.000
0.1953	0.000
0.2079	0.000
0.2211	0.000
0.2349	0.000
0.2493	0.000
0.2643	0.000
0.2800	0.000
0.2964	0.000
0.3134	0.000
0.3312	0.000
0.3497	0.000
0.3689	0.000
0.3890	0.000
0.4098	0.000
0.4316	0.000
0.4543	0.000
0.4779	0.000
0.5026	0.000
0.5284	0.000
0.5554	0.000
0.5837	0.000
0.6134	0.000
0.6445	0.000
0.6771	0.000
0.7115	0.000
0.7477	0.000
0.7859	0.000
0.8262	0.000
0.8689	0.000
0.9140	0.000
0.9619	0.000
1.013	0.000
1.067	0.000
1.124	0.000
1.185	0.000
1.250	0.000
1.320	0.000
1.394	0.000
1.473	0.000
1.558	0.000
1.648	0.000
1.744	0.000
1.847	0.4061E-40
1.957	0.2284E-38
2.074	0.4542E-37
2.198	0.7681E-36
2.331	0.1102E-34
2.471	0.1347E-33
2.621	0.1417E-32
2.780	0.1283E-31
2.949	0.1019E-30
3.131	0.7169E-30
3.329	0.4566E-29
3.546	0.000
3.792	0.1149E-27
4.077	0.8259E-27
4.423	0.4890E-26
4.866	0.3160E-25
5.488	0.2502E-24
6.492	0.2940E-23
8.431	0.6460E-22
12.35	0.1908E-20
18.34	0.2500E-19
25.77	0.1381E-18
34.51	0.4571E-18
44.70	0.1121E-17
56.56	0.2267E-17
70.24	0.4010E-17
85.86	0.6424E-17
103.4	0.9516E-17
122.9	0.1329E-16
144.3	0.1767E-16
167.5	0.2260E-16
192.3	0.2798E-16
218.7	0.3373E-16
246.5	0.3979E-16
275.7	0.4608E-16
306.1	0.5255E-16
337.8	0.5913E-16
370.6	0.6580E-16
404.6	0.7252E-16
439.5	0.7923E-16
475.6	0.8596E-16
512.8	0.9268E-16
550.9	0.9931E-16
590.2	0.1059E-15
630.4	0.1124E-15
671.6	0.1188E-15
713.6	0.1250E-15
756.8	0.1312E-15
801.0	0.1372E-15
846.2	0.1431E-15
892.4	0.1488E-15
939.5	0.1544E-15
987.8	0.1598E-15
1037.	0.1650E-15
1087.	0.1700E-15
1139.	0.1749E-15
1191.	0.1795E-15
1245.	0.1840E-15
1299.	0.1882E-15
1355.	0.1923E-15
1412.	0.1961E-15
1470.	0.1998E-15
1529.	0.2032E-15
1589.	0.2064E-15
1651.	0.2094E-15
1713.	0.2123E-15
1777.	0.2148E-15
1842.	0.2172E-15
1909.	0.2194E-15
1976.	0.2214E-15
2045.	0.2232E-15
2116.	0.2247E-15
2187.	0.2261E-15
2260.	0.2273E-15
2334.	0.2282E-15
2410.	0.2290E-15
2487.	0.2296E-15
2565.	0.2300E-15
2645.	0.2303E-15
2726.	0.2303E-15
2808.	0.2302E-15
2892.	0.2299E-15
2978.	0.2295E-15
3065.	0.2289E-15
3153.	0.2281E-15
3243.	0.2272E-15
3334.	0.2262E-15
3427.	0.2250E-15
3522.	0.2237E-15
3617.	0.2223E-15
3715.	0.2207E-15
3814.	0.2190E-15
3914.	0.2173E-15
4017.	0.2154E-15
4120.	0.2134E-15
4225.	0.2113E-15
4332.	0.2091E-15
4441.	0.2069E-15
4551.	0.2045E-15
4662.	0.2021E-15
4775.	0.1997E-15
 
 
C27   Ar    Excitation    14.23 eV                              
E/N (Td)	Rate coefficient (m3/s)
0.1256E-01	0.000
0.1291E-01	0.000
0.1327E-01	0.000
0.1366E-01	0.000
0.1408E-01	0.000
0.1450E-01	0.000
0.1495E-01	0.000
0.1542E-01	0.000
0.1593E-01	0.000
0.1648E-01	0.000
0.1705E-01	0.000
0.1766E-01	0.000
0.1829E-01	0.000
0.1896E-01	0.000
0.1965E-01	0.000
0.2040E-01	0.000
0.2121E-01	0.000
0.2208E-01	0.000
0.2300E-01	0.000
0.2397E-01	0.000
0.2498E-01	0.000
0.2603E-01	0.000
0.2718E-01	0.000
0.2845E-01	0.000
0.2981E-01	0.000
0.3122E-01	0.000
0.3270E-01	0.000
0.3425E-01	0.000
0.3600E-01	0.000
0.3782E-01	0.000
0.3982E-01	0.000
0.4198E-01	0.000
0.4426E-01	0.000
0.4665E-01	0.000
0.4921E-01	0.000
0.5208E-01	0.000
0.5515E-01	0.000
0.5836E-01	0.000
0.6181E-01	0.000
0.6565E-01	0.000
0.6976E-01	0.000
0.7409E-01	0.000
0.7891E-01	0.000
0.8394E-01	0.000
0.8947E-01	0.000
0.9548E-01	0.000
0.1018	0.000
0.1087	0.000
0.1161	0.000
0.1240	0.000
0.1325	0.000
0.1415	0.000
0.1511	0.000
0.1613	0.000
0.1720	0.000
0.1834	0.000
0.1953	0.000
0.2079	0.000
0.2211	0.000
0.2349	0.000
0.2493	0.000
0.2643	0.000
0.2800	0.000
0.2964	0.000
0.3134	0.000
0.3312	0.000
0.3497	0.000
0.3689	0.000
0.3890	0.000
0.4098	0.000
0.4316	0.000
0.4543	0.000
0.4779	0.000
0.5026	0.000
0.5284	0.000
0.5554	0.000
0.5837	0.000
0.6134	0.000
0.6445	0.000
0.6771	0.000
0.7115	0.000
0.7477	0.000
0.7859	0.000
0.8262	0.000
0.8689	0.000
0.9140	0.000
0.9619	0.000
1.013	0.000
1.067	0.000
1.124	0.000
1.185	0.000
1.250	0.000
1.320	0.000
1.394	0.000
1.473	0.000
1.558	0.000
1.648	0.000
1.744	0.000
1.847	0.1233E-40
1.957	0.1141E-38
2.074	0.2314E-37
2.198	0.3976E-36
2.331	0.5793E-35
2.471	0.7187E-34
2.621	0.7670E-33
2.780	0.7041E-32
2.949	0.5666E-31
3.131	0.4037E-30
3.329	0.2603E-29
3.546	0.000
3.792	0.6297E-28
4.077	0.4857E-27
4.423	0.2923E-26
4.866	0.1916E-25
5.488	0.1541E-24
6.492	0.1845E-23
8.431	0.4145E-22
12.35	0.1249E-20
18.34	0.1649E-19
25.77	0.9100E-19
34.51	0.2996E-18
44.70	0.7302E-18
56.56	0.1468E-17
70.24	0.2583E-17
85.86	0.4116E-17
103.4	0.6069E-17
122.9	0.8442E-17
144.3	0.1119E-16
167.5	0.1427E-16
192.3	0.1762E-16
218.7	0.2120E-16
246.5	0.2496E-16
275.7	0.2887E-16
306.1	0.3287E-16
337.8	0.3695E-16
370.6	0.4108E-16
404.6	0.4524E-16
439.5	0.4939E-16
475.6	0.5355E-16
512.8	0.5770E-16
550.9	0.6180E-16
590.2	0.6588E-16
630.4	0.6988E-16
671.6	0.7383E-16
713.6	0.7770E-16
756.8	0.8150E-16
801.0	0.8521E-16
846.2	0.8884E-16
892.4	0.9237E-16
939.5	0.9580E-16
987.8	0.9913E-16
1037.	0.1023E-15
1087.	0.1054E-15
1139.	0.1084E-15
1191.	0.1113E-15
1245.	0.1141E-15
1299.	0.1167E-15
1355.	0.1192E-15
1412.	0.1215E-15
1470.	0.1238E-15
1529.	0.1259E-15
1589.	0.1279E-15
1651.	0.1297E-15
1713.	0.1315E-15
1777.	0.1331E-15
1842.	0.1345E-15
1909.	0.1359E-15
1976.	0.1371E-15
2045.	0.1382E-15
2116.	0.1391E-15
2187.	0.1400E-15
2260.	0.1407E-15
2334.	0.1413E-15
2410.	0.1417E-15
2487.	0.1421E-15
2565.	0.1424E-15
2645.	0.1425E-15
2726.	0.1425E-15
2808.	0.1425E-15
2892.	0.1423E-15
2978.	0.1420E-15
3065.	0.1416E-15
3153.	0.1411E-15
3243.	0.1406E-15
3334.	0.1399E-15
3427.	0.1392E-15
3522.	0.1384E-15
3617.	0.1375E-15
3715.	0.1365E-15
3814.	0.1355E-15
3914.	0.1344E-15
4017.	0.1332E-15
4120.	0.1320E-15
4225.	0.1307E-15
4332.	0.1293E-15
4441.	0.1279E-15
4551.	0.1265E-15
4662.	0.1250E-15
4775.	0.1235E-15
 
 
C28   Ar    Excitation    14.24 eV                              
E/N (Td)	Rate coefficient (m3/s)
0.1256E-01	0.000
0.1291E-01	0.000
0.1327E-01	0.000
0.1366E-01	0.000
0.1408E-01	0.000
0.1450E-01	0.000
0.1495E-01	0.000
0.1542E-01	0.000
0.1593E-01	0.000
0.1648E-01	0.000
0.1705E-01	0.000
0.1766E-01	0.000
0.1829E-01	0.000
0.1896E-01	0.000
0.1965E-01	0.000
0.2040E-01	0.000
0.2121E-01	0.000
0.2208E-01	0.000
0.2300E-01	0.000
0.2397E-01	0.000
0.2498E-01	0.000
0.2603E-01	0.000
0.2718E-01	0.000
0.2845E-01	0.000
0.2981E-01	0.000
0.3122E-01	0.000
0.3270E-01	0.000
0.3425E-01	0.000
0.3600E-01	0.000
0.3782E-01	0.000
0.3982E-01	0.000
0.4198E-01	0.000
0.4426E-01	0.000
0.4665E-01	0.000
0.4921E-01	0.000
0.5208E-01	0.000
0.5515E-01	0.000
0.5836E-01	0.000
0.6181E-01	0.000
0.6565E-01	0.000
0.6976E-01	0.000
0.7409E-01	0.000
0.7891E-01	0.000
0.8394E-01	0.000
0.8947E-01	0.000
0.9548E-01	0.000
0.1018	0.000
0.1087	0.000
0.1161	0.000
0.1240	0.000
0.1325	0.000
0.1415	0.000
0.1511	0.000
0.1613	0.000
0.1720	0.000
0.1834	0.000
0.1953	0.000
0.2079	0.000
0.2211	0.000
0.2349	0.000
0.2493	0.000
0.2643	0.000
0.2800	0.000
0.2964	0.000
0.3134	0.000
0.3312	0.000
0.3497	0.000
0.3689	0.000
0.3890	0.000
0.4098	0.000
0.4316	0.000
0.4543	0.000
0.4779	0.000
0.5026	0.000
0.5284	0.000
0.5554	0.000
0.5837	0.000
0.6134	0.000
0.6445	0.000
0.6771	0.000
0.7115	0.000
0.7477	0.000
0.7859	0.000
0.8262	0.000
0.8689	0.000
0.9140	0.000
0.9619	0.000
1.013	0.000
1.067	0.000
1.124	0.000
1.185	0.000
1.250	0.000
1.320	0.000
1.394	0.000
1.473	0.000
1.558	0.000
1.648	0.000
1.744	0.000
1.847	0.2440E-41
1.957	0.2410E-39
2.074	0.4898E-38
2.198	0.8432E-37
2.331	0.1230E-35
2.471	0.1529E-34
2.621	0.1634E-33
2.780	0.1502E-32
2.949	0.1210E-31
3.131	0.8633E-31
3.329	0.5573E-30
3.546	0.000
3.792	0.1342E-28
4.077	0.1043E-27
4.423	0.6288E-27
4.866	0.4130E-26
5.488	0.3328E-25
6.492	0.3997E-24
8.431	0.9036E-23
12.35	0.2764E-21
18.34	0.3741E-20
25.77	0.2127E-19
34.51	0.7243E-19
44.70	0.1831E-18
56.56	0.3830E-18
70.24	0.7022E-18
85.86	0.1169E-17
103.4	0.1800E-17
122.9	0.2615E-17
144.3	0.3617E-17
167.5	0.4806E-17
192.3	0.6174E-17
218.7	0.7716E-17
246.5	0.9420E-17
275.7	0.1128E-16
306.1	0.1327E-16
337.8	0.1540E-16
370.6	0.1765E-16
404.6	0.2001E-16
439.5	0.2247E-16
475.6	0.2504E-16
512.8	0.2770E-16
550.9	0.3043E-16
590.2	0.3325E-16
630.4	0.3613E-16
671.6	0.3907E-16
713.6	0.4207E-16
756.8	0.4512E-16
801.0	0.4822E-16
846.2	0.5135E-16
892.4	0.5453E-16
939.5	0.5773E-16
987.8	0.6096E-16
1037.	0.6420E-16
1087.	0.6747E-16
1139.	0.7074E-16
1191.	0.7401E-16
1245.	0.7729E-16
1299.	0.8056E-16
1355.	0.8383E-16
1412.	0.8708E-16
1470.	0.9031E-16
1529.	0.9353E-16
1589.	0.9672E-16
1651.	0.9988E-16
1713.	0.1030E-15
1777.	0.1061E-15
1842.	0.1092E-15
1909.	0.1122E-15
1976.	0.1152E-15
2045.	0.1181E-15
2116.	0.1210E-15
2187.	0.1238E-15
2260.	0.1266E-15
2334.	0.1293E-15
2410.	0.1319E-15
2487.	0.1345E-15
2565.	0.1370E-15
2645.	0.1395E-15
2726.	0.1419E-15
2808.	0.1442E-15
2892.	0.1465E-15
2978.	0.1487E-15
3065.	0.1508E-15
3153.	0.1528E-15
3243.	0.1548E-15
3334.	0.1567E-15
3427.	0.1585E-15
3522.	0.1602E-15
3617.	0.1619E-15
3715.	0.1634E-15
3814.	0.1649E-15
3914.	0.1664E-15
4017.	0.1677E-15
4120.	0.1690E-15
4225.	0.1702E-15
4332.	0.1713E-15
4441.	0.1723E-15
4551.	0.1733E-15
4662.	0.1742E-15
4775.	0.1750E-15
 
 
C29   Ar    Excitation    14.24 eV                              
E/N (Td)	Rate coefficient (m3/s)
0.1256E-01	0.000
0.1291E-01	0.000
0.1327E-01	0.000
0.1366E-01	0.000
0.1408E-01	0.000
0.1450E-01	0.000
0.1495E-01	0.000
0.1542E-01	0.000
0.1593E-01	0.000
0.1648E-01	0.000
0.1705E-01	0.000
0.1766E-01	0.000
0.1829E-01	0.000
0.1896E-01	0.000
0.1965E-01	0.000
0.2040E-01	0.000
0.2121E-01	0.000
0.2208E-01	0.000
0.2300E-01	0.000
0.2397E-01	0.000
0.2498E-01	0.000
0.2603E-01	0.000
0.2718E-01	0.000
0.2845E-01	0.000
0.2981E-01	0.000
0.3122E-01	0.000
0.3270E-01	0.000
0.3425E-01	0.000
0.3600E-01	0.000
0.3782E-01	0.000
0.3982E-01	0.000
0.4198E-01	0.000
0.4426E-01	0.000
0.4665E-01	0.000
0.4921E-01	0.000
0.5208E-01	0.000
0.5515E-01	0.000
0.5836E-01	0.000
0.6181E-01	0.000
0.6565E-01	0.000
0.6976E-01	0.000
0.7409E-01	0.000
0.7891E-01	0.000
0.8394E-01	0.000
0.8947E-01	0.000
0.9548E-01	0.000
0.1018	0.000
0.1087	0.000
0.1161	0.000
0.1240	0.000
0.1325	0.000
0.1415	0.000
0.1511	0.000
0.1613	0.000
0.1720	0.000
0.1834	0.000
0.1953	0.000
0.2079	0.000
0.2211	0.000
0.2349	0.000
0.2493	0.000
0.2643	0.000
0.2800	0.000
0.2964	0.000
0.3134	0.000
0.3312	0.000
0.3497	0.000
0.3689	0.000
0.3890	0.000
0.4098	0.000
0.4316	0.000
0.4543	0.000
0.4779	0.000
0.5026	0.000
0.5284	0.000
0.5554	0.000
0.5837	0.000
0.6134	0.000
0.6445	0.000
0.6771	0.000
0.7115	0.000
0.7477	0.000
0.7859	0.000
0.8262	0.000
0.8689	0.000
0.9140	0.000
0.9619	0.000
1.013	0.000
1.067	0.000
1.124	0.000
1.185	0.000
1.250	0.000
1.320	0.000
1.394	0.000
1.473	0.000
1.558	0.000
1.648	0.000
1.744	0.000
1.847	0.1875E-41
1.957	0.2225E-39
2.074	0.4544E-38
2.198	0.7853E-37
2.331	0.1151E-35
2.471	0.1435E-34
2.621	0.1539E-33
2.780	0.1419E-32
2.949	0.1147E-31
3.131	0.8212E-31
3.329	0.5317E-30
3.546	0.000
3.792	0.1265E-28
4.077	0.1003E-27
4.423	0.6071E-27
4.866	0.4001E-26
5.488	0.3234E-25
6.492	0.3897E-24
8.431	0.8821E-23
12.35	0.2673E-21
18.34	0.3534E-20
25.77	0.1952E-19
34.51	0.6447E-19
44.70	0.1581E-18
56.56	0.3205E-18
70.24	0.5693E-18
85.86	0.9171E-18
103.4	0.1368E-17
122.9	0.1925E-17
144.3	0.2581E-17
167.5	0.3329E-17
192.3	0.4157E-17
218.7	0.5055E-17
246.5	0.6013E-17
275.7	0.7022E-17
306.1	0.8072E-17
337.8	0.9156E-17
370.6	0.1027E-16
404.6	0.1140E-16
439.5	0.1254E-16
475.6	0.1370E-16
512.8	0.1487E-16
550.9	0.1603E-16
590.2	0.1721E-16
630.4	0.1837E-16
671.6	0.1953E-16
713.6	0.2067E-16
756.8	0.2180E-16
801.0	0.2293E-16
846.2	0.2403E-16
892.4	0.2512E-16
939.5	0.2618E-16
987.8	0.2723E-16
1037.	0.2825E-16
1087.	0.2924E-16
1139.	0.3021E-16
1191.	0.3115E-16
1245.	0.3206E-16
1299.	0.3294E-16
1355.	0.3379E-16
1412.	0.3460E-16
1470.	0.3539E-16
1529.	0.3614E-16
1589.	0.3685E-16
1651.	0.3754E-16
1713.	0.3818E-16
1777.	0.3879E-16
1842.	0.3937E-16
1909.	0.3991E-16
1976.	0.4041E-16
2045.	0.4088E-16
2116.	0.4131E-16
2187.	0.4171E-16
2260.	0.4207E-16
2334.	0.4239E-16
2410.	0.4268E-16
2487.	0.4293E-16
2565.	0.4315E-16
2645.	0.4333E-16
2726.	0.4348E-16
2808.	0.4360E-16
2892.	0.4368E-16
2978.	0.4373E-16
3065.	0.4375E-16
3153.	0.4373E-16
3243.	0.4369E-16
3334.	0.4361E-16
3427.	0.4350E-16
3522.	0.4337E-16
3617.	0.4321E-16
3715.	0.4302E-16
3814.	0.4281E-16
3914.	0.4257E-16
4017.	0.4230E-16
4120.	0.4201E-16
4225.	0.4170E-16
4332.	0.4137E-16
4441.	0.4102E-16
4551.	0.4065E-16
4662.	0.4026E-16
4775.	0.3985E-16
 
 
C30   Ar    Excitation    14.26 eV                              
E/N (Td)	Rate coefficient (m3/s)
0.1256E-01	0.000
0.1291E-01	0.000
0.1327E-01	0.000
0.1366E-01	0.000
0.1408E-01	0.000
0.1450E-01	0.000
0.1495E-01	0.000
0.1542E-01	0.000
0.1593E-01	0.000
0.1648E-01	0.000
0.1705E-01	0.000
0.1766E-01	0.000
0.1829E-01	0.000
0.1896E-01	0.000
0.1965E-01	0.000
0.2040E-01	0.000
0.2121E-01	0.000
0.2208E-01	0.000
0.2300E-01	0.000
0.2397E-01	0.000
0.2498E-01	0.000
0.2603E-01	0.000
0.2718E-01	0.000
0.2845E-01	0.000
0.2981E-01	0.000
0.3122E-01	0.000
0.3270E-01	0.000
0.3425E-01	0.000
0.3600E-01	0.000
0.3782E-01	0.000
0.3982E-01	0.000
0.4198E-01	0.000
0.4426E-01	0.000
0.4665E-01	0.000
0.4921E-01	0.000
0.5208E-01	0.000
0.5515E-01	0.000
0.5836E-01	0.000
0.6181E-01	0.000
0.6565E-01	0.000
0.6976E-01	0.000
0.7409E-01	0.000
0.7891E-01	0.000
0.8394E-01	0.000
0.8947E-01	0.000
0.9548E-01	0.000
0.1018	0.000
0.1087	0.000
0.1161	0.000
0.1240	0.000
0.1325	0.000
0.1415	0.000
0.1511	0.000
0.1613	0.000
0.1720	0.000
0.1834	0.000
0.1953	0.000
0.2079	0.000
0.2211	0.000
0.2349	0.000
0.2493	0.000
0.2643	0.000
0.2800	0.000
0.2964	0.000
0.3134	0.000
0.3312	0.000
0.3497	0.000
0.3689	0.000
0.3890	0.000
0.4098	0.000
0.4316	0.000
0.4543	0.000
0.4779	0.000
0.5026	0.000
0.5284	0.000
0.5554	0.000
0.5837	0.000
0.6134	0.000
0.6445	0.000
0.6771	0.000
0.7115	0.000
0.7477	0.000
0.7859	0.000
0.8262	0.000
0.8689	0.000
0.9140	0.000
0.9619	0.000
1.013	0.000
1.067	0.000
1.124	0.000
1.185	0.000
1.250	0.000
1.320	0.000
1.394	0.000
1.473	0.000
1.558	0.000
1.648	0.000
1.744	0.000
1.847	0.1474E-44
1.957	0.2012E-41
2.074	0.4595E-40
2.198	0.8450E-39
2.331	0.1315E-37
2.471	0.1741E-36
2.621	0.1982E-35
2.780	0.1940E-34
2.949	0.1665E-33
3.131	0.1265E-32
3.329	0.8708E-32
3.546	0.000
3.792	0.1176E-30
4.077	0.1802E-29
4.423	0.1267E-28
4.866	0.9351E-28
5.488	0.8541E-27
6.492	0.1203E-25
8.431	0.3450E-24
12.35	0.1462E-22
18.34	0.2698E-21
25.77	0.1959E-20
34.51	0.8109E-20
44.70	0.2412E-19
56.56	0.5807E-19
70.24	0.1205E-18
85.86	0.2239E-18
103.4	0.3806E-18
122.9	0.6049E-18
144.3	0.9076E-18
167.5	0.1299E-17
192.3	0.1787E-17
218.7	0.2378E-17
246.5	0.3078E-17
275.7	0.3888E-17
306.1	0.4814E-17
337.8	0.5856E-17
370.6	0.7016E-17
404.6	0.8294E-17
439.5	0.9687E-17
475.6	0.1121E-16
512.8	0.1285E-16
550.9	0.1461E-16
590.2	0.1649E-16
630.4	0.1849E-16
671.6	0.2061E-16
713.6	0.2284E-16
756.8	0.2519E-16
801.0	0.2766E-16
846.2	0.3024E-16
892.4	0.3294E-16
939.5	0.3575E-16
987.8	0.3868E-16
1037.	0.4171E-16
1087.	0.4485E-16
1139.	0.4810E-16
1191.	0.5145E-16
1245.	0.5490E-16
1299.	0.5846E-16
1355.	0.6211E-16
1412.	0.6586E-16
1470.	0.6970E-16
1529.	0.7363E-16
1589.	0.7765E-16
1651.	0.8175E-16
1713.	0.8594E-16
1777.	0.9021E-16
1842.	0.9456E-16
1909.	0.9898E-16
1976.	0.1035E-15
2045.	0.1080E-15
2116.	0.1127E-15
2187.	0.1174E-15
2260.	0.1221E-15
2334.	0.1269E-15
2410.	0.1318E-15
2487.	0.1367E-15
2565.	0.1417E-15
2645.	0.1467E-15
2726.	0.1517E-15
2808.	0.1568E-15
2892.	0.1619E-15
2978.	0.1670E-15
3065.	0.1722E-15
3153.	0.1774E-15
3243.	0.1826E-15
3334.	0.1878E-15
3427.	0.1931E-15
3522.	0.1983E-15
3617.	0.2036E-15
3715.	0.2088E-15
3814.	0.2141E-15
3914.	0.2194E-15
4017.	0.2246E-15
4120.	0.2298E-15
4225.	0.2351E-15
4332.	0.2403E-15
4441.	0.2454E-15
4551.	0.2506E-15
4662.	0.2557E-15
4775.	0.2608E-15
 
 
C31   Ar    Excitation    14.30 eV                              
E/N (Td)	Rate coefficient (m3/s)
0.1256E-01	0.000
0.1291E-01	0.000
0.1327E-01	0.000
0.1366E-01	0.000
0.1408E-01	0.000
0.1450E-01	0.000
0.1495E-01	0.000
0.1542E-01	0.000
0.1593E-01	0.000
0.1648E-01	0.000
0.1705E-01	0.000
0.1766E-01	0.000
0.1829E-01	0.000
0.1896E-01	0.000
0.1965E-01	0.000
0.2040E-01	0.000
0.2121E-01	0.000
0.2208E-01	0.000
0.2300E-01	0.000
0.2397E-01	0.000
0.2498E-01	0.000
0.2603E-01	0.000
0.2718E-01	0.000
0.2845E-01	0.000
0.2981E-01	0.000
0.3122E-01	0.000
0.3270E-01	0.000
0.3425E-01	0.000
0.3600E-01	0.000
0.3782E-01	0.000
0.3982E-01	0.000
0.4198E-01	0.000
0.4426E-01	0.000
0.4665E-01	0.000
0.4921E-01	0.000
0.5208E-01	0.000
0.5515E-01	0.000
0.5836E-01	0.000
0.6181E-01	0.000
0.6565E-01	0.000
0.6976E-01	0.000
0.7409E-01	0.000
0.7891E-01	0.000
0.8394E-01	0.000
0.8947E-01	0.000
0.9548E-01	0.000
0.1018	0.000
0.1087	0.000
0.1161	0.000
0.1240	0.000
0.1325	0.000
0.1415	0.000
0.1511	0.000
0.1613	0.000
0.1720	0.000
0.1834	0.000
0.1953	0.000
0.2079	0.000
0.2211	0.000
0.2349	0.000
0.2493	0.000
0.2643	0.000
0.2800	0.000
0.2964	0.000
0.3134	0.000
0.3312	0.000
0.3497	0.000
0.3689	0.000
0.3890	0.000
0.4098	0.000
0.4316	0.000
0.4543	0.000
0.4779	0.000
0.5026	0.000
0.5284	0.000
0.5554	0.000
0.5837	0.000
0.6134	0.000
0.6445	0.000
0.6771	0.000
0.7115	0.000
0.7477	0.000
0.7859	0.000
0.8262	0.000
0.8689	0.000
0.9140	0.000
0.9619	0.000
1.013	0.000
1.067	0.000
1.124	0.000
1.185	0.000
1.250	0.000
1.320	0.000
1.394	0.000
1.473	0.000
1.558	0.000
1.648	0.000
1.744	0.000
1.847	0.000
1.957	0.6559E-41
2.074	0.1667E-39
2.198	0.3197E-38
2.331	0.5170E-37
2.471	0.7104E-36
2.621	0.8380E-35
2.780	0.8489E-34
2.949	0.7527E-33
3.131	0.5901E-32
3.329	0.4186E-31
3.546	0.000
3.792	0.3332E-30
4.077	0.8913E-29
4.423	0.6760E-28
4.866	0.5228E-27
5.488	0.4989E-26
6.492	0.7377E-25
8.431	0.2251E-23
12.35	0.1021E-21
18.34	0.1977E-20
25.77	0.1479E-19
34.51	0.6238E-19
44.70	0.1881E-18
56.56	0.4572E-18
70.24	0.9559E-18
85.86	0.1787E-17
103.4	0.3053E-17
122.9	0.4871E-17
144.3	0.7332E-17
167.5	0.1052E-16
192.3	0.1451E-16
218.7	0.1934E-16
246.5	0.2507E-16
275.7	0.3172E-16
306.1	0.3932E-16
337.8	0.4789E-16
370.6	0.5743E-16
404.6	0.6795E-16
439.5	0.7943E-16
475.6	0.9195E-16
512.8	0.1055E-15
550.9	0.1200E-15
590.2	0.1355E-15
630.4	0.1520E-15
671.6	0.1695E-15
713.6	0.1880E-15
756.8	0.2074E-15
801.0	0.2278E-15
846.2	0.2492E-15
892.4	0.2715E-15
939.5	0.2948E-15
987.8	0.3190E-15
1037.	0.3441E-15
1087.	0.3701E-15
1139.	0.3970E-15
1191.	0.4248E-15
1245.	0.4534E-15
1299.	0.4828E-15
1355.	0.5131E-15
1412.	0.5442E-15
1470.	0.5760E-15
1529.	0.6086E-15
1589.	0.6420E-15
1651.	0.6760E-15
1713.	0.7108E-15
1777.	0.7462E-15
1842.	0.7823E-15
1909.	0.8190E-15
1976.	0.8563E-15
2045.	0.8942E-15
2116.	0.9326E-15
2187.	0.9716E-15
2260.	0.1011E-14
2334.	0.1051E-14
2410.	0.1091E-14
2487.	0.1132E-14
2565.	0.1173E-14
2645.	0.1215E-14
2726.	0.1257E-14
2808.	0.1299E-14
2892.	0.1342E-14
2978.	0.1384E-14
3065.	0.1427E-14
3153.	0.1470E-14
3243.	0.1514E-14
3334.	0.1557E-14
3427.	0.1601E-14
3522.	0.1645E-14
3617.	0.1688E-14
3715.	0.1732E-14
3814.	0.1776E-14
3914.	0.1820E-14
4017.	0.1863E-14
4120.	0.1907E-14
4225.	0.1950E-14
4332.	0.1994E-14
4441.	0.2037E-14
4551.	0.2080E-14
4662.	0.2122E-14
4775.	0.2165E-14
 
 
C32   Ar    Excitation    14.71 eV                              
E/N (Td)	Rate coefficient (m3/s)
0.1256E-01	0.000
0.1291E-01	0.000
0.1327E-01	0.000
0.1366E-01	0.000
0.1408E-01	0.000
0.1450E-01	0.000
0.1495E-01	0.000
0.1542E-01	0.000
0.1593E-01	0.000
0.1648E-01	0.000
0.1705E-01	0.000
0.1766E-01	0.000
0.1829E-01	0.000
0.1896E-01	0.000
0.1965E-01	0.000
0.2040E-01	0.000
0.2121E-01	0.000
0.2208E-01	0.000
0.2300E-01	0.000
0.2397E-01	0.000
0.2498E-01	0.000
0.2603E-01	0.000
0.2718E-01	0.000
0.2845E-01	0.000
0.2981E-01	0.000
0.3122E-01	0.000
0.3270E-01	0.000
0.3425E-01	0.000
0.3600E-01	0.000
0.3782E-01	0.000
0.3982E-01	0.000
0.4198E-01	0.000
0.4426E-01	0.000
0.4665E-01	0.000
0.4921E-01	0.000
0.5208E-01	0.000
0.5515E-01	0.000
0.5836E-01	0.000
0.6181E-01	0.000
0.6565E-01	0.000
0.6976E-01	0.000
0.7409E-01	0.000
0.7891E-01	0.000
0.8394E-01	0.000
0.8947E-01	0.000
0.9548E-01	0.000
0.1018	0.000
0.1087	0.000
0.1161	0.000
0.1240	0.000
0.1325	0.000
0.1415	0.000
0.1511	0.000
0.1613	0.000
0.1720	0.000
0.1834	0.000
0.1953	0.000
0.2079	0.000
0.2211	0.000
0.2349	0.000
0.2493	0.000
0.2643	0.000
0.2800	0.000
0.2964	0.000
0.3134	0.000
0.3312	0.000
0.3497	0.000
0.3689	0.000
0.3890	0.000
0.4098	0.000
0.4316	0.000
0.4543	0.000
0.4779	0.000
0.5026	0.000
0.5284	0.000
0.5554	0.000
0.5837	0.000
0.6134	0.000
0.6445	0.000
0.6771	0.000
0.7115	0.000
0.7477	0.000
0.7859	0.000
0.8262	0.000
0.8689	0.000
0.9140	0.000
0.9619	0.000
1.013	0.000
1.067	0.000
1.124	0.000
1.185	0.000
1.250	0.000
1.320	0.000
1.394	0.000
1.473	0.000
1.558	0.000
1.648	0.000
1.744	0.000
1.847	0.000
1.957	0.000
2.074	0.5285E-45
2.198	0.6538E-43
2.331	0.1495E-41
2.471	0.2840E-40
2.621	0.4568E-39
2.780	0.6227E-38
2.949	0.7342E-37
3.131	0.7569E-36
3.329	0.7007E-35
3.546	0.000
3.792	0.000
4.077	0.000
4.423	0.1036E-31
4.866	0.2659E-30
5.488	0.4566E-29
6.492	0.1045E-27
8.431	0.5506E-26
12.35	0.4496E-24
18.34	0.1323E-22
25.77	0.1276E-21
34.51	0.6343E-21
44.70	0.2145E-20
56.56	0.5677E-20
70.24	0.1267E-19
85.86	0.2494E-19
103.4	0.4439E-19
122.9	0.7324E-19
144.3	0.1133E-18
167.5	0.1664E-18
192.3	0.2338E-18
218.7	0.3169E-18
246.5	0.4164E-18
275.7	0.5333E-18
306.1	0.6680E-18
337.8	0.8210E-18
370.6	0.9926E-18
404.6	0.1183E-17
439.5	0.1392E-17
475.6	0.1621E-17
512.8	0.1870E-17
550.9	0.2137E-17
590.2	0.2425E-17
630.4	0.2731E-17
671.6	0.3057E-17
713.6	0.3401E-17
756.8	0.3766E-17
801.0	0.4149E-17
846.2	0.4552E-17
892.4	0.4973E-17
939.5	0.5413E-17
987.8	0.5872E-17
1037.	0.6349E-17
1087.	0.6843E-17
1139.	0.7356E-17
1191.	0.7886E-17
1245.	0.8433E-17
1299.	0.8997E-17
1355.	0.9578E-17
1412.	0.1017E-16
1470.	0.1079E-16
1529.	0.1141E-16
1589.	0.1206E-16
1651.	0.1272E-16
1713.	0.1339E-16
1777.	0.1407E-16
1842.	0.1477E-16
1909.	0.1548E-16
1976.	0.1621E-16
2045.	0.1695E-16
2116.	0.1769E-16
2187.	0.1845E-16
2260.	0.1922E-16
2334.	0.2000E-16
2410.	0.2079E-16
2487.	0.2159E-16
2565.	0.2240E-16
2645.	0.2321E-16
2726.	0.2403E-16
2808.	0.2486E-16
2892.	0.2570E-16
2978.	0.2654E-16
3065.	0.2738E-16
3153.	0.2823E-16
3243.	0.2909E-16
3334.	0.2994E-16
3427.	0.3080E-16
3522.	0.3167E-16
3617.	0.3253E-16
3715.	0.3340E-16
3814.	0.3426E-16
3914.	0.3513E-16
4017.	0.3599E-16
4120.	0.3686E-16
4225.	0.3772E-16
4332.	0.3858E-16
4441.	0.3944E-16
4551.	0.4029E-16
4662.	0.4114E-16
4775.	0.4199E-16
 
 
C33   Ar    Excitation    14.85 eV                              
E/N (Td)	Rate coefficient (m3/s)
0.1256E-01	0.000
0.1291E-01	0.000
0.1327E-01	0.000
0.1366E-01	0.000
0.1408E-01	0.000
0.1450E-01	0.000
0.1495E-01	0.000
0.1542E-01	0.000
0.1593E-01	0.000
0.1648E-01	0.000
0.1705E-01	0.000
0.1766E-01	0.000
0.1829E-01	0.000
0.1896E-01	0.000
0.1965E-01	0.000
0.2040E-01	0.000
0.2121E-01	0.000
0.2208E-01	0.000
0.2300E-01	0.000
0.2397E-01	0.000
0.2498E-01	0.000
0.2603E-01	0.000
0.2718E-01	0.000
0.2845E-01	0.000
0.2981E-01	0.000
0.3122E-01	0.000
0.3270E-01	0.000
0.3425E-01	0.000
0.3600E-01	0.000
0.3782E-01	0.000
0.3982E-01	0.000
0.4198E-01	0.000
0.4426E-01	0.000
0.4665E-01	0.000
0.4921E-01	0.000
0.5208E-01	0.000
0.5515E-01	0.000
0.5836E-01	0.000
0.6181E-01	0.000
0.6565E-01	0.000
0.6976E-01	0.000
0.7409E-01	0.000
0.7891E-01	0.000
0.8394E-01	0.000
0.8947E-01	0.000
0.9548E-01	0.000
0.1018	0.000
0.1087	0.000
0.1161	0.000
0.1240	0.000
0.1325	0.000
0.1415	0.000
0.1511	0.000
0.1613	0.000
0.1720	0.000
0.1834	0.000
0.1953	0.000
0.2079	0.000
0.2211	0.000
0.2349	0.000
0.2493	0.000
0.2643	0.000
0.2800	0.000
0.2964	0.000
0.3134	0.000
0.3312	0.000
0.3497	0.000
0.3689	0.000
0.3890	0.000
0.4098	0.000
0.4316	0.000
0.4543	0.000
0.4779	0.000
0.5026	0.000
0.5284	0.000
0.5554	0.000
0.5837	0.000
0.6134	0.000
0.6445	0.000
0.6771	0.000
0.7115	0.000
0.7477	0.000
0.7859	0.000
0.8262	0.000
0.8689	0.000
0.9140	0.000
0.9619	0.000
1.013	0.000
1.067	0.000
1.124	0.000
1.185	0.000
1.250	0.000
1.320	0.000
1.394	0.000
1.473	0.000
1.558	0.000
1.648	0.000
1.744	0.000
1.847	0.000
1.957	0.000
2.074	0.000
2.198	0.4040E-43
2.331	0.1108E-41
2.471	0.2365E-40
2.621	0.4247E-39
2.780	0.6432E-38
2.949	0.8394E-37
3.131	0.9539E-36
3.329	0.9708E-35
3.546	0.000
3.792	0.000
4.077	0.000
4.423	0.4608E-33
4.866	0.3819E-30
5.488	0.1141E-28
6.492	0.3092E-27
8.431	0.1980E-25
12.35	0.1989E-23
18.34	0.6781E-22
25.77	0.7153E-21
34.51	0.3766E-20
44.70	0.1326E-19
56.56	0.3615E-19
70.24	0.8255E-19
85.86	0.1654E-18
103.4	0.2987E-18
122.9	0.4985E-18
144.3	0.7786E-18
167.5	0.1153E-17
192.3	0.1630E-17
218.7	0.2221E-17
246.5	0.2933E-17
275.7	0.3772E-17
306.1	0.4741E-17
337.8	0.5845E-17
370.6	0.7087E-17
404.6	0.8467E-17
439.5	0.9984E-17
475.6	0.1165E-16
512.8	0.1346E-16
550.9	0.1541E-16
590.2	0.1751E-16
630.4	0.1975E-16
671.6	0.2214E-16
713.6	0.2466E-16
756.8	0.2734E-16
801.0	0.3015E-16
846.2	0.3311E-16
892.4	0.3621E-16
939.5	0.3945E-16
987.8	0.4283E-16
1037.	0.4634E-16
1087.	0.4998E-16
1139.	0.5377E-16
1191.	0.5768E-16
1245.	0.6172E-16
1299.	0.6588E-16
1355.	0.7018E-16
1412.	0.7459E-16
1470.	0.7912E-16
1529.	0.8377E-16
1589.	0.8853E-16
1651.	0.9340E-16
1713.	0.9838E-16
1777.	0.1035E-15
1842.	0.1087E-15
1909.	0.1139E-15
1976.	0.1193E-15
2045.	0.1248E-15
2116.	0.1303E-15
2187.	0.1360E-15
2260.	0.1417E-15
2334.	0.1475E-15
2410.	0.1534E-15
2487.	0.1593E-15
2565.	0.1653E-15
2645.	0.1714E-15
2726.	0.1775E-15
2808.	0.1836E-15
2892.	0.1899E-15
2978.	0.1961E-15
3065.	0.2024E-15
3153.	0.2088E-15
3243.	0.2151E-15
3334.	0.2215E-15
3427.	0.2280E-15
3522.	0.2344E-15
3617.	0.2408E-15
3715.	0.2473E-15
3814.	0.2538E-15
3914.	0.2602E-15
4017.	0.2667E-15
4120.	0.2732E-15
4225.	0.2796E-15
4332.	0.2860E-15
4441.	0.2924E-15
4551.	0.2988E-15
4662.	0.3052E-15
4775.	0.3115E-15
 
 
C34   Ar    Excitation    14.86 eV                              
E/N (Td)	Rate coefficient (m3/s)
0.1256E-01	0.000
0.1291E-01	0.000
0.1327E-01	0.000
0.1366E-01	0.000
0.1408E-01	0.000
0.1450E-01	0.000
0.1495E-01	0.000
0.1542E-01	0.000
0.1593E-01	0.000
0.1648E-01	0.000
0.1705E-01	0.000
0.1766E-01	0.000
0.1829E-01	0.000
0.1896E-01	0.000
0.1965E-01	0.000
0.2040E-01	0.000
0.2121E-01	0.000
0.2208E-01	0.000
0.2300E-01	0.000
0.2397E-01	0.000
0.2498E-01	0.000
0.2603E-01	0.000
0.2718E-01	0.000
0.2845E-01	0.000
0.2981E-01	0.000
0.3122E-01	0.000
0.3270E-01	0.000
0.3425E-01	0.000
0.3600E-01	0.000
0.3782E-01	0.000
0.3982E-01	0.000
0.4198E-01	0.000
0.4426E-01	0.000
0.4665E-01	0.000
0.4921E-01	0.000
0.5208E-01	0.000
0.5515E-01	0.000
0.5836E-01	0.000
0.6181E-01	0.000
0.6565E-01	0.000
0.6976E-01	0.000
0.7409E-01	0.000
0.7891E-01	0.000
0.8394E-01	0.000
0.8947E-01	0.000
0.9548E-01	0.000
0.1018	0.000
0.1087	0.000
0.1161	0.000
0.1240	0.000
0.1325	0.000
0.1415	0.000
0.1511	0.000
0.1613	0.000
0.1720	0.000
0.1834	0.000
0.1953	0.000
0.2079	0.000
0.2211	0.000
0.2349	0.000
0.2493	0.000
0.2643	0.000
0.2800	0.000
0.2964	0.000
0.3134	0.000
0.3312	0.000
0.3497	0.000
0.3689	0.000
0.3890	0.000
0.4098	0.000
0.4316	0.000
0.4543	0.000
0.4779	0.000
0.5026	0.000
0.5284	0.000
0.5554	0.000
0.5837	0.000
0.6134	0.000
0.6445	0.000
0.6771	0.000
0.7115	0.000
0.7477	0.000
0.7859	0.000
0.8262	0.000
0.8689	0.000
0.9140	0.000
0.9619	0.000
1.013	0.000
1.067	0.000
1.124	0.000
1.185	0.000
1.250	0.000
1.320	0.000
1.394	0.000
1.473	0.000
1.558	0.000
1.648	0.000
1.744	0.000
1.847	0.000
1.957	0.000
2.074	0.000
2.198	0.1099E-42
2.331	0.3081E-41
2.471	0.6643E-40
2.621	0.1204E-38
2.780	0.1839E-37
2.949	0.2420E-36
3.131	0.2772E-35
3.329	0.2843E-34
3.546	0.000
3.792	0.000
4.077	0.000
4.423	0.4796E-33
4.866	0.1094E-29
5.488	0.3501E-28
6.492	0.9630E-27
8.431	0.6264E-25
12.35	0.6401E-23
18.34	0.2208E-21
25.77	0.2346E-20
34.51	0.1241E-19
44.70	0.4383E-19
56.56	0.1198E-18
70.24	0.2741E-18
85.86	0.5500E-18
103.4	0.9943E-18
122.9	0.1661E-17
144.3	0.2597E-17
167.5	0.3846E-17
192.3	0.5443E-17
218.7	0.7419E-17
246.5	0.9801E-17
275.7	0.1261E-16
306.1	0.1585E-16
337.8	0.1955E-16
370.6	0.2371E-16
404.6	0.2833E-16
439.5	0.3341E-16
475.6	0.3899E-16
512.8	0.4506E-16
550.9	0.5160E-16
590.2	0.5864E-16
630.4	0.6615E-16
671.6	0.7416E-16
713.6	0.8261E-16
756.8	0.9157E-16
801.0	0.1010E-15
846.2	0.1109E-15
892.4	0.1213E-15
939.5	0.1322E-15
987.8	0.1435E-15
1037.	0.1553E-15
1087.	0.1675E-15
1139.	0.1802E-15
1191.	0.1933E-15
1245.	0.2069E-15
1299.	0.2209E-15
1355.	0.2353E-15
1412.	0.2501E-15
1470.	0.2653E-15
1529.	0.2809E-15
1589.	0.2969E-15
1651.	0.3133E-15
1713.	0.3300E-15
1777.	0.3471E-15
1842.	0.3645E-15
1909.	0.3822E-15
1976.	0.4003E-15
2045.	0.4186E-15
2116.	0.4373E-15
2187.	0.4562E-15
2260.	0.4755E-15
2334.	0.4949E-15
2410.	0.5146E-15
2487.	0.5346E-15
2565.	0.5547E-15
2645.	0.5751E-15
2726.	0.5957E-15
2808.	0.6164E-15
2892.	0.6373E-15
2978.	0.6583E-15
3065.	0.6795E-15
3153.	0.7008E-15
3243.	0.7222E-15
3334.	0.7437E-15
3427.	0.7652E-15
3522.	0.7869E-15
3617.	0.8086E-15
3715.	0.8303E-15
3814.	0.8520E-15
3914.	0.8737E-15
4017.	0.8954E-15
4120.	0.9171E-15
4225.	0.9388E-15
4332.	0.9604E-15
4441.	0.9819E-15
4551.	0.1003E-14
4662.	0.1025E-14
4775.	0.1046E-14
 
 
C35   Ar    Excitation    15.00 eV                              
E/N (Td)	Rate coefficient (m3/s)
0.1256E-01	0.000
0.1291E-01	0.000
0.1327E-01	0.000
0.1366E-01	0.000
0.1408E-01	0.000
0.1450E-01	0.000
0.1495E-01	0.000
0.1542E-01	0.000
0.1593E-01	0.000
0.1648E-01	0.000
0.1705E-01	0.000
0.1766E-01	0.000
0.1829E-01	0.000
0.1896E-01	0.000
0.1965E-01	0.000
0.2040E-01	0.000
0.2121E-01	0.000
0.2208E-01	0.000
0.2300E-01	0.000
0.2397E-01	0.000
0.2498E-01	0.000
0.2603E-01	0.000
0.2718E-01	0.000
0.2845E-01	0.000
0.2981E-01	0.000
0.3122E-01	0.000
0.3270E-01	0.000
0.3425E-01	0.000
0.3600E-01	0.000
0.3782E-01	0.000
0.3982E-01	0.000
0.4198E-01	0.000
0.4426E-01	0.000
0.4665E-01	0.000
0.4921E-01	0.000
0.5208E-01	0.000
0.5515E-01	0.000
0.5836E-01	0.000
0.6181E-01	0.000
0.6565E-01	0.000
0.6976E-01	0.000
0.7409E-01	0.000
0.7891E-01	0.000
0.8394E-01	0.000
0.8947E-01	0.000
0.9548E-01	0.000
0.1018	0.000
0.1087	0.000
0.1161	0.000
0.1240	0.000
0.1325	0.000
0.1415	0.000
0.1511	0.000
0.1613	0.000
0.1720	0.000
0.1834	0.000
0.1953	0.000
0.2079	0.000
0.2211	0.000
0.2349	0.000
0.2493	0.000
0.2643	0.000
0.2800	0.000
0.2964	0.000
0.3134	0.000
0.3312	0.000
0.3497	0.000
0.3689	0.000
0.3890	0.000
0.4098	0.000
0.4316	0.000
0.4543	0.000
0.4779	0.000
0.5026	0.000
0.5284	0.000
0.5554	0.000
0.5837	0.000
0.6134	0.000
0.6445	0.000
0.6771	0.000
0.7115	0.000
0.7477	0.000
0.7859	0.000
0.8262	0.000
0.8689	0.000
0.9140	0.000
0.9619	0.000
1.013	0.000
1.067	0.000
1.124	0.000
1.185	0.000
1.250	0.000
1.320	0.000
1.394	0.000
1.473	0.000
1.558	0.000
1.648	0.000
1.744	0.000
1.847	0.000
1.957	0.000
2.074	0.000
2.198	0.1702E-44
2.331	0.1053E-42
2.471	0.2627E-41
2.621	0.5370E-40
2.780	0.9198E-39
2.949	0.1351E-37
3.131	0.1720E-36
3.329	0.1955E-35
3.546	0.000
3.792	0.000
4.077	0.000
4.423	0.000
4.866	0.2028E-31
5.488	0.4401E-29
6.492	0.1502E-27
8.431	0.1210E-25
12.35	0.1547E-23
18.34	0.6257E-22
25.77	0.7325E-21
34.51	0.4125E-20
44.70	0.1522E-19
56.56	0.4296E-19
70.24	0.1007E-18
85.86	0.2061E-18
103.4	0.3783E-18
122.9	0.6400E-18
144.3	0.1011E-17
167.5	0.1509E-17
192.3	0.2151E-17
218.7	0.2950E-17
246.5	0.3917E-17
275.7	0.5060E-17
306.1	0.6386E-17
337.8	0.7902E-17
370.6	0.9611E-17
404.6	0.1152E-16
439.5	0.1361E-16
475.6	0.1592E-16
512.8	0.1844E-16
550.9	0.2115E-16
590.2	0.2407E-16
630.4	0.2719E-16
671.6	0.3053E-16
713.6	0.3405E-16
756.8	0.3779E-16
801.0	0.4173E-16
846.2	0.4588E-16
892.4	0.5022E-16
939.5	0.5477E-16
987.8	0.5951E-16
1037.	0.6444E-16
1087.	0.6958E-16
1139.	0.7490E-16
1191.	0.8041E-16
1245.	0.8611E-16
1299.	0.9199E-16
1355.	0.9804E-16
1412.	0.1043E-15
1470.	0.1107E-15
1529.	0.1172E-15
1589.	0.1240E-15
1651.	0.1309E-15
1713.	0.1379E-15
1777.	0.1451E-15
1842.	0.1525E-15
1909.	0.1600E-15
1976.	0.1676E-15
2045.	0.1753E-15
2116.	0.1832E-15
2187.	0.1912E-15
2260.	0.1994E-15
2334.	0.2076E-15
2410.	0.2159E-15
2487.	0.2244E-15
2565.	0.2329E-15
2645.	0.2415E-15
2726.	0.2503E-15
2808.	0.2590E-15
2892.	0.2679E-15
2978.	0.2768E-15
3065.	0.2858E-15
3153.	0.2948E-15
3243.	0.3039E-15
3334.	0.3130E-15
3427.	0.3222E-15
3522.	0.3314E-15
3617.	0.3406E-15
3715.	0.3498E-15
3814.	0.3590E-15
3914.	0.3683E-15
4017.	0.3775E-15
4120.	0.3868E-15
4225.	0.3960E-15
4332.	0.4052E-15
4441.	0.4143E-15
4551.	0.4235E-15
4662.	0.4326E-15
4775.	0.4417E-15
 
 
C36   Ar    Excitation    15.02 eV                              
E/N (Td)	Rate coefficient (m3/s)
0.1256E-01	0.000
0.1291E-01	0.000
0.1327E-01	0.000
0.1366E-01	0.000
0.1408E-01	0.000
0.1450E-01	0.000
0.1495E-01	0.000
0.1542E-01	0.000
0.1593E-01	0.000
0.1648E-01	0.000
0.1705E-01	0.000
0.1766E-01	0.000
0.1829E-01	0.000
0.1896E-01	0.000
0.1965E-01	0.000
0.2040E-01	0.000
0.2121E-01	0.000
0.2208E-01	0.000
0.2300E-01	0.000
0.2397E-01	0.000
0.2498E-01	0.000
0.2603E-01	0.000
0.2718E-01	0.000
0.2845E-01	0.000
0.2981E-01	0.000
0.3122E-01	0.000
0.3270E-01	0.000
0.3425E-01	0.000
0.3600E-01	0.000
0.3782E-01	0.000
0.3982E-01	0.000
0.4198E-01	0.000
0.4426E-01	0.000
0.4665E-01	0.000
0.4921E-01	0.000
0.5208E-01	0.000
0.5515E-01	0.000
0.5836E-01	0.000
0.6181E-01	0.000
0.6565E-01	0.000
0.6976E-01	0.000
0.7409E-01	0.000
0.7891E-01	0.000
0.8394E-01	0.000
0.8947E-01	0.000
0.9548E-01	0.000
0.1018	0.000
0.1087	0.000
0.1161	0.000
0.1240	0.000
0.1325	0.000
0.1415	0.000
0.1511	0.000
0.1613	0.000
0.1720	0.000
0.1834	0.000
0.1953	0.000
0.2079	0.000
0.2211	0.000
0.2349	0.000
0.2493	0.000
0.2643	0.000
0.2800	0.000
0.2964	0.000
0.3134	0.000
0.3312	0.000
0.3497	0.000
0.3689	0.000
0.3890	0.000
0.4098	0.000
0.4316	0.000
0.4543	0.000
0.4779	0.000
0.5026	0.000
0.5284	0.000
0.5554	0.000
0.5837	0.000
0.6134	0.000
0.6445	0.000
0.6771	0.000
0.7115	0.000
0.7477	0.000
0.7859	0.000
0.8262	0.000
0.8689	0.000
0.9140	0.000
0.9619	0.000
1.013	0.000
1.067	0.000
1.124	0.000
1.185	0.000
1.250	0.000
1.320	0.000
1.394	0.000
1.473	0.000
1.558	0.000
1.648	0.000
1.744	0.000
1.847	0.000
1.957	0.000
2.074	0.000
2.198	0.1004E-44
2.331	0.8021E-43
2.471	0.2048E-41
2.621	0.4252E-40
2.780	0.7388E-39
2.949	0.1100E-37
3.131	0.1420E-36
3.329	0.1634E-35
3.546	0.000
3.792	0.000
4.077	0.000
4.423	0.000
4.866	0.1068E-31
5.488	0.3950E-29
6.492	0.1391E-27
8.431	0.1151E-25
12.35	0.1514E-23
18.34	0.6248E-22
25.77	0.7404E-21
34.51	0.4203E-20
44.70	0.1559E-19
56.56	0.4418E-19
70.24	0.1039E-18
85.86	0.2131E-18
103.4	0.3920E-18
122.9	0.6641E-18
144.3	0.1050E-17
167.5	0.1570E-17
192.3	0.2240E-17
218.7	0.3073E-17
246.5	0.4083E-17
275.7	0.5278E-17
306.1	0.6665E-17
337.8	0.8250E-17
370.6	0.1004E-16
404.6	0.1203E-16
439.5	0.1423E-16
475.6	0.1664E-16
512.8	0.1928E-16
550.9	0.2211E-16
590.2	0.2518E-16
630.4	0.2845E-16
671.6	0.3194E-16
713.6	0.3564E-16
756.8	0.3955E-16
801.0	0.4369E-16
846.2	0.4803E-16
892.4	0.5259E-16
939.5	0.5735E-16
987.8	0.6233E-16
1037.	0.6750E-16
1087.	0.7289E-16
1139.	0.7847E-16
1191.	0.8425E-16
1245.	0.9022E-16
1299.	0.9639E-16
1355.	0.1027E-15
1412.	0.1093E-15
1470.	0.1160E-15
1529.	0.1229E-15
1589.	0.1300E-15
1651.	0.1372E-15
1713.	0.1446E-15
1777.	0.1521E-15
1842.	0.1599E-15
1909.	0.1677E-15
1976.	0.1757E-15
2045.	0.1839E-15
2116.	0.1921E-15
2187.	0.2005E-15
2260.	0.2091E-15
2334.	0.2177E-15
2410.	0.2265E-15
2487.	0.2353E-15
2565.	0.2443E-15
2645.	0.2534E-15
2726.	0.2625E-15
2808.	0.2717E-15
2892.	0.2810E-15
2978.	0.2904E-15
3065.	0.2998E-15
3153.	0.3093E-15
3243.	0.3189E-15
3334.	0.3284E-15
3427.	0.3380E-15
3522.	0.3477E-15
3617.	0.3574E-15
3715.	0.3671E-15
3814.	0.3768E-15
3914.	0.3865E-15
4017.	0.3962E-15
4120.	0.4059E-15
4225.	0.4155E-15
4332.	0.4252E-15
4441.	0.4348E-15
4551.	0.4444E-15
4662.	0.4540E-15
4775.	0.4635E-15
 
 
C37   Ar    Excitation    15.12 eV                              
E/N (Td)	Rate coefficient (m3/s)
0.1256E-01	0.000
0.1291E-01	0.000
0.1327E-01	0.000
0.1366E-01	0.000
0.1408E-01	0.000
0.1450E-01	0.000
0.1495E-01	0.000
0.1542E-01	0.000
0.1593E-01	0.000
0.1648E-01	0.000
0.1705E-01	0.000
0.1766E-01	0.000
0.1829E-01	0.000
0.1896E-01	0.000
0.1965E-01	0.000
0.2040E-01	0.000
0.2121E-01	0.000
0.2208E-01	0.000
0.2300E-01	0.000
0.2397E-01	0.000
0.2498E-01	0.000
0.2603E-01	0.000
0.2718E-01	0.000
0.2845E-01	0.000
0.2981E-01	0.000
0.3122E-01	0.000
0.3270E-01	0.000
0.3425E-01	0.000
0.3600E-01	0.000
0.3782E-01	0.000
0.3982E-01	0.000
0.4198E-01	0.000
0.4426E-01	0.000
0.4665E-01	0.000
0.4921E-01	0.000
0.5208E-01	0.000
0.5515E-01	0.000
0.5836E-01	0.000
0.6181E-01	0.000
0.6565E-01	0.000
0.6976E-01	0.000
0.7409E-01	0.000
0.7891E-01	0.000
0.8394E-01	0.000
0.8947E-01	0.000
0.9548E-01	0.000
0.1018	0.000
0.1087	0.000
0.1161	0.000
0.1240	0.000
0.1325	0.000
0.1415	0.000
0.1511	0.000
0.1613	0.000
0.1720	0.000
0.1834	0.000
0.1953	0.000
0.2079	0.000
0.2211	0.000
0.2349	0.000
0.2493	0.000
0.2643	0.000
0.2800	0.000
0.2964	0.000
0.3134	0.000
0.3312	0.000
0.3497	0.000
0.3689	0.000
0.3890	0.000
0.4098	0.000
0.4316	0.000
0.4543	0.000
0.4779	0.000
0.5026	0.000
0.5284	0.000
0.5554	0.000
0.5837	0.000
0.6134	0.000
0.6445	0.000
0.6771	0.000
0.7115	0.000
0.7477	0.000
0.7859	0.000
0.8262	0.000
0.8689	0.000
0.9140	0.000
0.9619	0.000
1.013	0.000
1.067	0.000
1.124	0.000
1.185	0.000
1.250	0.000
1.320	0.000
1.394	0.000
1.473	0.000
1.558	0.000
1.648	0.000
1.744	0.000
1.847	0.000
1.957	0.000
2.074	0.000
2.198	0.1504E-48
2.331	0.2470E-44
2.471	0.7586E-43
2.621	0.1716E-41
2.780	0.3222E-40
2.949	0.5168E-39
3.131	0.7159E-38
3.329	0.8832E-37
3.546	0.000
3.792	0.000
4.077	0.000
4.423	0.000
4.866	0.000
5.488	0.3034E-30
6.492	0.1300E-28
8.431	0.1248E-26
12.35	0.1909E-24
18.34	0.8772E-23
25.77	0.1110E-21
34.51	0.6573E-21
44.70	0.2511E-20
56.56	0.7274E-20
70.24	0.1740E-19
85.86	0.3614E-19
103.4	0.6716E-19
122.9	0.1147E-18
144.3	0.1827E-18
167.5	0.2747E-18
192.3	0.3936E-18
218.7	0.5423E-18
246.5	0.7229E-18
275.7	0.9371E-18
306.1	0.1186E-17
337.8	0.1472E-17
370.6	0.1794E-17
404.6	0.2154E-17
439.5	0.2551E-17
475.6	0.2989E-17
512.8	0.3466E-17
550.9	0.3982E-17
590.2	0.4538E-17
630.4	0.5133E-17
671.6	0.5768E-17
713.6	0.6440E-17
756.8	0.7154E-17
801.0	0.7907E-17
846.2	0.8700E-17
892.4	0.9531E-17
939.5	0.1040E-16
987.8	0.1131E-16
1037.	0.1226E-16
1087.	0.1324E-16
1139.	0.1426E-16
1191.	0.1532E-16
1245.	0.1641E-16
1299.	0.1754E-16
1355.	0.1870E-16
1412.	0.1990E-16
1470.	0.2113E-16
1529.	0.2240E-16
1589.	0.2369E-16
1651.	0.2502E-16
1713.	0.2638E-16
1777.	0.2777E-16
1842.	0.2918E-16
1909.	0.3062E-16
1976.	0.3209E-16
2045.	0.3359E-16
2116.	0.3511E-16
2187.	0.3666E-16
2260.	0.3823E-16
2334.	0.3982E-16
2410.	0.4143E-16
2487.	0.4306E-16
2565.	0.4471E-16
2645.	0.4637E-16
2726.	0.4806E-16
2808.	0.4975E-16
2892.	0.5147E-16
2978.	0.5319E-16
3065.	0.5493E-16
3153.	0.5668E-16
3243.	0.5844E-16
3334.	0.6020E-16
3427.	0.6198E-16
3522.	0.6376E-16
3617.	0.6554E-16
3715.	0.6733E-16
3814.	0.6912E-16
3914.	0.7091E-16
4017.	0.7270E-16
4120.	0.7449E-16
4225.	0.7628E-16
4332.	0.7806E-16
4441.	0.7984E-16
4551.	0.8161E-16
4662.	0.8338E-16
4775.	0.8514E-16
 
 
C38   Ar    Excitation    15.19 eV                              
E/N (Td)	Rate coefficient (m3/s)
0.1256E-01	0.000
0.1291E-01	0.000
0.1327E-01	0.000
0.1366E-01	0.000
0.1408E-01	0.000
0.1450E-01	0.000
0.1495E-01	0.000
0.1542E-01	0.000
0.1593E-01	0.000
0.1648E-01	0.000
0.1705E-01	0.000
0.1766E-01	0.000
0.1829E-01	0.000
0.1896E-01	0.000
0.1965E-01	0.000
0.2040E-01	0.000
0.2121E-01	0.000
0.2208E-01	0.000
0.2300E-01	0.000
0.2397E-01	0.000
0.2498E-01	0.000
0.2603E-01	0.000
0.2718E-01	0.000
0.2845E-01	0.000
0.2981E-01	0.000
0.3122E-01	0.000
0.3270E-01	0.000
0.3425E-01	0.000
0.3600E-01	0.000
0.3782E-01	0.000
0.3982E-01	0.000
0.4198E-01	0.000
0.4426E-01	0.000
0.4665E-01	0.000
0.4921E-01	0.000
0.5208E-01	0.000
0.5515E-01	0.000
0.5836E-01	0.000
0.6181E-01	0.000
0.6565E-01	0.000
0.6976E-01	0.000
0.7409E-01	0.000
0.7891E-01	0.000
0.8394E-01	0.000
0.8947E-01	0.000
0.9548E-01	0.000
0.1018	0.000
0.1087	0.000
0.1161	0.000
0.1240	0.000
0.1325	0.000
0.1415	0.000
0.1511	0.000
0.1613	0.000
0.1720	0.000
0.1834	0.000
0.1953	0.000
0.2079	0.000
0.2211	0.000
0.2349	0.000
0.2493	0.000
0.2643	0.000
0.2800	0.000
0.2964	0.000
0.3134	0.000
0.3312	0.000
0.3497	0.000
0.3689	0.000
0.3890	0.000
0.4098	0.000
0.4316	0.000
0.4543	0.000
0.4779	0.000
0.5026	0.000
0.5284	0.000
0.5554	0.000
0.5837	0.000
0.6134	0.000
0.6445	0.000
0.6771	0.000
0.7115	0.000
0.7477	0.000
0.7859	0.000
0.8262	0.000
0.8689	0.000
0.9140	0.000
0.9619	0.000
1.013	0.000
1.067	0.000
1.124	0.000
1.185	0.000
1.250	0.000
1.320	0.000
1.394	0.000
1.473	0.000
1.558	0.000
1.648	0.000
1.744	0.000
1.847	0.000
1.957	0.000
2.074	0.000
2.198	0.000
2.331	0.5987E-44
2.471	0.2458E-42
2.621	0.5966E-41
2.780	0.1184E-39
2.949	0.2003E-38
3.131	0.2920E-37
3.329	0.3785E-36
3.546	0.000
3.792	0.000
4.077	0.000
4.423	0.000
4.866	0.000
5.488	0.1594E-29
6.492	0.8216E-28
8.431	0.8796E-26
12.35	0.1500E-23
18.34	0.7444E-22
25.77	0.9874E-21
34.51	0.6027E-20
44.70	0.2352E-19
56.56	0.6919E-19
70.24	0.1675E-18
85.86	0.3511E-18
103.4	0.6573E-18
122.9	0.1130E-17
144.3	0.1807E-17
167.5	0.2728E-17
192.3	0.3923E-17
218.7	0.5420E-17
246.5	0.7243E-17
275.7	0.9409E-17
306.1	0.1193E-16
337.8	0.1483E-16
370.6	0.1810E-16
404.6	0.2176E-16
439.5	0.2580E-16
475.6	0.3025E-16
512.8	0.3512E-16
550.9	0.4037E-16
590.2	0.4605E-16
630.4	0.5212E-16
671.6	0.5861E-16
713.6	0.6548E-16
756.8	0.7278E-16
801.0	0.8048E-16
846.2	0.8859E-16
892.4	0.9710E-16
939.5	0.1060E-15
987.8	0.1153E-15
1037.	0.1250E-15
1087.	0.1351E-15
1139.	0.1456E-15
1191.	0.1564E-15
1245.	0.1676E-15
1299.	0.1792E-15
1355.	0.1912E-15
1412.	0.2035E-15
1470.	0.2161E-15
1529.	0.2291E-15
1589.	0.2424E-15
1651.	0.2561E-15
1713.	0.2700E-15
1777.	0.2843E-15
1842.	0.2988E-15
1909.	0.3137E-15
1976.	0.3288E-15
2045.	0.3442E-15
2116.	0.3599E-15
2187.	0.3758E-15
2260.	0.3919E-15
2334.	0.4083E-15
2410.	0.4249E-15
2487.	0.4417E-15
2565.	0.4587E-15
2645.	0.4759E-15
2726.	0.4932E-15
2808.	0.5107E-15
2892.	0.5284E-15
2978.	0.5462E-15
3065.	0.5641E-15
3153.	0.5821E-15
3243.	0.6002E-15
3334.	0.6184E-15
3427.	0.6367E-15
3522.	0.6551E-15
3617.	0.6735E-15
3715.	0.6920E-15
3814.	0.7104E-15
3914.	0.7289E-15
4017.	0.7474E-15
4120.	0.7659E-15
4225.	0.7843E-15
4332.	0.8027E-15
4441.	0.8211E-15
4551.	0.8394E-15
4662.	0.8577E-15
4775.	0.8759E-15
 
 
C39   Ar    Excitation    15.19 eV                              
E/N (Td)	Rate coefficient (m3/s)
0.1256E-01	0.000
0.1291E-01	0.000
0.1327E-01	0.000
0.1366E-01	0.000
0.1408E-01	0.000
0.1450E-01	0.000
0.1495E-01	0.000
0.1542E-01	0.000
0.1593E-01	0.000
0.1648E-01	0.000
0.1705E-01	0.000
0.1766E-01	0.000
0.1829E-01	0.000
0.1896E-01	0.000
0.1965E-01	0.000
0.2040E-01	0.000
0.2121E-01	0.000
0.2208E-01	0.000
0.2300E-01	0.000
0.2397E-01	0.000
0.2498E-01	0.000
0.2603E-01	0.000
0.2718E-01	0.000
0.2845E-01	0.000
0.2981E-01	0.000
0.3122E-01	0.000
0.3270E-01	0.000
0.3425E-01	0.000
0.3600E-01	0.000
0.3782E-01	0.000
0.3982E-01	0.000
0.4198E-01	0.000
0.4426E-01	0.000
0.4665E-01	0.000
0.4921E-01	0.000
0.5208E-01	0.000
0.5515E-01	0.000
0.5836E-01	0.000
0.6181E-01	0.000
0.6565E-01	0.000
0.6976E-01	0.000
0.7409E-01	0.000
0.7891E-01	0.000
0.8394E-01	0.000
0.8947E-01	0.000
0.9548E-01	0.000
0.1018	0.000
0.1087	0.000
0.1161	0.000
0.1240	0.000
0.1325	0.000
0.1415	0.000
0.1511	0.000
0.1613	0.000
0.1720	0.000
0.1834	0.000
0.1953	0.000
0.2079	0.000
0.2211	0.000
0.2349	0.000
0.2493	0.000
0.2643	0.000
0.2800	0.000
0.2964	0.000
0.3134	0.000
0.3312	0.000
0.3497	0.000
0.3689	0.000
0.3890	0.000
0.4098	0.000
0.4316	0.000
0.4543	0.000
0.4779	0.000
0.5026	0.000
0.5284	0.000
0.5554	0.000
0.5837	0.000
0.6134	0.000
0.6445	0.000
0.6771	0.000
0.7115	0.000
0.7477	0.000
0.7859	0.000
0.8262	0.000
0.8689	0.000
0.9140	0.000
0.9619	0.000
1.013	0.000
1.067	0.000
1.124	0.000
1.185	0.000
1.250	0.000
1.320	0.000
1.394	0.000
1.473	0.000
1.558	0.000
1.648	0.000
1.744	0.000
1.847	0.000
1.957	0.000
2.074	0.000
2.198	0.000
2.331	0.5443E-44
2.471	0.2294E-42
2.621	0.5592E-41
2.780	0.1114E-39
2.949	0.1890E-38
3.131	0.2763E-37
3.329	0.3592E-36
3.546	0.000
3.792	0.000
4.077	0.000
4.423	0.000
4.866	0.000
5.488	0.1528E-29
6.492	0.7977E-28
8.431	0.8597E-26
12.35	0.1475E-23
18.34	0.7355E-22
25.77	0.9784E-21
34.51	0.5983E-20
44.70	0.2337E-19
56.56	0.6883E-19
70.24	0.1667E-18
85.86	0.3498E-18
103.4	0.6550E-18
122.9	0.1126E-17
144.3	0.1802E-17
167.5	0.2721E-17
192.3	0.3914E-17
218.7	0.5408E-17
246.5	0.7228E-17
275.7	0.9390E-17
306.1	0.1191E-16
337.8	0.1480E-16
370.6	0.1807E-16
404.6	0.2172E-16
439.5	0.2576E-16
475.6	0.3021E-16
512.8	0.3507E-16
550.9	0.4031E-16
590.2	0.4599E-16
630.4	0.5205E-16
671.6	0.5853E-16
713.6	0.6540E-16
756.8	0.7269E-16
801.0	0.8038E-16
846.2	0.8849E-16
892.4	0.9699E-16
939.5	0.1059E-15
987.8	0.1152E-15
1037.	0.1249E-15
1087.	0.1350E-15
1139.	0.1454E-15
1191.	0.1563E-15
1245.	0.1675E-15
1299.	0.1791E-15
1355.	0.1910E-15
1412.	0.2033E-15
1470.	0.2159E-15
1529.	0.2289E-15
1589.	0.2422E-15
1651.	0.2558E-15
1713.	0.2698E-15
1777.	0.2840E-15
1842.	0.2986E-15
1909.	0.3134E-15
1976.	0.3285E-15
2045.	0.3439E-15
2116.	0.3596E-15
2187.	0.3755E-15
2260.	0.3916E-15
2334.	0.4080E-15
2410.	0.4246E-15
2487.	0.4413E-15
2565.	0.4583E-15
2645.	0.4755E-15
2726.	0.4928E-15
2808.	0.5103E-15
2892.	0.5280E-15
2978.	0.5458E-15
3065.	0.5637E-15
3153.	0.5817E-15
3243.	0.5998E-15
3334.	0.6180E-15
3427.	0.6363E-15
3522.	0.6547E-15
3617.	0.6731E-15
3715.	0.6915E-15
3814.	0.7099E-15
3914.	0.7284E-15
4017.	0.7469E-15
4120.	0.7654E-15
4225.	0.7838E-15
4332.	0.8022E-15
4441.	0.8206E-15
4551.	0.8389E-15
4662.	0.8572E-15
4775.	0.8753E-15
 
 
C40   Ar    Excitation    15.31 eV                              
E/N (Td)	Rate coefficient (m3/s)
0.1256E-01	0.000
0.1291E-01	0.000
0.1327E-01	0.000
0.1366E-01	0.000
0.1408E-01	0.000
0.1450E-01	0.000
0.1495E-01	0.000
0.1542E-01	0.000
0.1593E-01	0.000
0.1648E-01	0.000
0.1705E-01	0.000
0.1766E-01	0.000
0.1829E-01	0.000
0.1896E-01	0.000
0.1965E-01	0.000
0.2040E-01	0.000
0.2121E-01	0.000
0.2208E-01	0.000
0.2300E-01	0.000
0.2397E-01	0.000
0.2498E-01	0.000
0.2603E-01	0.000
0.2718E-01	0.000
0.2845E-01	0.000
0.2981E-01	0.000
0.3122E-01	0.000
0.3270E-01	0.000
0.3425E-01	0.000
0.3600E-01	0.000
0.3782E-01	0.000
0.3982E-01	0.000
0.4198E-01	0.000
0.4426E-01	0.000
0.4665E-01	0.000
0.4921E-01	0.000
0.5208E-01	0.000
0.5515E-01	0.000
0.5836E-01	0.000
0.6181E-01	0.000
0.6565E-01	0.000
0.6976E-01	0.000
0.7409E-01	0.000
0.7891E-01	0.000
0.8394E-01	0.000
0.8947E-01	0.000
0.9548E-01	0.000
0.1018	0.000
0.1087	0.000
0.1161	0.000
0.1240	0.000
0.1325	0.000
0.1415	0.000
0.1511	0.000
0.1613	0.000
0.1720	0.000
0.1834	0.000
0.1953	0.000
0.2079	0.000
0.2211	0.000
0.2349	0.000
0.2493	0.000
0.2643	0.000
0.2800	0.000
0.2964	0.000
0.3134	0.000
0.3312	0.000
0.3497	0.000
0.3689	0.000
0.3890	0.000
0.4098	0.000
0.4316	0.000
0.4543	0.000
0.4779	0.000
0.5026	0.000
0.5284	0.000
0.5554	0.000
0.5837	0.000
0.6134	0.000
0.6445	0.000
0.6771	0.000
0.7115	0.000
0.7477	0.000
0.7859	0.000
0.8262	0.000
0.8689	0.000
0.9140	0.000
0.9619	0.000
1.013	0.000
1.067	0.000
1.124	0.000
1.185	0.000
1.250	0.000
1.320	0.000
1.394	0.000
1.473	0.000
1.558	0.000
1.648	0.000
1.744	0.000
1.847	0.000
1.957	0.000
2.074	0.000
2.198	0.000
2.331	0.1371E-47
2.471	0.4834E-45
2.621	0.1434E-43
2.780	0.3165E-42
2.949	0.5895E-41
3.131	0.9424E-40
3.329	0.1336E-38
3.546	0.000
3.792	0.000
4.077	0.000
4.423	0.000
4.866	0.000
5.488	0.6654E-32
6.492	0.5788E-30
8.431	0.7653E-28
12.35	0.1589E-25
18.34	0.9078E-24
25.77	0.1312E-22
34.51	0.8464E-22
44.70	0.3432E-21
56.56	0.1039E-20
70.24	0.2569E-20
85.86	0.5479E-20
103.4	0.1039E-19
122.9	0.1806E-19
144.3	0.2914E-19
167.5	0.4431E-19
192.3	0.6410E-19
218.7	0.8902E-19
246.5	0.1195E-18
275.7	0.1558E-18
306.1	0.1982E-18
337.8	0.2470E-18
370.6	0.3023E-18
404.6	0.3642E-18
439.5	0.4326E-18
475.6	0.5083E-18
512.8	0.5910E-18
550.9	0.6804E-18
590.2	0.7772E-18
630.4	0.8807E-18
671.6	0.9915E-18
713.6	0.1109E-17
756.8	0.1234E-17
801.0	0.1366E-17
846.2	0.1504E-17
892.4	0.1650E-17
939.5	0.1803E-17
987.8	0.1963E-17
1037.	0.2129E-17
1087.	0.2303E-17
1139.	0.2483E-17
1191.	0.2669E-17
1245.	0.2862E-17
1299.	0.3062E-17
1355.	0.3267E-17
1412.	0.3479E-17
1470.	0.3697E-17
1529.	0.3921E-17
1589.	0.4151E-17
1651.	0.4386E-17
1713.	0.4627E-17
1777.	0.4874E-17
1842.	0.5125E-17
1909.	0.5382E-17
1976.	0.5643E-17
2045.	0.5909E-17
2116.	0.6180E-17
2187.	0.6455E-17
2260.	0.6735E-17
2334.	0.7018E-17
2410.	0.7305E-17
2487.	0.7596E-17
2565.	0.7890E-17
2645.	0.8188E-17
2726.	0.8489E-17
2808.	0.8792E-17
2892.	0.9098E-17
2978.	0.9407E-17
3065.	0.9718E-17
3153.	0.1003E-16
3243.	0.1035E-16
3334.	0.1066E-16
3427.	0.1098E-16
3522.	0.1130E-16
3617.	0.1162E-16
3715.	0.1194E-16
3814.	0.1226E-16
3914.	0.1258E-16
4017.	0.1290E-16
4120.	0.1322E-16
4225.	0.1354E-16
4332.	0.1386E-16
4441.	0.1418E-16
4551.	0.1450E-16
4662.	0.1482E-16
4775.	0.1514E-16
 
 
C41   Ar    Excitation    15.35 eV                              
E/N (Td)	Rate coefficient (m3/s)
0.1256E-01	0.000
0.1291E-01	0.000
0.1327E-01	0.000
0.1366E-01	0.000
0.1408E-01	0.000
0.1450E-01	0.000
0.1495E-01	0.000
0.1542E-01	0.000
0.1593E-01	0.000
0.1648E-01	0.000
0.1705E-01	0.000
0.1766E-01	0.000
0.1829E-01	0.000
0.1896E-01	0.000
0.1965E-01	0.000
0.2040E-01	0.000
0.2121E-01	0.000
0.2208E-01	0.000
0.2300E-01	0.000
0.2397E-01	0.000
0.2498E-01	0.000
0.2603E-01	0.000
0.2718E-01	0.000
0.2845E-01	0.000
0.2981E-01	0.000
0.3122E-01	0.000
0.3270E-01	0.000
0.3425E-01	0.000
0.3600E-01	0.000
0.3782E-01	0.000
0.3982E-01	0.000
0.4198E-01	0.000
0.4426E-01	0.000
0.4665E-01	0.000
0.4921E-01	0.000
0.5208E-01	0.000
0.5515E-01	0.000
0.5836E-01	0.000
0.6181E-01	0.000
0.6565E-01	0.000
0.6976E-01	0.000
0.7409E-01	0.000
0.7891E-01	0.000
0.8394E-01	0.000
0.8947E-01	0.000
0.9548E-01	0.000
0.1018	0.000
0.1087	0.000
0.1161	0.000
0.1240	0.000
0.1325	0.000
0.1415	0.000
0.1511	0.000
0.1613	0.000
0.1720	0.000
0.1834	0.000
0.1953	0.000
0.2079	0.000
0.2211	0.000
0.2349	0.000
0.2493	0.000
0.2643	0.000
0.2800	0.000
0.2964	0.000
0.3134	0.000
0.3312	0.000
0.3497	0.000
0.3689	0.000
0.3890	0.000
0.4098	0.000
0.4316	0.000
0.4543	0.000
0.4779	0.000
0.5026	0.000
0.5284	0.000
0.5554	0.000
0.5837	0.000
0.6134	0.000
0.6445	0.000
0.6771	0.000
0.7115	0.000
0.7477	0.000
0.7859	0.000
0.8262	0.000
0.8689	0.000
0.9140	0.000
0.9619	0.000
1.013	0.000
1.067	0.000
1.124	0.000
1.185	0.000
1.250	0.000
1.320	0.000
1.394	0.000
1.473	0.000
1.558	0.000
1.648	0.000
1.744	0.000
1.847	0.000
1.957	0.000
2.074	0.000
2.198	0.000
2.331	0.5368E-50
2.471	0.1406E-45
2.621	0.4784E-44
2.780	0.1100E-42
2.949	0.2121E-41
3.131	0.3504E-40
3.329	0.5130E-39
3.546	0.000
3.792	0.000
4.077	0.000
4.423	0.000
4.866	0.000
5.488	0.2414E-32
6.492	0.2822E-30
8.431	0.4048E-28
12.35	0.9017E-26
18.34	0.5417E-24
25.77	0.8073E-23
34.51	0.5312E-22
44.70	0.2184E-21
56.56	0.6677E-21
70.24	0.1664E-20
85.86	0.3570E-20
103.4	0.6805E-20
122.9	0.1187E-19
144.3	0.1921E-19
167.5	0.2929E-19
192.3	0.4246E-19
218.7	0.5907E-19
246.5	0.7940E-19
275.7	0.1037E-18
306.1	0.1320E-18
337.8	0.1647E-18
370.6	0.2018E-18
404.6	0.2433E-18
439.5	0.2892E-18
475.6	0.3400E-18
512.8	0.3955E-18
550.9	0.4556E-18
590.2	0.5207E-18
630.4	0.5903E-18
671.6	0.6648E-18
713.6	0.7438E-18
756.8	0.8278E-18
801.0	0.9166E-18
846.2	0.1010E-17
892.4	0.1108E-17
939.5	0.1211E-17
987.8	0.1319E-17
1037.	0.1431E-17
1087.	0.1548E-17
1139.	0.1670E-17
1191.	0.1795E-17
1245.	0.1925E-17
1299.	0.2060E-17
1355.	0.2199E-17
1412.	0.2342E-17
1470.	0.2489E-17
1529.	0.2640E-17
1589.	0.2795E-17
1651.	0.2954E-17
1713.	0.3117E-17
1777.	0.3283E-17
1842.	0.3453E-17
1909.	0.3626E-17
1976.	0.3803E-17
2045.	0.3983E-17
2116.	0.4166E-17
2187.	0.4352E-17
2260.	0.4541E-17
2334.	0.4732E-17
2410.	0.4926E-17
2487.	0.5123E-17
2565.	0.5322E-17
2645.	0.5523E-17
2726.	0.5727E-17
2808.	0.5932E-17
2892.	0.6139E-17
2978.	0.6348E-17
3065.	0.6558E-17
3153.	0.6770E-17
3243.	0.6983E-17
3334.	0.7197E-17
3427.	0.7412E-17
3522.	0.7627E-17
3617.	0.7844E-17
3715.	0.8061E-17
3814.	0.8278E-17
3914.	0.8496E-17
4017.	0.8713E-17
4120.	0.8931E-17
4225.	0.9148E-17
4332.	0.9365E-17
4441.	0.9582E-17
4551.	0.9798E-17
4662.	0.1001E-16
4775.	0.1023E-16
 
 
C42   Ar    Excitation    15.36 eV                              
E/N (Td)	Rate coefficient (m3/s)
0.1256E-01	0.000
0.1291E-01	0.000
0.1327E-01	0.000
0.1366E-01	0.000
0.1408E-01	0.000
0.1450E-01	0.000
0.1495E-01	0.000
0.1542E-01	0.000
0.1593E-01	0.000
0.1648E-01	0.000
0.1705E-01	0.000
0.1766E-01	0.000
0.1829E-01	0.000
0.1896E-01	0.000
0.1965E-01	0.000
0.2040E-01	0.000
0.2121E-01	0.000
0.2208E-01	0.000
0.2300E-01	0.000
0.2397E-01	0.000
0.2498E-01	0.000
0.2603E-01	0.000
0.2718E-01	0.000
0.2845E-01	0.000
0.2981E-01	0.000
0.3122E-01	0.000
0.3270E-01	0.000
0.3425E-01	0.000
0.3600E-01	0.000
0.3782E-01	0.000
0.3982E-01	0.000
0.4198E-01	0.000
0.4426E-01	0.000
0.4665E-01	0.000
0.4921E-01	0.000
0.5208E-01	0.000
0.5515E-01	0.000
0.5836E-01	0.000
0.6181E-01	0.000
0.6565E-01	0.000
0.6976E-01	0.000
0.7409E-01	0.000
0.7891E-01	0.000
0.8394E-01	0.000
0.8947E-01	0.000
0.9548E-01	0.000
0.1018	0.000
0.1087	0.000
0.1161	0.000
0.1240	0.000
0.1325	0.000
0.1415	0.000
0.1511	0.000
0.1613	0.000
0.1720	0.000
0.1834	0.000
0.1953	0.000
0.2079	0.000
0.2211	0.000
0.2349	0.000
0.2493	0.000
0.2643	0.000
0.2800	0.000
0.2964	0.000
0.3134	0.000
0.3312	0.000
0.3497	0.000
0.3689	0.000
0.3890	0.000
0.4098	0.000
0.4316	0.000
0.4543	0.000
0.4779	0.000
0.5026	0.000
0.5284	0.000
0.5554	0.000
0.5837	0.000
0.6134	0.000
0.6445	0.000
0.6771	0.000
0.7115	0.000
0.7477	0.000
0.7859	0.000
0.8262	0.000
0.8689	0.000
0.9140	0.000
0.9619	0.000
1.013	0.000
1.067	0.000
1.124	0.000
1.185	0.000
1.250	0.000
1.320	0.000
1.394	0.000
1.473	0.000
1.558	0.000
1.648	0.000
1.744	0.000
1.847	0.000
1.957	0.000
2.074	0.000
2.198	0.000
2.331	0.000
2.471	0.1690E-45
2.621	0.5974E-44
2.780	0.1386E-42
2.949	0.2693E-41
3.131	0.4479E-40
3.329	0.6602E-39
3.546	0.000
3.792	0.000
4.077	0.000
4.423	0.000
4.866	0.000
5.488	0.3031E-32
6.492	0.3817E-30
8.431	0.5571E-28
12.35	0.1260E-25
18.34	0.7648E-24
25.77	0.1147E-22
34.51	0.7579E-22
44.70	0.3125E-21
56.56	0.9574E-21
70.24	0.2390E-20
85.86	0.5133E-20
103.4	0.9795E-20
122.9	0.1710E-19
144.3	0.2769E-19
167.5	0.4225E-19
192.3	0.6127E-19
218.7	0.8527E-19
246.5	0.1147E-18
275.7	0.1497E-18
306.1	0.1908E-18
337.8	0.2380E-18
370.6	0.2916E-18
404.6	0.3517E-18
439.5	0.4181E-18
475.6	0.4916E-18
512.8	0.5720E-18
550.9	0.6589E-18
590.2	0.7531E-18
630.4	0.8539E-18
671.6	0.9618E-18
713.6	0.1076E-17
756.8	0.1198E-17
801.0	0.1326E-17
846.2	0.1462E-17
892.4	0.1604E-17
939.5	0.1753E-17
987.8	0.1909E-17
1037.	0.2072E-17
1087.	0.2241E-17
1139.	0.2417E-17
1191.	0.2599E-17
1245.	0.2788E-17
1299.	0.2983E-17
1355.	0.3184E-17
1412.	0.3391E-17
1470.	0.3604E-17
1529.	0.3823E-17
1589.	0.4048E-17
1651.	0.4278E-17
1713.	0.4514E-17
1777.	0.4755E-17
1842.	0.5001E-17
1909.	0.5252E-17
1976.	0.5508E-17
2045.	0.5769E-17
2116.	0.6034E-17
2187.	0.6303E-17
2260.	0.6577E-17
2334.	0.6854E-17
2410.	0.7136E-17
2487.	0.7421E-17
2565.	0.7709E-17
2645.	0.8001E-17
2726.	0.8296E-17
2808.	0.8593E-17
2892.	0.8893E-17
2978.	0.9196E-17
3065.	0.9501E-17
3153.	0.9807E-17
3243.	0.1012E-16
3334.	0.1043E-16
3427.	0.1074E-16
3522.	0.1105E-16
3617.	0.1136E-16
3715.	0.1168E-16
3814.	0.1199E-16
3914.	0.1231E-16
4017.	0.1262E-16
4120.	0.1294E-16
4225.	0.1326E-16
4332.	0.1357E-16
4441.	0.1388E-16
4551.	0.1420E-16
4662.	0.1451E-16
4775.	0.1482E-16
 
 
C43   Ar    Excitation    15.37 eV                              
E/N (Td)	Rate coefficient (m3/s)
0.1256E-01	0.000
0.1291E-01	0.000
0.1327E-01	0.000
0.1366E-01	0.000
0.1408E-01	0.000
0.1450E-01	0.000
0.1495E-01	0.000
0.1542E-01	0.000
0.1593E-01	0.000
0.1648E-01	0.000
0.1705E-01	0.000
0.1766E-01	0.000
0.1829E-01	0.000
0.1896E-01	0.000
0.1965E-01	0.000
0.2040E-01	0.000
0.2121E-01	0.000
0.2208E-01	0.000
0.2300E-01	0.000
0.2397E-01	0.000
0.2498E-01	0.000
0.2603E-01	0.000
0.2718E-01	0.000
0.2845E-01	0.000
0.2981E-01	0.000
0.3122E-01	0.000
0.3270E-01	0.000
0.3425E-01	0.000
0.3600E-01	0.000
0.3782E-01	0.000
0.3982E-01	0.000
0.4198E-01	0.000
0.4426E-01	0.000
0.4665E-01	0.000
0.4921E-01	0.000
0.5208E-01	0.000
0.5515E-01	0.000
0.5836E-01	0.000
0.6181E-01	0.000
0.6565E-01	0.000
0.6976E-01	0.000
0.7409E-01	0.000
0.7891E-01	0.000
0.8394E-01	0.000
0.8947E-01	0.000
0.9548E-01	0.000
0.1018	0.000
0.1087	0.000
0.1161	0.000
0.1240	0.000
0.1325	0.000
0.1415	0.000
0.1511	0.000
0.1613	0.000
0.1720	0.000
0.1834	0.000
0.1953	0.000
0.2079	0.000
0.2211	0.000
0.2349	0.000
0.2493	0.000
0.2643	0.000
0.2800	0.000
0.2964	0.000
0.3134	0.000
0.3312	0.000
0.3497	0.000
0.3689	0.000
0.3890	0.000
0.4098	0.000
0.4316	0.000
0.4543	0.000
0.4779	0.000
0.5026	0.000
0.5284	0.000
0.5554	0.000
0.5837	0.000
0.6134	0.000
0.6445	0.000
0.6771	0.000
0.7115	0.000
0.7477	0.000
0.7859	0.000
0.8262	0.000
0.8689	0.000
0.9140	0.000
0.9619	0.000
1.013	0.000
1.067	0.000
1.124	0.000
1.185	0.000
1.250	0.000
1.320	0.000
1.394	0.000
1.473	0.000
1.558	0.000
1.648	0.000
1.744	0.000
1.847	0.000
1.957	0.000
2.074	0.000
2.198	0.000
2.331	0.000
2.471	0.2613E-44
2.621	0.9494E-43
2.780	0.2217E-41
2.949	0.4327E-40
3.131	0.7230E-39
3.329	0.1070E-37
3.546	0.000
3.792	0.000
4.077	0.000
4.423	0.000
4.866	0.000
5.488	0.4821E-31
6.492	0.6396E-29
8.431	0.9449E-27
12.35	0.2157E-24
18.34	0.1319E-22
25.77	0.1987E-21
34.51	0.1317E-20
44.70	0.5439E-20
56.56	0.1669E-19
70.24	0.4170E-19
85.86	0.8965E-19
103.4	0.1712E-18
122.9	0.2989E-18
144.3	0.4844E-18
167.5	0.7392E-18
192.3	0.1072E-17
218.7	0.1493E-17
246.5	0.2008E-17
275.7	0.2622E-17
306.1	0.3342E-17
337.8	0.4170E-17
370.6	0.5110E-17
404.6	0.6163E-17
439.5	0.7328E-17
475.6	0.8616E-17
512.8	0.1003E-16
550.9	0.1155E-16
590.2	0.1320E-16
630.4	0.1497E-16
671.6	0.1686E-16
713.6	0.1887E-16
756.8	0.2100E-16
801.0	0.2326E-16
846.2	0.2564E-16
892.4	0.2813E-16
939.5	0.3075E-16
987.8	0.3348E-16
1037.	0.3633E-16
1087.	0.3930E-16
1139.	0.4239E-16
1191.	0.4559E-16
1245.	0.4890E-16
1299.	0.5232E-16
1355.	0.5585E-16
1412.	0.5948E-16
1470.	0.6322E-16
1529.	0.6707E-16
1589.	0.7101E-16
1651.	0.7505E-16
1713.	0.7919E-16
1777.	0.8342E-16
1842.	0.8774E-16
1909.	0.9215E-16
1976.	0.9664E-16
2045.	0.1012E-15
2116.	0.1059E-15
2187.	0.1106E-15
2260.	0.1154E-15
2334.	0.1203E-15
2410.	0.1252E-15
2487.	0.1302E-15
2565.	0.1353E-15
2645.	0.1404E-15
2726.	0.1456E-15
2808.	0.1508E-15
2892.	0.1561E-15
2978.	0.1614E-15
3065.	0.1667E-15
3153.	0.1721E-15
3243.	0.1775E-15
3334.	0.1830E-15
3427.	0.1884E-15
3522.	0.1939E-15
3617.	0.1994E-15
3715.	0.2050E-15
3814.	0.2105E-15
3914.	0.2160E-15
4017.	0.2216E-15
4120.	0.2271E-15
4225.	0.2326E-15
4332.	0.2382E-15
4441.	0.2437E-15
4551.	0.2492E-15
4662.	0.2547E-15
4775.	0.2601E-15
 
 
C44   Ar    Excitation    15.37 eV                              
E/N (Td)	Rate coefficient (m3/s)
0.1256E-01	0.000
0.1291E-01	0.000
0.1327E-01	0.000
0.1366E-01	0.000
0.1408E-01	0.000
0.1450E-01	0.000
0.1495E-01	0.000
0.1542E-01	0.000
0.1593E-01	0.000
0.1648E-01	0.000
0.1705E-01	0.000
0.1766E-01	0.000
0.1829E-01	0.000
0.1896E-01	0.000
0.1965E-01	0.000
0.2040E-01	0.000
0.2121E-01	0.000
0.2208E-01	0.000
0.2300E-01	0.000
0.2397E-01	0.000
0.2498E-01	0.000
0.2603E-01	0.000
0.2718E-01	0.000
0.2845E-01	0.000
0.2981E-01	0.000
0.3122E-01	0.000
0.3270E-01	0.000
0.3425E-01	0.000
0.3600E-01	0.000
0.3782E-01	0.000
0.3982E-01	0.000
0.4198E-01	0.000
0.4426E-01	0.000
0.4665E-01	0.000
0.4921E-01	0.000
0.5208E-01	0.000
0.5515E-01	0.000
0.5836E-01	0.000
0.6181E-01	0.000
0.6565E-01	0.000
0.6976E-01	0.000
0.7409E-01	0.000
0.7891E-01	0.000
0.8394E-01	0.000
0.8947E-01	0.000
0.9548E-01	0.000
0.1018	0.000
0.1087	0.000
0.1161	0.000
0.1240	0.000
0.1325	0.000
0.1415	0.000
0.1511	0.000
0.1613	0.000
0.1720	0.000
0.1834	0.000
0.1953	0.000
0.2079	0.000
0.2211	0.000
0.2349	0.000
0.2493	0.000
0.2643	0.000
0.2800	0.000
0.2964	0.000
0.3134	0.000
0.3312	0.000
0.3497	0.000
0.3689	0.000
0.3890	0.000
0.4098	0.000
0.4316	0.000
0.4543	0.000
0.4779	0.000
0.5026	0.000
0.5284	0.000
0.5554	0.000
0.5837	0.000
0.6134	0.000
0.6445	0.000
0.6771	0.000
0.7115	0.000
0.7477	0.000
0.7859	0.000
0.8262	0.000
0.8689	0.000
0.9140	0.000
0.9619	0.000
1.013	0.000
1.067	0.000
1.124	0.000
1.185	0.000
1.250	0.000
1.320	0.000
1.394	0.000
1.473	0.000
1.558	0.000
1.648	0.000
1.744	0.000
1.847	0.000
1.957	0.000
2.074	0.000
2.198	0.000
2.331	0.000
2.471	0.4898E-44
2.621	0.1852E-42
2.780	0.4362E-41
2.949	0.8569E-40
3.131	0.1441E-38
3.329	0.2146E-37
3.546	0.000
3.792	0.000
4.077	0.000
4.423	0.000
4.866	0.000
5.488	0.9383E-31
6.492	0.1340E-28
8.431	0.2011E-26
12.35	0.4652E-24
18.34	0.2872E-22
25.77	0.4351E-21
34.51	0.2893E-20
44.70	0.1198E-19
56.56	0.3684E-19
70.24	0.9218E-19
85.86	0.1984E-18
103.4	0.3791E-18
122.9	0.6626E-18
144.3	0.1074E-17
167.5	0.1640E-17
192.3	0.2381E-17
218.7	0.3315E-17
246.5	0.4460E-17
275.7	0.5827E-17
306.1	0.7427E-17
337.8	0.9269E-17
370.6	0.1136E-16
404.6	0.1370E-16
439.5	0.1630E-16
475.6	0.1916E-16
512.8	0.2230E-16
550.9	0.2569E-16
590.2	0.2937E-16
630.4	0.3331E-16
671.6	0.3752E-16
713.6	0.4199E-16
756.8	0.4674E-16
801.0	0.5176E-16
846.2	0.5705E-16
892.4	0.6261E-16
939.5	0.6844E-16
987.8	0.7453E-16
1037.	0.8088E-16
1087.	0.8749E-16
1139.	0.9437E-16
1191.	0.1015E-15
1245.	0.1089E-15
1299.	0.1165E-15
1355.	0.1243E-15
1412.	0.1324E-15
1470.	0.1408E-15
1529.	0.1493E-15
1589.	0.1581E-15
1651.	0.1671E-15
1713.	0.1763E-15
1777.	0.1858E-15
1842.	0.1954E-15
1909.	0.2052E-15
1976.	0.2152E-15
2045.	0.2254E-15
2116.	0.2358E-15
2187.	0.2463E-15
2260.	0.2570E-15
2334.	0.2679E-15
2410.	0.2789E-15
2487.	0.2900E-15
2565.	0.3013E-15
2645.	0.3127E-15
2726.	0.3243E-15
2808.	0.3359E-15
2892.	0.3476E-15
2978.	0.3595E-15
3065.	0.3714E-15
3153.	0.3834E-15
3243.	0.3955E-15
3334.	0.4076E-15
3427.	0.4198E-15
3522.	0.4321E-15
3617.	0.4443E-15
3715.	0.4566E-15
3814.	0.4690E-15
3914.	0.4813E-15
4017.	0.4937E-15
4120.	0.5060E-15
4225.	0.5183E-15
4332.	0.5306E-15
4441.	0.5429E-15
4551.	0.5552E-15
4662.	0.5674E-15
4775.	0.5796E-15
 
 
C45   Ar    Excitation    15.66 eV                              
E/N (Td)	Rate coefficient (m3/s)
0.1256E-01	0.000
0.1291E-01	0.000
0.1327E-01	0.000
0.1366E-01	0.000
0.1408E-01	0.000
0.1450E-01	0.000
0.1495E-01	0.000
0.1542E-01	0.000
0.1593E-01	0.000
0.1648E-01	0.000
0.1705E-01	0.000
0.1766E-01	0.000
0.1829E-01	0.000
0.1896E-01	0.000
0.1965E-01	0.000
0.2040E-01	0.000
0.2121E-01	0.000
0.2208E-01	0.000
0.2300E-01	0.000
0.2397E-01	0.000
0.2498E-01	0.000
0.2603E-01	0.000
0.2718E-01	0.000
0.2845E-01	0.000
0.2981E-01	0.000
0.3122E-01	0.000
0.3270E-01	0.000
0.3425E-01	0.000
0.3600E-01	0.000
0.3782E-01	0.000
0.3982E-01	0.000
0.4198E-01	0.000
0.4426E-01	0.000
0.4665E-01	0.000
0.4921E-01	0.000
0.5208E-01	0.000
0.5515E-01	0.000
0.5836E-01	0.000
0.6181E-01	0.000
0.6565E-01	0.000
0.6976E-01	0.000
0.7409E-01	0.000
0.7891E-01	0.000
0.8394E-01	0.000
0.8947E-01	0.000
0.9548E-01	0.000
0.1018	0.000
0.1087	0.000
0.1161	0.000
0.1240	0.000
0.1325	0.000
0.1415	0.000
0.1511	0.000
0.1613	0.000
0.1720	0.000
0.1834	0.000
0.1953	0.000
0.2079	0.000
0.2211	0.000
0.2349	0.000
0.2493	0.000
0.2643	0.000
0.2800	0.000
0.2964	0.000
0.3134	0.000
0.3312	0.000
0.3497	0.000
0.3689	0.000
0.3890	0.000
0.4098	0.000
0.4316	0.000
0.4543	0.000
0.4779	0.000
0.5026	0.000
0.5284	0.000
0.5554	0.000
0.5837	0.000
0.6134	0.000
0.6445	0.000
0.6771	0.000
0.7115	0.000
0.7477	0.000
0.7859	0.000
0.8262	0.000
0.8689	0.000
0.9140	0.000
0.9619	0.000
1.013	0.000
1.067	0.000
1.124	0.000
1.185	0.000
1.250	0.000
1.320	0.000
1.394	0.000
1.473	0.000
1.558	0.000
1.648	0.000
1.744	0.000
1.847	0.000
1.957	0.000
2.074	0.000
2.198	0.000
2.331	0.000
2.471	0.000
2.621	0.2498E-44
2.780	0.2003E-42
2.949	0.5261E-41
3.131	0.1107E-39
3.329	0.2045E-38
3.546	0.000
3.792	0.000
4.077	0.000
4.423	0.000
4.866	0.000
5.488	0.000
6.492	0.4883E-29
8.431	0.1693E-26
12.35	0.6361E-24
18.34	0.5544E-22
25.77	0.1037E-20
34.51	0.7891E-20
44.70	0.3590E-19
56.56	0.1182E-18
70.24	0.3116E-18
85.86	0.6986E-18
103.4	0.1379E-17
122.9	0.2472E-17
144.3	0.4094E-17
167.5	0.6360E-17
192.3	0.9364E-17
218.7	0.1320E-16
246.5	0.1794E-16
275.7	0.2365E-16
306.1	0.3037E-16
337.8	0.3816E-16
370.6	0.4705E-16
404.6	0.5706E-16
439.5	0.6817E-16
475.6	0.8051E-16
512.8	0.9405E-16
550.9	0.1087E-15
590.2	0.1247E-15
630.4	0.1418E-15
671.6	0.1602E-15
713.6	0.1797E-15
756.8	0.2006E-15
801.0	0.2226E-15
846.2	0.2458E-15
892.4	0.2703E-15
939.5	0.2960E-15
987.8	0.3229E-15
1037.	0.3510E-15
1087.	0.3803E-15
1139.	0.4108E-15
1191.	0.4424E-15
1245.	0.4751E-15
1299.	0.5090E-15
1355.	0.5440E-15
1412.	0.5801E-15
1470.	0.6173E-15
1529.	0.6555E-15
1589.	0.6948E-15
1651.	0.7351E-15
1713.	0.7764E-15
1777.	0.8186E-15
1842.	0.8618E-15
1909.	0.9058E-15
1976.	0.9508E-15
2045.	0.9966E-15
2116.	0.1043E-14
2187.	0.1091E-14
2260.	0.1139E-14
2334.	0.1188E-14
2410.	0.1238E-14
2487.	0.1288E-14
2565.	0.1339E-14
2645.	0.1390E-14
2726.	0.1442E-14
2808.	0.1495E-14
2892.	0.1548E-14
2978.	0.1602E-14
3065.	0.1656E-14
3153.	0.1710E-14
3243.	0.1765E-14
3334.	0.1820E-14
3427.	0.1876E-14
3522.	0.1931E-14
3617.	0.1987E-14
3715.	0.2043E-14
3814.	0.2099E-14
3914.	0.2155E-14
4017.	0.2211E-14
4120.	0.2268E-14
4225.	0.2324E-14
4332.	0.2380E-14
4441.	0.2436E-14
4551.	0.2492E-14
4662.	0.2548E-14
4775.	0.2603E-14
 
 
C46   Ar    Ionization    15.76 eV                              
E/N (Td)	Rate coefficient (m3/s)
0.1256E-01	0.000
0.1291E-01	0.000
0.1327E-01	0.000
0.1366E-01	0.000
0.1408E-01	0.000
0.1450E-01	0.000
0.1495E-01	0.000
0.1542E-01	0.000
0.1593E-01	0.000
0.1648E-01	0.000
0.1705E-01	0.000
0.1766E-01	0.000
0.1829E-01	0.000
0.1896E-01	0.000
0.1965E-01	0.000
0.2040E-01	0.000
0.2121E-01	0.000
0.2208E-01	0.000
0.2300E-01	0.000
0.2397E-01	0.000
0.2498E-01	0.000
0.2603E-01	0.000
0.2718E-01	0.000
0.2845E-01	0.000
0.2981E-01	0.000
0.3122E-01	0.000
0.3270E-01	0.000
0.3425E-01	0.000
0.3600E-01	0.000
0.3782E-01	0.000
0.3982E-01	0.000
0.4198E-01	0.000
0.4426E-01	0.000
0.4665E-01	0.000
0.4921E-01	0.000
0.5208E-01	0.000
0.5515E-01	0.000
0.5836E-01	0.000
0.6181E-01	0.000
0.6565E-01	0.000
0.6976E-01	0.000
0.7409E-01	0.000
0.7891E-01	0.000
0.8394E-01	0.000
0.8947E-01	0.000
0.9548E-01	0.000
0.1018	0.000
0.1087	0.000
0.1161	0.000
0.1240	0.000
0.1325	0.000
0.1415	0.000
0.1511	0.000
0.1613	0.000
0.1720	0.000
0.1834	0.000
0.1953	0.000
0.2079	0.000
0.2211	0.000
0.2349	0.000
0.2493	0.000
0.2643	0.000
0.2800	0.000
0.2964	0.000
0.3134	0.000
0.3312	0.000
0.3497	0.000
0.3689	0.000
0.3890	0.000
0.4098	0.000
0.4316	0.000
0.4543	0.000
0.4779	0.000
0.5026	0.000
0.5284	0.000
0.5554	0.000
0.5837	0.000
0.6134	0.000
0.6445	0.000
0.6771	0.000
0.7115	0.000
0.7477	0.000
0.7859	0.000
0.8262	0.000
0.8689	0.000
0.9140	0.000
0.9619	0.000
1.013	0.000
1.067	0.000
1.124	0.000
1.185	0.000
1.250	0.000
1.320	0.000
1.394	0.000
1.473	0.000
1.558	0.000
1.648	0.000
1.744	0.000
1.847	0.000
1.957	0.000
2.074	0.000
2.198	0.000
2.331	0.000
2.471	0.000
2.621	0.1009E-43
2.780	0.2041E-40
2.949	0.5564E-39
3.131	0.1204E-37
3.329	0.2283E-36
3.546	0.000
3.792	0.000
4.077	0.000
4.423	0.000
4.866	0.000
5.488	0.000
6.492	0.6500E-27
8.431	0.1928E-24
12.35	0.6406E-22
18.34	0.4779E-20
25.77	0.7752E-19
34.51	0.5232E-18
44.70	0.2149E-17
56.56	0.6487E-17
70.24	0.1588E-16
85.86	0.3340E-16
103.4	0.6244E-16
122.9	0.1069E-15
144.3	0.1703E-15
167.5	0.2558E-15
192.3	0.3661E-15
218.7	0.5037E-15
246.5	0.6706E-15
275.7	0.8682E-15
306.1	0.1098E-14
337.8	0.1361E-14
370.6	0.1658E-14
404.6	0.1991E-14
439.5	0.2357E-14
475.6	0.2761E-14
512.8	0.3203E-14
550.9	0.3680E-14
590.2	0.4197E-14
630.4	0.4750E-14
671.6	0.5341E-14
713.6	0.5968E-14
756.8	0.6636E-14
801.0	0.7341E-14
846.2	0.8086E-14
892.4	0.8868E-14
939.5	0.9689E-14
987.8	0.1055E-13
1037.	0.1144E-13
1087.	0.1238E-13
1139.	0.1335E-13
1191.	0.1436E-13
1245.	0.1541E-13
1299.	0.1650E-13
1355.	0.1762E-13
1412.	0.1877E-13
1470.	0.1997E-13
1529.	0.2119E-13
1589.	0.2245E-13
1651.	0.2375E-13
1713.	0.2508E-13
1777.	0.2644E-13
1842.	0.2784E-13
1909.	0.2926E-13
1976.	0.3072E-13
2045.	0.3221E-13
2116.	0.3372E-13
2187.	0.3527E-13
2260.	0.3684E-13
2334.	0.3844E-13
2410.	0.4006E-13
2487.	0.4171E-13
2565.	0.4339E-13
2645.	0.4508E-13
2726.	0.4680E-13
2808.	0.4854E-13
2892.	0.5030E-13
2978.	0.5208E-13
3065.	0.5388E-13
3153.	0.5569E-13
3243.	0.5752E-13
3334.	0.5937E-13
3427.	0.6123E-13
3522.	0.6310E-13
3617.	0.6498E-13
3715.	0.6687E-13
3814.	0.6877E-13
3914.	0.7068E-13
4017.	0.7260E-13
4120.	0.7452E-13
4225.	0.7644E-13
4332.	0.7837E-13
4441.	0.8031E-13
4551.	0.8224E-13
4662.	0.8417E-13
4775.	0.8610E-13
 
 
C47   Ar5    Ionization    4.21 eV                              
E/N (Td)	Rate coefficient (m3/s)
0.1256E-01	0.000
0.1291E-01	0.000
0.1327E-01	0.000
0.1366E-01	0.000
0.1408E-01	0.000
0.1450E-01	0.000
0.1495E-01	0.000
0.1542E-01	0.000
0.1593E-01	0.000
0.1648E-01	0.000
0.1705E-01	0.000
0.1766E-01	0.000
0.1829E-01	0.000
0.1896E-01	0.000
0.1965E-01	0.000
0.2040E-01	0.000
0.2121E-01	0.000
0.2208E-01	0.000
0.2300E-01	0.000
0.2397E-01	0.000
0.2498E-01	0.6130E-28
0.2603E-01	0.1087E-26
0.2718E-01	0.4141E-26
0.2845E-01	0.1094E-25
0.2981E-01	0.2448E-25
0.3122E-01	0.5057E-25
0.3270E-01	0.1003E-24
0.3425E-01	0.1938E-24
0.3600E-01	0.3684E-24
0.3782E-01	0.2441E-24
0.3982E-01	0.8620E-24
0.4198E-01	0.2010E-23
0.4426E-01	0.3977E-23
0.4665E-01	0.7318E-23
0.4921E-01	0.1299E-22
0.5208E-01	0.2269E-22
0.5515E-01	0.3909E-22
0.5836E-01	0.6645E-22
0.6181E-01	0.1117E-21
0.6565E-01	0.1863E-21
0.6976E-01	0.3080E-21
0.7409E-01	0.5038E-21
0.7891E-01	0.8179E-21
0.8394E-01	0.1316E-20
0.8947E-01	0.2103E-20
0.9548E-01	0.3340E-20
0.1018	0.5261E-20
0.1087	0.8233E-20
0.1161	0.1282E-19
0.1240	0.1983E-19
0.1325	0.3050E-19
0.1415	0.4661E-19
0.1511	0.7086E-19
0.1613	0.1071E-18
0.1720	0.1610E-18
0.1834	0.2403E-18
0.1953	0.3566E-18
0.2079	0.5257E-18
0.2211	0.7695E-18
0.2349	0.1119E-17
0.2493	0.1614E-17
0.2643	0.2311E-17
0.2800	0.3284E-17
0.2964	0.4631E-17
0.3134	0.6477E-17
0.3312	0.8987E-17
0.3497	0.1237E-16
0.3689	0.1688E-16
0.3890	0.2286E-16
0.4098	0.3071E-16
0.4316	0.4093E-16
0.4543	0.5413E-16
0.4779	0.7103E-16
0.5026	0.9250E-16
0.5284	0.1196E-15
0.5554	0.1535E-15
0.5837	0.1956E-15
0.6134	0.2476E-15
0.6445	0.3114E-15
0.6771	0.3890E-15
0.7115	0.4829E-15
0.7477	0.5959E-15
0.7859	0.7311E-15
0.8262	0.8917E-15
0.8689	0.1082E-14
0.9140	0.1305E-14
0.9619	0.1566E-14
1.013	0.1869E-14
1.067	0.2220E-14
1.124	0.2624E-14
1.185	0.3086E-14
1.250	0.3613E-14
1.320	0.4209E-14
1.394	0.4881E-14
1.473	0.5635E-14
1.558	0.6476E-14
1.648	0.7410E-14
1.744	0.8441E-14
1.847	0.9573E-14
1.957	0.1081E-13
2.074	0.1216E-13
2.198	0.1361E-13
2.331	0.1518E-13
2.471	0.1686E-13
2.621	0.1865E-13
2.780	0.2055E-13
2.949	0.2255E-13
3.131	0.2467E-13
3.329	0.2688E-13
3.546	0.2920E-13
3.792	0.3164E-13
4.077	0.3417E-13
4.423	0.3681E-13
4.866	0.3956E-13
5.488	0.4242E-13
6.492	0.4541E-13
8.431	0.4847E-13
12.35	0.5147E-13
18.34	0.5431E-13
25.77	0.5711E-13
34.51	0.5990E-13
44.70	0.6271E-13
56.56	0.6553E-13
70.24	0.6836E-13
85.86	0.7119E-13
103.4	0.7399E-13
122.9	0.7680E-13
144.3	0.7957E-13
167.5	0.8233E-13
192.3	0.8505E-13
218.7	0.8775E-13
246.5	0.9043E-13
275.7	0.9307E-13
306.1	0.9569E-13
337.8	0.9829E-13
370.6	0.1009E-12
404.6	0.1034E-12
439.5	0.1059E-12
475.6	0.1084E-12
512.8	0.1108E-12
550.9	0.1132E-12
590.2	0.1156E-12
630.4	0.1180E-12
671.6	0.1203E-12
713.6	0.1226E-12
756.8	0.1248E-12
801.0	0.1271E-12
846.2	0.1292E-12
892.4	0.1314E-12
939.5	0.1335E-12
987.8	0.1356E-12
1037.	0.1376E-12
1087.	0.1396E-12
1139.	0.1416E-12
1191.	0.1435E-12
1245.	0.1454E-12
1299.	0.1473E-12
1355.	0.1491E-12
1412.	0.1509E-12
1470.	0.1526E-12
1529.	0.1543E-12
1589.	0.1560E-12
1651.	0.1576E-12
1713.	0.1592E-12
1777.	0.1608E-12
1842.	0.1623E-12
1909.	0.1638E-12
1976.	0.1652E-12
2045.	0.1666E-12
2116.	0.1680E-12
2187.	0.1693E-12
2260.	0.1705E-12
2334.	0.1718E-12
2410.	0.1730E-12
2487.	0.1741E-12
2565.	0.1752E-12
2645.	0.1763E-12
2726.	0.1773E-12
2808.	0.1783E-12
2892.	0.1793E-12
2978.	0.1802E-12
3065.	0.1811E-12
3153.	0.1819E-12
3243.	0.1827E-12
3334.	0.1835E-12
3427.	0.1842E-12
3522.	0.1849E-12
3617.	0.1855E-12
3715.	0.1861E-12
3814.	0.1867E-12
3914.	0.1872E-12
4017.	0.1877E-12
4120.	0.1881E-12
4225.	0.1885E-12
4332.	0.1889E-12
4441.	0.1892E-12
4551.	0.1895E-12
4662.	0.1898E-12
4775.	0.1900E-12
 
 
C48   Ar5    Excitation    0.075 eV                             
E/N (Td)	Rate coefficient (m3/s)
0.1256E-01	0.1128E-12
0.1291E-01	0.1133E-12
0.1327E-01	0.1137E-12
0.1366E-01	0.1141E-12
0.1408E-01	0.1144E-12
0.1450E-01	0.1146E-12
0.1495E-01	0.1149E-12
0.1542E-01	0.1150E-12
0.1593E-01	0.1151E-12
0.1648E-01	0.1152E-12
0.1705E-01	0.1152E-12
0.1766E-01	0.1152E-12
0.1829E-01	0.1151E-12
0.1896E-01	0.1150E-12
0.1965E-01	0.1148E-12
0.2040E-01	0.1146E-12
0.2121E-01	0.1144E-12
0.2208E-01	0.1141E-12
0.2300E-01	0.1138E-12
0.2397E-01	0.1135E-12
0.2498E-01	0.1131E-12
0.2603E-01	0.1127E-12
0.2718E-01	0.1123E-12
0.2845E-01	0.1118E-12
0.2981E-01	0.1113E-12
0.3122E-01	0.1107E-12
0.3270E-01	0.1102E-12
0.3425E-01	0.1096E-12
0.3600E-01	0.1090E-12
0.3782E-01	0.1083E-12
0.3982E-01	0.1076E-12
0.4198E-01	0.1069E-12
0.4426E-01	0.1062E-12
0.4665E-01	0.1055E-12
0.4921E-01	0.1047E-12
0.5208E-01	0.1039E-12
0.5515E-01	0.1030E-12
0.5836E-01	0.1022E-12
0.6181E-01	0.1013E-12
0.6565E-01	0.1004E-12
0.6976E-01	0.9950E-13
0.7409E-01	0.9856E-13
0.7891E-01	0.9760E-13
0.8394E-01	0.9661E-13
0.8947E-01	0.9561E-13
0.9548E-01	0.9459E-13
0.1018	0.9354E-13
0.1087	0.9248E-13
0.1161	0.9140E-13
0.1240	0.9030E-13
0.1325	0.8919E-13
0.1415	0.8806E-13
0.1511	0.8691E-13
0.1613	0.8575E-13
0.1720	0.8457E-13
0.1834	0.8339E-13
0.1953	0.8219E-13
0.2079	0.8098E-13
0.2211	0.7975E-13
0.2349	0.7852E-13
0.2493	0.7728E-13
0.2643	0.7602E-13
0.2800	0.7476E-13
0.2964	0.7349E-13
0.3134	0.7221E-13
0.3312	0.7093E-13
0.3497	0.6964E-13
0.3689	0.6835E-13
0.3890	0.6705E-13
0.4098	0.6575E-13
0.4316	0.6444E-13
0.4543	0.6314E-13
0.4779	0.6183E-13
0.5026	0.6052E-13
0.5284	0.5922E-13
0.5554	0.5791E-13
0.5837	0.5661E-13
0.6134	0.5532E-13
0.6445	0.5403E-13
0.6771	0.5275E-13
0.7115	0.5147E-13
0.7477	0.5021E-13
0.7859	0.4895E-13
0.8262	0.4771E-13
0.8689	0.4648E-13
0.9140	0.4527E-13
0.9619	0.4407E-13
1.013	0.4289E-13
1.067	0.4173E-13
1.124	0.4059E-13
1.185	0.3946E-13
1.250	0.3837E-13
1.320	0.3729E-13
1.394	0.3624E-13
1.473	0.3522E-13
1.558	0.3422E-13
1.648	0.3324E-13
1.744	0.3230E-13
1.847	0.3138E-13
1.957	0.3049E-13
2.074	0.2963E-13
2.198	0.2879E-13
2.331	0.2799E-13
2.471	0.2721E-13
2.621	0.2646E-13
2.780	0.2573E-13
2.949	0.2503E-13
3.131	0.2436E-13
3.329	0.2371E-13
3.546	0.2309E-13
3.792	0.2250E-13
4.077	0.2194E-13
4.423	0.2141E-13
4.866	0.2094E-13
5.488	0.2052E-13
6.492	0.2018E-13
8.431	0.1993E-13
12.35	0.1965E-13
18.34	0.1924E-13
25.77	0.1876E-13
34.51	0.1829E-13
44.70	0.1783E-13
56.56	0.1740E-13
70.24	0.1699E-13
85.86	0.1661E-13
103.4	0.1625E-13
122.9	0.1591E-13
144.3	0.1557E-13
167.5	0.1525E-13
192.3	0.1494E-13
218.7	0.1464E-13
246.5	0.1435E-13
275.7	0.1406E-13
306.1	0.1378E-13
337.8	0.1350E-13
370.6	0.1323E-13
404.6	0.1297E-13
439.5	0.1271E-13
475.6	0.1246E-13
512.8	0.1221E-13
550.9	0.1197E-13
590.2	0.1173E-13
630.4	0.1150E-13
671.6	0.1127E-13
713.6	0.1105E-13
756.8	0.1083E-13
801.0	0.1062E-13
846.2	0.1041E-13
892.4	0.1020E-13
939.5	0.9998E-14
987.8	0.9800E-14
1037.	0.9604E-14
1087.	0.9413E-14
1139.	0.9225E-14
1191.	0.9040E-14
1245.	0.8859E-14
1299.	0.8681E-14
1355.	0.8505E-14
1412.	0.8334E-14
1470.	0.8165E-14
1529.	0.7999E-14
1589.	0.7836E-14
1651.	0.7676E-14
1713.	0.7519E-14
1777.	0.7364E-14
1842.	0.7213E-14
1909.	0.7064E-14
1976.	0.6918E-14
2045.	0.6774E-14
2116.	0.6634E-14
2187.	0.6495E-14
2260.	0.6360E-14
2334.	0.6227E-14
2410.	0.6096E-14
2487.	0.5969E-14
2565.	0.5843E-14
2645.	0.5720E-14
2726.	0.5600E-14
2808.	0.5482E-14
2892.	0.5366E-14
2978.	0.5253E-14
3065.	0.5142E-14
3153.	0.5033E-14
3243.	0.4927E-14
3334.	0.4824E-14
3427.	0.4722E-14
3522.	0.4622E-14
3617.	0.4525E-14
3715.	0.4430E-14
3814.	0.4337E-14
3914.	0.4247E-14
4017.	0.4158E-14
4120.	0.4072E-14
4225.	0.3988E-14
4332.	0.3905E-14
4441.	0.3825E-14
4551.	0.3747E-14
4662.	0.3670E-14
4775.	0.3596E-14
 
 
C49   Ar5    Excitation    0.17 eV                              
E/N (Td)	Rate coefficient (m3/s)
0.1256E-01	0.5416E-14
0.1291E-01	0.5502E-14
0.1327E-01	0.5582E-14
0.1366E-01	0.5656E-14
0.1408E-01	0.5725E-14
0.1450E-01	0.5789E-14
0.1495E-01	0.5846E-14
0.1542E-01	0.5898E-14
0.1593E-01	0.5945E-14
0.1648E-01	0.5986E-14
0.1705E-01	0.6021E-14
0.1766E-01	0.6051E-14
0.1829E-01	0.6076E-14
0.1896E-01	0.6095E-14
0.1965E-01	0.6109E-14
0.2040E-01	0.6119E-14
0.2121E-01	0.6123E-14
0.2208E-01	0.6122E-14
0.2300E-01	0.6117E-14
0.2397E-01	0.6108E-14
0.2498E-01	0.6094E-14
0.2603E-01	0.6077E-14
0.2718E-01	0.6055E-14
0.2845E-01	0.6029E-14
0.2981E-01	0.6000E-14
0.3122E-01	0.5968E-14
0.3270E-01	0.5932E-14
0.3425E-01	0.5894E-14
0.3600E-01	0.5852E-14
0.3782E-01	0.5808E-14
0.3982E-01	0.5761E-14
0.4198E-01	0.5711E-14
0.4426E-01	0.5660E-14
0.4665E-01	0.5606E-14
0.4921E-01	0.5551E-14
0.5208E-01	0.5493E-14
0.5515E-01	0.5434E-14
0.5836E-01	0.5374E-14
0.6181E-01	0.5312E-14
0.6565E-01	0.5249E-14
0.6976E-01	0.5184E-14
0.7409E-01	0.5118E-14
0.7891E-01	0.5052E-14
0.8394E-01	0.4985E-14
0.8947E-01	0.4917E-14
0.9548E-01	0.4849E-14
0.1018	0.4780E-14
0.1087	0.4712E-14
0.1161	0.4643E-14
0.1240	0.4575E-14
0.1325	0.4507E-14
0.1415	0.4439E-14
0.1511	0.4373E-14
0.1613	0.4307E-14
0.1720	0.4243E-14
0.1834	0.4179E-14
0.1953	0.4118E-14
0.2079	0.4057E-14
0.2211	0.3998E-14
0.2349	0.3941E-14
0.2493	0.3885E-14
0.2643	0.3831E-14
0.2800	0.3778E-14
0.2964	0.3727E-14
0.3134	0.3676E-14
0.3312	0.3628E-14
0.3497	0.3580E-14
0.3689	0.3534E-14
0.3890	0.3488E-14
0.4098	0.3444E-14
0.4316	0.3400E-14
0.4543	0.3358E-14
0.4779	0.3316E-14
0.5026	0.3275E-14
0.5284	0.3235E-14
0.5554	0.3195E-14
0.5837	0.3156E-14
0.6134	0.3118E-14
0.6445	0.3081E-14
0.6771	0.3044E-14
0.7115	0.3007E-14
0.7477	0.2972E-14
0.7859	0.2937E-14
0.8262	0.2903E-14
0.8689	0.2869E-14
0.9140	0.2836E-14
0.9619	0.2804E-14
1.013	0.2773E-14
1.067	0.2742E-14
1.124	0.2713E-14
1.185	0.2684E-14
1.250	0.2656E-14
1.320	0.2629E-14
1.394	0.2603E-14
1.473	0.2578E-14
1.558	0.2554E-14
1.648	0.2531E-14
1.744	0.2509E-14
1.847	0.2488E-14
1.957	0.2467E-14
2.074	0.2448E-14
2.198	0.2429E-14
2.331	0.2412E-14
2.471	0.2395E-14
2.621	0.2378E-14
2.780	0.2363E-14
2.949	0.2348E-14
3.131	0.2333E-14
3.329	0.2319E-14
3.546	0.2306E-14
3.792	0.2293E-14
4.077	0.2280E-14
4.423	0.2268E-14
4.866	0.2257E-14
5.488	0.2247E-14
6.492	0.2237E-14
8.431	0.2228E-14
12.35	0.2217E-14
18.34	0.2201E-14
25.77	0.2184E-14
34.51	0.2167E-14
44.70	0.2149E-14
56.56	0.2132E-14
70.24	0.2115E-14
85.86	0.2099E-14
103.4	0.2082E-14
122.9	0.2066E-14
144.3	0.2049E-14
167.5	0.2032E-14
192.3	0.2016E-14
218.7	0.1999E-14
246.5	0.1982E-14
275.7	0.1965E-14
306.1	0.1948E-14
337.8	0.1931E-14
370.6	0.1913E-14
404.6	0.1896E-14
439.5	0.1878E-14
475.6	0.1861E-14
512.8	0.1843E-14
550.9	0.1825E-14
590.2	0.1807E-14
630.4	0.1789E-14
671.6	0.1770E-14
713.6	0.1752E-14
756.8	0.1734E-14
801.0	0.1715E-14
846.2	0.1697E-14
892.4	0.1678E-14
939.5	0.1660E-14
987.8	0.1641E-14
1037.	0.1622E-14
1087.	0.1603E-14
1139.	0.1585E-14
1191.	0.1566E-14
1245.	0.1547E-14
1299.	0.1528E-14
1355.	0.1509E-14
1412.	0.1491E-14
1470.	0.1472E-14
1529.	0.1453E-14
1589.	0.1435E-14
1651.	0.1416E-14
1713.	0.1398E-14
1777.	0.1379E-14
1842.	0.1361E-14
1909.	0.1343E-14
1976.	0.1324E-14
2045.	0.1306E-14
2116.	0.1288E-14
2187.	0.1271E-14
2260.	0.1253E-14
2334.	0.1235E-14
2410.	0.1218E-14
2487.	0.1201E-14
2565.	0.1184E-14
2645.	0.1167E-14
2726.	0.1150E-14
2808.	0.1134E-14
2892.	0.1117E-14
2978.	0.1101E-14
3065.	0.1085E-14
3153.	0.1069E-14
3243.	0.1054E-14
3334.	0.1038E-14
3427.	0.1023E-14
3522.	0.1008E-14
3617.	0.9934E-15
3715.	0.9789E-15
3814.	0.9646E-15
3914.	0.9505E-15
4017.	0.9367E-15
4120.	0.9231E-15
4225.	0.9098E-15
4332.	0.8966E-15
4441.	0.8837E-15
4551.	0.8711E-15
4662.	0.8587E-15
4775.	0.8465E-15
 
 
C50   Ar5    Excitation    0.28 eV                              
E/N (Td)	Rate coefficient (m3/s)
0.1256E-01	0.1046E-13
0.1291E-01	0.1090E-13
0.1327E-01	0.1133E-13
0.1366E-01	0.1177E-13
0.1408E-01	0.1220E-13
0.1450E-01	0.1263E-13
0.1495E-01	0.1306E-13
0.1542E-01	0.1348E-13
0.1593E-01	0.1390E-13
0.1648E-01	0.1432E-13
0.1705E-01	0.1473E-13
0.1766E-01	0.1513E-13
0.1829E-01	0.1553E-13
0.1896E-01	0.1591E-13
0.1965E-01	0.1630E-13
0.2040E-01	0.1667E-13
0.2121E-01	0.1703E-13
0.2208E-01	0.1739E-13
0.2300E-01	0.1773E-13
0.2397E-01	0.1807E-13
0.2498E-01	0.1839E-13
0.2603E-01	0.1871E-13
0.2718E-01	0.1901E-13
0.2845E-01	0.1930E-13
0.2981E-01	0.1959E-13
0.3122E-01	0.1986E-13
0.3270E-01	0.2012E-13
0.3425E-01	0.2037E-13
0.3600E-01	0.2060E-13
0.3782E-01	0.2083E-13
0.3982E-01	0.2104E-13
0.4198E-01	0.2125E-13
0.4426E-01	0.2144E-13
0.4665E-01	0.2162E-13
0.4921E-01	0.2179E-13
0.5208E-01	0.2194E-13
0.5515E-01	0.2209E-13
0.5836E-01	0.2222E-13
0.6181E-01	0.2234E-13
0.6565E-01	0.2245E-13
0.6976E-01	0.2254E-13
0.7409E-01	0.2263E-13
0.7891E-01	0.2270E-13
0.8394E-01	0.2275E-13
0.8947E-01	0.2280E-13
0.9548E-01	0.2283E-13
0.1018	0.2284E-13
0.1087	0.2284E-13
0.1161	0.2283E-13
0.1240	0.2280E-13
0.1325	0.2276E-13
0.1415	0.2270E-13
0.1511	0.2263E-13
0.1613	0.2254E-13
0.1720	0.2244E-13
0.1834	0.2233E-13
0.1953	0.2220E-13
0.2079	0.2207E-13
0.2211	0.2192E-13
0.2349	0.2175E-13
0.2493	0.2158E-13
0.2643	0.2140E-13
0.2800	0.2121E-13
0.2964	0.2101E-13
0.3134	0.2080E-13
0.3312	0.2058E-13
0.3497	0.2035E-13
0.3689	0.2012E-13
0.3890	0.1988E-13
0.4098	0.1963E-13
0.4316	0.1938E-13
0.4543	0.1912E-13
0.4779	0.1885E-13
0.5026	0.1859E-13
0.5284	0.1831E-13
0.5554	0.1803E-13
0.5837	0.1775E-13
0.6134	0.1747E-13
0.6445	0.1719E-13
0.6771	0.1690E-13
0.7115	0.1661E-13
0.7477	0.1632E-13
0.7859	0.1603E-13
0.8262	0.1574E-13
0.8689	0.1546E-13
0.9140	0.1517E-13
0.9619	0.1489E-13
1.013	0.1461E-13
1.067	0.1433E-13
1.124	0.1406E-13
1.185	0.1379E-13
1.250	0.1353E-13
1.320	0.1327E-13
1.394	0.1302E-13
1.473	0.1277E-13
1.558	0.1253E-13
1.648	0.1230E-13
1.744	0.1207E-13
1.847	0.1185E-13
1.957	0.1164E-13
2.074	0.1144E-13
2.198	0.1124E-13
2.331	0.1105E-13
2.471	0.1086E-13
2.621	0.1068E-13
2.780	0.1051E-13
2.949	0.1034E-13
3.131	0.1018E-13
3.329	0.1003E-13
3.546	0.9880E-14
3.792	0.9736E-14
4.077	0.9600E-14
4.423	0.9471E-14
4.866	0.9352E-14
5.488	0.9246E-14
6.492	0.9156E-14
8.431	0.9083E-14
12.35	0.9003E-14
18.34	0.8892E-14
25.77	0.8765E-14
34.51	0.8635E-14
44.70	0.8509E-14
56.56	0.8388E-14
70.24	0.8272E-14
85.86	0.8161E-14
103.4	0.8055E-14
122.9	0.7951E-14
144.3	0.7849E-14
167.5	0.7750E-14
192.3	0.7652E-14
218.7	0.7555E-14
246.5	0.7459E-14
275.7	0.7364E-14
306.1	0.7271E-14
337.8	0.7178E-14
370.6	0.7086E-14
404.6	0.6994E-14
439.5	0.6904E-14
475.6	0.6814E-14
512.8	0.6724E-14
550.9	0.6635E-14
590.2	0.6546E-14
630.4	0.6458E-14
671.6	0.6370E-14
713.6	0.6283E-14
756.8	0.6197E-14
801.0	0.6110E-14
846.2	0.6024E-14
892.4	0.5939E-14
939.5	0.5854E-14
987.8	0.5769E-14
1037.	0.5684E-14
1087.	0.5600E-14
1139.	0.5517E-14
1191.	0.5433E-14
1245.	0.5350E-14
1299.	0.5268E-14
1355.	0.5185E-14
1412.	0.5104E-14
1470.	0.5022E-14
1529.	0.4941E-14
1589.	0.4861E-14
1651.	0.4780E-14
1713.	0.4701E-14
1777.	0.4622E-14
1842.	0.4543E-14
1909.	0.4465E-14
1976.	0.4387E-14
2045.	0.4310E-14
2116.	0.4233E-14
2187.	0.4158E-14
2260.	0.4082E-14
2334.	0.4007E-14
2410.	0.3933E-14
2487.	0.3860E-14
2565.	0.3787E-14
2645.	0.3715E-14
2726.	0.3644E-14
2808.	0.3573E-14
2892.	0.3503E-14
2978.	0.3434E-14
3065.	0.3365E-14
3153.	0.3298E-14
3243.	0.3231E-14
3334.	0.3165E-14
3427.	0.3099E-14
3522.	0.3035E-14
3617.	0.2971E-14
3715.	0.2909E-14
3814.	0.2847E-14
3914.	0.2786E-14
4017.	0.2726E-14
4120.	0.2667E-14
4225.	0.2608E-14
4332.	0.2551E-14
4441.	0.2494E-14
4551.	0.2439E-14
4662.	0.2384E-14
4775.	0.2330E-14
 
 
C51   Ar5    Excitation    1.52 eV                              
E/N (Td)	Rate coefficient (m3/s)
0.1256E-01	0.7653E-18
0.1291E-01	0.1055E-17
0.1327E-01	0.1440E-17
0.1366E-01	0.1950E-17
0.1408E-01	0.2621E-17
0.1450E-01	0.3492E-17
0.1495E-01	0.4618E-17
0.1542E-01	0.6063E-17
0.1593E-01	0.7904E-17
0.1648E-01	0.1023E-16
0.1705E-01	0.1315E-16
0.1766E-01	0.1678E-16
0.1829E-01	0.2129E-16
0.1896E-01	0.2682E-16
0.1965E-01	0.3359E-16
0.2040E-01	0.4181E-16
0.2121E-01	0.5175E-16
0.2208E-01	0.6368E-16
0.2300E-01	0.7795E-16
0.2397E-01	0.9488E-16
0.2498E-01	0.1149E-15
0.2603E-01	0.1384E-15
0.2718E-01	0.1658E-15
0.2845E-01	0.1979E-15
0.2981E-01	0.2350E-15
0.3122E-01	0.2779E-15
0.3270E-01	0.3270E-15
0.3425E-01	0.3832E-15
0.3600E-01	0.4472E-15
0.3782E-01	0.5201E-15
0.3982E-01	0.6022E-15
0.4198E-01	0.6950E-15
0.4426E-01	0.7991E-15
0.4665E-01	0.9154E-15
0.4921E-01	0.1045E-14
0.5208E-01	0.1189E-14
0.5515E-01	0.1350E-14
0.5836E-01	0.1527E-14
0.6181E-01	0.1721E-14
0.6565E-01	0.1936E-14
0.6976E-01	0.2173E-14
0.7409E-01	0.2430E-14
0.7891E-01	0.2713E-14
0.8394E-01	0.3020E-14
0.8947E-01	0.3354E-14
0.9548E-01	0.3718E-14
0.1018	0.4112E-14
0.1087	0.4539E-14
0.1161	0.5000E-14
0.1240	0.5497E-14
0.1325	0.6032E-14
0.1415	0.6606E-14
0.1511	0.7222E-14
0.1613	0.7880E-14
0.1720	0.8582E-14
0.1834	0.9329E-14
0.1953	0.1012E-13
0.2079	0.1096E-13
0.2211	0.1185E-13
0.2349	0.1278E-13
0.2493	0.1377E-13
0.2643	0.1479E-13
0.2800	0.1587E-13
0.2964	0.1699E-13
0.3134	0.1816E-13
0.3312	0.1937E-13
0.3497	0.2062E-13
0.3689	0.2191E-13
0.3890	0.2324E-13
0.4098	0.2461E-13
0.4316	0.2602E-13
0.4543	0.2746E-13
0.4779	0.2894E-13
0.5026	0.3044E-13
0.5284	0.3198E-13
0.5554	0.3354E-13
0.5837	0.3513E-13
0.6134	0.3674E-13
0.6445	0.3838E-13
0.6771	0.4004E-13
0.7115	0.4171E-13
0.7477	0.4341E-13
0.7859	0.4512E-13
0.8262	0.4685E-13
0.8689	0.4860E-13
0.9140	0.5035E-13
0.9619	0.5213E-13
1.013	0.5391E-13
1.067	0.5570E-13
1.124	0.5751E-13
1.185	0.5932E-13
1.250	0.6115E-13
1.320	0.6299E-13
1.394	0.6483E-13
1.473	0.6669E-13
1.558	0.6855E-13
1.648	0.7043E-13
1.744	0.7231E-13
1.847	0.7421E-13
1.957	0.7611E-13
2.074	0.7803E-13
2.198	0.7996E-13
2.331	0.8190E-13
2.471	0.8386E-13
2.621	0.8583E-13
2.780	0.8781E-13
2.949	0.8981E-13
3.131	0.9182E-13
3.329	0.9385E-13
3.546	0.9589E-13
3.792	0.9795E-13
4.077	0.1000E-12
4.423	0.1021E-12
4.866	0.1041E-12
5.488	0.1062E-12
6.492	0.1082E-12
8.431	0.1101E-12
12.35	0.1121E-12
18.34	0.1141E-12
25.77	0.1163E-12
34.51	0.1185E-12
44.70	0.1206E-12
56.56	0.1228E-12
70.24	0.1249E-12
85.86	0.1270E-12
103.4	0.1291E-12
122.9	0.1312E-12
144.3	0.1332E-12
167.5	0.1353E-12
192.3	0.1373E-12
218.7	0.1393E-12
246.5	0.1413E-12
275.7	0.1433E-12
306.1	0.1452E-12
337.8	0.1472E-12
370.6	0.1491E-12
404.6	0.1511E-12
439.5	0.1530E-12
475.6	0.1549E-12
512.8	0.1568E-12
550.9	0.1587E-12
590.2	0.1606E-12
630.4	0.1624E-12
671.6	0.1643E-12
713.6	0.1661E-12
756.8	0.1679E-12
801.0	0.1697E-12
846.2	0.1715E-12
892.4	0.1733E-12
939.5	0.1751E-12
987.8	0.1768E-12
1037.	0.1786E-12
1087.	0.1803E-12
1139.	0.1820E-12
1191.	0.1837E-12
1245.	0.1854E-12
1299.	0.1870E-12
1355.	0.1887E-12
1412.	0.1903E-12
1470.	0.1920E-12
1529.	0.1936E-12
1589.	0.1952E-12
1651.	0.1968E-12
1713.	0.1984E-12
1777.	0.1999E-12
1842.	0.2015E-12
1909.	0.2030E-12
1976.	0.2045E-12
2045.	0.2061E-12
2116.	0.2076E-12
2187.	0.2090E-12
2260.	0.2105E-12
2334.	0.2120E-12
2410.	0.2134E-12
2487.	0.2148E-12
2565.	0.2163E-12
2645.	0.2177E-12
2726.	0.2191E-12
2808.	0.2204E-12
2892.	0.2218E-12
2978.	0.2231E-12
3065.	0.2245E-12
3153.	0.2258E-12
3243.	0.2271E-12
3334.	0.2284E-12
3427.	0.2297E-12
3522.	0.2310E-12
3617.	0.2322E-12
3715.	0.2334E-12
3814.	0.2347E-12
3914.	0.2359E-12
4017.	0.2371E-12
4120.	0.2382E-12
4225.	0.2394E-12
4332.	0.2405E-12
4441.	0.2416E-12
4551.	0.2428E-12
4662.	0.2438E-12
4775.	0.2449E-12
 
 
C52   Ar5    Excitation    1.66 eV                              
E/N (Td)	Rate coefficient (m3/s)
0.1256E-01	0.5797E-18
0.1291E-01	0.8240E-18
0.1327E-01	0.1159E-17
0.1366E-01	0.1616E-17
0.1408E-01	0.2236E-17
0.1450E-01	0.3063E-17
0.1495E-01	0.4161E-17
0.1542E-01	0.5607E-17
0.1593E-01	0.7499E-17
0.1648E-01	0.9946E-17
0.1705E-01	0.1310E-16
0.1766E-01	0.1712E-16
0.1829E-01	0.2221E-16
0.1896E-01	0.2862E-16
0.1965E-01	0.3663E-16
0.2040E-01	0.4656E-16
0.2121E-01	0.5882E-16
0.2208E-01	0.7384E-16
0.2300E-01	0.9215E-16
0.2397E-01	0.1143E-15
0.2498E-01	0.1410E-15
0.2603E-01	0.1729E-15
0.2718E-01	0.2108E-15
0.2845E-01	0.2559E-15
0.2981E-01	0.3089E-15
0.3122E-01	0.3711E-15
0.3270E-01	0.4436E-15
0.3425E-01	0.5278E-15
0.3600E-01	0.6251E-15
0.3782E-01	0.7376E-15
0.3982E-01	0.8661E-15
0.4198E-01	0.1013E-14
0.4426E-01	0.1181E-14
0.4665E-01	0.1370E-14
0.4921E-01	0.1584E-14
0.5208E-01	0.1826E-14
0.5515E-01	0.2097E-14
0.5836E-01	0.2400E-14
0.6181E-01	0.2737E-14
0.6565E-01	0.3114E-14
0.6976E-01	0.3533E-14
0.7409E-01	0.3994E-14
0.7891E-01	0.4506E-14
0.8394E-01	0.5068E-14
0.8947E-01	0.5686E-14
0.9548E-01	0.6366E-14
0.1018	0.7109E-14
0.1087	0.7920E-14
0.1161	0.8807E-14
0.1240	0.9772E-14
0.1325	0.1082E-13
0.1415	0.1195E-13
0.1511	0.1318E-13
0.1613	0.1451E-13
0.1720	0.1593E-13
0.1834	0.1746E-13
0.1953	0.1910E-13
0.2079	0.2085E-13
0.2211	0.2271E-13
0.2349	0.2468E-13
0.2493	0.2677E-13
0.2643	0.2898E-13
0.2800	0.3130E-13
0.2964	0.3374E-13
0.3134	0.3629E-13
0.3312	0.3895E-13
0.3497	0.4173E-13
0.3689	0.4461E-13
0.3890	0.4760E-13
0.4098	0.5069E-13
0.4316	0.5388E-13
0.4543	0.5717E-13
0.4779	0.6055E-13
0.5026	0.6402E-13
0.5284	0.6757E-13
0.5554	0.7121E-13
0.5837	0.7492E-13
0.6134	0.7870E-13
0.6445	0.8256E-13
0.6771	0.8648E-13
0.7115	0.9047E-13
0.7477	0.9451E-13
0.7859	0.9861E-13
0.8262	0.1028E-12
0.8689	0.1070E-12
0.9140	0.1112E-12
0.9619	0.1155E-12
1.013	0.1199E-12
1.067	0.1243E-12
1.124	0.1287E-12
1.185	0.1332E-12
1.250	0.1377E-12
1.320	0.1423E-12
1.394	0.1468E-12
1.473	0.1515E-12
1.558	0.1561E-12
1.648	0.1609E-12
1.744	0.1656E-12
1.847	0.1704E-12
1.957	0.1752E-12
2.074	0.1801E-12
2.198	0.1850E-12
2.331	0.1900E-12
2.471	0.1950E-12
2.621	0.2001E-12
2.780	0.2052E-12
2.949	0.2104E-12
3.131	0.2156E-12
3.329	0.2209E-12
3.546	0.2262E-12
3.792	0.2316E-12
4.077	0.2371E-12
4.423	0.2425E-12
4.866	0.2480E-12
5.488	0.2534E-12
6.492	0.2588E-12
8.431	0.2641E-12
12.35	0.2694E-12
18.34	0.2750E-12
25.77	0.2808E-12
34.51	0.2866E-12
44.70	0.2925E-12
56.56	0.2984E-12
70.24	0.3042E-12
85.86	0.3100E-12
103.4	0.3158E-12
122.9	0.3215E-12
144.3	0.3272E-12
167.5	0.3329E-12
192.3	0.3386E-12
218.7	0.3443E-12
246.5	0.3499E-12
275.7	0.3555E-12
306.1	0.3611E-12
337.8	0.3667E-12
370.6	0.3723E-12
404.6	0.3779E-12
439.5	0.3834E-12
475.6	0.3889E-12
512.8	0.3944E-12
550.9	0.3998E-12
590.2	0.4053E-12
630.4	0.4107E-12
671.6	0.4161E-12
713.6	0.4214E-12
756.8	0.4267E-12
801.0	0.4320E-12
846.2	0.4373E-12
892.4	0.4425E-12
939.5	0.4477E-12
987.8	0.4529E-12
1037.	0.4580E-12
1087.	0.4632E-12
1139.	0.4682E-12
1191.	0.4733E-12
1245.	0.4783E-12
1299.	0.4833E-12
1355.	0.4882E-12
1412.	0.4931E-12
1470.	0.4980E-12
1529.	0.5029E-12
1589.	0.5077E-12
1651.	0.5124E-12
1713.	0.5172E-12
1777.	0.5219E-12
1842.	0.5265E-12
1909.	0.5312E-12
1976.	0.5358E-12
2045.	0.5403E-12
2116.	0.5448E-12
2187.	0.5493E-12
2260.	0.5537E-12
2334.	0.5581E-12
2410.	0.5624E-12
2487.	0.5667E-12
2565.	0.5710E-12
2645.	0.5752E-12
2726.	0.5794E-12
2808.	0.5835E-12
2892.	0.5876E-12
2978.	0.5916E-12
3065.	0.5956E-12
3153.	0.5996E-12
3243.	0.6035E-12
3334.	0.6073E-12
3427.	0.6111E-12
3522.	0.6149E-12
3617.	0.6186E-12
3715.	0.6222E-12
3814.	0.6258E-12
3914.	0.6293E-12
4017.	0.6328E-12
4120.	0.6362E-12
4225.	0.6396E-12
4332.	0.6429E-12
4441.	0.6461E-12
4551.	0.6493E-12
4662.	0.6525E-12
4775.	0.6555E-12
 
 
C53   Ar5    Excitation    1.68 eV                              
E/N (Td)	Rate coefficient (m3/s)
0.1256E-01	0.2376E-18
0.1291E-01	0.3370E-18
0.1327E-01	0.4730E-18
0.1366E-01	0.6582E-18
0.1408E-01	0.9086E-18
0.1450E-01	0.1242E-17
0.1495E-01	0.1683E-17
0.1542E-01	0.2264E-17
0.1593E-01	0.3021E-17
0.1648E-01	0.3998E-17
0.1705E-01	0.5253E-17
0.1766E-01	0.6850E-17
0.1829E-01	0.8869E-17
0.1896E-01	0.1140E-16
0.1965E-01	0.1456E-16
0.2040E-01	0.1846E-16
0.2121E-01	0.2328E-16
0.2208E-01	0.2915E-16
0.2300E-01	0.3630E-16
0.2397E-01	0.4493E-16
0.2498E-01	0.5528E-16
0.2603E-01	0.6764E-16
0.2718E-01	0.8229E-16
0.2845E-01	0.9967E-16
0.2981E-01	0.1201E-15
0.3122E-01	0.1439E-15
0.3270E-01	0.1717E-15
0.3425E-01	0.2037E-15
0.3600E-01	0.2408E-15
0.3782E-01	0.2835E-15
0.3982E-01	0.3321E-15
0.4198E-01	0.3876E-15
0.4426E-01	0.4506E-15
0.4665E-01	0.5218E-15
0.4921E-01	0.6017E-15
0.5208E-01	0.6918E-15
0.5515E-01	0.7927E-15
0.5836E-01	0.9050E-15
0.6181E-01	0.1030E-14
0.6565E-01	0.1168E-14
0.6976E-01	0.1322E-14
0.7409E-01	0.1491E-14
0.7891E-01	0.1677E-14
0.8394E-01	0.1881E-14
0.8947E-01	0.2104E-14
0.9548E-01	0.2348E-14
0.1018	0.2615E-14
0.1087	0.2904E-14
0.1161	0.3219E-14
0.1240	0.3559E-14
0.1325	0.3927E-14
0.1415	0.4323E-14
0.1511	0.4749E-14
0.1613	0.5206E-14
0.1720	0.5694E-14
0.1834	0.6214E-14
0.1953	0.6767E-14
0.2079	0.7352E-14
0.2211	0.7970E-14
0.2349	0.8620E-14
0.2493	0.9302E-14
0.2643	0.1001E-13
0.2800	0.1076E-13
0.2964	0.1153E-13
0.3134	0.1233E-13
0.3312	0.1315E-13
0.3497	0.1399E-13
0.3689	0.1486E-13
0.3890	0.1575E-13
0.4098	0.1666E-13
0.4316	0.1758E-13
0.4543	0.1851E-13
0.4779	0.1945E-13
0.5026	0.2041E-13
0.5284	0.2136E-13
0.5554	0.2233E-13
0.5837	0.2329E-13
0.6134	0.2426E-13
0.6445	0.2522E-13
0.6771	0.2618E-13
0.7115	0.2714E-13
0.7477	0.2809E-13
0.7859	0.2904E-13
0.8262	0.2997E-13
0.8689	0.3089E-13
0.9140	0.3181E-13
0.9619	0.3271E-13
1.013	0.3361E-13
1.067	0.3449E-13
1.124	0.3535E-13
1.185	0.3621E-13
1.250	0.3706E-13
1.320	0.3789E-13
1.394	0.3872E-13
1.473	0.3953E-13
1.558	0.4034E-13
1.648	0.4113E-13
1.744	0.4192E-13
1.847	0.4271E-13
1.957	0.4349E-13
2.074	0.4427E-13
2.198	0.4505E-13
2.331	0.4583E-13
2.471	0.4661E-13
2.621	0.4739E-13
2.780	0.4818E-13
2.949	0.4897E-13
3.131	0.4977E-13
3.329	0.5058E-13
3.546	0.5139E-13
3.792	0.5221E-13
4.077	0.5304E-13
4.423	0.5387E-13
4.866	0.5471E-13
5.488	0.5554E-13
6.492	0.5636E-13
8.431	0.5717E-13
12.35	0.5803E-13
18.34	0.5895E-13
25.77	0.5992E-13
34.51	0.6089E-13
44.70	0.6187E-13
56.56	0.6285E-13
70.24	0.6382E-13
85.86	0.6479E-13
103.4	0.6576E-13
122.9	0.6673E-13
144.3	0.6770E-13
167.5	0.6866E-13
192.3	0.6963E-13
218.7	0.7060E-13
246.5	0.7157E-13
275.7	0.7254E-13
306.1	0.7350E-13
337.8	0.7447E-13
370.6	0.7543E-13
404.6	0.7639E-13
439.5	0.7735E-13
475.6	0.7831E-13
512.8	0.7927E-13
550.9	0.8022E-13
590.2	0.8118E-13
630.4	0.8213E-13
671.6	0.8307E-13
713.6	0.8401E-13
756.8	0.8495E-13
801.0	0.8589E-13
846.2	0.8682E-13
892.4	0.8775E-13
939.5	0.8868E-13
987.8	0.8960E-13
1037.	0.9051E-13
1087.	0.9143E-13
1139.	0.9233E-13
1191.	0.9324E-13
1245.	0.9413E-13
1299.	0.9503E-13
1355.	0.9592E-13
1412.	0.9680E-13
1470.	0.9768E-13
1529.	0.9855E-13
1589.	0.9942E-13
1651.	0.1003E-12
1713.	0.1011E-12
1777.	0.1020E-12
1842.	0.1028E-12
1909.	0.1037E-12
1976.	0.1045E-12
2045.	0.1053E-12
2116.	0.1061E-12
2187.	0.1070E-12
2260.	0.1078E-12
2334.	0.1086E-12
2410.	0.1094E-12
2487.	0.1102E-12
2565.	0.1109E-12
2645.	0.1117E-12
2726.	0.1125E-12
2808.	0.1132E-12
2892.	0.1140E-12
2978.	0.1147E-12
3065.	0.1155E-12
3153.	0.1162E-12
3243.	0.1169E-12
3334.	0.1176E-12
3427.	0.1183E-12
3522.	0.1190E-12
3617.	0.1197E-12
3715.	0.1204E-12
3814.	0.1210E-12
3914.	0.1217E-12
4017.	0.1224E-12
4120.	0.1230E-12
4225.	0.1236E-12
4332.	0.1242E-12
4441.	0.1249E-12
4551.	0.1255E-12
4662.	0.1260E-12
4775.	0.1266E-12
 
 
C54   Ar5    Excitation    1.73 eV                              
E/N (Td)	Rate coefficient (m3/s)
0.1256E-01	0.2303E-19
0.1291E-01	0.3318E-19
0.1327E-01	0.4730E-19
0.1366E-01	0.6683E-19
0.1408E-01	0.9368E-19
0.1450E-01	0.1300E-18
0.1495E-01	0.1788E-18
0.1542E-01	0.2440E-18
0.1593E-01	0.3304E-18
0.1648E-01	0.4435E-18
0.1705E-01	0.5912E-18
0.1766E-01	0.7818E-18
0.1829E-01	0.1026E-17
0.1896E-01	0.1338E-17
0.1965E-01	0.1731E-17
0.2040E-01	0.2225E-17
0.2121E-01	0.2843E-17
0.2208E-01	0.3607E-17
0.2300E-01	0.4551E-17
0.2397E-01	0.5704E-17
0.2498E-01	0.7108E-17
0.2603E-01	0.8806E-17
0.2718E-01	0.1084E-16
0.2845E-01	0.1330E-16
0.2981E-01	0.1621E-16
0.3122E-01	0.1966E-16
0.3270E-01	0.2372E-16
0.3425E-01	0.2848E-16
0.3600E-01	0.3405E-16
0.3782E-01	0.4053E-16
0.3982E-01	0.4800E-16
0.4198E-01	0.5665E-16
0.4426E-01	0.6656E-16
0.4665E-01	0.7789E-16
0.4921E-01	0.9075E-16
0.5208E-01	0.1054E-15
0.5515E-01	0.1220E-15
0.5836E-01	0.1407E-15
0.6181E-01	0.1616E-15
0.6565E-01	0.1852E-15
0.6976E-01	0.2115E-15
0.7409E-01	0.2408E-15
0.7891E-01	0.2734E-15
0.8394E-01	0.3095E-15
0.8947E-01	0.3494E-15
0.9548E-01	0.3935E-15
0.1018	0.4420E-15
0.1087	0.4952E-15
0.1161	0.5537E-15
0.1240	0.6175E-15
0.1325	0.6872E-15
0.1415	0.7629E-15
0.1511	0.8451E-15
0.1613	0.9341E-15
0.1720	0.1030E-14
0.1834	0.1133E-14
0.1953	0.1244E-14
0.2079	0.1362E-14
0.2211	0.1488E-14
0.2349	0.1622E-14
0.2493	0.1763E-14
0.2643	0.1912E-14
0.2800	0.2069E-14
0.2964	0.2232E-14
0.3134	0.2404E-14
0.3312	0.2581E-14
0.3497	0.2766E-14
0.3689	0.2957E-14
0.3890	0.3153E-14
0.4098	0.3355E-14
0.4316	0.3562E-14
0.4543	0.3774E-14
0.4779	0.3989E-14
0.5026	0.4209E-14
0.5284	0.4431E-14
0.5554	0.4656E-14
0.5837	0.4883E-14
0.6134	0.5112E-14
0.6445	0.5343E-14
0.6771	0.5574E-14
0.7115	0.5806E-14
0.7477	0.6038E-14
0.7859	0.6270E-14
0.8262	0.6502E-14
0.8689	0.6733E-14
0.9140	0.6963E-14
0.9619	0.7192E-14
1.013	0.7420E-14
1.067	0.7646E-14
1.124	0.7871E-14
1.185	0.8095E-14
1.250	0.8317E-14
1.320	0.8538E-14
1.394	0.8757E-14
1.473	0.8976E-14
1.558	0.9193E-14
1.648	0.9410E-14
1.744	0.9626E-14
1.847	0.9843E-14
1.957	0.1006E-13
2.074	0.1028E-13
2.198	0.1050E-13
2.331	0.1071E-13
2.471	0.1094E-13
2.621	0.1116E-13
2.780	0.1139E-13
2.949	0.1161E-13
3.131	0.1185E-13
3.329	0.1208E-13
3.546	0.1232E-13
3.792	0.1256E-13
4.077	0.1281E-13
4.423	0.1306E-13
4.866	0.1331E-13
5.488	0.1356E-13
6.492	0.1381E-13
8.431	0.1406E-13
12.35	0.1431E-13
18.34	0.1459E-13
25.77	0.1487E-13
34.51	0.1516E-13
44.70	0.1545E-13
56.56	0.1574E-13
70.24	0.1602E-13
85.86	0.1631E-13
103.4	0.1660E-13
122.9	0.1688E-13
144.3	0.1717E-13
167.5	0.1746E-13
192.3	0.1774E-13
218.7	0.1803E-13
246.5	0.1832E-13
275.7	0.1860E-13
306.1	0.1889E-13
337.8	0.1917E-13
370.6	0.1946E-13
404.6	0.1975E-13
439.5	0.2003E-13
475.6	0.2031E-13
512.8	0.2060E-13
550.9	0.2088E-13
590.2	0.2117E-13
630.4	0.2145E-13
671.6	0.2173E-13
713.6	0.2201E-13
756.8	0.2229E-13
801.0	0.2257E-13
846.2	0.2284E-13
892.4	0.2312E-13
939.5	0.2340E-13
987.8	0.2367E-13
1037.	0.2394E-13
1087.	0.2422E-13
1139.	0.2449E-13
1191.	0.2476E-13
1245.	0.2503E-13
1299.	0.2529E-13
1355.	0.2556E-13
1412.	0.2582E-13
1470.	0.2608E-13
1529.	0.2635E-13
1589.	0.2661E-13
1651.	0.2686E-13
1713.	0.2712E-13
1777.	0.2738E-13
1842.	0.2763E-13
1909.	0.2788E-13
1976.	0.2813E-13
2045.	0.2838E-13
2116.	0.2862E-13
2187.	0.2887E-13
2260.	0.2911E-13
2334.	0.2935E-13
2410.	0.2959E-13
2487.	0.2982E-13
2565.	0.3006E-13
2645.	0.3029E-13
2726.	0.3052E-13
2808.	0.3075E-13
2892.	0.3097E-13
2978.	0.3120E-13
3065.	0.3142E-13
3153.	0.3164E-13
3243.	0.3185E-13
3334.	0.3207E-13
3427.	0.3228E-13
3522.	0.3249E-13
3617.	0.3269E-13
3715.	0.3289E-13
3814.	0.3309E-13
3914.	0.3329E-13
4017.	0.3349E-13
4120.	0.3368E-13
4225.	0.3387E-13
4332.	0.3405E-13
4441.	0.3424E-13
4551.	0.3442E-13
4662.	0.3459E-13
4775.	0.3477E-13
 
 
C55   Ar5    Excitation    1.75 eV                              
E/N (Td)	Rate coefficient (m3/s)
0.1256E-01	0.1141E-18
0.1291E-01	0.1655E-18
0.1327E-01	0.2373E-18
0.1366E-01	0.3373E-18
0.1408E-01	0.4754E-18
0.1450E-01	0.6631E-18
0.1495E-01	0.9167E-18
0.1542E-01	0.1257E-17
0.1593E-01	0.1709E-17
0.1648E-01	0.2304E-17
0.1705E-01	0.3084E-17
0.1766E-01	0.4093E-17
0.1829E-01	0.5392E-17
0.1896E-01	0.7051E-17
0.1965E-01	0.9152E-17
0.2040E-01	0.1180E-16
0.2121E-01	0.1511E-16
0.2208E-01	0.1922E-16
0.2300E-01	0.2430E-16
0.2397E-01	0.3052E-16
0.2498E-01	0.3810E-16
0.2603E-01	0.4729E-16
0.2718E-01	0.5833E-16
0.2845E-01	0.7162E-16
0.2981E-01	0.8744E-16
0.3122E-01	0.1062E-15
0.3270E-01	0.1283E-15
0.3425E-01	0.1542E-15
0.3600E-01	0.1844E-15
0.3782E-01	0.2197E-15
0.3982E-01	0.2605E-15
0.4198E-01	0.3076E-15
0.4426E-01	0.3617E-15
0.4665E-01	0.4235E-15
0.4921E-01	0.4937E-15
0.5208E-01	0.5737E-15
0.5515E-01	0.6644E-15
0.5836E-01	0.7665E-15
0.6181E-01	0.8809E-15
0.6565E-01	0.1010E-14
0.6976E-01	0.1154E-14
0.7409E-01	0.1314E-14
0.7891E-01	0.1493E-14
0.8394E-01	0.1690E-14
0.8947E-01	0.1909E-14
0.9548E-01	0.2152E-14
0.1018	0.2418E-14
0.1087	0.2711E-14
0.1161	0.3033E-14
0.1240	0.3385E-14
0.1325	0.3770E-14
0.1415	0.4189E-14
0.1511	0.4645E-14
0.1613	0.5139E-14
0.1720	0.5673E-14
0.1834	0.6248E-14
0.1953	0.6867E-14
0.2079	0.7531E-14
0.2211	0.8239E-14
0.2349	0.8994E-14
0.2493	0.9795E-14
0.2643	0.1064E-13
0.2800	0.1154E-13
0.2964	0.1248E-13
0.3134	0.1347E-13
0.3312	0.1450E-13
0.3497	0.1557E-13
0.3689	0.1669E-13
0.3890	0.1785E-13
0.4098	0.1905E-13
0.4316	0.2029E-13
0.4543	0.2156E-13
0.4779	0.2287E-13
0.5026	0.2421E-13
0.5284	0.2558E-13
0.5554	0.2698E-13
0.5837	0.2841E-13
0.6134	0.2985E-13
0.6445	0.3133E-13
0.6771	0.3282E-13
0.7115	0.3433E-13
0.7477	0.3586E-13
0.7859	0.3740E-13
0.8262	0.3896E-13
0.8689	0.4053E-13
0.9140	0.4211E-13
0.9619	0.4371E-13
1.013	0.4531E-13
1.067	0.4692E-13
1.124	0.4855E-13
1.185	0.5018E-13
1.250	0.5182E-13
1.320	0.5347E-13
1.394	0.5513E-13
1.473	0.5680E-13
1.558	0.5848E-13
1.648	0.6017E-13
1.744	0.6188E-13
1.847	0.6360E-13
1.957	0.6533E-13
2.074	0.6709E-13
2.198	0.6886E-13
2.331	0.7065E-13
2.471	0.7246E-13
2.621	0.7430E-13
2.780	0.7616E-13
2.949	0.7804E-13
3.131	0.7995E-13
3.329	0.8188E-13
3.546	0.8384E-13
3.792	0.8583E-13
4.077	0.8784E-13
4.423	0.8987E-13
4.866	0.9192E-13
5.488	0.9397E-13
6.492	0.9601E-13
8.431	0.9803E-13
12.35	0.1001E-12
18.34	0.1022E-12
25.77	0.1044E-12
34.51	0.1067E-12
44.70	0.1090E-12
56.56	0.1112E-12
70.24	0.1135E-12
85.86	0.1157E-12
103.4	0.1179E-12
122.9	0.1202E-12
144.3	0.1224E-12
167.5	0.1247E-12
192.3	0.1269E-12
218.7	0.1291E-12
246.5	0.1313E-12
275.7	0.1336E-12
306.1	0.1358E-12
337.8	0.1380E-12
370.6	0.1402E-12
404.6	0.1424E-12
439.5	0.1446E-12
475.6	0.1468E-12
512.8	0.1490E-12
550.9	0.1512E-12
590.2	0.1534E-12
630.4	0.1555E-12
671.6	0.1577E-12
713.6	0.1599E-12
756.8	0.1620E-12
801.0	0.1641E-12
846.2	0.1663E-12
892.4	0.1684E-12
939.5	0.1705E-12
987.8	0.1726E-12
1037.	0.1747E-12
1087.	0.1768E-12
1139.	0.1788E-12
1191.	0.1809E-12
1245.	0.1829E-12
1299.	0.1850E-12
1355.	0.1870E-12
1412.	0.1890E-12
1470.	0.1910E-12
1529.	0.1930E-12
1589.	0.1950E-12
1651.	0.1969E-12
1713.	0.1989E-12
1777.	0.2008E-12
1842.	0.2027E-12
1909.	0.2046E-12
1976.	0.2065E-12
2045.	0.2084E-12
2116.	0.2103E-12
2187.	0.2121E-12
2260.	0.2139E-12
2334.	0.2158E-12
2410.	0.2176E-12
2487.	0.2193E-12
2565.	0.2211E-12
2645.	0.2229E-12
2726.	0.2246E-12
2808.	0.2263E-12
2892.	0.2280E-12
2978.	0.2297E-12
3065.	0.2313E-12
3153.	0.2330E-12
3243.	0.2346E-12
3334.	0.2362E-12
3427.	0.2378E-12
3522.	0.2393E-12
3617.	0.2409E-12
3715.	0.2424E-12
3814.	0.2439E-12
3914.	0.2454E-12
4017.	0.2468E-12
4120.	0.2482E-12
4225.	0.2496E-12
4332.	0.2510E-12
4441.	0.2524E-12
4551.	0.2537E-12
4662.	0.2550E-12
4775.	0.2563E-12
 
 
C56   Ar5    Excitation    1.85 eV                              
E/N (Td)	Rate coefficient (m3/s)
0.1256E-01	0.4726E-20
0.1291E-01	0.6982E-20
0.1327E-01	0.1019E-19
0.1366E-01	0.1474E-19
0.1408E-01	0.2112E-19
0.1450E-01	0.2993E-19
0.1495E-01	0.4202E-19
0.1542E-01	0.5846E-19
0.1593E-01	0.8065E-19
0.1648E-01	0.1102E-18
0.1705E-01	0.1495E-18
0.1766E-01	0.2009E-18
0.1829E-01	0.2679E-18
0.1896E-01	0.3545E-18
0.1965E-01	0.4654E-18
0.2040E-01	0.6065E-18
0.2121E-01	0.7849E-18
0.2208E-01	0.1008E-17
0.2300E-01	0.1287E-17
0.2397E-01	0.1632E-17
0.2498E-01	0.2055E-17
0.2603E-01	0.2572E-17
0.2718E-01	0.3198E-17
0.2845E-01	0.3958E-17
0.2981E-01	0.4867E-17
0.3122E-01	0.5952E-17
0.3270E-01	0.7239E-17
0.3425E-01	0.8755E-17
0.3600E-01	0.1054E-16
0.3782E-01	0.1263E-16
0.3982E-01	0.1505E-16
0.4198E-01	0.1786E-16
0.4426E-01	0.2111E-16
0.4665E-01	0.2482E-16
0.4921E-01	0.2906E-16
0.5208E-01	0.3391E-16
0.5515E-01	0.3942E-16
0.5836E-01	0.4562E-16
0.6181E-01	0.5260E-16
0.6565E-01	0.6047E-16
0.6976E-01	0.6928E-16
0.7409E-01	0.7908E-16
0.7891E-01	0.9003E-16
0.8394E-01	0.1021E-15
0.8947E-01	0.1155E-15
0.9548E-01	0.1304E-15
0.1018	0.1466E-15
0.1087	0.1645E-15
0.1161	0.1841E-15
0.1240	0.2055E-15
0.1325	0.2288E-15
0.1415	0.2541E-15
0.1511	0.2814E-15
0.1613	0.3109E-15
0.1720	0.3427E-15
0.1834	0.3766E-15
0.1953	0.4129E-15
0.2079	0.4514E-15
0.2211	0.4922E-15
0.2349	0.5353E-15
0.2493	0.5805E-15
0.2643	0.6277E-15
0.2800	0.6769E-15
0.2964	0.7278E-15
0.3134	0.7804E-15
0.3312	0.8344E-15
0.3497	0.8897E-15
0.3689	0.9460E-15
0.3890	0.1003E-14
0.4098	0.1061E-14
0.4316	0.1119E-14
0.4543	0.1177E-14
0.4779	0.1234E-14
0.5026	0.1291E-14
0.5284	0.1348E-14
0.5554	0.1403E-14
0.5837	0.1457E-14
0.6134	0.1510E-14
0.6445	0.1560E-14
0.6771	0.1609E-14
0.7115	0.1655E-14
0.7477	0.1699E-14
0.7859	0.1740E-14
0.8262	0.1778E-14
0.8689	0.1814E-14
0.9140	0.1846E-14
0.9619	0.1875E-14
1.013	0.1900E-14
1.067	0.1922E-14
1.124	0.1940E-14
1.185	0.1955E-14
1.250	0.1967E-14
1.320	0.1975E-14
1.394	0.1979E-14
1.473	0.1980E-14
1.558	0.1978E-14
1.648	0.1973E-14
1.744	0.1964E-14
1.847	0.1953E-14
1.957	0.1939E-14
2.074	0.1922E-14
2.198	0.1904E-14
2.331	0.1883E-14
2.471	0.1860E-14
2.621	0.1835E-14
2.780	0.1809E-14
2.949	0.1782E-14
3.131	0.1753E-14
3.329	0.1724E-14
3.546	0.1693E-14
3.792	0.1661E-14
4.077	0.1628E-14
4.423	0.1594E-14
4.866	0.1559E-14
5.488	0.1523E-14
6.492	0.1486E-14
8.431	0.1450E-14
12.35	0.1419E-14
18.34	0.1393E-14
25.77	0.1368E-14
34.51	0.1343E-14
44.70	0.1318E-14
56.56	0.1293E-14
70.24	0.1267E-14
85.86	0.1242E-14
103.4	0.1217E-14
122.9	0.1192E-14
144.3	0.1168E-14
167.5	0.1145E-14
192.3	0.1122E-14
218.7	0.1099E-14
246.5	0.1077E-14
275.7	0.1056E-14
306.1	0.1034E-14
337.8	0.1013E-14
370.6	0.9923E-15
404.6	0.9719E-15
439.5	0.9519E-15
475.6	0.9322E-15
512.8	0.9127E-15
550.9	0.8936E-15
590.2	0.8748E-15
630.4	0.8563E-15
671.6	0.8381E-15
713.6	0.8203E-15
756.8	0.8028E-15
801.0	0.7855E-15
846.2	0.7685E-15
892.4	0.7518E-15
939.5	0.7354E-15
987.8	0.7193E-15
1037.	0.7034E-15
1087.	0.6878E-15
1139.	0.6724E-15
1191.	0.6573E-15
1245.	0.6425E-15
1299.	0.6279E-15
1355.	0.6135E-15
1412.	0.5994E-15
1470.	0.5855E-15
1529.	0.5719E-15
1589.	0.5585E-15
1651.	0.5453E-15
1713.	0.5324E-15
1777.	0.5196E-15
1842.	0.5071E-15
1909.	0.4949E-15
1976.	0.4828E-15
2045.	0.4709E-15
2116.	0.4593E-15
2187.	0.4479E-15
2260.	0.4367E-15
2334.	0.4257E-15
2410.	0.4149E-15
2487.	0.4044E-15
2565.	0.3940E-15
2645.	0.3838E-15
2726.	0.3739E-15
2808.	0.3641E-15
2892.	0.3545E-15
2978.	0.3452E-15
3065.	0.3360E-15
3153.	0.3270E-15
3243.	0.3182E-15
3334.	0.3096E-15
3427.	0.3011E-15
3522.	0.2929E-15
3617.	0.2848E-15
3715.	0.2770E-15
3814.	0.2693E-15
3914.	0.2617E-15
4017.	0.2544E-15
4120.	0.2472E-15
4225.	0.2402E-15
4332.	0.2333E-15
4441.	0.2267E-15
4551.	0.2202E-15
4662.	0.2138E-15
4775.	0.2076E-15
 
 
C57   Ar5    Excitation    1.85 eV                              
E/N (Td)	Rate coefficient (m3/s)
0.1256E-01	0.2190E-20
0.1291E-01	0.3258E-20
0.1327E-01	0.4790E-20
0.1366E-01	0.6975E-20
0.1408E-01	0.1007E-19
0.1450E-01	0.1437E-19
0.1495E-01	0.2032E-19
0.1542E-01	0.2848E-19
0.1593E-01	0.3958E-19
0.1648E-01	0.5450E-19
0.1705E-01	0.7445E-19
0.1766E-01	0.1008E-18
0.1829E-01	0.1354E-18
0.1896E-01	0.1805E-18
0.1965E-01	0.2388E-18
0.2040E-01	0.3134E-18
0.2121E-01	0.4086E-18
0.2208E-01	0.5288E-18
0.2300E-01	0.6800E-18
0.2397E-01	0.8683E-18
0.2498E-01	0.1101E-17
0.2603E-01	0.1388E-17
0.2718E-01	0.1739E-17
0.2845E-01	0.2167E-17
0.2981E-01	0.2683E-17
0.3122E-01	0.3304E-17
0.3270E-01	0.4046E-17
0.3425E-01	0.4926E-17
0.3600E-01	0.5969E-17
0.3782E-01	0.7199E-17
0.3982E-01	0.8637E-17
0.4198E-01	0.1032E-16
0.4426E-01	0.1227E-16
0.4665E-01	0.1452E-16
0.4921E-01	0.1710E-16
0.5208E-01	0.2008E-16
0.5515E-01	0.2348E-16
0.5836E-01	0.2734E-16
0.6181E-01	0.3170E-16
0.6565E-01	0.3665E-16
0.6976E-01	0.4223E-16
0.7409E-01	0.4848E-16
0.7891E-01	0.5550E-16
0.8394E-01	0.6330E-16
0.8947E-01	0.7200E-16
0.9548E-01	0.8167E-16
0.1018	0.9236E-16
0.1087	0.1042E-15
0.1161	0.1172E-15
0.1240	0.1315E-15
0.1325	0.1471E-15
0.1415	0.1642E-15
0.1511	0.1828E-15
0.1613	0.2030E-15
0.1720	0.2249E-15
0.1834	0.2484E-15
0.1953	0.2737E-15
0.2079	0.3008E-15
0.2211	0.3296E-15
0.2349	0.3602E-15
0.2493	0.3925E-15
0.2643	0.4266E-15
0.2800	0.4623E-15
0.2964	0.4996E-15
0.3134	0.5383E-15
0.3312	0.5785E-15
0.3497	0.6200E-15
0.3689	0.6626E-15
0.3890	0.7062E-15
0.4098	0.7506E-15
0.4316	0.7958E-15
0.4543	0.8415E-15
0.4779	0.8875E-15
0.5026	0.9338E-15
0.5284	0.9801E-15
0.5554	0.1026E-14
0.5837	0.1072E-14
0.6134	0.1118E-14
0.6445	0.1162E-14
0.6771	0.1206E-14
0.7115	0.1249E-14
0.7477	0.1291E-14
0.7859	0.1332E-14
0.8262	0.1371E-14
0.8689	0.1409E-14
0.9140	0.1446E-14
0.9619	0.1480E-14
1.013	0.1513E-14
1.067	0.1545E-14
1.124	0.1574E-14
1.185	0.1601E-14
1.250	0.1627E-14
1.320	0.1650E-14
1.394	0.1672E-14
1.473	0.1692E-14
1.558	0.1709E-14
1.648	0.1725E-14
1.744	0.1740E-14
1.847	0.1752E-14
1.957	0.1763E-14
2.074	0.1772E-14
2.198	0.1780E-14
2.331	0.1787E-14
2.471	0.1792E-14
2.621	0.1797E-14
2.780	0.1800E-14
2.949	0.1803E-14
3.131	0.1805E-14
3.329	0.1806E-14
3.546	0.1807E-14
3.792	0.1807E-14
4.077	0.1807E-14
4.423	0.1806E-14
4.866	0.1804E-14
5.488	0.1801E-14
6.492	0.1798E-14
8.431	0.1795E-14
12.35	0.1794E-14
18.34	0.1799E-14
25.77	0.1805E-14
34.51	0.1812E-14
44.70	0.1818E-14
56.56	0.1824E-14
70.24	0.1830E-14
85.86	0.1836E-14
103.4	0.1843E-14
122.9	0.1849E-14
144.3	0.1856E-14
167.5	0.1864E-14
192.3	0.1871E-14
218.7	0.1879E-14
246.5	0.1887E-14
275.7	0.1895E-14
306.1	0.1903E-14
337.8	0.1912E-14
370.6	0.1920E-14
404.6	0.1929E-14
439.5	0.1938E-14
475.6	0.1947E-14
512.8	0.1956E-14
550.9	0.1965E-14
590.2	0.1974E-14
630.4	0.1983E-14
671.6	0.1992E-14
713.6	0.2002E-14
756.8	0.2011E-14
801.0	0.2021E-14
846.2	0.2030E-14
892.4	0.2040E-14
939.5	0.2049E-14
987.8	0.2059E-14
1037.	0.2069E-14
1087.	0.2078E-14
1139.	0.2088E-14
1191.	0.2098E-14
1245.	0.2107E-14
1299.	0.2117E-14
1355.	0.2127E-14
1412.	0.2137E-14
1470.	0.2146E-14
1529.	0.2156E-14
1589.	0.2166E-14
1651.	0.2175E-14
1713.	0.2185E-14
1777.	0.2195E-14
1842.	0.2204E-14
1909.	0.2214E-14
1976.	0.2223E-14
2045.	0.2233E-14
2116.	0.2242E-14
2187.	0.2252E-14
2260.	0.2261E-14
2334.	0.2270E-14
2410.	0.2280E-14
2487.	0.2289E-14
2565.	0.2298E-14
2645.	0.2307E-14
2726.	0.2316E-14
2808.	0.2325E-14
2892.	0.2334E-14
2978.	0.2343E-14
3065.	0.2352E-14
3153.	0.2361E-14
3243.	0.2369E-14
3334.	0.2378E-14
3427.	0.2386E-14
3522.	0.2395E-14
3617.	0.2403E-14
3715.	0.2411E-14
3814.	0.2419E-14
3914.	0.2427E-14
4017.	0.2435E-14
4120.	0.2443E-14
4225.	0.2451E-14
4332.	0.2458E-14
4441.	0.2466E-14
4551.	0.2473E-14
4662.	0.2480E-14
4775.	0.2487E-14
 
 
C58   Ar5    Excitation    1.87 eV                              
E/N (Td)	Rate coefficient (m3/s)
0.1256E-01	0.8042E-21
0.1291E-01	0.1218E-20
0.1327E-01	0.1822E-20
0.1366E-01	0.2699E-20
0.1408E-01	0.3964E-20
0.1450E-01	0.5755E-20
0.1495E-01	0.8275E-20
0.1542E-01	0.1179E-19
0.1593E-01	0.1666E-19
0.1648E-01	0.2331E-19
0.1705E-01	0.3235E-19
0.1766E-01	0.4450E-19
0.1829E-01	0.6073E-19
0.1896E-01	0.8220E-19
0.1965E-01	0.1104E-18
0.2040E-01	0.1471E-18
0.2121E-01	0.1946E-18
0.2208E-01	0.2556E-18
0.2300E-01	0.3334E-18
0.2397E-01	0.4319E-18
0.2498E-01	0.5556E-18
0.2603E-01	0.7103E-18
0.2718E-01	0.9017E-18
0.2845E-01	0.1139E-17
0.2981E-01	0.1430E-17
0.3122E-01	0.1784E-17
0.3270E-01	0.2213E-17
0.3425E-01	0.2730E-17
0.3600E-01	0.3351E-17
0.3782E-01	0.4094E-17
0.3982E-01	0.4973E-17
0.4198E-01	0.6015E-17
0.4426E-01	0.7241E-17
0.4665E-01	0.8675E-17
0.4921E-01	0.1034E-16
0.5208E-01	0.1229E-16
0.5515E-01	0.1454E-16
0.5836E-01	0.1714E-16
0.6181E-01	0.2011E-16
0.6565E-01	0.2352E-16
0.6976E-01	0.2743E-16
0.7409E-01	0.3186E-16
0.7891E-01	0.3690E-16
0.8394E-01	0.4258E-16
0.8947E-01	0.4900E-16
0.9548E-01	0.5625E-16
0.1018	0.6438E-16
0.1087	0.7348E-16
0.1161	0.8368E-16
0.1240	0.9506E-16
0.1325	0.1077E-15
0.1415	0.1218E-15
0.1511	0.1373E-15
0.1613	0.1545E-15
0.1720	0.1734E-15
0.1834	0.1942E-15
0.1953	0.2170E-15
0.2079	0.2419E-15
0.2211	0.2689E-15
0.2349	0.2983E-15
0.2493	0.3301E-15
0.2643	0.3644E-15
0.2800	0.4013E-15
0.2964	0.4409E-15
0.3134	0.4832E-15
0.3312	0.5283E-15
0.3497	0.5763E-15
0.3689	0.6273E-15
0.3890	0.6813E-15
0.4098	0.7383E-15
0.4316	0.7984E-15
0.4543	0.8617E-15
0.4779	0.9282E-15
0.5026	0.9980E-15
0.5284	0.1071E-14
0.5554	0.1148E-14
0.5837	0.1227E-14
0.6134	0.1311E-14
0.6445	0.1398E-14
0.6771	0.1489E-14
0.7115	0.1583E-14
0.7477	0.1681E-14
0.7859	0.1784E-14
0.8262	0.1890E-14
0.8689	0.2000E-14
0.9140	0.2115E-14
0.9619	0.2234E-14
1.013	0.2358E-14
1.067	0.2486E-14
1.124	0.2619E-14
1.185	0.2757E-14
1.250	0.2899E-14
1.320	0.3047E-14
1.394	0.3199E-14
1.473	0.3357E-14
1.558	0.3520E-14
1.648	0.3688E-14
1.744	0.3862E-14
1.847	0.4041E-14
1.957	0.4226E-14
2.074	0.4416E-14
2.198	0.4612E-14
2.331	0.4813E-14
2.471	0.5020E-14
2.621	0.5233E-14
2.780	0.5451E-14
2.949	0.5675E-14
3.131	0.5904E-14
3.329	0.6139E-14
3.546	0.6379E-14
3.792	0.6626E-14
4.077	0.6878E-14
4.423	0.7134E-14
4.866	0.7396E-14
5.488	0.7663E-14
6.492	0.7933E-14
8.431	0.8205E-14
12.35	0.8478E-14
18.34	0.8754E-14
25.77	0.9036E-14
34.51	0.9321E-14
44.70	0.9610E-14
56.56	0.9902E-14
70.24	0.1020E-13
85.86	0.1049E-13
103.4	0.1079E-13
122.9	0.1109E-13
144.3	0.1139E-13
167.5	0.1169E-13
192.3	0.1199E-13
218.7	0.1229E-13
246.5	0.1259E-13
275.7	0.1289E-13
306.1	0.1319E-13
337.8	0.1350E-13
370.6	0.1380E-13
404.6	0.1410E-13
439.5	0.1441E-13
475.6	0.1471E-13
512.8	0.1501E-13
550.9	0.1532E-13
590.2	0.1562E-13
630.4	0.1592E-13
671.6	0.1622E-13
713.6	0.1652E-13
756.8	0.1682E-13
801.0	0.1712E-13
846.2	0.1742E-13
892.4	0.1772E-13
939.5	0.1802E-13
987.8	0.1832E-13
1037.	0.1861E-13
1087.	0.1891E-13
1139.	0.1920E-13
1191.	0.1949E-13
1245.	0.1978E-13
1299.	0.2007E-13
1355.	0.2036E-13
1412.	0.2064E-13
1470.	0.2093E-13
1529.	0.2121E-13
1589.	0.2150E-13
1651.	0.2178E-13
1713.	0.2206E-13
1777.	0.2233E-13
1842.	0.2261E-13
1909.	0.2288E-13
1976.	0.2315E-13
2045.	0.2342E-13
2116.	0.2369E-13
2187.	0.2396E-13
2260.	0.2422E-13
2334.	0.2448E-13
2410.	0.2474E-13
2487.	0.2499E-13
2565.	0.2525E-13
2645.	0.2550E-13
2726.	0.2575E-13
2808.	0.2600E-13
2892.	0.2624E-13
2978.	0.2648E-13
3065.	0.2672E-13
3153.	0.2696E-13
3243.	0.2719E-13
3334.	0.2742E-13
3427.	0.2765E-13
3522.	0.2787E-13
3617.	0.2809E-13
3715.	0.2831E-13
3814.	0.2852E-13
3914.	0.2873E-13
4017.	0.2894E-13
4120.	0.2914E-13
4225.	0.2934E-13
4332.	0.2954E-13
4441.	0.2973E-13
4551.	0.2992E-13
4662.	0.3011E-13
4775.	0.3029E-13
 
 
C59   Ar5    Excitation    1.89 eV                              
E/N (Td)	Rate coefficient (m3/s)
0.1256E-01	0.3541E-20
0.1291E-01	0.5320E-20
0.1327E-01	0.7898E-20
0.1366E-01	0.1161E-19
0.1408E-01	0.1691E-19
0.1450E-01	0.2436E-19
0.1495E-01	0.3475E-19
0.1542E-01	0.4912E-19
0.1593E-01	0.6882E-19
0.1648E-01	0.9552E-19
0.1705E-01	0.1315E-18
0.1766E-01	0.1794E-18
0.1829E-01	0.2428E-18
0.1896E-01	0.3260E-18
0.1965E-01	0.4342E-18
0.2040E-01	0.5738E-18
0.2121E-01	0.7531E-18
0.2208E-01	0.9809E-18
0.2300E-01	0.1269E-17
0.2397E-01	0.1631E-17
0.2498E-01	0.2081E-17
0.2603E-01	0.2639E-17
0.2718E-01	0.3323E-17
0.2845E-01	0.4165E-17
0.2981E-01	0.5186E-17
0.3122E-01	0.6420E-17
0.3270E-01	0.7902E-17
0.3425E-01	0.9671E-17
0.3600E-01	0.1178E-16
0.3782E-01	0.1428E-16
0.3982E-01	0.1721E-16
0.4198E-01	0.2066E-16
0.4426E-01	0.2468E-16
0.4665E-01	0.2934E-16
0.4921E-01	0.3472E-16
0.5208E-01	0.4095E-16
0.5515E-01	0.4810E-16
0.5836E-01	0.5626E-16
0.6181E-01	0.6553E-16
0.6565E-01	0.7610E-16
0.6976E-01	0.8808E-16
0.7409E-01	0.1016E-15
0.7891E-01	0.1168E-15
0.8394E-01	0.1338E-15
0.8947E-01	0.1528E-15
0.9548E-01	0.1742E-15
0.1018	0.1978E-15
0.1087	0.2242E-15
0.1161	0.2534E-15
0.1240	0.2856E-15
0.1325	0.3212E-15
0.1415	0.3603E-15
0.1511	0.4032E-15
0.1613	0.4501E-15
0.1720	0.5012E-15
0.1834	0.5567E-15
0.1953	0.6169E-15
0.2079	0.6818E-15
0.2211	0.7516E-15
0.2349	0.8264E-15
0.2493	0.9063E-15
0.2643	0.9914E-15
0.2800	0.1082E-14
0.2964	0.1177E-14
0.3134	0.1277E-14
0.3312	0.1383E-14
0.3497	0.1493E-14
0.3689	0.1608E-14
0.3890	0.1728E-14
0.4098	0.1852E-14
0.4316	0.1980E-14
0.4543	0.2113E-14
0.4779	0.2249E-14
0.5026	0.2388E-14
0.5284	0.2531E-14
0.5554	0.2677E-14
0.5837	0.2825E-14
0.6134	0.2976E-14
0.6445	0.3129E-14
0.6771	0.3284E-14
0.7115	0.3441E-14
0.7477	0.3600E-14
0.7859	0.3759E-14
0.8262	0.3920E-14
0.8689	0.4082E-14
0.9140	0.4245E-14
0.9619	0.4408E-14
1.013	0.4572E-14
1.067	0.4737E-14
1.124	0.4902E-14
1.185	0.5068E-14
1.250	0.5235E-14
1.320	0.5402E-14
1.394	0.5569E-14
1.473	0.5738E-14
1.558	0.5908E-14
1.648	0.6079E-14
1.744	0.6251E-14
1.847	0.6424E-14
1.957	0.6600E-14
2.074	0.6777E-14
2.198	0.6956E-14
2.331	0.7138E-14
2.471	0.7322E-14
2.621	0.7509E-14
2.780	0.7698E-14
2.949	0.7891E-14
3.131	0.8086E-14
3.329	0.8284E-14
3.546	0.8485E-14
3.792	0.8690E-14
4.077	0.8897E-14
4.423	0.9107E-14
4.866	0.9319E-14
5.488	0.9531E-14
6.492	0.9744E-14
8.431	0.9956E-14
12.35	0.1017E-13
18.34	0.1040E-13
25.77	0.1063E-13
34.51	0.1087E-13
44.70	0.1111E-13
56.56	0.1134E-13
70.24	0.1158E-13
85.86	0.1182E-13
103.4	0.1206E-13
122.9	0.1230E-13
144.3	0.1255E-13
167.5	0.1279E-13
192.3	0.1303E-13
218.7	0.1327E-13
246.5	0.1352E-13
275.7	0.1376E-13
306.1	0.1401E-13
337.8	0.1425E-13
370.6	0.1450E-13
404.6	0.1474E-13
439.5	0.1499E-13
475.6	0.1523E-13
512.8	0.1548E-13
550.9	0.1572E-13
590.2	0.1597E-13
630.4	0.1621E-13
671.6	0.1646E-13
713.6	0.1670E-13
756.8	0.1694E-13
801.0	0.1719E-13
846.2	0.1743E-13
892.4	0.1767E-13
939.5	0.1791E-13
987.8	0.1815E-13
1037.	0.1839E-13
1087.	0.1863E-13
1139.	0.1887E-13
1191.	0.1910E-13
1245.	0.1934E-13
1299.	0.1958E-13
1355.	0.1981E-13
1412.	0.2004E-13
1470.	0.2027E-13
1529.	0.2051E-13
1589.	0.2073E-13
1651.	0.2096E-13
1713.	0.2119E-13
1777.	0.2142E-13
1842.	0.2164E-13
1909.	0.2186E-13
1976.	0.2208E-13
2045.	0.2230E-13
2116.	0.2252E-13
2187.	0.2274E-13
2260.	0.2295E-13
2334.	0.2317E-13
2410.	0.2338E-13
2487.	0.2359E-13
2565.	0.2379E-13
2645.	0.2400E-13
2726.	0.2420E-13
2808.	0.2441E-13
2892.	0.2461E-13
2978.	0.2480E-13
3065.	0.2500E-13
3153.	0.2519E-13
3243.	0.2538E-13
3334.	0.2557E-13
3427.	0.2576E-13
3522.	0.2594E-13
3617.	0.2612E-13
3715.	0.2630E-13
3814.	0.2648E-13
3914.	0.2665E-13
4017.	0.2682E-13
4120.	0.2699E-13
4225.	0.2715E-13
4332.	0.2731E-13
4441.	0.2747E-13
4551.	0.2763E-13
4662.	0.2778E-13
4775.	0.2793E-13
 
 
C60   Ar5    Excitation    2.04 eV                              
E/N (Td)	Rate coefficient (m3/s)
0.1256E-01	0.2509E-21
0.1291E-01	0.3889E-21
0.1327E-01	0.5952E-21
0.1366E-01	0.9012E-21
0.1408E-01	0.1351E-20
0.1450E-01	0.2001E-20
0.1495E-01	0.2933E-20
0.1542E-01	0.4256E-20
0.1593E-01	0.6117E-20
0.1648E-01	0.8702E-20
0.1705E-01	0.1227E-19
0.1766E-01	0.1714E-19
0.1829E-01	0.2373E-19
0.1896E-01	0.3256E-19
0.1965E-01	0.4429E-19
0.2040E-01	0.5976E-19
0.2121E-01	0.8002E-19
0.2208E-01	0.1063E-18
0.2300E-01	0.1401E-18
0.2397E-01	0.1833E-18
0.2498E-01	0.2381E-18
0.2603E-01	0.3070E-18
0.2718E-01	0.3931E-18
0.2845E-01	0.5005E-18
0.2981E-01	0.6329E-18
0.3122E-01	0.7952E-18
0.3270E-01	0.9930E-18
0.3425E-01	0.1232E-17
0.3600E-01	0.1521E-17
0.3782E-01	0.1868E-17
0.3982E-01	0.2280E-17
0.4198E-01	0.2769E-17
0.4426E-01	0.3347E-17
0.4665E-01	0.4024E-17
0.4921E-01	0.4813E-17
0.5208E-01	0.5735E-17
0.5515E-01	0.6804E-17
0.5836E-01	0.8034E-17
0.6181E-01	0.9444E-17
0.6565E-01	0.1106E-16
0.6976E-01	0.1291E-16
0.7409E-01	0.1501E-16
0.7891E-01	0.1739E-16
0.8394E-01	0.2007E-16
0.8947E-01	0.2309E-16
0.9548E-01	0.2649E-16
0.1018	0.3029E-16
0.1087	0.3452E-16
0.1161	0.3924E-16
0.1240	0.4447E-16
0.1325	0.5026E-16
0.1415	0.5663E-16
0.1511	0.6363E-16
0.1613	0.7131E-16
0.1720	0.7967E-16
0.1834	0.8875E-16
0.1953	0.9859E-16
0.2079	0.1092E-15
0.2211	0.1206E-15
0.2349	0.1327E-15
0.2493	0.1456E-15
0.2643	0.1593E-15
0.2800	0.1738E-15
0.2964	0.1889E-15
0.3134	0.2047E-15
0.3312	0.2212E-15
0.3497	0.2382E-15
0.3689	0.2558E-15
0.3890	0.2738E-15
0.4098	0.2922E-15
0.4316	0.3110E-15
0.4543	0.3299E-15
0.4779	0.3490E-15
0.5026	0.3682E-15
0.5284	0.3874E-15
0.5554	0.4065E-15
0.5837	0.4255E-15
0.6134	0.4442E-15
0.6445	0.4625E-15
0.6771	0.4805E-15
0.7115	0.4980E-15
0.7477	0.5149E-15
0.7859	0.5313E-15
0.8262	0.5470E-15
0.8689	0.5621E-15
0.9140	0.5764E-15
0.9619	0.5900E-15
1.013	0.6027E-15
1.067	0.6147E-15
1.124	0.6259E-15
1.185	0.6362E-15
1.250	0.6458E-15
1.320	0.6545E-15
1.394	0.6624E-15
1.473	0.6696E-15
1.558	0.6760E-15
1.648	0.6817E-15
1.744	0.6867E-15
1.847	0.6910E-15
1.957	0.6947E-15
2.074	0.6977E-15
2.198	0.7002E-15
2.331	0.7020E-15
2.471	0.7033E-15
2.621	0.7041E-15
2.780	0.7043E-15
2.949	0.7040E-15
3.131	0.7031E-15
3.329	0.7017E-15
3.546	0.6997E-15
3.792	0.6972E-15
4.077	0.6940E-15
4.423	0.6901E-15
4.866	0.6854E-15
5.488	0.6798E-15
6.492	0.6729E-15
8.431	0.6649E-15
12.35	0.6574E-15
18.34	0.6518E-15
25.77	0.6470E-15
34.51	0.6420E-15
44.70	0.6367E-15
56.56	0.6310E-15
70.24	0.6248E-15
85.86	0.6184E-15
103.4	0.6118E-15
122.9	0.6050E-15
144.3	0.5980E-15
167.5	0.5910E-15
192.3	0.5839E-15
218.7	0.5768E-15
246.5	0.5696E-15
275.7	0.5623E-15
306.1	0.5550E-15
337.8	0.5477E-15
370.6	0.5404E-15
404.6	0.5330E-15
439.5	0.5256E-15
475.6	0.5181E-15
512.8	0.5107E-15
550.9	0.5032E-15
590.2	0.4957E-15
630.4	0.4883E-15
671.6	0.4808E-15
713.6	0.4733E-15
756.8	0.4659E-15
801.0	0.4584E-15
846.2	0.4510E-15
892.4	0.4436E-15
939.5	0.4362E-15
987.8	0.4288E-15
1037.	0.4215E-15
1087.	0.4142E-15
1139.	0.4069E-15
1191.	0.3997E-15
1245.	0.3925E-15
1299.	0.3853E-15
1355.	0.3782E-15
1412.	0.3712E-15
1470.	0.3642E-15
1529.	0.3572E-15
1589.	0.3503E-15
1651.	0.3434E-15
1713.	0.3366E-15
1777.	0.3299E-15
1842.	0.3232E-15
1909.	0.3166E-15
1976.	0.3100E-15
2045.	0.3036E-15
2116.	0.2971E-15
2187.	0.2908E-15
2260.	0.2845E-15
2334.	0.2783E-15
2410.	0.2722E-15
2487.	0.2661E-15
2565.	0.2601E-15
2645.	0.2542E-15
2726.	0.2484E-15
2808.	0.2427E-15
2892.	0.2370E-15
2978.	0.2314E-15
3065.	0.2259E-15
3153.	0.2205E-15
3243.	0.2152E-15
3334.	0.2099E-15
3427.	0.2048E-15
3522.	0.1997E-15
3617.	0.1947E-15
3715.	0.1898E-15
3814.	0.1850E-15
3914.	0.1802E-15
4017.	0.1756E-15
4120.	0.1711E-15
4225.	0.1666E-15
4332.	0.1622E-15
4441.	0.1579E-15
4551.	0.1537E-15
4662.	0.1496E-15
4775.	0.1455E-15
 
 
C61   Ar4    Ionization    4.14 eV                              
E/N (Td)	Rate coefficient (m3/s)
0.1256E-01	0.000
0.1291E-01	0.000
0.1327E-01	0.000
0.1366E-01	0.000
0.1408E-01	0.000
0.1450E-01	0.000
0.1495E-01	0.000
0.1542E-01	0.000
0.1593E-01	0.000
0.1648E-01	0.000
0.1705E-01	0.000
0.1766E-01	0.000
0.1829E-01	0.000
0.1896E-01	0.000
0.1965E-01	0.000
0.2040E-01	0.000
0.2121E-01	0.000
0.2208E-01	0.000
0.2300E-01	0.000
0.2397E-01	0.1411E-27
0.2498E-01	0.1581E-26
0.2603E-01	0.5598E-26
0.2718E-01	0.1443E-25
0.2845E-01	0.3231E-25
0.2981E-01	0.6680E-25
0.3122E-01	0.1322E-24
0.3270E-01	0.2546E-24
0.3425E-01	0.4807E-24
0.3600E-01	0.8950E-24
0.3782E-01	0.1002E-23
0.3982E-01	0.2441E-23
0.4198E-01	0.4946E-23
0.4426E-01	0.9181E-23
0.4665E-01	0.1632E-22
0.4921E-01	0.2830E-22
0.5208E-01	0.4845E-22
0.5515E-01	0.8201E-22
0.5836E-01	0.1370E-21
0.6181E-01	0.2265E-21
0.6565E-01	0.3716E-21
0.6976E-01	0.6044E-21
0.7409E-01	0.9727E-21
0.7891E-01	0.1555E-20
0.8394E-01	0.2463E-20
0.8947E-01	0.3875E-20
0.9548E-01	0.6060E-20
0.1018	0.9403E-20
0.1087	0.1450E-19
0.1161	0.2224E-19
0.1240	0.3390E-19
0.1325	0.5140E-19
0.1415	0.7744E-19
0.1511	0.1161E-18
0.1613	0.1731E-18
0.1720	0.2564E-18
0.1834	0.3777E-18
0.1953	0.5529E-18
0.2079	0.8044E-18
0.2211	0.1162E-17
0.2349	0.1668E-17
0.2493	0.2377E-17
0.2643	0.3362E-17
0.2800	0.4721E-17
0.2964	0.6579E-17
0.3134	0.9096E-17
0.3312	0.1248E-16
0.3497	0.1699E-16
0.3689	0.2295E-16
0.3890	0.3075E-16
0.4098	0.4090E-16
0.4316	0.5398E-16
0.4543	0.7070E-16
0.4779	0.9192E-16
0.5026	0.1187E-15
0.5284	0.1521E-15
0.5554	0.1935E-15
0.5837	0.2446E-15
0.6134	0.3072E-15
0.6445	0.3834E-15
0.6771	0.4754E-15
0.7115	0.5860E-15
0.7477	0.7181E-15
0.7859	0.8749E-15
0.8262	0.1060E-14
0.8689	0.1278E-14
0.9140	0.1532E-14
0.9619	0.1827E-14
1.013	0.2168E-14
1.067	0.2561E-14
1.124	0.3010E-14
1.185	0.3522E-14
1.250	0.4102E-14
1.320	0.4756E-14
1.394	0.5489E-14
1.473	0.6307E-14
1.558	0.7217E-14
1.648	0.8221E-14
1.744	0.9326E-14
1.847	0.1054E-13
1.957	0.1185E-13
2.074	0.1328E-13
2.198	0.1482E-13
2.331	0.1647E-13
2.471	0.1823E-13
2.621	0.2010E-13
2.780	0.2208E-13
2.949	0.2417E-13
3.131	0.2637E-13
3.329	0.2867E-13
3.546	0.3107E-13
3.792	0.3358E-13
4.077	0.3619E-13
4.423	0.3890E-13
4.866	0.4172E-13
5.488	0.4465E-13
6.492	0.4769E-13
8.431	0.5080E-13
12.35	0.5384E-13
18.34	0.5673E-13
25.77	0.5957E-13
34.51	0.6240E-13
44.70	0.6525E-13
56.56	0.6811E-13
70.24	0.7098E-13
85.86	0.7384E-13
103.4	0.7667E-13
122.9	0.7950E-13
144.3	0.8231E-13
167.5	0.8508E-13
192.3	0.8783E-13
218.7	0.9055E-13
246.5	0.9324E-13
275.7	0.9590E-13
306.1	0.9853E-13
337.8	0.1011E-12
370.6	0.1037E-12
404.6	0.1063E-12
439.5	0.1088E-12
475.6	0.1113E-12
512.8	0.1137E-12
550.9	0.1161E-12
590.2	0.1185E-12
630.4	0.1209E-12
671.6	0.1232E-12
713.6	0.1255E-12
756.8	0.1277E-12
801.0	0.1300E-12
846.2	0.1321E-12
892.4	0.1343E-12
939.5	0.1364E-12
987.8	0.1385E-12
1037.	0.1405E-12
1087.	0.1425E-12
1139.	0.1444E-12
1191.	0.1464E-12
1245.	0.1483E-12
1299.	0.1501E-12
1355.	0.1519E-12
1412.	0.1537E-12
1470.	0.1554E-12
1529.	0.1571E-12
1589.	0.1588E-12
1651.	0.1604E-12
1713.	0.1619E-12
1777.	0.1635E-12
1842.	0.1650E-12
1909.	0.1664E-12
1976.	0.1678E-12
2045.	0.1692E-12
2116.	0.1705E-12
2187.	0.1718E-12
2260.	0.1731E-12
2334.	0.1743E-12
2410.	0.1755E-12
2487.	0.1766E-12
2565.	0.1777E-12
2645.	0.1788E-12
2726.	0.1798E-12
2808.	0.1807E-12
2892.	0.1817E-12
2978.	0.1826E-12
3065.	0.1834E-12
3153.	0.1842E-12
3243.	0.1850E-12
3334.	0.1857E-12
3427.	0.1864E-12
3522.	0.1871E-12
3617.	0.1877E-12
3715.	0.1883E-12
3814.	0.1888E-12
3914.	0.1893E-12
4017.	0.1898E-12
4120.	0.1902E-12
4225.	0.1906E-12
4332.	0.1909E-12
4441.	0.1913E-12
4551.	0.1915E-12
4662.	0.1918E-12
4775.	0.1920E-12
 
 
C62   Ar4    Excitation    0.099 eV                             
E/N (Td)	Rate coefficient (m3/s)
0.1256E-01	0.1260E-13
0.1291E-01	0.1275E-13
0.1327E-01	0.1289E-13
0.1366E-01	0.1302E-13
0.1408E-01	0.1316E-13
0.1450E-01	0.1329E-13
0.1495E-01	0.1341E-13
0.1542E-01	0.1354E-13
0.1593E-01	0.1366E-13
0.1648E-01	0.1377E-13
0.1705E-01	0.1388E-13
0.1766E-01	0.1399E-13
0.1829E-01	0.1410E-13
0.1896E-01	0.1420E-13
0.1965E-01	0.1429E-13
0.2040E-01	0.1439E-13
0.2121E-01	0.1448E-13
0.2208E-01	0.1456E-13
0.2300E-01	0.1465E-13
0.2397E-01	0.1473E-13
0.2498E-01	0.1480E-13
0.2603E-01	0.1488E-13
0.2718E-01	0.1495E-13
0.2845E-01	0.1501E-13
0.2981E-01	0.1507E-13
0.3122E-01	0.1513E-13
0.3270E-01	0.1519E-13
0.3425E-01	0.1524E-13
0.3600E-01	0.1529E-13
0.3782E-01	0.1534E-13
0.3982E-01	0.1538E-13
0.4198E-01	0.1542E-13
0.4426E-01	0.1545E-13
0.4665E-01	0.1549E-13
0.4921E-01	0.1551E-13
0.5208E-01	0.1554E-13
0.5515E-01	0.1556E-13
0.5836E-01	0.1558E-13
0.6181E-01	0.1560E-13
0.6565E-01	0.1561E-13
0.6976E-01	0.1561E-13
0.7409E-01	0.1562E-13
0.7891E-01	0.1562E-13
0.8394E-01	0.1561E-13
0.8947E-01	0.1560E-13
0.9548E-01	0.1559E-13
0.1018	0.1558E-13
0.1087	0.1555E-13
0.1161	0.1553E-13
0.1240	0.1550E-13
0.1325	0.1546E-13
0.1415	0.1542E-13
0.1511	0.1538E-13
0.1613	0.1533E-13
0.1720	0.1528E-13
0.1834	0.1522E-13
0.1953	0.1515E-13
0.2079	0.1508E-13
0.2211	0.1501E-13
0.2349	0.1493E-13
0.2493	0.1484E-13
0.2643	0.1475E-13
0.2800	0.1466E-13
0.2964	0.1456E-13
0.3134	0.1445E-13
0.3312	0.1434E-13
0.3497	0.1422E-13
0.3689	0.1410E-13
0.3890	0.1397E-13
0.4098	0.1384E-13
0.4316	0.1370E-13
0.4543	0.1355E-13
0.4779	0.1340E-13
0.5026	0.1324E-13
0.5284	0.1308E-13
0.5554	0.1291E-13
0.5837	0.1274E-13
0.6134	0.1256E-13
0.6445	0.1237E-13
0.6771	0.1219E-13
0.7115	0.1199E-13
0.7477	0.1179E-13
0.7859	0.1159E-13
0.8262	0.1139E-13
0.8689	0.1118E-13
0.9140	0.1096E-13
0.9619	0.1075E-13
1.013	0.1053E-13
1.067	0.1031E-13
1.124	0.1009E-13
1.185	0.9873E-14
1.250	0.9652E-14
1.320	0.9432E-14
1.394	0.9212E-14
1.473	0.8995E-14
1.558	0.8780E-14
1.648	0.8567E-14
1.744	0.8357E-14
1.847	0.8152E-14
1.957	0.7950E-14
2.074	0.7753E-14
2.198	0.7560E-14
2.331	0.7373E-14
2.471	0.7192E-14
2.621	0.7015E-14
2.780	0.6845E-14
2.949	0.6680E-14
3.131	0.6521E-14
3.329	0.6368E-14
3.546	0.6222E-14
3.792	0.6081E-14
4.077	0.5948E-14
4.423	0.5823E-14
4.866	0.5708E-14
5.488	0.5607E-14
6.492	0.5523E-14
8.431	0.5459E-14
12.35	0.5396E-14
18.34	0.5310E-14
25.77	0.5209E-14
34.51	0.5106E-14
44.70	0.5005E-14
56.56	0.4909E-14
70.24	0.4818E-14
85.86	0.4733E-14
103.4	0.4651E-14
122.9	0.4573E-14
144.3	0.4498E-14
167.5	0.4425E-14
192.3	0.4354E-14
218.7	0.4284E-14
246.5	0.4216E-14
275.7	0.4149E-14
306.1	0.4083E-14
337.8	0.4018E-14
370.6	0.3954E-14
404.6	0.3891E-14
439.5	0.3829E-14
475.6	0.3768E-14
512.8	0.3707E-14
550.9	0.3648E-14
590.2	0.3589E-14
630.4	0.3531E-14
671.6	0.3474E-14
713.6	0.3418E-14
756.8	0.3362E-14
801.0	0.3307E-14
846.2	0.3252E-14
892.4	0.3198E-14
939.5	0.3145E-14
987.8	0.3092E-14
1037.	0.3039E-14
1087.	0.2987E-14
1139.	0.2936E-14
1191.	0.2885E-14
1245.	0.2834E-14
1299.	0.2784E-14
1355.	0.2735E-14
1412.	0.2686E-14
1470.	0.2637E-14
1529.	0.2589E-14
1589.	0.2541E-14
1651.	0.2494E-14
1713.	0.2447E-14
1777.	0.2401E-14
1842.	0.2355E-14
1909.	0.2310E-14
1976.	0.2265E-14
2045.	0.2220E-14
2116.	0.2176E-14
2187.	0.2133E-14
2260.	0.2090E-14
2334.	0.2047E-14
2410.	0.2005E-14
2487.	0.1963E-14
2565.	0.1922E-14
2645.	0.1882E-14
2726.	0.1842E-14
2808.	0.1802E-14
2892.	0.1763E-14
2978.	0.1725E-14
3065.	0.1687E-14
3153.	0.1649E-14
3243.	0.1612E-14
3334.	0.1576E-14
3427.	0.1540E-14
3522.	0.1505E-14
3617.	0.1470E-14
3715.	0.1436E-14
3814.	0.1402E-14
3914.	0.1369E-14
4017.	0.1337E-14
4120.	0.1305E-14
4225.	0.1273E-14
4332.	0.1242E-14
4441.	0.1212E-14
4551.	0.1182E-14
4662.	0.1153E-14
4775.	0.1124E-14
 
 
C63   Ar4    Excitation    0.20 eV                              
E/N (Td)	Rate coefficient (m3/s)
0.1256E-01	0.2785E-13
0.1291E-01	0.2879E-13
0.1327E-01	0.2972E-13
0.1366E-01	0.3065E-13
0.1408E-01	0.3159E-13
0.1450E-01	0.3251E-13
0.1495E-01	0.3343E-13
0.1542E-01	0.3435E-13
0.1593E-01	0.3526E-13
0.1648E-01	0.3616E-13
0.1705E-01	0.3705E-13
0.1766E-01	0.3793E-13
0.1829E-01	0.3880E-13
0.1896E-01	0.3966E-13
0.1965E-01	0.4051E-13
0.2040E-01	0.4134E-13
0.2121E-01	0.4217E-13
0.2208E-01	0.4298E-13
0.2300E-01	0.4377E-13
0.2397E-01	0.4455E-13
0.2498E-01	0.4532E-13
0.2603E-01	0.4607E-13
0.2718E-01	0.4680E-13
0.2845E-01	0.4752E-13
0.2981E-01	0.4823E-13
0.3122E-01	0.4891E-13
0.3270E-01	0.4958E-13
0.3425E-01	0.5023E-13
0.3600E-01	0.5087E-13
0.3782E-01	0.5149E-13
0.3982E-01	0.5208E-13
0.4198E-01	0.5266E-13
0.4426E-01	0.5322E-13
0.4665E-01	0.5377E-13
0.4921E-01	0.5429E-13
0.5208E-01	0.5479E-13
0.5515E-01	0.5527E-13
0.5836E-01	0.5574E-13
0.6181E-01	0.5618E-13
0.6565E-01	0.5659E-13
0.6976E-01	0.5699E-13
0.7409E-01	0.5736E-13
0.7891E-01	0.5770E-13
0.8394E-01	0.5803E-13
0.8947E-01	0.5832E-13
0.9548E-01	0.5859E-13
0.1018	0.5882E-13
0.1087	0.5903E-13
0.1161	0.5921E-13
0.1240	0.5935E-13
0.1325	0.5946E-13
0.1415	0.5954E-13
0.1511	0.5959E-13
0.1613	0.5960E-13
0.1720	0.5958E-13
0.1834	0.5953E-13
0.1953	0.5944E-13
0.2079	0.5931E-13
0.2211	0.5916E-13
0.2349	0.5897E-13
0.2493	0.5875E-13
0.2643	0.5850E-13
0.2800	0.5822E-13
0.2964	0.5790E-13
0.3134	0.5756E-13
0.3312	0.5719E-13
0.3497	0.5678E-13
0.3689	0.5635E-13
0.3890	0.5590E-13
0.4098	0.5541E-13
0.4316	0.5490E-13
0.4543	0.5436E-13
0.4779	0.5380E-13
0.5026	0.5321E-13
0.5284	0.5261E-13
0.5554	0.5197E-13
0.5837	0.5132E-13
0.6134	0.5065E-13
0.6445	0.4995E-13
0.6771	0.4924E-13
0.7115	0.4851E-13
0.7477	0.4777E-13
0.7859	0.4701E-13
0.8262	0.4624E-13
0.8689	0.4545E-13
0.9140	0.4466E-13
0.9619	0.4385E-13
1.013	0.4304E-13
1.067	0.4223E-13
1.124	0.4141E-13
1.185	0.4058E-13
1.250	0.3976E-13
1.320	0.3893E-13
1.394	0.3811E-13
1.473	0.3730E-13
1.558	0.3648E-13
1.648	0.3568E-13
1.744	0.3488E-13
1.847	0.3410E-13
1.957	0.3332E-13
2.074	0.3256E-13
2.198	0.3181E-13
2.331	0.3107E-13
2.471	0.3035E-13
2.621	0.2965E-13
2.780	0.2896E-13
2.949	0.2828E-13
3.131	0.2763E-13
3.329	0.2699E-13
3.546	0.2636E-13
3.792	0.2576E-13
4.077	0.2517E-13
4.423	0.2462E-13
4.866	0.2409E-13
5.488	0.2361E-13
6.492	0.2319E-13
8.431	0.2284E-13
12.35	0.2249E-13
18.34	0.2207E-13
25.77	0.2159E-13
34.51	0.2111E-13
44.70	0.2064E-13
56.56	0.2019E-13
70.24	0.1976E-13
85.86	0.1935E-13
103.4	0.1896E-13
122.9	0.1858E-13
144.3	0.1822E-13
167.5	0.1786E-13
192.3	0.1751E-13
218.7	0.1718E-13
246.5	0.1684E-13
275.7	0.1652E-13
306.1	0.1620E-13
337.8	0.1589E-13
370.6	0.1559E-13
404.6	0.1529E-13
439.5	0.1500E-13
475.6	0.1471E-13
512.8	0.1442E-13
550.9	0.1415E-13
590.2	0.1388E-13
630.4	0.1361E-13
671.6	0.1335E-13
713.6	0.1309E-13
756.8	0.1284E-13
801.0	0.1259E-13
846.2	0.1235E-13
892.4	0.1211E-13
939.5	0.1187E-13
987.8	0.1164E-13
1037.	0.1141E-13
1087.	0.1119E-13
1139.	0.1097E-13
1191.	0.1075E-13
1245.	0.1054E-13
1299.	0.1033E-13
1355.	0.1012E-13
1412.	0.9918E-14
1470.	0.9718E-14
1529.	0.9522E-14
1589.	0.9329E-14
1651.	0.9139E-14
1713.	0.8952E-14
1777.	0.8768E-14
1842.	0.8588E-14
1909.	0.8410E-14
1976.	0.8236E-14
2045.	0.8064E-14
2116.	0.7895E-14
2187.	0.7730E-14
2260.	0.7567E-14
2334.	0.7407E-14
2410.	0.7250E-14
2487.	0.7096E-14
2565.	0.6944E-14
2645.	0.6796E-14
2726.	0.6650E-14
2808.	0.6507E-14
2892.	0.6367E-14
2978.	0.6229E-14
3065.	0.6094E-14
3153.	0.5962E-14
3243.	0.5832E-14
3334.	0.5706E-14
3427.	0.5581E-14
3522.	0.5459E-14
3617.	0.5340E-14
3715.	0.5224E-14
3814.	0.5110E-14
3914.	0.4998E-14
4017.	0.4889E-14
4120.	0.4783E-14
4225.	0.4679E-14
4332.	0.4577E-14
4441.	0.4478E-14
4551.	0.4382E-14
4662.	0.4287E-14
4775.	0.4195E-14
 
 
C64   Ar4    Excitation    1.45 eV                              
E/N (Td)	Rate coefficient (m3/s)
0.1256E-01	0.1229E-17
0.1291E-01	0.1657E-17
0.1327E-01	0.2214E-17
0.1366E-01	0.2937E-17
0.1408E-01	0.3870E-17
0.1450E-01	0.5055E-17
0.1495E-01	0.6556E-17
0.1542E-01	0.8446E-17
0.1593E-01	0.1081E-16
0.1648E-01	0.1374E-16
0.1705E-01	0.1735E-16
0.1766E-01	0.2178E-16
0.1829E-01	0.2716E-16
0.1896E-01	0.3368E-16
0.1965E-01	0.4151E-16
0.2040E-01	0.5088E-16
0.2121E-01	0.6203E-16
0.2208E-01	0.7522E-16
0.2300E-01	0.9077E-16
0.2397E-01	0.1090E-15
0.2498E-01	0.1301E-15
0.2603E-01	0.1547E-15
0.2718E-01	0.1830E-15
0.2845E-01	0.2157E-15
0.2981E-01	0.2531E-15
0.3122E-01	0.2957E-15
0.3270E-01	0.3440E-15
0.3425E-01	0.3986E-15
0.3600E-01	0.4602E-15
0.3782E-01	0.5294E-15
0.3982E-01	0.6067E-15
0.4198E-01	0.6931E-15
0.4426E-01	0.7890E-15
0.4665E-01	0.8952E-15
0.4921E-01	0.1012E-14
0.5208E-01	0.1142E-14
0.5515E-01	0.1284E-14
0.5836E-01	0.1440E-14
0.6181E-01	0.1609E-14
0.6565E-01	0.1795E-14
0.6976E-01	0.1997E-14
0.7409E-01	0.2216E-14
0.7891E-01	0.2454E-14
0.8394E-01	0.2711E-14
0.8947E-01	0.2988E-14
0.9548E-01	0.3288E-14
0.1018	0.3609E-14
0.1087	0.3954E-14
0.1161	0.4324E-14
0.1240	0.4720E-14
0.1325	0.5143E-14
0.1415	0.5593E-14
0.1511	0.6072E-14
0.1613	0.6580E-14
0.1720	0.7117E-14
0.1834	0.7685E-14
0.1953	0.8283E-14
0.2079	0.8911E-14
0.2211	0.9570E-14
0.2349	0.1026E-13
0.2493	0.1098E-13
0.2643	0.1172E-13
0.2800	0.1250E-13
0.2964	0.1330E-13
0.3134	0.1413E-13
0.3312	0.1498E-13
0.3497	0.1586E-13
0.3689	0.1676E-13
0.3890	0.1768E-13
0.4098	0.1862E-13
0.4316	0.1958E-13
0.4543	0.2056E-13
0.4779	0.2156E-13
0.5026	0.2257E-13
0.5284	0.2359E-13
0.5554	0.2463E-13
0.5837	0.2568E-13
0.6134	0.2674E-13
0.6445	0.2781E-13
0.6771	0.2889E-13
0.7115	0.2998E-13
0.7477	0.3108E-13
0.7859	0.3218E-13
0.8262	0.3329E-13
0.8689	0.3441E-13
0.9140	0.3553E-13
0.9619	0.3665E-13
1.013	0.3778E-13
1.067	0.3892E-13
1.124	0.4006E-13
1.185	0.4120E-13
1.250	0.4235E-13
1.320	0.4350E-13
1.394	0.4466E-13
1.473	0.4582E-13
1.558	0.4698E-13
1.648	0.4815E-13
1.744	0.4932E-13
1.847	0.5050E-13
1.957	0.5168E-13
2.074	0.5286E-13
2.198	0.5406E-13
2.331	0.5525E-13
2.471	0.5646E-13
2.621	0.5766E-13
2.780	0.5888E-13
2.949	0.6010E-13
3.131	0.6133E-13
3.329	0.6256E-13
3.546	0.6380E-13
3.792	0.6504E-13
4.077	0.6629E-13
4.423	0.6753E-13
4.866	0.6877E-13
5.488	0.6998E-13
6.492	0.7117E-13
8.431	0.7230E-13
12.35	0.7345E-13
18.34	0.7467E-13
25.77	0.7594E-13
34.51	0.7722E-13
44.70	0.7850E-13
56.56	0.7976E-13
70.24	0.8101E-13
85.86	0.8224E-13
103.4	0.8346E-13
122.9	0.8466E-13
144.3	0.8585E-13
167.5	0.8703E-13
192.3	0.8820E-13
218.7	0.8936E-13
246.5	0.9051E-13
275.7	0.9165E-13
306.1	0.9279E-13
337.8	0.9391E-13
370.6	0.9503E-13
404.6	0.9614E-13
439.5	0.9723E-13
475.6	0.9833E-13
512.8	0.9941E-13
550.9	0.1005E-12
590.2	0.1016E-12
630.4	0.1026E-12
671.6	0.1037E-12
713.6	0.1047E-12
756.8	0.1057E-12
801.0	0.1068E-12
846.2	0.1078E-12
892.4	0.1088E-12
939.5	0.1098E-12
987.8	0.1108E-12
1037.	0.1117E-12
1087.	0.1127E-12
1139.	0.1137E-12
1191.	0.1146E-12
1245.	0.1156E-12
1299.	0.1165E-12
1355.	0.1175E-12
1412.	0.1184E-12
1470.	0.1193E-12
1529.	0.1202E-12
1589.	0.1211E-12
1651.	0.1220E-12
1713.	0.1229E-12
1777.	0.1238E-12
1842.	0.1246E-12
1909.	0.1255E-12
1976.	0.1264E-12
2045.	0.1272E-12
2116.	0.1281E-12
2187.	0.1289E-12
2260.	0.1297E-12
2334.	0.1305E-12
2410.	0.1313E-12
2487.	0.1321E-12
2565.	0.1329E-12
2645.	0.1337E-12
2726.	0.1345E-12
2808.	0.1353E-12
2892.	0.1361E-12
2978.	0.1368E-12
3065.	0.1376E-12
3153.	0.1383E-12
3243.	0.1390E-12
3334.	0.1398E-12
3427.	0.1405E-12
3522.	0.1412E-12
3617.	0.1419E-12
3715.	0.1426E-12
3814.	0.1433E-12
3914.	0.1440E-12
4017.	0.1447E-12
4120.	0.1453E-12
4225.	0.1460E-12
4332.	0.1466E-12
4441.	0.1473E-12
4551.	0.1479E-12
4662.	0.1485E-12
4775.	0.1491E-12
 
 
C65   Ar4    Excitation    1.58 eV                              
E/N (Td)	Rate coefficient (m3/s)
0.1256E-01	0.4507E-18
0.1291E-01	0.6243E-18
0.1327E-01	0.8563E-18
0.1366E-01	0.1165E-17
0.1408E-01	0.1573E-17
0.1450E-01	0.2104E-17
0.1495E-01	0.2794E-17
0.1542E-01	0.3681E-17
0.1593E-01	0.4815E-17
0.1648E-01	0.6249E-17
0.1705E-01	0.8058E-17
0.1766E-01	0.1031E-16
0.1829E-01	0.1312E-16
0.1896E-01	0.1657E-16
0.1965E-01	0.2079E-16
0.2040E-01	0.2594E-16
0.2121E-01	0.3216E-16
0.2208E-01	0.3964E-16
0.2300E-01	0.4860E-16
0.2397E-01	0.5924E-16
0.2498E-01	0.7181E-16
0.2603E-01	0.8661E-16
0.2718E-01	0.1039E-15
0.2845E-01	0.1241E-15
0.2981E-01	0.1474E-15
0.3122E-01	0.1744E-15
0.3270E-01	0.2053E-15
0.3425E-01	0.2406E-15
0.3600E-01	0.2809E-15
0.3782E-01	0.3266E-15
0.3982E-01	0.3781E-15
0.4198E-01	0.4362E-15
0.4426E-01	0.5013E-15
0.4665E-01	0.5739E-15
0.4921E-01	0.6545E-15
0.5208E-01	0.7443E-15
0.5515E-01	0.8438E-15
0.5836E-01	0.9531E-15
0.6181E-01	0.1073E-14
0.6565E-01	0.1205E-14
0.6976E-01	0.1350E-14
0.7409E-01	0.1507E-14
0.7891E-01	0.1678E-14
0.8394E-01	0.1864E-14
0.8947E-01	0.2065E-14
0.9548E-01	0.2283E-14
0.1018	0.2517E-14
0.1087	0.2768E-14
0.1161	0.3039E-14
0.1240	0.3328E-14
0.1325	0.3636E-14
0.1415	0.3964E-14
0.1511	0.4313E-14
0.1613	0.4681E-14
0.1720	0.5070E-14
0.1834	0.5478E-14
0.1953	0.5905E-14
0.2079	0.6351E-14
0.2211	0.6815E-14
0.2349	0.7294E-14
0.2493	0.7789E-14
0.2643	0.8297E-14
0.2800	0.8817E-14
0.2964	0.9346E-14
0.3134	0.9882E-14
0.3312	0.1042E-13
0.3497	0.1097E-13
0.3689	0.1151E-13
0.3890	0.1206E-13
0.4098	0.1260E-13
0.4316	0.1313E-13
0.4543	0.1365E-13
0.4779	0.1416E-13
0.5026	0.1466E-13
0.5284	0.1514E-13
0.5554	0.1561E-13
0.5837	0.1605E-13
0.6134	0.1647E-13
0.6445	0.1687E-13
0.6771	0.1724E-13
0.7115	0.1759E-13
0.7477	0.1791E-13
0.7859	0.1819E-13
0.8262	0.1845E-13
0.8689	0.1868E-13
0.9140	0.1888E-13
0.9619	0.1904E-13
1.013	0.1917E-13
1.067	0.1927E-13
1.124	0.1934E-13
1.185	0.1937E-13
1.250	0.1938E-13
1.320	0.1935E-13
1.394	0.1930E-13
1.473	0.1921E-13
1.558	0.1910E-13
1.648	0.1896E-13
1.744	0.1880E-13
1.847	0.1862E-13
1.957	0.1841E-13
2.074	0.1818E-13
2.198	0.1794E-13
2.331	0.1768E-13
2.471	0.1741E-13
2.621	0.1712E-13
2.780	0.1682E-13
2.949	0.1651E-13
3.131	0.1619E-13
3.329	0.1587E-13
3.546	0.1554E-13
3.792	0.1520E-13
4.077	0.1485E-13
4.423	0.1450E-13
4.866	0.1414E-13
5.488	0.1378E-13
6.492	0.1342E-13
8.431	0.1308E-13
12.35	0.1278E-13
18.34	0.1252E-13
25.77	0.1227E-13
34.51	0.1201E-13
44.70	0.1176E-13
56.56	0.1150E-13
70.24	0.1124E-13
85.86	0.1099E-13
103.4	0.1074E-13
122.9	0.1050E-13
144.3	0.1027E-13
167.5	0.1004E-13
192.3	0.9819E-14
218.7	0.9602E-14
246.5	0.9390E-14
275.7	0.9182E-14
306.1	0.8978E-14
337.8	0.8778E-14
370.6	0.8582E-14
404.6	0.8390E-14
439.5	0.8203E-14
475.6	0.8018E-14
512.8	0.7837E-14
550.9	0.7660E-14
590.2	0.7486E-14
630.4	0.7316E-14
671.6	0.7149E-14
713.6	0.6987E-14
756.8	0.6827E-14
801.0	0.6670E-14
846.2	0.6516E-14
892.4	0.6366E-14
939.5	0.6218E-14
987.8	0.6073E-14
1037.	0.5931E-14
1087.	0.5792E-14
1139.	0.5656E-14
1191.	0.5522E-14
1245.	0.5391E-14
1299.	0.5263E-14
1355.	0.5137E-14
1412.	0.5013E-14
1470.	0.4892E-14
1529.	0.4774E-14
1589.	0.4657E-14
1651.	0.4543E-14
1713.	0.4431E-14
1777.	0.4322E-14
1842.	0.4214E-14
1909.	0.4109E-14
1976.	0.4006E-14
2045.	0.3905E-14
2116.	0.3806E-14
2187.	0.3709E-14
2260.	0.3614E-14
2334.	0.3521E-14
2410.	0.3430E-14
2487.	0.3341E-14
2565.	0.3254E-14
2645.	0.3168E-14
2726.	0.3085E-14
2808.	0.3003E-14
2892.	0.2923E-14
2978.	0.2845E-14
3065.	0.2769E-14
3153.	0.2694E-14
3243.	0.2621E-14
3334.	0.2550E-14
3427.	0.2480E-14
3522.	0.2412E-14
3617.	0.2346E-14
3715.	0.2281E-14
3814.	0.2218E-14
3914.	0.2156E-14
4017.	0.2096E-14
4120.	0.2037E-14
4225.	0.1980E-14
4332.	0.1924E-14
4441.	0.1870E-14
4551.	0.1817E-14
4662.	0.1765E-14
4775.	0.1715E-14
 
 
C66   Ar4    Excitation    1.60 eV                              
E/N (Td)	Rate coefficient (m3/s)
0.1256E-01	0.7371E-18
0.1291E-01	0.1033E-17
0.1327E-01	0.1433E-17
0.1366E-01	0.1972E-17
0.1408E-01	0.2692E-17
0.1450E-01	0.3641E-17
0.1495E-01	0.4885E-17
0.1542E-01	0.6504E-17
0.1593E-01	0.8596E-17
0.1648E-01	0.1127E-16
0.1705E-01	0.1468E-16
0.1766E-01	0.1898E-16
0.1829E-01	0.2437E-16
0.1896E-01	0.3108E-16
0.1965E-01	0.3937E-16
0.2040E-01	0.4957E-16
0.2121E-01	0.6204E-16
0.2208E-01	0.7716E-16
0.2300E-01	0.9545E-16
0.2397E-01	0.1174E-15
0.2498E-01	0.1435E-15
0.2603E-01	0.1746E-15
0.2718E-01	0.2112E-15
0.2845E-01	0.2544E-15
0.2981E-01	0.3049E-15
0.3122E-01	0.3637E-15
0.3270E-01	0.4317E-15
0.3425E-01	0.5101E-15
0.3600E-01	0.6003E-15
0.3782E-01	0.7037E-15
0.3982E-01	0.8213E-15
0.4198E-01	0.9551E-15
0.4426E-01	0.1107E-14
0.4665E-01	0.1277E-14
0.4921E-01	0.1468E-14
0.5208E-01	0.1683E-14
0.5515E-01	0.1923E-14
0.5836E-01	0.2190E-14
0.6181E-01	0.2486E-14
0.6565E-01	0.2815E-14
0.6976E-01	0.3179E-14
0.7409E-01	0.3579E-14
0.7891E-01	0.4020E-14
0.8394E-01	0.4502E-14
0.8947E-01	0.5031E-14
0.9548E-01	0.5610E-14
0.1018	0.6241E-14
0.1087	0.6929E-14
0.1161	0.7677E-14
0.1240	0.8488E-14
0.1325	0.9367E-14
0.1415	0.1032E-13
0.1511	0.1134E-13
0.1613	0.1244E-13
0.1720	0.1362E-13
0.1834	0.1489E-13
0.1953	0.1624E-13
0.2079	0.1768E-13
0.2211	0.1921E-13
0.2349	0.2083E-13
0.2493	0.2254E-13
0.2643	0.2435E-13
0.2800	0.2624E-13
0.2964	0.2823E-13
0.3134	0.3032E-13
0.3312	0.3249E-13
0.3497	0.3475E-13
0.3689	0.3710E-13
0.3890	0.3953E-13
0.4098	0.4205E-13
0.4316	0.4465E-13
0.4543	0.4732E-13
0.4779	0.5008E-13
0.5026	0.5291E-13
0.5284	0.5581E-13
0.5554	0.5878E-13
0.5837	0.6181E-13
0.6134	0.6492E-13
0.6445	0.6808E-13
0.6771	0.7130E-13
0.7115	0.7458E-13
0.7477	0.7792E-13
0.7859	0.8131E-13
0.8262	0.8475E-13
0.8689	0.8824E-13
0.9140	0.9178E-13
0.9619	0.9537E-13
1.013	0.9900E-13
1.067	0.1027E-12
1.124	0.1064E-12
1.185	0.1102E-12
1.250	0.1140E-12
1.320	0.1178E-12
1.394	0.1217E-12
1.473	0.1256E-12
1.558	0.1296E-12
1.648	0.1336E-12
1.744	0.1377E-12
1.847	0.1417E-12
1.957	0.1459E-12
2.074	0.1501E-12
2.198	0.1543E-12
2.331	0.1585E-12
2.471	0.1628E-12
2.621	0.1672E-12
2.780	0.1716E-12
2.949	0.1760E-12
3.131	0.1805E-12
3.329	0.1850E-12
3.546	0.1896E-12
3.792	0.1942E-12
4.077	0.1989E-12
4.423	0.2036E-12
4.866	0.2083E-12
5.488	0.2129E-12
6.492	0.2175E-12
8.431	0.2220E-12
12.35	0.2265E-12
18.34	0.2313E-12
25.77	0.2362E-12
34.51	0.2411E-12
44.70	0.2461E-12
56.56	0.2510E-12
70.24	0.2559E-12
85.86	0.2608E-12
103.4	0.2656E-12
122.9	0.2705E-12
144.3	0.2753E-12
167.5	0.2800E-12
192.3	0.2848E-12
218.7	0.2895E-12
246.5	0.2942E-12
275.7	0.2989E-12
306.1	0.3036E-12
337.8	0.3082E-12
370.6	0.3129E-12
404.6	0.3175E-12
439.5	0.3220E-12
475.6	0.3266E-12
512.8	0.3312E-12
550.9	0.3357E-12
590.2	0.3402E-12
630.4	0.3447E-12
671.6	0.3491E-12
713.6	0.3535E-12
756.8	0.3579E-12
801.0	0.3623E-12
846.2	0.3666E-12
892.4	0.3710E-12
939.5	0.3752E-12
987.8	0.3795E-12
1037.	0.3838E-12
1087.	0.3880E-12
1139.	0.3921E-12
1191.	0.3963E-12
1245.	0.4004E-12
1299.	0.4045E-12
1355.	0.4086E-12
1412.	0.4126E-12
1470.	0.4166E-12
1529.	0.4206E-12
1589.	0.4245E-12
1651.	0.4285E-12
1713.	0.4323E-12
1777.	0.4362E-12
1842.	0.4400E-12
1909.	0.4438E-12
1976.	0.4476E-12
2045.	0.4513E-12
2116.	0.4550E-12
2187.	0.4587E-12
2260.	0.4623E-12
2334.	0.4659E-12
2410.	0.4694E-12
2487.	0.4730E-12
2565.	0.4765E-12
2645.	0.4799E-12
2726.	0.4833E-12
2808.	0.4867E-12
2892.	0.4901E-12
2978.	0.4934E-12
3065.	0.4967E-12
3153.	0.4999E-12
3243.	0.5031E-12
3334.	0.5063E-12
3427.	0.5094E-12
3522.	0.5125E-12
3617.	0.5155E-12
3715.	0.5185E-12
3814.	0.5214E-12
3914.	0.5244E-12
4017.	0.5272E-12
4120.	0.5300E-12
4225.	0.5328E-12
4332.	0.5355E-12
4441.	0.5382E-12
4551.	0.5409E-12
4662.	0.5434E-12
4775.	0.5460E-12
 
 
C67   Ar4    Excitation    1.65 eV                              
E/N (Td)	Rate coefficient (m3/s)
0.1256E-01	0.8762E-19
0.1291E-01	0.1251E-18
0.1327E-01	0.1767E-18
0.1366E-01	0.2476E-18
0.1408E-01	0.3442E-18
0.1450E-01	0.4738E-18
0.1495E-01	0.6469E-18
0.1542E-01	0.8762E-18
0.1593E-01	0.1178E-17
0.1648E-01	0.1571E-17
0.1705E-01	0.2080E-17
0.1766E-01	0.2733E-17
0.1829E-01	0.3567E-17
0.1896E-01	0.4623E-17
0.1965E-01	0.5950E-17
0.2040E-01	0.7608E-17
0.2121E-01	0.9671E-17
0.2208E-01	0.1221E-16
0.2300E-01	0.1534E-16
0.2397E-01	0.1914E-16
0.2498E-01	0.2376E-16
0.2603E-01	0.2933E-16
0.2718E-01	0.3599E-16
0.2845E-01	0.4398E-16
0.2981E-01	0.5345E-16
0.3122E-01	0.6464E-16
0.3270E-01	0.7780E-16
0.3425E-01	0.9318E-16
0.3600E-01	0.1111E-15
0.3782E-01	0.1320E-15
0.3982E-01	0.1561E-15
0.4198E-01	0.1840E-15
0.4426E-01	0.2159E-15
0.4665E-01	0.2524E-15
0.4921E-01	0.2938E-15
0.5208E-01	0.3410E-15
0.5515E-01	0.3946E-15
0.5836E-01	0.4549E-15
0.6181E-01	0.5226E-15
0.6565E-01	0.5990E-15
0.6976E-01	0.6845E-15
0.7409E-01	0.7798E-15
0.7891E-01	0.8863E-15
0.8394E-01	0.1004E-14
0.8947E-01	0.1136E-14
0.9548E-01	0.1281E-14
0.1018	0.1442E-14
0.1087	0.1619E-14
0.1161	0.1815E-14
0.1240	0.2030E-14
0.1325	0.2267E-14
0.1415	0.2525E-14
0.1511	0.2808E-14
0.1613	0.3117E-14
0.1720	0.3453E-14
0.1834	0.3817E-14
0.1953	0.4213E-14
0.2079	0.4640E-14
0.2211	0.5100E-14
0.2349	0.5595E-14
0.2493	0.6126E-14
0.2643	0.6693E-14
0.2800	0.7299E-14
0.2964	0.7944E-14
0.3134	0.8629E-14
0.3312	0.9354E-14
0.3497	0.1012E-13
0.3689	0.1093E-13
0.3890	0.1178E-13
0.4098	0.1268E-13
0.4316	0.1361E-13
0.4543	0.1460E-13
0.4779	0.1562E-13
0.5026	0.1669E-13
0.5284	0.1781E-13
0.5554	0.1897E-13
0.5837	0.2017E-13
0.6134	0.2142E-13
0.6445	0.2272E-13
0.6771	0.2407E-13
0.7115	0.2546E-13
0.7477	0.2689E-13
0.7859	0.2838E-13
0.8262	0.2991E-13
0.8689	0.3149E-13
0.9140	0.3312E-13
0.9619	0.3480E-13
1.013	0.3652E-13
1.067	0.3830E-13
1.124	0.4012E-13
1.185	0.4200E-13
1.250	0.4392E-13
1.320	0.4590E-13
1.394	0.4792E-13
1.473	0.5000E-13
1.558	0.5213E-13
1.648	0.5431E-13
1.744	0.5654E-13
1.847	0.5882E-13
1.957	0.6115E-13
2.074	0.6354E-13
2.198	0.6598E-13
2.331	0.6846E-13
2.471	0.7100E-13
2.621	0.7359E-13
2.780	0.7623E-13
2.949	0.7892E-13
3.131	0.8165E-13
3.329	0.8444E-13
3.546	0.8727E-13
3.792	0.9016E-13
4.077	0.9309E-13
4.423	0.9607E-13
4.866	0.9908E-13
5.488	0.1021E-12
6.492	0.1051E-12
8.431	0.1082E-12
12.35	0.1112E-12
18.34	0.1142E-12
25.77	0.1174E-12
34.51	0.1205E-12
44.70	0.1237E-12
56.56	0.1269E-12
70.24	0.1300E-12
85.86	0.1332E-12
103.4	0.1363E-12
122.9	0.1394E-12
144.3	0.1425E-12
167.5	0.1456E-12
192.3	0.1487E-12
218.7	0.1518E-12
246.5	0.1548E-12
275.7	0.1579E-12
306.1	0.1609E-12
337.8	0.1639E-12
370.6	0.1669E-12
404.6	0.1699E-12
439.5	0.1729E-12
475.6	0.1759E-12
512.8	0.1789E-12
550.9	0.1818E-12
590.2	0.1848E-12
630.4	0.1877E-12
671.6	0.1906E-12
713.6	0.1935E-12
756.8	0.1964E-12
801.0	0.1992E-12
846.2	0.2021E-12
892.4	0.2049E-12
939.5	0.2077E-12
987.8	0.2105E-12
1037.	0.2133E-12
1087.	0.2161E-12
1139.	0.2188E-12
1191.	0.2216E-12
1245.	0.2243E-12
1299.	0.2270E-12
1355.	0.2296E-12
1412.	0.2323E-12
1470.	0.2350E-12
1529.	0.2376E-12
1589.	0.2402E-12
1651.	0.2428E-12
1713.	0.2453E-12
1777.	0.2479E-12
1842.	0.2504E-12
1909.	0.2529E-12
1976.	0.2554E-12
2045.	0.2579E-12
2116.	0.2603E-12
2187.	0.2627E-12
2260.	0.2651E-12
2334.	0.2675E-12
2410.	0.2699E-12
2487.	0.2722E-12
2565.	0.2745E-12
2645.	0.2768E-12
2726.	0.2791E-12
2808.	0.2813E-12
2892.	0.2836E-12
2978.	0.2858E-12
3065.	0.2879E-12
3153.	0.2901E-12
3243.	0.2922E-12
3334.	0.2943E-12
3427.	0.2964E-12
3522.	0.2984E-12
3617.	0.3004E-12
3715.	0.3024E-12
3814.	0.3044E-12
3914.	0.3063E-12
4017.	0.3082E-12
4120.	0.3101E-12
4225.	0.3119E-12
4332.	0.3137E-12
4441.	0.3155E-12
4551.	0.3172E-12
4662.	0.3190E-12
4775.	0.3206E-12
 
 
C68   Ar4    Excitation    1.68 eV                              
E/N (Td)	Rate coefficient (m3/s)
0.1256E-01	0.1478E-18
0.1291E-01	0.2102E-18
0.1327E-01	0.2958E-18
0.1366E-01	0.4127E-18
0.1408E-01	0.5712E-18
0.1450E-01	0.7826E-18
0.1495E-01	0.1063E-17
0.1542E-01	0.1433E-17
0.1593E-01	0.1917E-17
0.1648E-01	0.2543E-17
0.1705E-01	0.3350E-17
0.1766E-01	0.4378E-17
0.1829E-01	0.5681E-17
0.1896E-01	0.7320E-17
0.1965E-01	0.9365E-17
0.2040E-01	0.1190E-16
0.2121E-01	0.1504E-16
0.2208E-01	0.1887E-16
0.2300E-01	0.2355E-16
0.2397E-01	0.2920E-16
0.2498E-01	0.3599E-16
0.2603E-01	0.4413E-16
0.2718E-01	0.5378E-16
0.2845E-01	0.6526E-16
0.2981E-01	0.7875E-16
0.3122E-01	0.9456E-16
0.3270E-01	0.1130E-15
0.3425E-01	0.1343E-15
0.3600E-01	0.1590E-15
0.3782E-01	0.1875E-15
0.3982E-01	0.2199E-15
0.4198E-01	0.2571E-15
0.4426E-01	0.2994E-15
0.4665E-01	0.3471E-15
0.4921E-01	0.4008E-15
0.5208E-01	0.4615E-15
0.5515E-01	0.5295E-15
0.5836E-01	0.6053E-15
0.6181E-01	0.6895E-15
0.6565E-01	0.7833E-15
0.6976E-01	0.8873E-15
0.7409E-01	0.1002E-14
0.7891E-01	0.1128E-14
0.8394E-01	0.1267E-14
0.8947E-01	0.1419E-14
0.9548E-01	0.1585E-14
0.1018	0.1767E-14
0.1087	0.1965E-14
0.1161	0.2180E-14
0.1240	0.2413E-14
0.1325	0.2665E-14
0.1415	0.2936E-14
0.1511	0.3228E-14
0.1613	0.3542E-14
0.1720	0.3878E-14
0.1834	0.4236E-14
0.1953	0.4617E-14
0.2079	0.5020E-14
0.2211	0.5447E-14
0.2349	0.5896E-14
0.2493	0.6367E-14
0.2643	0.6861E-14
0.2800	0.7375E-14
0.2964	0.7910E-14
0.3134	0.8464E-14
0.3312	0.9037E-14
0.3497	0.9626E-14
0.3689	0.1023E-13
0.3890	0.1085E-13
0.4098	0.1148E-13
0.4316	0.1213E-13
0.4543	0.1278E-13
0.4779	0.1344E-13
0.5026	0.1411E-13
0.5284	0.1479E-13
0.5554	0.1547E-13
0.5837	0.1615E-13
0.6134	0.1683E-13
0.6445	0.1751E-13
0.6771	0.1820E-13
0.7115	0.1888E-13
0.7477	0.1955E-13
0.7859	0.2023E-13
0.8262	0.2089E-13
0.8689	0.2156E-13
0.9140	0.2221E-13
0.9619	0.2287E-13
1.013	0.2351E-13
1.067	0.2415E-13
1.124	0.2478E-13
1.185	0.2540E-13
1.250	0.2602E-13
1.320	0.2663E-13
1.394	0.2724E-13
1.473	0.2784E-13
1.558	0.2844E-13
1.648	0.2903E-13
1.744	0.2962E-13
1.847	0.3022E-13
1.957	0.3081E-13
2.074	0.3140E-13
2.198	0.3200E-13
2.331	0.3260E-13
2.471	0.3320E-13
2.621	0.3381E-13
2.780	0.3443E-13
2.949	0.3505E-13
3.131	0.3568E-13
3.329	0.3632E-13
3.546	0.3697E-13
3.792	0.3763E-13
4.077	0.3829E-13
4.423	0.3897E-13
4.866	0.3964E-13
5.488	0.4032E-13
6.492	0.4100E-13
8.431	0.4167E-13
12.35	0.4237E-13
18.34	0.4311E-13
25.77	0.4389E-13
34.51	0.4467E-13
44.70	0.4546E-13
56.56	0.4624E-13
70.24	0.4703E-13
85.86	0.4782E-13
103.4	0.4860E-13
122.9	0.4939E-13
144.3	0.5017E-13
167.5	0.5096E-13
192.3	0.5175E-13
218.7	0.5254E-13
246.5	0.5333E-13
275.7	0.5412E-13
306.1	0.5491E-13
337.8	0.5570E-13
370.6	0.5650E-13
404.6	0.5728E-13
439.5	0.5807E-13
475.6	0.5886E-13
512.8	0.5965E-13
550.9	0.6043E-13
590.2	0.6122E-13
630.4	0.6200E-13
671.6	0.6279E-13
713.6	0.6356E-13
756.8	0.6434E-13
801.0	0.6511E-13
846.2	0.6589E-13
892.4	0.6666E-13
939.5	0.6742E-13
987.8	0.6819E-13
1037.	0.6895E-13
1087.	0.6970E-13
1139.	0.7046E-13
1191.	0.7121E-13
1245.	0.7196E-13
1299.	0.7270E-13
1355.	0.7344E-13
1412.	0.7418E-13
1470.	0.7491E-13
1529.	0.7564E-13
1589.	0.7636E-13
1651.	0.7708E-13
1713.	0.7780E-13
1777.	0.7851E-13
1842.	0.7922E-13
1909.	0.7992E-13
1976.	0.8061E-13
2045.	0.8131E-13
2116.	0.8199E-13
2187.	0.8267E-13
2260.	0.8335E-13
2334.	0.8402E-13
2410.	0.8468E-13
2487.	0.8534E-13
2565.	0.8599E-13
2645.	0.8664E-13
2726.	0.8728E-13
2808.	0.8791E-13
2892.	0.8854E-13
2978.	0.8916E-13
3065.	0.8977E-13
3153.	0.9038E-13
3243.	0.9098E-13
3334.	0.9157E-13
3427.	0.9215E-13
3522.	0.9273E-13
3617.	0.9330E-13
3715.	0.9386E-13
3814.	0.9441E-13
3914.	0.9495E-13
4017.	0.9549E-13
4120.	0.9601E-13
4225.	0.9653E-13
4332.	0.9704E-13
4441.	0.9754E-13
4551.	0.9803E-13
4662.	0.9850E-13
4775.	0.9897E-13
 
 
C69   Ar4    Excitation    1.77 eV                              
E/N (Td)	Rate coefficient (m3/s)
0.1256E-01	0.2529E-19
0.1291E-01	0.3701E-19
0.1327E-01	0.5353E-19
0.1366E-01	0.7672E-19
0.1408E-01	0.1090E-18
0.1450E-01	0.1532E-18
0.1495E-01	0.2135E-18
0.1542E-01	0.2949E-18
0.1593E-01	0.4039E-18
0.1648E-01	0.5483E-18
0.1705E-01	0.7388E-18
0.1766E-01	0.9870E-18
0.1829E-01	0.1309E-17
0.1896E-01	0.1722E-17
0.1965E-01	0.2249E-17
0.2040E-01	0.2917E-17
0.2121E-01	0.3758E-17
0.2208E-01	0.4808E-17
0.2300E-01	0.6113E-17
0.2397E-01	0.7721E-17
0.2498E-01	0.9692E-17
0.2603E-01	0.1209E-16
0.2718E-01	0.1500E-16
0.2845E-01	0.1851E-16
0.2981E-01	0.2272E-16
0.3122E-01	0.2773E-16
0.3270E-01	0.3366E-16
0.3425E-01	0.4066E-16
0.3600E-01	0.4889E-16
0.3782E-01	0.5854E-16
0.3982E-01	0.6973E-16
0.4198E-01	0.8275E-16
0.4426E-01	0.9777E-16
0.4665E-01	0.1150E-15
0.4921E-01	0.1347E-15
0.5208E-01	0.1573E-15
0.5515E-01	0.1831E-15
0.5836E-01	0.2122E-15
0.6181E-01	0.2451E-15
0.6565E-01	0.2824E-15
0.6976E-01	0.3242E-15
0.7409E-01	0.3711E-15
0.7891E-01	0.4236E-15
0.8394E-01	0.4821E-15
0.8947E-01	0.5472E-15
0.9548E-01	0.6198E-15
0.1018	0.7002E-15
0.1087	0.7891E-15
0.1161	0.8874E-15
0.1240	0.9958E-15
0.1325	0.1115E-14
0.1415	0.1246E-14
0.1511	0.1389E-14
0.1613	0.1546E-14
0.1720	0.1716E-14
0.1834	0.1902E-14
0.1953	0.2103E-14
0.2079	0.2320E-14
0.2211	0.2554E-14
0.2349	0.2806E-14
0.2493	0.3076E-14
0.2643	0.3364E-14
0.2800	0.3671E-14
0.2964	0.3998E-14
0.3134	0.4344E-14
0.3312	0.4710E-14
0.3497	0.5095E-14
0.3689	0.5500E-14
0.3890	0.5925E-14
0.4098	0.6370E-14
0.4316	0.6835E-14
0.4543	0.7319E-14
0.4779	0.7822E-14
0.5026	0.8344E-14
0.5284	0.8885E-14
0.5554	0.9445E-14
0.5837	0.1002E-13
0.6134	0.1062E-13
0.6445	0.1123E-13
0.6771	0.1186E-13
0.7115	0.1251E-13
0.7477	0.1317E-13
0.7859	0.1386E-13
0.8262	0.1455E-13
0.8689	0.1527E-13
0.9140	0.1599E-13
0.9619	0.1674E-13
1.013	0.1750E-13
1.067	0.1827E-13
1.124	0.1906E-13
1.185	0.1987E-13
1.250	0.2068E-13
1.320	0.2152E-13
1.394	0.2237E-13
1.473	0.2323E-13
1.558	0.2411E-13
1.648	0.2500E-13
1.744	0.2591E-13
1.847	0.2683E-13
1.957	0.2777E-13
2.074	0.2872E-13
2.198	0.2969E-13
2.331	0.3067E-13
2.471	0.3167E-13
2.621	0.3268E-13
2.780	0.3371E-13
2.949	0.3476E-13
3.131	0.3582E-13
3.329	0.3689E-13
3.546	0.3798E-13
3.792	0.3909E-13
4.077	0.4021E-13
4.423	0.4135E-13
4.866	0.4249E-13
5.488	0.4364E-13
6.492	0.4478E-13
8.431	0.4591E-13
12.35	0.4704E-13
18.34	0.4821E-13
25.77	0.4942E-13
34.51	0.5064E-13
44.70	0.5187E-13
56.56	0.5310E-13
70.24	0.5434E-13
85.86	0.5557E-13
103.4	0.5679E-13
122.9	0.5802E-13
144.3	0.5925E-13
167.5	0.6048E-13
192.3	0.6170E-13
218.7	0.6292E-13
246.5	0.6414E-13
275.7	0.6536E-13
306.1	0.6658E-13
337.8	0.6779E-13
370.6	0.6900E-13
404.6	0.7021E-13
439.5	0.7142E-13
475.6	0.7262E-13
512.8	0.7383E-13
550.9	0.7503E-13
590.2	0.7622E-13
630.4	0.7741E-13
671.6	0.7860E-13
713.6	0.7978E-13
756.8	0.8095E-13
801.0	0.8213E-13
846.2	0.8329E-13
892.4	0.8446E-13
939.5	0.8561E-13
987.8	0.8676E-13
1037.	0.8791E-13
1087.	0.8905E-13
1139.	0.9018E-13
1191.	0.9131E-13
1245.	0.9243E-13
1299.	0.9355E-13
1355.	0.9465E-13
1412.	0.9575E-13
1470.	0.9685E-13
1529.	0.9794E-13
1589.	0.9902E-13
1651.	0.1001E-12
1713.	0.1012E-12
1777.	0.1022E-12
1842.	0.1033E-12
1909.	0.1043E-12
1976.	0.1053E-12
2045.	0.1064E-12
2116.	0.1074E-12
2187.	0.1084E-12
2260.	0.1094E-12
2334.	0.1104E-12
2410.	0.1114E-12
2487.	0.1123E-12
2565.	0.1133E-12
2645.	0.1143E-12
2726.	0.1152E-12
2808.	0.1161E-12
2892.	0.1171E-12
2978.	0.1180E-12
3065.	0.1189E-12
3153.	0.1198E-12
3243.	0.1206E-12
3334.	0.1215E-12
3427.	0.1224E-12
3522.	0.1232E-12
3617.	0.1241E-12
3715.	0.1249E-12
3814.	0.1257E-12
3914.	0.1265E-12
4017.	0.1273E-12
4120.	0.1280E-12
4225.	0.1288E-12
4332.	0.1296E-12
4441.	0.1303E-12
4551.	0.1310E-12
4662.	0.1317E-12
4775.	0.1324E-12
 
 
C70   Ar4    Excitation    1.77 eV                              
E/N (Td)	Rate coefficient (m3/s)
0.1256E-01	0.1569E-19
0.1291E-01	0.2281E-19
0.1327E-01	0.3281E-19
0.1366E-01	0.4675E-19
0.1408E-01	0.6606E-19
0.1450E-01	0.9236E-19
0.1495E-01	0.1280E-18
0.1542E-01	0.1759E-18
0.1593E-01	0.2397E-18
0.1648E-01	0.3239E-18
0.1705E-01	0.4344E-18
0.1766E-01	0.5777E-18
0.1829E-01	0.7626E-18
0.1896E-01	0.9991E-18
0.1965E-01	0.1299E-17
0.2040E-01	0.1678E-17
0.2121E-01	0.2153E-17
0.2208E-01	0.2743E-17
0.2300E-01	0.3474E-17
0.2397E-01	0.4371E-17
0.2498E-01	0.5466E-17
0.2603E-01	0.6794E-17
0.2718E-01	0.8393E-17
0.2845E-01	0.1032E-16
0.2981E-01	0.1262E-16
0.3122E-01	0.1534E-16
0.3270E-01	0.1856E-16
0.3425E-01	0.2233E-16
0.3600E-01	0.2675E-16
0.3782E-01	0.3190E-16
0.3982E-01	0.3785E-16
0.4198E-01	0.4474E-16
0.4426E-01	0.5266E-16
0.4665E-01	0.6170E-16
0.4921E-01	0.7198E-16
0.5208E-01	0.8371E-16
0.5515E-01	0.9701E-16
0.5836E-01	0.1120E-15
0.6181E-01	0.1287E-15
0.6565E-01	0.1476E-15
0.6976E-01	0.1687E-15
0.7409E-01	0.1922E-15
0.7891E-01	0.2184E-15
0.8394E-01	0.2473E-15
0.8947E-01	0.2793E-15
0.9548E-01	0.3147E-15
0.1018	0.3535E-15
0.1087	0.3962E-15
0.1161	0.4430E-15
0.1240	0.4942E-15
0.1325	0.5499E-15
0.1415	0.6105E-15
0.1511	0.6762E-15
0.1613	0.7473E-15
0.1720	0.8239E-15
0.1834	0.9062E-15
0.1953	0.9944E-15
0.2079	0.1089E-14
0.2211	0.1189E-14
0.2349	0.1295E-14
0.2493	0.1407E-14
0.2643	0.1525E-14
0.2800	0.1649E-14
0.2964	0.1779E-14
0.3134	0.1913E-14
0.3312	0.2053E-14
0.3497	0.2198E-14
0.3689	0.2348E-14
0.3890	0.2501E-14
0.4098	0.2658E-14
0.4316	0.2818E-14
0.4543	0.2981E-14
0.4779	0.3147E-14
0.5026	0.3314E-14
0.5284	0.3482E-14
0.5554	0.3651E-14
0.5837	0.3820E-14
0.6134	0.3989E-14
0.6445	0.4157E-14
0.6771	0.4323E-14
0.7115	0.4487E-14
0.7477	0.4648E-14
0.7859	0.4806E-14
0.8262	0.4960E-14
0.8689	0.5110E-14
0.9140	0.5254E-14
0.9619	0.5393E-14
1.013	0.5526E-14
1.067	0.5653E-14
1.124	0.5772E-14
1.185	0.5884E-14
1.250	0.5988E-14
1.320	0.6084E-14
1.394	0.6171E-14
1.473	0.6250E-14
1.558	0.6319E-14
1.648	0.6380E-14
1.744	0.6431E-14
1.847	0.6472E-14
1.957	0.6505E-14
2.074	0.6528E-14
2.198	0.6542E-14
2.331	0.6548E-14
2.471	0.6545E-14
2.621	0.6533E-14
2.780	0.6514E-14
2.949	0.6487E-14
3.131	0.6452E-14
3.329	0.6411E-14
3.546	0.6362E-14
3.792	0.6306E-14
4.077	0.6242E-14
4.423	0.6171E-14
4.866	0.6090E-14
5.488	0.6000E-14
6.492	0.5899E-14
8.431	0.5789E-14
12.35	0.5691E-14
18.34	0.5618E-14
25.77	0.5554E-14
34.51	0.5492E-14
44.70	0.5429E-14
56.56	0.5363E-14
70.24	0.5296E-14
85.86	0.5229E-14
103.4	0.5161E-14
122.9	0.5093E-14
144.3	0.5026E-14
167.5	0.4960E-14
192.3	0.4895E-14
218.7	0.4831E-14
246.5	0.4767E-14
275.7	0.4704E-14
306.1	0.4641E-14
337.8	0.4579E-14
370.6	0.4516E-14
404.6	0.4454E-14
439.5	0.4392E-14
475.6	0.4330E-14
512.8	0.4269E-14
550.9	0.4207E-14
590.2	0.4146E-14
630.4	0.4085E-14
671.6	0.4025E-14
713.6	0.3964E-14
756.8	0.3904E-14
801.0	0.3844E-14
846.2	0.3785E-14
892.4	0.3725E-14
939.5	0.3666E-14
987.8	0.3607E-14
1037.	0.3548E-14
1087.	0.3490E-14
1139.	0.3432E-14
1191.	0.3374E-14
1245.	0.3317E-14
1299.	0.3260E-14
1355.	0.3203E-14
1412.	0.3146E-14
1470.	0.3090E-14
1529.	0.3035E-14
1589.	0.2979E-14
1651.	0.2924E-14
1713.	0.2870E-14
1777.	0.2816E-14
1842.	0.2762E-14
1909.	0.2709E-14
1976.	0.2656E-14
2045.	0.2603E-14
2116.	0.2551E-14
2187.	0.2500E-14
2260.	0.2449E-14
2334.	0.2399E-14
2410.	0.2349E-14
2487.	0.2300E-14
2565.	0.2251E-14
2645.	0.2203E-14
2726.	0.2155E-14
2808.	0.2108E-14
2892.	0.2062E-14
2978.	0.2016E-14
3065.	0.1971E-14
3153.	0.1926E-14
3243.	0.1882E-14
3334.	0.1839E-14
3427.	0.1797E-14
3522.	0.1755E-14
3617.	0.1713E-14
3715.	0.1673E-14
3814.	0.1633E-14
3914.	0.1594E-14
4017.	0.1555E-14
4120.	0.1518E-14
4225.	0.1481E-14
4332.	0.1444E-14
4441.	0.1408E-14
4551.	0.1373E-14
4662.	0.1339E-14
4775.	0.1305E-14
 
 
C71   Ar4    Excitation    1.79 eV                              
E/N (Td)	Rate coefficient (m3/s)
0.1256E-01	0.5571E-20
0.1291E-01	0.8227E-20
0.1327E-01	0.1202E-19
0.1366E-01	0.1739E-19
0.1408E-01	0.2497E-19
0.1450E-01	0.3546E-19
0.1495E-01	0.4993E-19
0.1542E-01	0.6972E-19
0.1593E-01	0.9656E-19
0.1648E-01	0.1326E-18
0.1705E-01	0.1807E-18
0.1766E-01	0.2443E-18
0.1829E-01	0.3277E-18
0.1896E-01	0.4365E-18
0.1965E-01	0.5771E-18
0.2040E-01	0.7576E-18
0.2121E-01	0.9882E-18
0.2208E-01	0.1280E-17
0.2300E-01	0.1648E-17
0.2397E-01	0.2108E-17
0.2498E-01	0.2680E-17
0.2603E-01	0.3387E-17
0.2718E-01	0.4253E-17
0.2845E-01	0.5317E-17
0.2981E-01	0.6607E-17
0.3122E-01	0.8167E-17
0.3270E-01	0.1004E-16
0.3425E-01	0.1228E-16
0.3600E-01	0.1495E-16
0.3782E-01	0.1812E-16
0.3982E-01	0.2185E-16
0.4198E-01	0.2625E-16
0.4426E-01	0.3139E-16
0.4665E-01	0.3738E-16
0.4921E-01	0.4430E-16
0.5208E-01	0.5235E-16
0.5515E-01	0.6164E-16
0.5836E-01	0.7227E-16
0.6181E-01	0.8442E-16
0.6565E-01	0.9835E-16
0.6976E-01	0.1142E-15
0.7409E-01	0.1322E-15
0.7891E-01	0.1526E-15
0.8394E-01	0.1755E-15
0.8947E-01	0.2014E-15
0.9548E-01	0.2307E-15
0.1018	0.2634E-15
0.1087	0.3000E-15
0.1161	0.3411E-15
0.1240	0.3869E-15
0.1325	0.4379E-15
0.1415	0.4946E-15
0.1511	0.5575E-15
0.1613	0.6272E-15
0.1720	0.7040E-15
0.1834	0.7887E-15
0.1953	0.8818E-15
0.2079	0.9838E-15
0.2211	0.1095E-14
0.2349	0.1217E-14
0.2493	0.1349E-14
0.2643	0.1493E-14
0.2800	0.1649E-14
0.2964	0.1817E-14
0.3134	0.1997E-14
0.3312	0.2192E-14
0.3497	0.2401E-14
0.3689	0.2624E-14
0.3890	0.2862E-14
0.4098	0.3117E-14
0.4316	0.3387E-14
0.4543	0.3675E-14
0.4779	0.3980E-14
0.5026	0.4303E-14
0.5284	0.4645E-14
0.5554	0.5006E-14
0.5837	0.5388E-14
0.6134	0.5790E-14
0.6445	0.6213E-14
0.6771	0.6658E-14
0.7115	0.7126E-14
0.7477	0.7618E-14
0.7859	0.8133E-14
0.8262	0.8673E-14
0.8689	0.9238E-14
0.9140	0.9829E-14
0.9619	0.1045E-13
1.013	0.1109E-13
1.067	0.1176E-13
1.124	0.1246E-13
1.185	0.1318E-13
1.250	0.1394E-13
1.320	0.1472E-13
1.394	0.1553E-13
1.473	0.1636E-13
1.558	0.1723E-13
1.648	0.1812E-13
1.744	0.1903E-13
1.847	0.1997E-13
1.957	0.2094E-13
2.074	0.2193E-13
2.198	0.2295E-13
2.331	0.2398E-13
2.471	0.2504E-13
2.621	0.2612E-13
2.780	0.2722E-13
2.949	0.2833E-13
3.131	0.2947E-13
3.329	0.3062E-13
3.546	0.3178E-13
3.792	0.3297E-13
4.077	0.3417E-13
4.423	0.3538E-13
4.866	0.3660E-13
5.488	0.3782E-13
6.492	0.3904E-13
8.431	0.4023E-13
12.35	0.4141E-13
18.34	0.4262E-13
25.77	0.4386E-13
34.51	0.4512E-13
44.70	0.4639E-13
56.56	0.4766E-13
70.24	0.4894E-13
85.86	0.5022E-13
103.4	0.5149E-13
122.9	0.5276E-13
144.3	0.5403E-13
167.5	0.5531E-13
192.3	0.5657E-13
218.7	0.5784E-13
246.5	0.5910E-13
275.7	0.6037E-13
306.1	0.6163E-13
337.8	0.6288E-13
370.6	0.6414E-13
404.6	0.6539E-13
439.5	0.6663E-13
475.6	0.6788E-13
512.8	0.6912E-13
550.9	0.7035E-13
590.2	0.7159E-13
630.4	0.7281E-13
671.6	0.7404E-13
713.6	0.7525E-13
756.8	0.7646E-13
801.0	0.7766E-13
846.2	0.7886E-13
892.4	0.8006E-13
939.5	0.8125E-13
987.8	0.8243E-13
1037.	0.8361E-13
1087.	0.8477E-13
1139.	0.8594E-13
1191.	0.8709E-13
1245.	0.8824E-13
1299.	0.8939E-13
1355.	0.9052E-13
1412.	0.9165E-13
1470.	0.9277E-13
1529.	0.9389E-13
1589.	0.9499E-13
1651.	0.9609E-13
1713.	0.9718E-13
1777.	0.9827E-13
1842.	0.9934E-13
1909.	0.1004E-12
1976.	0.1015E-12
2045.	0.1025E-12
2116.	0.1036E-12
2187.	0.1046E-12
2260.	0.1056E-12
2334.	0.1066E-12
2410.	0.1076E-12
2487.	0.1086E-12
2565.	0.1096E-12
2645.	0.1106E-12
2726.	0.1115E-12
2808.	0.1125E-12
2892.	0.1134E-12
2978.	0.1144E-12
3065.	0.1153E-12
3153.	0.1162E-12
3243.	0.1171E-12
3334.	0.1180E-12
3427.	0.1189E-12
3522.	0.1198E-12
3617.	0.1206E-12
3715.	0.1214E-12
3814.	0.1223E-12
3914.	0.1231E-12
4017.	0.1239E-12
4120.	0.1247E-12
4225.	0.1255E-12
4332.	0.1262E-12
4441.	0.1270E-12
4551.	0.1277E-12
4662.	0.1285E-12
4775.	0.1292E-12
 
 
C72   Ar4    Excitation    1.82 eV                              
E/N (Td)	Rate coefficient (m3/s)
0.1256E-01	0.1591E-19
0.1291E-01	0.2341E-19
0.1327E-01	0.3406E-19
0.1366E-01	0.4908E-19
0.1408E-01	0.7012E-19
0.1450E-01	0.9909E-19
0.1495E-01	0.1388E-18
0.1542E-01	0.1927E-18
0.1593E-01	0.2652E-18
0.1648E-01	0.3619E-18
0.1705E-01	0.4899E-18
0.1766E-01	0.6576E-18
0.1829E-01	0.8759E-18
0.1896E-01	0.1158E-17
0.1965E-01	0.1518E-17
0.2040E-01	0.1977E-17
0.2121E-01	0.2558E-17
0.2208E-01	0.3285E-17
0.2300E-01	0.4192E-17
0.2397E-01	0.5314E-17
0.2498E-01	0.6694E-17
0.2603E-01	0.8379E-17
0.2718E-01	0.1042E-16
0.2845E-01	0.1290E-16
0.2981E-01	0.1588E-16
0.3122E-01	0.1943E-16
0.3270E-01	0.2365E-16
0.3425E-01	0.2862E-16
0.3600E-01	0.3449E-16
0.3782E-01	0.4137E-16
0.3982E-01	0.4936E-16
0.4198E-01	0.5866E-16
0.4426E-01	0.6940E-16
0.4665E-01	0.8174E-16
0.4921E-01	0.9584E-16
0.5208E-01	0.1120E-15
0.5515E-01	0.1304E-15
0.5836E-01	0.1512E-15
0.6181E-01	0.1747E-15
0.6565E-01	0.2012E-15
0.6976E-01	0.2310E-15
0.7409E-01	0.2643E-15
0.7891E-01	0.3015E-15
0.8394E-01	0.3428E-15
0.8947E-01	0.3888E-15
0.9548E-01	0.4398E-15
0.1018	0.4960E-15
0.1087	0.5580E-15
0.1161	0.6263E-15
0.1240	0.7012E-15
0.1325	0.7832E-15
0.1415	0.8725E-15
0.1511	0.9698E-15
0.1613	0.1075E-14
0.1720	0.1190E-14
0.1834	0.1313E-14
0.1953	0.1445E-14
0.2079	0.1587E-14
0.2211	0.1738E-14
0.2349	0.1898E-14
0.2493	0.2068E-14
0.2643	0.2248E-14
0.2800	0.2436E-14
0.2964	0.2634E-14
0.3134	0.2840E-14
0.3312	0.3054E-14
0.3497	0.3275E-14
0.3689	0.3504E-14
0.3890	0.3739E-14
0.4098	0.3979E-14
0.4316	0.4224E-14
0.4543	0.4474E-14
0.4779	0.4727E-14
0.5026	0.4982E-14
0.5284	0.5240E-14
0.5554	0.5498E-14
0.5837	0.5756E-14
0.6134	0.6013E-14
0.6445	0.6269E-14
0.6771	0.6522E-14
0.7115	0.6772E-14
0.7477	0.7019E-14
0.7859	0.7261E-14
0.8262	0.7497E-14
0.8689	0.7729E-14
0.9140	0.7954E-14
0.9619	0.8172E-14
1.013	0.8383E-14
1.067	0.8587E-14
1.124	0.8784E-14
1.185	0.8974E-14
1.250	0.9155E-14
1.320	0.9330E-14
1.394	0.9497E-14
1.473	0.9657E-14
1.558	0.9810E-14
1.648	0.9957E-14
1.744	0.1010E-13
1.847	0.1023E-13
1.957	0.1037E-13
2.074	0.1049E-13
2.198	0.1062E-13
2.331	0.1074E-13
2.471	0.1085E-13
2.621	0.1097E-13
2.780	0.1108E-13
2.949	0.1120E-13
3.131	0.1131E-13
3.329	0.1143E-13
3.546	0.1154E-13
3.792	0.1165E-13
4.077	0.1177E-13
4.423	0.1188E-13
4.866	0.1199E-13
5.488	0.1211E-13
6.492	0.1221E-13
8.431	0.1232E-13
12.35	0.1244E-13
18.34	0.1258E-13
25.77	0.1274E-13
34.51	0.1289E-13
44.70	0.1304E-13
56.56	0.1320E-13
70.24	0.1335E-13
85.86	0.1350E-13
103.4	0.1366E-13
122.9	0.1381E-13
144.3	0.1396E-13
167.5	0.1412E-13
192.3	0.1427E-13
218.7	0.1443E-13
246.5	0.1459E-13
275.7	0.1474E-13
306.1	0.1490E-13
337.8	0.1506E-13
370.6	0.1522E-13
404.6	0.1537E-13
439.5	0.1553E-13
475.6	0.1569E-13
512.8	0.1585E-13
550.9	0.1601E-13
590.2	0.1617E-13
630.4	0.1633E-13
671.6	0.1648E-13
713.6	0.1664E-13
756.8	0.1680E-13
801.0	0.1696E-13
846.2	0.1712E-13
892.4	0.1727E-13
939.5	0.1743E-13
987.8	0.1758E-13
1037.	0.1774E-13
1087.	0.1790E-13
1139.	0.1805E-13
1191.	0.1820E-13
1245.	0.1836E-13
1299.	0.1851E-13
1355.	0.1866E-13
1412.	0.1881E-13
1470.	0.1896E-13
1529.	0.1911E-13
1589.	0.1926E-13
1651.	0.1941E-13
1713.	0.1956E-13
1777.	0.1971E-13
1842.	0.1985E-13
1909.	0.2000E-13
1976.	0.2014E-13
2045.	0.2028E-13
2116.	0.2043E-13
2187.	0.2057E-13
2260.	0.2071E-13
2334.	0.2085E-13
2410.	0.2098E-13
2487.	0.2112E-13
2565.	0.2126E-13
2645.	0.2139E-13
2726.	0.2152E-13
2808.	0.2166E-13
2892.	0.2179E-13
2978.	0.2192E-13
3065.	0.2205E-13
3153.	0.2217E-13
3243.	0.2230E-13
3334.	0.2242E-13
3427.	0.2255E-13
3522.	0.2267E-13
3617.	0.2279E-13
3715.	0.2291E-13
3814.	0.2302E-13
3914.	0.2314E-13
4017.	0.2325E-13
4120.	0.2337E-13
4225.	0.2348E-13
4332.	0.2359E-13
4441.	0.2369E-13
4551.	0.2380E-13
4662.	0.2390E-13
4775.	0.2401E-13
 
 
C73   Ar4    Excitation    1.97 eV                              
E/N (Td)	Rate coefficient (m3/s)
0.1256E-01	0.1436E-20
0.1291E-01	0.2186E-20
0.1327E-01	0.3286E-20
0.1366E-01	0.4889E-20
0.1408E-01	0.7204E-20
0.1450E-01	0.1049E-19
0.1495E-01	0.1512E-19
0.1542E-01	0.2159E-19
0.1593E-01	0.3055E-19
0.1648E-01	0.4280E-19
0.1705E-01	0.5945E-19
0.1766E-01	0.8181E-19
0.1829E-01	0.1116E-18
0.1896E-01	0.1510E-18
0.1965E-01	0.2027E-18
0.2040E-01	0.2697E-18
0.2121E-01	0.3564E-18
0.2208E-01	0.4673E-18
0.2300E-01	0.6084E-18
0.2397E-01	0.7862E-18
0.2498E-01	0.1009E-17
0.2603E-01	0.1286E-17
0.2718E-01	0.1627E-17
0.2845E-01	0.2049E-17
0.2981E-01	0.2563E-17
0.3122E-01	0.3185E-17
0.3270E-01	0.3936E-17
0.3425E-01	0.4835E-17
0.3600E-01	0.5908E-17
0.3782E-01	0.7184E-17
0.3982E-01	0.8685E-17
0.4198E-01	0.1045E-16
0.4426E-01	0.1252E-16
0.4665E-01	0.1492E-16
0.4921E-01	0.1769E-16
0.5208E-01	0.2090E-16
0.5515E-01	0.2459E-16
0.5836E-01	0.2880E-16
0.6181E-01	0.3359E-16
0.6565E-01	0.3905E-16
0.6976E-01	0.4523E-16
0.7409E-01	0.5218E-16
0.7891E-01	0.6002E-16
0.8394E-01	0.6877E-16
0.8947E-01	0.7856E-16
0.9548E-01	0.8950E-16
0.1018	0.1016E-15
0.1087	0.1151E-15
0.1161	0.1299E-15
0.1240	0.1463E-15
0.1325	0.1643E-15
0.1415	0.1840E-15
0.1511	0.2055E-15
0.1613	0.2288E-15
0.1720	0.2541E-15
0.1834	0.2815E-15
0.1953	0.3108E-15
0.2079	0.3423E-15
0.2211	0.3759E-15
0.2349	0.4115E-15
0.2493	0.4491E-15
0.2643	0.4887E-15
0.2800	0.5302E-15
0.2964	0.5735E-15
0.3134	0.6183E-15
0.3312	0.6647E-15
0.3497	0.7124E-15
0.3689	0.7613E-15
0.3890	0.8110E-15
0.4098	0.8614E-15
0.4316	0.9124E-15
0.4543	0.9635E-15
0.4779	0.1015E-14
0.5026	0.1065E-14
0.5284	0.1116E-14
0.5554	0.1165E-14
0.5837	0.1214E-14
0.6134	0.1261E-14
0.6445	0.1307E-14
0.6771	0.1351E-14
0.7115	0.1393E-14
0.7477	0.1433E-14
0.7859	0.1471E-14
0.8262	0.1506E-14
0.8689	0.1539E-14
0.9140	0.1569E-14
0.9619	0.1596E-14
1.013	0.1620E-14
1.067	0.1641E-14
1.124	0.1658E-14
1.185	0.1673E-14
1.250	0.1685E-14
1.320	0.1693E-14
1.394	0.1699E-14
1.473	0.1702E-14
1.558	0.1701E-14
1.648	0.1699E-14
1.744	0.1693E-14
1.847	0.1686E-14
1.957	0.1676E-14
2.074	0.1664E-14
2.198	0.1651E-14
2.331	0.1635E-14
2.471	0.1619E-14
2.621	0.1601E-14
2.780	0.1581E-14
2.949	0.1561E-14
3.131	0.1540E-14
3.329	0.1518E-14
3.546	0.1496E-14
3.792	0.1472E-14
4.077	0.1448E-14
4.423	0.1423E-14
4.866	0.1397E-14
5.488	0.1370E-14
6.492	0.1343E-14
8.431	0.1316E-14
12.35	0.1294E-14
18.34	0.1275E-14
25.77	0.1258E-14
34.51	0.1241E-14
44.70	0.1223E-14
56.56	0.1205E-14
70.24	0.1187E-14
85.86	0.1169E-14
103.4	0.1151E-14
122.9	0.1134E-14
144.3	0.1117E-14
167.5	0.1101E-14
192.3	0.1085E-14
218.7	0.1069E-14
246.5	0.1054E-14
275.7	0.1039E-14
306.1	0.1024E-14
337.8	0.1010E-14
370.6	0.9960E-15
404.6	0.9822E-15
439.5	0.9688E-15
475.6	0.9555E-15
512.8	0.9426E-15
550.9	0.9299E-15
590.2	0.9175E-15
630.4	0.9054E-15
671.6	0.8935E-15
713.6	0.8820E-15
756.8	0.8706E-15
801.0	0.8595E-15
846.2	0.8486E-15
892.4	0.8380E-15
939.5	0.8276E-15
987.8	0.8174E-15
1037.	0.8075E-15
1087.	0.7977E-15
1139.	0.7882E-15
1191.	0.7789E-15
1245.	0.7698E-15
1299.	0.7609E-15
1355.	0.7521E-15
1412.	0.7436E-15
1470.	0.7353E-15
1529.	0.7271E-15
1589.	0.7191E-15
1651.	0.7113E-15
1713.	0.7037E-15
1777.	0.6962E-15
1842.	0.6889E-15
1909.	0.6817E-15
1976.	0.6748E-15
2045.	0.6679E-15
2116.	0.6612E-15
2187.	0.6547E-15
2260.	0.6483E-15
2334.	0.6421E-15
2410.	0.6360E-15
2487.	0.6300E-15
2565.	0.6241E-15
2645.	0.6184E-15
2726.	0.6128E-15
2808.	0.6073E-15
2892.	0.6019E-15
2978.	0.5967E-15
3065.	0.5915E-15
3153.	0.5865E-15
3243.	0.5815E-15
3334.	0.5767E-15
3427.	0.5719E-15
3522.	0.5672E-15
3617.	0.5626E-15
3715.	0.5581E-15
3814.	0.5536E-15
3914.	0.5492E-15
4017.	0.5449E-15
4120.	0.5407E-15
4225.	0.5365E-15
4332.	0.5323E-15
4441.	0.5282E-15
4551.	0.5242E-15
4662.	0.5201E-15
4775.	0.5162E-15
 
 
C74   Ar3    Ionization    4.04 eV                              
E/N (Td)	Rate coefficient (m3/s)
0.1256E-01	0.000
0.1291E-01	0.000
0.1327E-01	0.000
0.1366E-01	0.000
0.1408E-01	0.000
0.1450E-01	0.000
0.1495E-01	0.000
0.1542E-01	0.000
0.1593E-01	0.000
0.1648E-01	0.000
0.1705E-01	0.000
0.1766E-01	0.000
0.1829E-01	0.000
0.1896E-01	0.000
0.1965E-01	0.000
0.2040E-01	0.000
0.2121E-01	0.000
0.2208E-01	0.1710E-29
0.2300E-01	0.8038E-27
0.2397E-01	0.3929E-26
0.2498E-01	0.1146E-25
0.2603E-01	0.2718E-25
0.2718E-01	0.5824E-25
0.2845E-01	0.1182E-24
0.2981E-01	0.2307E-24
0.3122E-01	0.4393E-24
0.3270E-01	0.8209E-24
0.3425E-01	0.1509E-23
0.3600E-01	0.2738E-23
0.3782E-01	0.3992E-23
0.3982E-01	0.7969E-23
0.4198E-01	0.1469E-22
0.4426E-01	0.2592E-22
0.4665E-01	0.4457E-22
0.4921E-01	0.7530E-22
0.5208E-01	0.1259E-21
0.5515E-01	0.2085E-21
0.5836E-01	0.3409E-21
0.6181E-01	0.5517E-21
0.6565E-01	0.8866E-21
0.6976E-01	0.1412E-20
0.7409E-01	0.2228E-20
0.7891E-01	0.3492E-20
0.8394E-01	0.5422E-20
0.8947E-01	0.8365E-20
0.9548E-01	0.1283E-19
0.1018	0.1954E-19
0.1087	0.2956E-19
0.1161	0.4451E-19
0.1240	0.6662E-19
0.1325	0.9919E-19
0.1415	0.1468E-18
0.1511	0.2161E-18
0.1613	0.3166E-18
0.1720	0.4611E-18
0.1834	0.6675E-18
0.1953	0.9610E-18
0.2079	0.1375E-17
0.2211	0.1955E-17
0.2349	0.2761E-17
0.2493	0.3872E-17
0.2643	0.5394E-17
0.2800	0.7460E-17
0.2964	0.1024E-16
0.3134	0.1396E-16
0.3312	0.1889E-16
0.3497	0.2536E-16
0.3689	0.3380E-16
0.3890	0.4472E-16
0.4098	0.5873E-16
0.4316	0.7657E-16
0.4543	0.9910E-16
0.4779	0.1274E-15
0.5026	0.1626E-15
0.5284	0.2061E-15
0.5554	0.2596E-15
0.5837	0.3248E-15
0.6134	0.4038E-15
0.6445	0.4991E-15
0.6771	0.6131E-15
0.7115	0.7489E-15
0.7477	0.9097E-15
0.7859	0.1099E-14
0.8262	0.1321E-14
0.8689	0.1579E-14
0.9140	0.1878E-14
0.9619	0.2224E-14
1.013	0.2620E-14
1.067	0.3073E-14
1.124	0.3587E-14
1.185	0.4169E-14
1.250	0.4824E-14
1.320	0.5558E-14
1.394	0.6377E-14
1.473	0.7285E-14
1.558	0.8288E-14
1.648	0.9391E-14
1.744	0.1060E-13
1.847	0.1191E-13
1.957	0.1334E-13
2.074	0.1487E-13
2.198	0.1652E-13
2.331	0.1828E-13
2.471	0.2016E-13
2.621	0.2214E-13
2.780	0.2424E-13
2.949	0.2644E-13
3.131	0.2874E-13
3.329	0.3115E-13
3.546	0.3365E-13
3.792	0.3627E-13
4.077	0.3898E-13
4.423	0.4178E-13
4.866	0.4470E-13
5.488	0.4771E-13
6.492	0.5083E-13
8.431	0.5400E-13
12.35	0.5709E-13
18.34	0.6003E-13
25.77	0.6292E-13
34.51	0.6582E-13
44.70	0.6872E-13
56.56	0.7163E-13
70.24	0.7454E-13
85.86	0.7744E-13
103.4	0.8032E-13
122.9	0.8318E-13
144.3	0.8602E-13
167.5	0.8882E-13
192.3	0.9159E-13
218.7	0.9433E-13
246.5	0.9704E-13
275.7	0.9972E-13
306.1	0.1024E-12
337.8	0.1050E-12
370.6	0.1076E-12
404.6	0.1101E-12
439.5	0.1127E-12
475.6	0.1151E-12
512.8	0.1176E-12
550.9	0.1200E-12
590.2	0.1224E-12
630.4	0.1248E-12
671.6	0.1271E-12
713.6	0.1294E-12
756.8	0.1316E-12
801.0	0.1338E-12
846.2	0.1360E-12
892.4	0.1381E-12
939.5	0.1402E-12
987.8	0.1423E-12
1037.	0.1443E-12
1087.	0.1463E-12
1139.	0.1483E-12
1191.	0.1502E-12
1245.	0.1520E-12
1299.	0.1539E-12
1355.	0.1557E-12
1412.	0.1574E-12
1470.	0.1591E-12
1529.	0.1608E-12
1589.	0.1624E-12
1651.	0.1640E-12
1713.	0.1656E-12
1777.	0.1671E-12
1842.	0.1685E-12
1909.	0.1700E-12
1976.	0.1714E-12
2045.	0.1727E-12
2116.	0.1740E-12
2187.	0.1753E-12
2260.	0.1765E-12
2334.	0.1777E-12
2410.	0.1788E-12
2487.	0.1799E-12
2565.	0.1810E-12
2645.	0.1820E-12
2726.	0.1830E-12
2808.	0.1840E-12
2892.	0.1849E-12
2978.	0.1857E-12
3065.	0.1865E-12
3153.	0.1873E-12
3243.	0.1881E-12
3334.	0.1888E-12
3427.	0.1894E-12
3522.	0.1901E-12
3617.	0.1906E-12
3715.	0.1912E-12
3814.	0.1917E-12
3914.	0.1922E-12
4017.	0.1926E-12
4120.	0.1930E-12
4225.	0.1933E-12
4332.	0.1937E-12
4441.	0.1939E-12
4551.	0.1942E-12
4662.	0.1944E-12
4775.	0.1946E-12
 
 
C75   Ar3    Excitation    0.10 eV                              
E/N (Td)	Rate coefficient (m3/s)
0.1256E-01	0.1231E-12
0.1291E-01	0.1253E-12
0.1327E-01	0.1275E-12
0.1366E-01	0.1296E-12
0.1408E-01	0.1317E-12
0.1450E-01	0.1337E-12
0.1495E-01	0.1356E-12
0.1542E-01	0.1375E-12
0.1593E-01	0.1393E-12
0.1648E-01	0.1411E-12
0.1705E-01	0.1428E-12
0.1766E-01	0.1444E-12
0.1829E-01	0.1460E-12
0.1896E-01	0.1475E-12
0.1965E-01	0.1489E-12
0.2040E-01	0.1503E-12
0.2121E-01	0.1516E-12
0.2208E-01	0.1528E-12
0.2300E-01	0.1540E-12
0.2397E-01	0.1551E-12
0.2498E-01	0.1561E-12
0.2603E-01	0.1571E-12
0.2718E-01	0.1580E-12
0.2845E-01	0.1589E-12
0.2981E-01	0.1596E-12
0.3122E-01	0.1603E-12
0.3270E-01	0.1610E-12
0.3425E-01	0.1616E-12
0.3600E-01	0.1621E-12
0.3782E-01	0.1625E-12
0.3982E-01	0.1629E-12
0.4198E-01	0.1633E-12
0.4426E-01	0.1635E-12
0.4665E-01	0.1637E-12
0.4921E-01	0.1639E-12
0.5208E-01	0.1640E-12
0.5515E-01	0.1640E-12
0.5836E-01	0.1640E-12
0.6181E-01	0.1639E-12
0.6565E-01	0.1638E-12
0.6976E-01	0.1636E-12
0.7409E-01	0.1633E-12
0.7891E-01	0.1630E-12
0.8394E-01	0.1627E-12
0.8947E-01	0.1622E-12
0.9548E-01	0.1618E-12
0.1018	0.1612E-12
0.1087	0.1607E-12
0.1161	0.1600E-12
0.1240	0.1593E-12
0.1325	0.1586E-12
0.1415	0.1578E-12
0.1511	0.1569E-12
0.1613	0.1560E-12
0.1720	0.1551E-12
0.1834	0.1541E-12
0.1953	0.1530E-12
0.2079	0.1519E-12
0.2211	0.1508E-12
0.2349	0.1497E-12
0.2493	0.1484E-12
0.2643	0.1472E-12
0.2800	0.1459E-12
0.2964	0.1446E-12
0.3134	0.1432E-12
0.3312	0.1418E-12
0.3497	0.1404E-12
0.3689	0.1389E-12
0.3890	0.1373E-12
0.4098	0.1358E-12
0.4316	0.1341E-12
0.4543	0.1325E-12
0.4779	0.1307E-12
0.5026	0.1290E-12
0.5284	0.1272E-12
0.5554	0.1253E-12
0.5837	0.1234E-12
0.6134	0.1214E-12
0.6445	0.1194E-12
0.6771	0.1174E-12
0.7115	0.1153E-12
0.7477	0.1131E-12
0.7859	0.1110E-12
0.8262	0.1088E-12
0.8689	0.1065E-12
0.9140	0.1043E-12
0.9619	0.1020E-12
1.013	0.9965E-13
1.067	0.9733E-13
1.124	0.9499E-13
1.185	0.9265E-13
1.250	0.9031E-13
1.320	0.8798E-13
1.394	0.8565E-13
1.473	0.8334E-13
1.558	0.8105E-13
1.648	0.7879E-13
1.744	0.7655E-13
1.847	0.7435E-13
1.957	0.7219E-13
2.074	0.7007E-13
2.198	0.6799E-13
2.331	0.6597E-13
2.471	0.6399E-13
2.621	0.6206E-13
2.780	0.6019E-13
2.949	0.5836E-13
3.131	0.5659E-13
3.329	0.5488E-13
3.546	0.5322E-13
3.792	0.5162E-13
4.077	0.5009E-13
4.423	0.4864E-13
4.866	0.4730E-13
5.488	0.4608E-13
6.492	0.4504E-13
8.431	0.4421E-13
12.35	0.4340E-13
18.34	0.4235E-13
25.77	0.4117E-13
34.51	0.3998E-13
44.70	0.3881E-13
56.56	0.3770E-13
70.24	0.3666E-13
85.86	0.3567E-13
103.4	0.3474E-13
122.9	0.3384E-13
144.3	0.3299E-13
167.5	0.3217E-13
192.3	0.3137E-13
218.7	0.3060E-13
246.5	0.2984E-13
275.7	0.2911E-13
306.1	0.2840E-13
337.8	0.2770E-13
370.6	0.2703E-13
404.6	0.2637E-13
439.5	0.2573E-13
475.6	0.2510E-13
512.8	0.2449E-13
550.9	0.2390E-13
590.2	0.2331E-13
630.4	0.2275E-13
671.6	0.2219E-13
713.6	0.2166E-13
756.8	0.2113E-13
801.0	0.2062E-13
846.2	0.2012E-13
892.4	0.1963E-13
939.5	0.1915E-13
987.8	0.1868E-13
1037.	0.1822E-13
1087.	0.1777E-13
1139.	0.1734E-13
1191.	0.1691E-13
1245.	0.1649E-13
1299.	0.1608E-13
1355.	0.1568E-13
1412.	0.1529E-13
1470.	0.1490E-13
1529.	0.1453E-13
1589.	0.1416E-13
1651.	0.1380E-13
1713.	0.1345E-13
1777.	0.1311E-13
1842.	0.1277E-13
1909.	0.1244E-13
1976.	0.1212E-13
2045.	0.1180E-13
2116.	0.1150E-13
2187.	0.1119E-13
2260.	0.1090E-13
2334.	0.1061E-13
2410.	0.1033E-13
2487.	0.1005E-13
2565.	0.9782E-14
2645.	0.9519E-14
2726.	0.9261E-14
2808.	0.9009E-14
2892.	0.8763E-14
2978.	0.8523E-14
3065.	0.8288E-14
3153.	0.8058E-14
3243.	0.7835E-14
3334.	0.7617E-14
3427.	0.7403E-14
3522.	0.7194E-14
3617.	0.6991E-14
3715.	0.6794E-14
3814.	0.6600E-14
3914.	0.6411E-14
4017.	0.6227E-14
4120.	0.6049E-14
4225.	0.5874E-14
4332.	0.5703E-14
4441.	0.5537E-14
4551.	0.5376E-14
4662.	0.5218E-14
4775.	0.5065E-14
 
 
C76   Ar3    Excitation    1.35 eV                              
E/N (Td)	Rate coefficient (m3/s)
0.1256E-01	0.1719E-17
0.1291E-01	0.2278E-17
0.1327E-01	0.2994E-17
0.1366E-01	0.3909E-17
0.1408E-01	0.5071E-17
0.1450E-01	0.6528E-17
0.1495E-01	0.8348E-17
0.1542E-01	0.1061E-16
0.1593E-01	0.1340E-16
0.1648E-01	0.1682E-16
0.1705E-01	0.2100E-16
0.1766E-01	0.2606E-16
0.1829E-01	0.3215E-16
0.1896E-01	0.3945E-16
0.1965E-01	0.4815E-16
0.2040E-01	0.5846E-16
0.2121E-01	0.7065E-16
0.2208E-01	0.8494E-16
0.2300E-01	0.1017E-15
0.2397E-01	0.1211E-15
0.2498E-01	0.1436E-15
0.2603E-01	0.1695E-15
0.2718E-01	0.1993E-15
0.2845E-01	0.2334E-15
0.2981E-01	0.2722E-15
0.3122E-01	0.3162E-15
0.3270E-01	0.3660E-15
0.3425E-01	0.4219E-15
0.3600E-01	0.4847E-15
0.3782E-01	0.5552E-15
0.3982E-01	0.6335E-15
0.4198E-01	0.7208E-15
0.4426E-01	0.8174E-15
0.4665E-01	0.9241E-15
0.4921E-01	0.1041E-14
0.5208E-01	0.1171E-14
0.5515E-01	0.1313E-14
0.5836E-01	0.1467E-14
0.6181E-01	0.1636E-14
0.6565E-01	0.1820E-14
0.6976E-01	0.2019E-14
0.7409E-01	0.2235E-14
0.7891E-01	0.2470E-14
0.8394E-01	0.2722E-14
0.8947E-01	0.2993E-14
0.9548E-01	0.3286E-14
0.1018	0.3600E-14
0.1087	0.3937E-14
0.1161	0.4297E-14
0.1240	0.4682E-14
0.1325	0.5092E-14
0.1415	0.5527E-14
0.1511	0.5990E-14
0.1613	0.6480E-14
0.1720	0.6997E-14
0.1834	0.7542E-14
0.1953	0.8115E-14
0.2079	0.8715E-14
0.2211	0.9343E-14
0.2349	0.9997E-14
0.2493	0.1068E-13
0.2643	0.1138E-13
0.2800	0.1211E-13
0.2964	0.1287E-13
0.3134	0.1364E-13
0.3312	0.1444E-13
0.3497	0.1525E-13
0.3689	0.1608E-13
0.3890	0.1693E-13
0.4098	0.1779E-13
0.4316	0.1867E-13
0.4543	0.1956E-13
0.4779	0.2045E-13
0.5026	0.2136E-13
0.5284	0.2227E-13
0.5554	0.2319E-13
0.5837	0.2411E-13
0.6134	0.2503E-13
0.6445	0.2596E-13
0.6771	0.2689E-13
0.7115	0.2781E-13
0.7477	0.2874E-13
0.7859	0.2967E-13
0.8262	0.3059E-13
0.8689	0.3151E-13
0.9140	0.3243E-13
0.9619	0.3334E-13
1.013	0.3425E-13
1.067	0.3516E-13
1.124	0.3606E-13
1.185	0.3696E-13
1.250	0.3785E-13
1.320	0.3875E-13
1.394	0.3964E-13
1.473	0.4053E-13
1.558	0.4142E-13
1.648	0.4231E-13
1.744	0.4320E-13
1.847	0.4409E-13
1.957	0.4498E-13
2.074	0.4587E-13
2.198	0.4677E-13
2.331	0.4767E-13
2.471	0.4857E-13
2.621	0.4948E-13
2.780	0.5039E-13
2.949	0.5131E-13
3.131	0.5223E-13
3.329	0.5316E-13
3.546	0.5409E-13
3.792	0.5502E-13
4.077	0.5595E-13
4.423	0.5689E-13
4.866	0.5781E-13
5.488	0.5872E-13
6.492	0.5960E-13
8.431	0.6044E-13
12.35	0.6129E-13
18.34	0.6220E-13
25.77	0.6315E-13
34.51	0.6410E-13
44.70	0.6505E-13
56.56	0.6598E-13
70.24	0.6690E-13
85.86	0.6780E-13
103.4	0.6869E-13
122.9	0.6956E-13
144.3	0.7043E-13
167.5	0.7128E-13
192.3	0.7213E-13
218.7	0.7296E-13
246.5	0.7379E-13
275.7	0.7461E-13
306.1	0.7542E-13
337.8	0.7623E-13
370.6	0.7702E-13
404.6	0.7781E-13
439.5	0.7859E-13
475.6	0.7936E-13
512.8	0.8013E-13
550.9	0.8089E-13
590.2	0.8165E-13
630.4	0.8239E-13
671.6	0.8313E-13
713.6	0.8386E-13
756.8	0.8458E-13
801.0	0.8530E-13
846.2	0.8601E-13
892.4	0.8671E-13
939.5	0.8741E-13
987.8	0.8810E-13
1037.	0.8878E-13
1087.	0.8946E-13
1139.	0.9013E-13
1191.	0.9079E-13
1245.	0.9145E-13
1299.	0.9210E-13
1355.	0.9275E-13
1412.	0.9339E-13
1470.	0.9402E-13
1529.	0.9465E-13
1589.	0.9527E-13
1651.	0.9589E-13
1713.	0.9650E-13
1777.	0.9710E-13
1842.	0.9770E-13
1909.	0.9830E-13
1976.	0.9889E-13
2045.	0.9947E-13
2116.	0.1001E-12
2187.	0.1006E-12
2260.	0.1012E-12
2334.	0.1018E-12
2410.	0.1023E-12
2487.	0.1029E-12
2565.	0.1034E-12
2645.	0.1040E-12
2726.	0.1045E-12
2808.	0.1050E-12
2892.	0.1056E-12
2978.	0.1061E-12
3065.	0.1066E-12
3153.	0.1071E-12
3243.	0.1076E-12
3334.	0.1081E-12
3427.	0.1086E-12
3522.	0.1091E-12
3617.	0.1096E-12
3715.	0.1101E-12
3814.	0.1106E-12
3914.	0.1111E-12
4017.	0.1116E-12
4120.	0.1120E-12
4225.	0.1125E-12
4332.	0.1129E-12
4441.	0.1134E-12
4551.	0.1138E-12
4662.	0.1143E-12
4775.	0.1147E-12
 
 
C77   Ar3    Excitation    1.48 eV                              
E/N (Td)	Rate coefficient (m3/s)
0.1256E-01	0.1875E-18
0.1291E-01	0.2534E-18
0.1327E-01	0.3394E-18
0.1366E-01	0.4513E-18
0.1408E-01	0.5959E-18
0.1450E-01	0.7803E-18
0.1495E-01	0.1015E-17
0.1542E-01	0.1310E-17
0.1593E-01	0.1681E-17
0.1648E-01	0.2143E-17
0.1705E-01	0.2714E-17
0.1766E-01	0.3415E-17
0.1829E-01	0.4273E-17
0.1896E-01	0.5314E-17
0.1965E-01	0.6569E-17
0.2040E-01	0.8077E-17
0.2121E-01	0.9881E-17
0.2208E-01	0.1202E-16
0.2300E-01	0.1455E-16
0.2397E-01	0.1753E-16
0.2498E-01	0.2102E-16
0.2603E-01	0.2507E-16
0.2718E-01	0.2977E-16
0.2845E-01	0.3522E-16
0.2981E-01	0.4148E-16
0.3122E-01	0.4864E-16
0.3270E-01	0.5680E-16
0.3425E-01	0.6606E-16
0.3600E-01	0.7655E-16
0.3782E-01	0.8842E-16
0.3982E-01	0.1017E-15
0.4198E-01	0.1166E-15
0.4426E-01	0.1333E-15
0.4665E-01	0.1518E-15
0.4921E-01	0.1722E-15
0.5208E-01	0.1949E-15
0.5515E-01	0.2200E-15
0.5836E-01	0.2475E-15
0.6181E-01	0.2776E-15
0.6565E-01	0.3106E-15
0.6976E-01	0.3467E-15
0.7409E-01	0.3858E-15
0.7891E-01	0.4284E-15
0.8394E-01	0.4744E-15
0.8947E-01	0.5241E-15
0.9548E-01	0.5778E-15
0.1018	0.6354E-15
0.1087	0.6973E-15
0.1161	0.7636E-15
0.1240	0.8343E-15
0.1325	0.9097E-15
0.1415	0.9896E-15
0.1511	0.1074E-14
0.1613	0.1164E-14
0.1720	0.1258E-14
0.1834	0.1356E-14
0.1953	0.1459E-14
0.2079	0.1566E-14
0.2211	0.1676E-14
0.2349	0.1791E-14
0.2493	0.1908E-14
0.2643	0.2028E-14
0.2800	0.2150E-14
0.2964	0.2274E-14
0.3134	0.2399E-14
0.3312	0.2524E-14
0.3497	0.2649E-14
0.3689	0.2774E-14
0.3890	0.2898E-14
0.4098	0.3020E-14
0.4316	0.3139E-14
0.4543	0.3255E-14
0.4779	0.3368E-14
0.5026	0.3477E-14
0.5284	0.3581E-14
0.5554	0.3680E-14
0.5837	0.3774E-14
0.6134	0.3862E-14
0.6445	0.3943E-14
0.6771	0.4018E-14
0.7115	0.4086E-14
0.7477	0.4148E-14
0.7859	0.4202E-14
0.8262	0.4249E-14
0.8689	0.4288E-14
0.9140	0.4320E-14
0.9619	0.4344E-14
1.013	0.4362E-14
1.067	0.4372E-14
1.124	0.4374E-14
1.185	0.4370E-14
1.250	0.4360E-14
1.320	0.4343E-14
1.394	0.4319E-14
1.473	0.4291E-14
1.558	0.4257E-14
1.648	0.4218E-14
1.744	0.4174E-14
1.847	0.4127E-14
1.957	0.4076E-14
2.074	0.4021E-14
2.198	0.3965E-14
2.331	0.3906E-14
2.471	0.3845E-14
2.621	0.3783E-14
2.780	0.3720E-14
2.949	0.3656E-14
3.131	0.3591E-14
3.329	0.3526E-14
3.546	0.3460E-14
3.792	0.3394E-14
4.077	0.3328E-14
4.423	0.3262E-14
4.866	0.3196E-14
5.488	0.3131E-14
6.492	0.3068E-14
8.431	0.3010E-14
12.35	0.2960E-14
18.34	0.2915E-14
25.77	0.2869E-14
34.51	0.2822E-14
44.70	0.2775E-14
56.56	0.2727E-14
70.24	0.2679E-14
85.86	0.2632E-14
103.4	0.2586E-14
122.9	0.2542E-14
144.3	0.2498E-14
167.5	0.2456E-14
192.3	0.2414E-14
218.7	0.2373E-14
246.5	0.2333E-14
275.7	0.2294E-14
306.1	0.2255E-14
337.8	0.2217E-14
370.6	0.2179E-14
404.6	0.2143E-14
439.5	0.2106E-14
475.6	0.2070E-14
512.8	0.2035E-14
550.9	0.2000E-14
590.2	0.1966E-14
630.4	0.1932E-14
671.6	0.1899E-14
713.6	0.1866E-14
756.8	0.1834E-14
801.0	0.1802E-14
846.2	0.1770E-14
892.4	0.1739E-14
939.5	0.1709E-14
987.8	0.1678E-14
1037.	0.1648E-14
1087.	0.1619E-14
1139.	0.1590E-14
1191.	0.1561E-14
1245.	0.1533E-14
1299.	0.1505E-14
1355.	0.1477E-14
1412.	0.1450E-14
1470.	0.1423E-14
1529.	0.1396E-14
1589.	0.1370E-14
1651.	0.1344E-14
1713.	0.1319E-14
1777.	0.1294E-14
1842.	0.1269E-14
1909.	0.1244E-14
1976.	0.1220E-14
2045.	0.1196E-14
2116.	0.1173E-14
2187.	0.1150E-14
2260.	0.1127E-14
2334.	0.1105E-14
2410.	0.1082E-14
2487.	0.1061E-14
2565.	0.1039E-14
2645.	0.1018E-14
2726.	0.9974E-15
2808.	0.9769E-15
2892.	0.9569E-15
2978.	0.9371E-15
3065.	0.9177E-15
3153.	0.8986E-15
3243.	0.8798E-15
3334.	0.8614E-15
3427.	0.8433E-15
3522.	0.8255E-15
3617.	0.8081E-15
3715.	0.7911E-15
3814.	0.7743E-15
3914.	0.7578E-15
4017.	0.7417E-15
4120.	0.7260E-15
4225.	0.7105E-15
4332.	0.6953E-15
4441.	0.6805E-15
4551.	0.6660E-15
4662.	0.6518E-15
4775.	0.6379E-15
 
 
C78   Ar3    Excitation    1.50 eV                              
E/N (Td)	Rate coefficient (m3/s)
0.1256E-01	0.1885E-18
0.1291E-01	0.2557E-18
0.1327E-01	0.3437E-18
0.1366E-01	0.4585E-18
0.1408E-01	0.6072E-18
0.1450E-01	0.7971E-18
0.1495E-01	0.1039E-17
0.1542E-01	0.1344E-17
0.1593E-01	0.1728E-17
0.1648E-01	0.2205E-17
0.1705E-01	0.2796E-17
0.1766E-01	0.3521E-17
0.1829E-01	0.4408E-17
0.1896E-01	0.5483E-17
0.1965E-01	0.6779E-17
0.2040E-01	0.8334E-17
0.2121E-01	0.1019E-16
0.2208E-01	0.1239E-16
0.2300E-01	0.1499E-16
0.2397E-01	0.1804E-16
0.2498E-01	0.2160E-16
0.2603E-01	0.2574E-16
0.2718E-01	0.3051E-16
0.2845E-01	0.3604E-16
0.2981E-01	0.4237E-16
0.3122E-01	0.4959E-16
0.3270E-01	0.5781E-16
0.3425E-01	0.6709E-16
0.3600E-01	0.7758E-16
0.3782E-01	0.8941E-16
0.3982E-01	0.1026E-15
0.4198E-01	0.1174E-15
0.4426E-01	0.1338E-15
0.4665E-01	0.1520E-15
0.4921E-01	0.1721E-15
0.5208E-01	0.1944E-15
0.5515E-01	0.2188E-15
0.5836E-01	0.2456E-15
0.6181E-01	0.2748E-15
0.6565E-01	0.3067E-15
0.6976E-01	0.3415E-15
0.7409E-01	0.3792E-15
0.7891E-01	0.4201E-15
0.8394E-01	0.4642E-15
0.8947E-01	0.5117E-15
0.9548E-01	0.5629E-15
0.1018	0.6178E-15
0.1087	0.6766E-15
0.1161	0.7395E-15
0.1240	0.8065E-15
0.1325	0.8778E-15
0.1415	0.9533E-15
0.1511	0.1033E-14
0.1613	0.1118E-14
0.1720	0.1206E-14
0.1834	0.1299E-14
0.1953	0.1396E-14
0.2079	0.1497E-14
0.2211	0.1601E-14
0.2349	0.1709E-14
0.2493	0.1820E-14
0.2643	0.1933E-14
0.2800	0.2049E-14
0.2964	0.2167E-14
0.3134	0.2286E-14
0.3312	0.2406E-14
0.3497	0.2526E-14
0.3689	0.2646E-14
0.3890	0.2766E-14
0.4098	0.2884E-14
0.4316	0.3001E-14
0.4543	0.3115E-14
0.4779	0.3226E-14
0.5026	0.3334E-14
0.5284	0.3438E-14
0.5554	0.3538E-14
0.5837	0.3634E-14
0.6134	0.3724E-14
0.6445	0.3809E-14
0.6771	0.3888E-14
0.7115	0.3961E-14
0.7477	0.4028E-14
0.7859	0.4088E-14
0.8262	0.4141E-14
0.8689	0.4188E-14
0.9140	0.4228E-14
0.9619	0.4261E-14
1.013	0.4286E-14
1.067	0.4305E-14
1.124	0.4317E-14
1.185	0.4323E-14
1.250	0.4321E-14
1.320	0.4314E-14
1.394	0.4300E-14
1.473	0.4281E-14
1.558	0.4256E-14
1.648	0.4227E-14
1.744	0.4192E-14
1.847	0.4154E-14
1.957	0.4111E-14
2.074	0.4065E-14
2.198	0.4016E-14
2.331	0.3964E-14
2.471	0.3910E-14
2.621	0.3854E-14
2.780	0.3797E-14
2.949	0.3738E-14
3.131	0.3677E-14
3.329	0.3616E-14
3.546	0.3554E-14
3.792	0.3491E-14
4.077	0.3427E-14
4.423	0.3362E-14
4.866	0.3297E-14
5.488	0.3232E-14
6.492	0.3166E-14
8.431	0.3105E-14
12.35	0.3051E-14
18.34	0.3004E-14
25.77	0.2958E-14
34.51	0.2910E-14
44.70	0.2862E-14
56.56	0.2813E-14
70.24	0.2765E-14
85.86	0.2717E-14
103.4	0.2670E-14
122.9	0.2623E-14
144.3	0.2578E-14
167.5	0.2533E-14
192.3	0.2490E-14
218.7	0.2447E-14
246.5	0.2404E-14
275.7	0.2362E-14
306.1	0.2321E-14
337.8	0.2280E-14
370.6	0.2239E-14
404.6	0.2200E-14
439.5	0.2160E-14
475.6	0.2122E-14
512.8	0.2083E-14
550.9	0.2045E-14
590.2	0.2008E-14
630.4	0.1971E-14
671.6	0.1935E-14
713.6	0.1899E-14
756.8	0.1863E-14
801.0	0.1828E-14
846.2	0.1794E-14
892.4	0.1760E-14
939.5	0.1726E-14
987.8	0.1693E-14
1037.	0.1660E-14
1087.	0.1627E-14
1139.	0.1595E-14
1191.	0.1564E-14
1245.	0.1533E-14
1299.	0.1502E-14
1355.	0.1472E-14
1412.	0.1442E-14
1470.	0.1412E-14
1529.	0.1383E-14
1589.	0.1354E-14
1651.	0.1326E-14
1713.	0.1298E-14
1777.	0.1270E-14
1842.	0.1243E-14
1909.	0.1216E-14
1976.	0.1190E-14
2045.	0.1163E-14
2116.	0.1138E-14
2187.	0.1112E-14
2260.	0.1087E-14
2334.	0.1063E-14
2410.	0.1039E-14
2487.	0.1015E-14
2565.	0.9915E-15
2645.	0.9684E-15
2726.	0.9457E-15
2808.	0.9234E-15
2892.	0.9015E-15
2978.	0.8800E-15
3065.	0.8588E-15
3153.	0.8380E-15
3243.	0.8175E-15
3334.	0.7975E-15
3427.	0.7778E-15
3522.	0.7584E-15
3617.	0.7394E-15
3715.	0.7209E-15
3814.	0.7026E-15
3914.	0.6846E-15
4017.	0.6671E-15
4120.	0.6499E-15
4225.	0.6331E-15
4332.	0.6165E-15
4441.	0.6004E-15
4551.	0.5846E-15
4662.	0.5691E-15
4775.	0.5539E-15
 
 
C79   Ar3    Excitation    1.55 eV                              
E/N (Td)	Rate coefficient (m3/s)
0.1256E-01	0.1167E-18
0.1291E-01	0.1623E-18
0.1327E-01	0.2234E-18
0.1366E-01	0.3051E-18
0.1408E-01	0.4136E-18
0.1450E-01	0.5554E-18
0.1495E-01	0.7400E-18
0.1542E-01	0.9788E-18
0.1593E-01	0.1285E-17
0.1648E-01	0.1675E-17
0.1705E-01	0.2168E-17
0.1766E-01	0.2786E-17
0.1829E-01	0.3557E-17
0.1896E-01	0.4512E-17
0.1965E-01	0.5686E-17
0.2040E-01	0.7121E-17
0.2121E-01	0.8867E-17
0.2208E-01	0.1098E-16
0.2300E-01	0.1351E-16
0.2397E-01	0.1654E-16
0.2498E-01	0.2014E-16
0.2603E-01	0.2439E-16
0.2718E-01	0.2939E-16
0.2845E-01	0.3526E-16
0.2981E-01	0.4210E-16
0.3122E-01	0.5003E-16
0.3270E-01	0.5918E-16
0.3425E-01	0.6970E-16
0.3600E-01	0.8175E-16
0.3782E-01	0.9555E-16
0.3982E-01	0.1112E-15
0.4198E-01	0.1289E-15
0.4426E-01	0.1490E-15
0.4665E-01	0.1715E-15
0.4921E-01	0.1967E-15
0.5208E-01	0.2250E-15
0.5515E-01	0.2566E-15
0.5836E-01	0.2917E-15
0.6181E-01	0.3305E-15
0.6565E-01	0.3736E-15
0.6976E-01	0.4212E-15
0.7409E-01	0.4736E-15
0.7891E-01	0.5313E-15
0.8394E-01	0.5945E-15
0.8947E-01	0.6637E-15
0.9548E-01	0.7397E-15
0.1018	0.8225E-15
0.1087	0.9128E-15
0.1161	0.1011E-14
0.1240	0.1118E-14
0.1325	0.1235E-14
0.1415	0.1360E-14
0.1511	0.1497E-14
0.1613	0.1644E-14
0.1720	0.1803E-14
0.1834	0.1974E-14
0.1953	0.2157E-14
0.2079	0.2354E-14
0.2211	0.2565E-14
0.2349	0.2791E-14
0.2493	0.3031E-14
0.2643	0.3286E-14
0.2800	0.3558E-14
0.2964	0.3846E-14
0.3134	0.4151E-14
0.3312	0.4474E-14
0.3497	0.4814E-14
0.3689	0.5173E-14
0.3890	0.5551E-14
0.4098	0.5948E-14
0.4316	0.6364E-14
0.4543	0.6802E-14
0.4779	0.7260E-14
0.5026	0.7739E-14
0.5284	0.8240E-14
0.5554	0.8763E-14
0.5837	0.9308E-14
0.6134	0.9877E-14
0.6445	0.1047E-13
0.6771	0.1109E-13
0.7115	0.1173E-13
0.7477	0.1239E-13
0.7859	0.1309E-13
0.8262	0.1380E-13
0.8689	0.1455E-13
0.9140	0.1532E-13
0.9619	0.1611E-13
1.013	0.1694E-13
1.067	0.1779E-13
1.124	0.1867E-13
1.185	0.1957E-13
1.250	0.2050E-13
1.320	0.2146E-13
1.394	0.2244E-13
1.473	0.2345E-13
1.558	0.2449E-13
1.648	0.2555E-13
1.744	0.2664E-13
1.847	0.2776E-13
1.957	0.2890E-13
2.074	0.3007E-13
2.198	0.3126E-13
2.331	0.3247E-13
2.471	0.3371E-13
2.621	0.3498E-13
2.780	0.3626E-13
2.949	0.3757E-13
3.131	0.3891E-13
3.329	0.4026E-13
3.546	0.4164E-13
3.792	0.4304E-13
4.077	0.4446E-13
4.423	0.4589E-13
4.866	0.4734E-13
5.488	0.4879E-13
6.492	0.5025E-13
8.431	0.5167E-13
12.35	0.5309E-13
18.34	0.5452E-13
25.77	0.5599E-13
34.51	0.5747E-13
44.70	0.5895E-13
56.56	0.6043E-13
70.24	0.6191E-13
85.86	0.6337E-13
103.4	0.6482E-13
122.9	0.6626E-13
144.3	0.6769E-13
167.5	0.6912E-13
192.3	0.7053E-13
218.7	0.7193E-13
246.5	0.7333E-13
275.7	0.7472E-13
306.1	0.7610E-13
337.8	0.7747E-13
370.6	0.7884E-13
404.6	0.8020E-13
439.5	0.8154E-13
475.6	0.8289E-13
512.8	0.8422E-13
550.9	0.8555E-13
590.2	0.8687E-13
630.4	0.8817E-13
671.6	0.8947E-13
713.6	0.9076E-13
756.8	0.9204E-13
801.0	0.9331E-13
846.2	0.9458E-13
892.4	0.9583E-13
939.5	0.9708E-13
987.8	0.9831E-13
1037.	0.9954E-13
1087.	0.1008E-12
1139.	0.1020E-12
1191.	0.1032E-12
1245.	0.1044E-12
1299.	0.1055E-12
1355.	0.1067E-12
1412.	0.1079E-12
1470.	0.1090E-12
1529.	0.1102E-12
1589.	0.1113E-12
1651.	0.1124E-12
1713.	0.1135E-12
1777.	0.1146E-12
1842.	0.1157E-12
1909.	0.1168E-12
1976.	0.1179E-12
2045.	0.1190E-12
2116.	0.1200E-12
2187.	0.1211E-12
2260.	0.1221E-12
2334.	0.1231E-12
2410.	0.1242E-12
2487.	0.1252E-12
2565.	0.1262E-12
2645.	0.1272E-12
2726.	0.1281E-12
2808.	0.1291E-12
2892.	0.1301E-12
2978.	0.1310E-12
3065.	0.1319E-12
3153.	0.1329E-12
3243.	0.1338E-12
3334.	0.1347E-12
3427.	0.1356E-12
3522.	0.1364E-12
3617.	0.1373E-12
3715.	0.1382E-12
3814.	0.1390E-12
3914.	0.1398E-12
4017.	0.1407E-12
4120.	0.1415E-12
4225.	0.1423E-12
4332.	0.1431E-12
4441.	0.1438E-12
4551.	0.1446E-12
4662.	0.1453E-12
4775.	0.1461E-12
 
 
C80   Ar3    Excitation    1.58 eV                              
E/N (Td)	Rate coefficient (m3/s)
0.1256E-01	0.8712E-19
0.1291E-01	0.1208E-18
0.1327E-01	0.1659E-18
0.1366E-01	0.2260E-18
0.1408E-01	0.3055E-18
0.1450E-01	0.4091E-18
0.1495E-01	0.5437E-18
0.1542E-01	0.7172E-18
0.1593E-01	0.9392E-18
0.1648E-01	0.1220E-17
0.1705E-01	0.1576E-17
0.1766E-01	0.2019E-17
0.1829E-01	0.2571E-17
0.1896E-01	0.3252E-17
0.1965E-01	0.4086E-17
0.2040E-01	0.5103E-17
0.2121E-01	0.6337E-17
0.2208E-01	0.7821E-17
0.2300E-01	0.9602E-17
0.2397E-01	0.1172E-16
0.2498E-01	0.1423E-16
0.2603E-01	0.1719E-16
0.2718E-01	0.2065E-16
0.2845E-01	0.2470E-16
0.2981E-01	0.2940E-16
0.3122E-01	0.3483E-16
0.3270E-01	0.4108E-16
0.3425E-01	0.4822E-16
0.3600E-01	0.5638E-16
0.3782E-01	0.6566E-16
0.3982E-01	0.7614E-16
0.4198E-01	0.8799E-16
0.4426E-01	0.1013E-15
0.4665E-01	0.1162E-15
0.4921E-01	0.1327E-15
0.5208E-01	0.1511E-15
0.5515E-01	0.1716E-15
0.5836E-01	0.1941E-15
0.6181E-01	0.2189E-15
0.6565E-01	0.2462E-15
0.6976E-01	0.2761E-15
0.7409E-01	0.3087E-15
0.7891E-01	0.3443E-15
0.8394E-01	0.3829E-15
0.8947E-01	0.4247E-15
0.9548E-01	0.4700E-15
0.1018	0.5187E-15
0.1087	0.5711E-15
0.1161	0.6275E-15
0.1240	0.6878E-15
0.1325	0.7521E-15
0.1415	0.8205E-15
0.1511	0.8931E-15
0.1613	0.9699E-15
0.1720	0.1051E-14
0.1834	0.1136E-14
0.1953	0.1225E-14
0.2079	0.1317E-14
0.2211	0.1413E-14
0.2349	0.1512E-14
0.2493	0.1615E-14
0.2643	0.1719E-14
0.2800	0.1826E-14
0.2964	0.1935E-14
0.3134	0.2045E-14
0.3312	0.2155E-14
0.3497	0.2266E-14
0.3689	0.2376E-14
0.3890	0.2486E-14
0.4098	0.2595E-14
0.4316	0.2701E-14
0.4543	0.2806E-14
0.4779	0.2907E-14
0.5026	0.3005E-14
0.5284	0.3100E-14
0.5554	0.3190E-14
0.5837	0.3275E-14
0.6134	0.3356E-14
0.6445	0.3431E-14
0.6771	0.3501E-14
0.7115	0.3565E-14
0.7477	0.3622E-14
0.7859	0.3673E-14
0.8262	0.3718E-14
0.8689	0.3756E-14
0.9140	0.3787E-14
0.9619	0.3812E-14
1.013	0.3829E-14
1.067	0.3841E-14
1.124	0.3845E-14
1.185	0.3844E-14
1.250	0.3836E-14
1.320	0.3823E-14
1.394	0.3804E-14
1.473	0.3779E-14
1.558	0.3751E-14
1.648	0.3717E-14
1.744	0.3680E-14
1.847	0.3639E-14
1.957	0.3595E-14
2.074	0.3548E-14
2.198	0.3500E-14
2.331	0.3449E-14
2.471	0.3396E-14
2.621	0.3343E-14
2.780	0.3288E-14
2.949	0.3233E-14
3.131	0.3177E-14
3.329	0.3121E-14
3.546	0.3064E-14
3.792	0.3007E-14
4.077	0.2950E-14
4.423	0.2892E-14
4.866	0.2834E-14
5.488	0.2776E-14
6.492	0.2720E-14
8.431	0.2667E-14
12.35	0.2621E-14
18.34	0.2579E-14
25.77	0.2537E-14
34.51	0.2494E-14
44.70	0.2450E-14
56.56	0.2406E-14
70.24	0.2361E-14
85.86	0.2318E-14
103.4	0.2275E-14
122.9	0.2233E-14
144.3	0.2192E-14
167.5	0.2152E-14
192.3	0.2112E-14
218.7	0.2073E-14
246.5	0.2035E-14
275.7	0.1998E-14
306.1	0.1961E-14
337.8	0.1925E-14
370.6	0.1889E-14
404.6	0.1854E-14
439.5	0.1819E-14
475.6	0.1785E-14
512.8	0.1751E-14
550.9	0.1718E-14
590.2	0.1685E-14
630.4	0.1653E-14
671.6	0.1621E-14
713.6	0.1590E-14
756.8	0.1559E-14
801.0	0.1529E-14
846.2	0.1499E-14
892.4	0.1470E-14
939.5	0.1441E-14
987.8	0.1412E-14
1037.	0.1384E-14
1087.	0.1356E-14
1139.	0.1329E-14
1191.	0.1302E-14
1245.	0.1275E-14
1299.	0.1249E-14
1355.	0.1223E-14
1412.	0.1197E-14
1470.	0.1172E-14
1529.	0.1147E-14
1589.	0.1123E-14
1651.	0.1099E-14
1713.	0.1075E-14
1777.	0.1051E-14
1842.	0.1028E-14
1909.	0.1006E-14
1976.	0.9834E-15
2045.	0.9614E-15
2116.	0.9397E-15
2187.	0.9184E-15
2260.	0.8975E-15
2334.	0.8768E-15
2410.	0.8565E-15
2487.	0.8366E-15
2565.	0.8169E-15
2645.	0.7976E-15
2726.	0.7787E-15
2808.	0.7600E-15
2892.	0.7417E-15
2978.	0.7238E-15
3065.	0.7061E-15
3153.	0.6887E-15
3243.	0.6717E-15
3334.	0.6551E-15
3427.	0.6387E-15
3522.	0.6226E-15
3617.	0.6068E-15
3715.	0.5914E-15
3814.	0.5763E-15
3914.	0.5614E-15
4017.	0.5469E-15
4120.	0.5327E-15
4225.	0.5188E-15
4332.	0.5052E-15
4441.	0.4918E-15
4551.	0.4788E-15
4662.	0.4660E-15
4775.	0.4535E-15
 
 
C81   Ar3    Excitation    1.67 eV                              
E/N (Td)	Rate coefficient (m3/s)
0.1256E-01	0.1837E-19
0.1291E-01	0.2604E-19
0.1327E-01	0.3651E-19
0.1366E-01	0.5074E-19
0.1408E-01	0.6994E-19
0.1450E-01	0.9542E-19
0.1495E-01	0.1291E-18
0.1542E-01	0.1732E-18
0.1593E-01	0.2306E-18
0.1648E-01	0.3044E-18
0.1705E-01	0.3989E-18
0.1766E-01	0.5186E-18
0.1829E-01	0.6693E-18
0.1896E-01	0.8577E-18
0.1965E-01	0.1091E-17
0.2040E-01	0.1379E-17
0.2121E-01	0.1732E-17
0.2208E-01	0.2160E-17
0.2300E-01	0.2679E-17
0.2397E-01	0.3302E-17
0.2498E-01	0.4045E-17
0.2603E-01	0.4927E-17
0.2718E-01	0.5966E-17
0.2845E-01	0.7193E-17
0.2981E-01	0.8623E-17
0.3122E-01	0.1029E-16
0.3270E-01	0.1221E-16
0.3425E-01	0.1441E-16
0.3600E-01	0.1695E-16
0.3782E-01	0.1984E-16
0.3982E-01	0.2313E-16
0.4198E-01	0.2685E-16
0.4426E-01	0.3104E-16
0.4665E-01	0.3574E-16
0.4921E-01	0.4099E-16
0.5208E-01	0.4686E-16
0.5515E-01	0.5339E-16
0.5836E-01	0.6060E-16
0.6181E-01	0.6855E-16
0.6565E-01	0.7733E-16
0.6976E-01	0.8698E-16
0.7409E-01	0.9750E-16
0.7891E-01	0.1090E-15
0.8394E-01	0.1216E-15
0.8947E-01	0.1352E-15
0.9548E-01	0.1500E-15
0.1018	0.1659E-15
0.1087	0.1831E-15
0.1161	0.2017E-15
0.1240	0.2216E-15
0.1325	0.2430E-15
0.1415	0.2658E-15
0.1511	0.2900E-15
0.1613	0.3159E-15
0.1720	0.3432E-15
0.1834	0.3720E-15
0.1953	0.4024E-15
0.2079	0.4342E-15
0.2211	0.4675E-15
0.2349	0.5021E-15
0.2493	0.5381E-15
0.2643	0.5753E-15
0.2800	0.6136E-15
0.2964	0.6529E-15
0.3134	0.6931E-15
0.3312	0.7340E-15
0.3497	0.7756E-15
0.3689	0.8177E-15
0.3890	0.8601E-15
0.4098	0.9027E-15
0.4316	0.9453E-15
0.4543	0.9878E-15
0.4779	0.1030E-14
0.5026	0.1072E-14
0.5284	0.1113E-14
0.5554	0.1153E-14
0.5837	0.1192E-14
0.6134	0.1231E-14
0.6445	0.1268E-14
0.6771	0.1303E-14
0.7115	0.1338E-14
0.7477	0.1370E-14
0.7859	0.1401E-14
0.8262	0.1430E-14
0.8689	0.1457E-14
0.9140	0.1482E-14
0.9619	0.1505E-14
1.013	0.1525E-14
1.067	0.1543E-14
1.124	0.1559E-14
1.185	0.1572E-14
1.250	0.1583E-14
1.320	0.1592E-14
1.394	0.1598E-14
1.473	0.1601E-14
1.558	0.1602E-14
1.648	0.1600E-14
1.744	0.1596E-14
1.847	0.1589E-14
1.957	0.1581E-14
2.074	0.1570E-14
2.198	0.1557E-14
2.331	0.1542E-14
2.471	0.1525E-14
2.621	0.1506E-14
2.780	0.1486E-14
2.949	0.1464E-14
3.131	0.1441E-14
3.329	0.1417E-14
3.546	0.1392E-14
3.792	0.1365E-14
4.077	0.1337E-14
4.423	0.1308E-14
4.866	0.1278E-14
5.488	0.1247E-14
6.492	0.1214E-14
8.431	0.1182E-14
12.35	0.1153E-14
18.34	0.1129E-14
25.77	0.1107E-14
34.51	0.1084E-14
44.70	0.1062E-14
56.56	0.1039E-14
70.24	0.1017E-14
85.86	0.9943E-15
103.4	0.9724E-15
122.9	0.9508E-15
144.3	0.9298E-15
167.5	0.9092E-15
192.3	0.8891E-15
218.7	0.8695E-15
246.5	0.8503E-15
275.7	0.8315E-15
306.1	0.8131E-15
337.8	0.7950E-15
370.6	0.7772E-15
404.6	0.7598E-15
439.5	0.7428E-15
475.6	0.7261E-15
512.8	0.7096E-15
550.9	0.6935E-15
590.2	0.6777E-15
630.4	0.6623E-15
671.6	0.6471E-15
713.6	0.6323E-15
756.8	0.6177E-15
801.0	0.6035E-15
846.2	0.5895E-15
892.4	0.5758E-15
939.5	0.5623E-15
987.8	0.5491E-15
1037.	0.5362E-15
1087.	0.5235E-15
1139.	0.5111E-15
1191.	0.4990E-15
1245.	0.4870E-15
1299.	0.4753E-15
1355.	0.4639E-15
1412.	0.4526E-15
1470.	0.4416E-15
1529.	0.4308E-15
1589.	0.4202E-15
1651.	0.4098E-15
1713.	0.3996E-15
1777.	0.3896E-15
1842.	0.3798E-15
1909.	0.3703E-15
1976.	0.3609E-15
2045.	0.3517E-15
2116.	0.3427E-15
2187.	0.3338E-15
2260.	0.3252E-15
2334.	0.3167E-15
2410.	0.3084E-15
2487.	0.3003E-15
2565.	0.2924E-15
2645.	0.2846E-15
2726.	0.2770E-15
2808.	0.2696E-15
2892.	0.2623E-15
2978.	0.2552E-15
3065.	0.2482E-15
3153.	0.2414E-15
3243.	0.2348E-15
3334.	0.2283E-15
3427.	0.2219E-15
3522.	0.2157E-15
3617.	0.2097E-15
3715.	0.2038E-15
3814.	0.1980E-15
3914.	0.1923E-15
4017.	0.1868E-15
4120.	0.1815E-15
4225.	0.1763E-15
4332.	0.1711E-15
4441.	0.1662E-15
4551.	0.1613E-15
4662.	0.1566E-15
4775.	0.1520E-15
 
 
C82   Ar3    Excitation    1.67 eV                              
E/N (Td)	Rate coefficient (m3/s)
0.1256E-01	0.1555E-18
0.1291E-01	0.2199E-18
0.1327E-01	0.3077E-18
0.1366E-01	0.4270E-18
0.1408E-01	0.5879E-18
0.1450E-01	0.8015E-18
0.1495E-01	0.1084E-17
0.1542E-01	0.1455E-17
0.1593E-01	0.1938E-17
0.1648E-01	0.2560E-17
0.1705E-01	0.3360E-17
0.1766E-01	0.4376E-17
0.1829E-01	0.5661E-17
0.1896E-01	0.7273E-17
0.1965E-01	0.9282E-17
0.2040E-01	0.1177E-16
0.2121E-01	0.1484E-16
0.2208E-01	0.1859E-16
0.2300E-01	0.2316E-16
0.2397E-01	0.2869E-16
0.2498E-01	0.3534E-16
0.2603E-01	0.4330E-16
0.2718E-01	0.5276E-16
0.2845E-01	0.6403E-16
0.2981E-01	0.7730E-16
0.3122E-01	0.9288E-16
0.3270E-01	0.1111E-15
0.3425E-01	0.1322E-15
0.3600E-01	0.1568E-15
0.3782E-01	0.1852E-15
0.3982E-01	0.2179E-15
0.4198E-01	0.2554E-15
0.4426E-01	0.2982E-15
0.4665E-01	0.3469E-15
0.4921E-01	0.4020E-15
0.5208E-01	0.4647E-15
0.5515E-01	0.5355E-15
0.5836E-01	0.6149E-15
0.6181E-01	0.7039E-15
0.6565E-01	0.8040E-15
0.6976E-01	0.9160E-15
0.7409E-01	0.1040E-14
0.7891E-01	0.1179E-14
0.8394E-01	0.1333E-14
0.8947E-01	0.1504E-14
0.9548E-01	0.1694E-14
0.1018	0.1903E-14
0.1087	0.2135E-14
0.1161	0.2390E-14
0.1240	0.2671E-14
0.1325	0.2980E-14
0.1415	0.3320E-14
0.1511	0.3692E-14
0.1613	0.4100E-14
0.1720	0.4545E-14
0.1834	0.5031E-14
0.1953	0.5560E-14
0.2079	0.6135E-14
0.2211	0.6758E-14
0.2349	0.7433E-14
0.2493	0.8161E-14
0.2643	0.8947E-14
0.2800	0.9792E-14
0.2964	0.1070E-13
0.3134	0.1167E-13
0.3312	0.1271E-13
0.3497	0.1382E-13
0.3689	0.1500E-13
0.3890	0.1626E-13
0.4098	0.1759E-13
0.4316	0.1901E-13
0.4543	0.2050E-13
0.4779	0.2209E-13
0.5026	0.2375E-13
0.5284	0.2551E-13
0.5554	0.2736E-13
0.5837	0.2931E-13
0.6134	0.3135E-13
0.6445	0.3349E-13
0.6771	0.3573E-13
0.7115	0.3808E-13
0.7477	0.4053E-13
0.7859	0.4309E-13
0.8262	0.4577E-13
0.8689	0.4855E-13
0.9140	0.5145E-13
0.9619	0.5447E-13
1.013	0.5760E-13
1.067	0.6086E-13
1.124	0.6423E-13
1.185	0.6773E-13
1.250	0.7134E-13
1.320	0.7508E-13
1.394	0.7894E-13
1.473	0.8292E-13
1.558	0.8703E-13
1.648	0.9126E-13
1.744	0.9561E-13
1.847	0.1001E-12
1.957	0.1047E-12
2.074	0.1094E-12
2.198	0.1142E-12
2.331	0.1192E-12
2.471	0.1242E-12
2.621	0.1294E-12
2.780	0.1347E-12
2.949	0.1401E-12
3.131	0.1456E-12
3.329	0.1513E-12
3.546	0.1570E-12
3.792	0.1629E-12
4.077	0.1688E-12
4.423	0.1749E-12
4.866	0.1810E-12
5.488	0.1872E-12
6.492	0.1934E-12
8.431	0.1995E-12
12.35	0.2056E-12
18.34	0.2118E-12
25.77	0.2182E-12
34.51	0.2245E-12
44.70	0.2310E-12
56.56	0.2374E-12
70.24	0.2439E-12
85.86	0.2503E-12
103.4	0.2567E-12
122.9	0.2631E-12
144.3	0.2695E-12
167.5	0.2758E-12
192.3	0.2822E-12
218.7	0.2885E-12
246.5	0.2948E-12
275.7	0.3011E-12
306.1	0.3074E-12
337.8	0.3137E-12
370.6	0.3199E-12
404.6	0.3261E-12
439.5	0.3323E-12
475.6	0.3385E-12
512.8	0.3447E-12
550.9	0.3508E-12
590.2	0.3569E-12
630.4	0.3630E-12
671.6	0.3691E-12
713.6	0.3751E-12
756.8	0.3811E-12
801.0	0.3871E-12
846.2	0.3931E-12
892.4	0.3990E-12
939.5	0.4049E-12
987.8	0.4107E-12
1037.	0.4166E-12
1087.	0.4224E-12
1139.	0.4281E-12
1191.	0.4339E-12
1245.	0.4396E-12
1299.	0.4452E-12
1355.	0.4509E-12
1412.	0.4565E-12
1470.	0.4620E-12
1529.	0.4675E-12
1589.	0.4730E-12
1651.	0.4785E-12
1713.	0.4839E-12
1777.	0.4893E-12
1842.	0.4946E-12
1909.	0.4999E-12
1976.	0.5051E-12
2045.	0.5103E-12
2116.	0.5155E-12
2187.	0.5206E-12
2260.	0.5257E-12
2334.	0.5307E-12
2410.	0.5357E-12
2487.	0.5407E-12
2565.	0.5456E-12
2645.	0.5504E-12
2726.	0.5552E-12
2808.	0.5599E-12
2892.	0.5646E-12
2978.	0.5693E-12
3065.	0.5739E-12
3153.	0.5784E-12
3243.	0.5829E-12
3334.	0.5873E-12
3427.	0.5917E-12
3522.	0.5960E-12
3617.	0.6003E-12
3715.	0.6045E-12
3814.	0.6087E-12
3914.	0.6127E-12
4017.	0.6168E-12
4120.	0.6207E-12
4225.	0.6246E-12
4332.	0.6285E-12
4441.	0.6322E-12
4551.	0.6359E-12
4662.	0.6396E-12
4775.	0.6431E-12
 
 
C83   Ar3    Excitation    1.70 eV                              
E/N (Td)	Rate coefficient (m3/s)
0.1256E-01	0.3125E-19
0.1291E-01	0.4460E-19
0.1327E-01	0.6300E-19
0.1366E-01	0.8823E-19
0.1408E-01	0.1226E-18
0.1450E-01	0.1687E-18
0.1495E-01	0.2302E-18
0.1542E-01	0.3118E-18
0.1593E-01	0.4190E-18
0.1648E-01	0.5586E-18
0.1705E-01	0.7395E-18
0.1766E-01	0.9717E-18
0.1829E-01	0.1268E-17
0.1896E-01	0.1643E-17
0.1965E-01	0.2115E-17
0.2040E-01	0.2704E-17
0.2121E-01	0.3437E-17
0.2208E-01	0.4342E-17
0.2300E-01	0.5454E-17
0.2397E-01	0.6809E-17
0.2498E-01	0.8452E-17
0.2603E-01	0.1044E-16
0.2718E-01	0.1281E-16
0.2845E-01	0.1566E-16
0.2981E-01	0.1904E-16
0.3122E-01	0.2303E-16
0.3270E-01	0.2773E-16
0.3425E-01	0.3322E-16
0.3600E-01	0.3963E-16
0.3782E-01	0.4710E-16
0.3982E-01	0.5570E-16
0.4198E-01	0.6563E-16
0.4426E-01	0.7701E-16
0.4665E-01	0.9001E-16
0.4921E-01	0.1048E-15
0.5208E-01	0.1216E-15
0.5515E-01	0.1406E-15
0.5836E-01	0.1620E-15
0.6181E-01	0.1859E-15
0.6565E-01	0.2129E-15
0.6976E-01	0.2430E-15
0.7409E-01	0.2765E-15
0.7891E-01	0.3138E-15
0.8394E-01	0.3549E-15
0.8947E-01	0.4005E-15
0.9548E-01	0.4509E-15
0.1018	0.5062E-15
0.1087	0.5669E-15
0.1161	0.6335E-15
0.1240	0.7062E-15
0.1325	0.7855E-15
0.1415	0.8715E-15
0.1511	0.9648E-15
0.1613	0.1066E-14
0.1720	0.1174E-14
0.1834	0.1291E-14
0.1953	0.1416E-14
0.2079	0.1549E-14
0.2211	0.1691E-14
0.2349	0.1841E-14
0.2493	0.1999E-14
0.2643	0.2165E-14
0.2800	0.2339E-14
0.2964	0.2520E-14
0.3134	0.2709E-14
0.3312	0.2903E-14
0.3497	0.3104E-14
0.3689	0.3310E-14
0.3890	0.3521E-14
0.4098	0.3736E-14
0.4316	0.3954E-14
0.4543	0.4173E-14
0.4779	0.4395E-14
0.5026	0.4617E-14
0.5284	0.4838E-14
0.5554	0.5058E-14
0.5837	0.5276E-14
0.6134	0.5490E-14
0.6445	0.5700E-14
0.6771	0.5905E-14
0.7115	0.6105E-14
0.7477	0.6297E-14
0.7859	0.6482E-14
0.8262	0.6658E-14
0.8689	0.6825E-14
0.9140	0.6982E-14
0.9619	0.7129E-14
1.013	0.7264E-14
1.067	0.7389E-14
1.124	0.7501E-14
1.185	0.7601E-14
1.250	0.7688E-14
1.320	0.7763E-14
1.394	0.7825E-14
1.473	0.7874E-14
1.558	0.7911E-14
1.648	0.7935E-14
1.744	0.7948E-14
1.847	0.7949E-14
1.957	0.7939E-14
2.074	0.7919E-14
2.198	0.7889E-14
2.331	0.7851E-14
2.471	0.7804E-14
2.621	0.7751E-14
2.780	0.7691E-14
2.949	0.7625E-14
3.131	0.7553E-14
3.329	0.7477E-14
3.546	0.7396E-14
3.792	0.7310E-14
4.077	0.7219E-14
4.423	0.7123E-14
4.866	0.7022E-14
5.488	0.6915E-14
6.492	0.6801E-14
8.431	0.6685E-14
12.35	0.6584E-14
18.34	0.6503E-14
25.77	0.6430E-14
34.51	0.6356E-14
44.70	0.6279E-14
56.56	0.6199E-14
70.24	0.6117E-14
85.86	0.6034E-14
103.4	0.5952E-14
122.9	0.5870E-14
144.3	0.5789E-14
167.5	0.5708E-14
192.3	0.5629E-14
218.7	0.5550E-14
246.5	0.5473E-14
275.7	0.5395E-14
306.1	0.5318E-14
337.8	0.5242E-14
370.6	0.5166E-14
404.6	0.5090E-14
439.5	0.5015E-14
475.6	0.4940E-14
512.8	0.4866E-14
550.9	0.4792E-14
590.2	0.4718E-14
630.4	0.4645E-14
671.6	0.4572E-14
713.6	0.4500E-14
756.8	0.4428E-14
801.0	0.4357E-14
846.2	0.4286E-14
892.4	0.4215E-14
939.5	0.4145E-14
987.8	0.4076E-14
1037.	0.4006E-14
1087.	0.3937E-14
1139.	0.3869E-14
1191.	0.3801E-14
1245.	0.3734E-14
1299.	0.3667E-14
1355.	0.3601E-14
1412.	0.3535E-14
1470.	0.3469E-14
1529.	0.3404E-14
1589.	0.3340E-14
1651.	0.3276E-14
1713.	0.3212E-14
1777.	0.3150E-14
1842.	0.3087E-14
1909.	0.3026E-14
1976.	0.2965E-14
2045.	0.2904E-14
2116.	0.2844E-14
2187.	0.2785E-14
2260.	0.2726E-14
2334.	0.2668E-14
2410.	0.2611E-14
2487.	0.2554E-14
2565.	0.2498E-14
2645.	0.2443E-14
2726.	0.2388E-14
2808.	0.2334E-14
2892.	0.2281E-14
2978.	0.2229E-14
3065.	0.2177E-14
3153.	0.2126E-14
3243.	0.2075E-14
3334.	0.2026E-14
3427.	0.1977E-14
3522.	0.1929E-14
3617.	0.1882E-14
3715.	0.1835E-14
3814.	0.1790E-14
3914.	0.1745E-14
4017.	0.1700E-14
4120.	0.1657E-14
4225.	0.1614E-14
4332.	0.1573E-14
4441.	0.1532E-14
4551.	0.1491E-14
4662.	0.1452E-14
4775.	0.1413E-14
 
 
C84   Ar3    Excitation    1.72 eV                              
E/N (Td)	Rate coefficient (m3/s)
0.1256E-01	0.2550E-18
0.1291E-01	0.3687E-18
0.1327E-01	0.5274E-18
0.1366E-01	0.7477E-18
0.1408E-01	0.1051E-17
0.1450E-01	0.1463E-17
0.1495E-01	0.2019E-17
0.1542E-01	0.2762E-17
0.1593E-01	0.3749E-17
0.1648E-01	0.5045E-17
0.1705E-01	0.6739E-17
0.1766E-01	0.8930E-17
0.1829E-01	0.1175E-16
0.1896E-01	0.1534E-16
0.1965E-01	0.1988E-16
0.2040E-01	0.2559E-16
0.2121E-01	0.3272E-16
0.2208E-01	0.4157E-16
0.2300E-01	0.5249E-16
0.2397E-01	0.6584E-16
0.2498E-01	0.8209E-16
0.2603E-01	0.1017E-15
0.2718E-01	0.1253E-15
0.2845E-01	0.1537E-15
0.2981E-01	0.1874E-15
0.3122E-01	0.2272E-15
0.3270E-01	0.2742E-15
0.3425E-01	0.3290E-15
0.3600E-01	0.3931E-15
0.3782E-01	0.4677E-15
0.3982E-01	0.5536E-15
0.4198E-01	0.6528E-15
0.4426E-01	0.7664E-15
0.4665E-01	0.8959E-15
0.4921E-01	0.1043E-14
0.5208E-01	0.1210E-14
0.5515E-01	0.1399E-14
0.5836E-01	0.1611E-14
0.6181E-01	0.1848E-14
0.6565E-01	0.2115E-14
0.6976E-01	0.2412E-14
0.7409E-01	0.2742E-14
0.7891E-01	0.3109E-14
0.8394E-01	0.3514E-14
0.8947E-01	0.3962E-14
0.9548E-01	0.4455E-14
0.1018	0.4997E-14
0.1087	0.5590E-14
0.1161	0.6241E-14
0.1240	0.6951E-14
0.1325	0.7724E-14
0.1415	0.8563E-14
0.1511	0.9473E-14
0.1613	0.1046E-13
0.1720	0.1152E-13
0.1834	0.1266E-13
0.1953	0.1388E-13
0.2079	0.1518E-13
0.2211	0.1657E-13
0.2349	0.1805E-13
0.2493	0.1961E-13
0.2643	0.2125E-13
0.2800	0.2299E-13
0.2964	0.2481E-13
0.3134	0.2671E-13
0.3312	0.2869E-13
0.3497	0.3075E-13
0.3689	0.3288E-13
0.3890	0.3509E-13
0.4098	0.3737E-13
0.4316	0.3972E-13
0.4543	0.4213E-13
0.4779	0.4459E-13
0.5026	0.4711E-13
0.5284	0.4969E-13
0.5554	0.5231E-13
0.5837	0.5497E-13
0.6134	0.5767E-13
0.6445	0.6041E-13
0.6771	0.6318E-13
0.7115	0.6599E-13
0.7477	0.6882E-13
0.7859	0.7167E-13
0.8262	0.7455E-13
0.8689	0.7745E-13
0.9140	0.8036E-13
0.9619	0.8330E-13
1.013	0.8625E-13
1.067	0.8921E-13
1.124	0.9219E-13
1.185	0.9519E-13
1.250	0.9820E-13
1.320	0.1012E-12
1.394	0.1043E-12
1.473	0.1074E-12
1.558	0.1104E-12
1.648	0.1136E-12
1.744	0.1167E-12
1.847	0.1199E-12
1.957	0.1231E-12
2.074	0.1263E-12
2.198	0.1296E-12
2.331	0.1329E-12
2.471	0.1362E-12
2.621	0.1396E-12
2.780	0.1431E-12
2.949	0.1465E-12
3.131	0.1501E-12
3.329	0.1536E-12
3.546	0.1573E-12
3.792	0.1609E-12
4.077	0.1646E-12
4.423	0.1684E-12
4.866	0.1722E-12
5.488	0.1759E-12
6.492	0.1797E-12
8.431	0.1834E-12
12.35	0.1872E-12
18.34	0.1911E-12
25.77	0.1951E-12
34.51	0.1992E-12
44.70	0.2033E-12
56.56	0.2074E-12
70.24	0.2115E-12
85.86	0.2156E-12
103.4	0.2197E-12
122.9	0.2237E-12
144.3	0.2278E-12
167.5	0.2318E-12
192.3	0.2358E-12
218.7	0.2398E-12
246.5	0.2438E-12
275.7	0.2478E-12
306.1	0.2518E-12
337.8	0.2558E-12
370.6	0.2598E-12
404.6	0.2637E-12
439.5	0.2676E-12
475.6	0.2716E-12
512.8	0.2755E-12
550.9	0.2794E-12
590.2	0.2833E-12
630.4	0.2872E-12
671.6	0.2911E-12
713.6	0.2949E-12
756.8	0.2987E-12
801.0	0.3025E-12
846.2	0.3063E-12
892.4	0.3101E-12
939.5	0.3138E-12
987.8	0.3176E-12
1037.	0.3213E-12
1087.	0.3250E-12
1139.	0.3287E-12
1191.	0.3323E-12
1245.	0.3359E-12
1299.	0.3395E-12
1355.	0.3431E-12
1412.	0.3467E-12
1470.	0.3502E-12
1529.	0.3537E-12
1589.	0.3572E-12
1651.	0.3607E-12
1713.	0.3641E-12
1777.	0.3676E-12
1842.	0.3709E-12
1909.	0.3743E-12
1976.	0.3776E-12
2045.	0.3810E-12
2116.	0.3842E-12
2187.	0.3875E-12
2260.	0.3907E-12
2334.	0.3939E-12
2410.	0.3971E-12
2487.	0.4002E-12
2565.	0.4033E-12
2645.	0.4064E-12
2726.	0.4095E-12
2808.	0.4125E-12
2892.	0.4155E-12
2978.	0.4184E-12
3065.	0.4213E-12
3153.	0.4242E-12
3243.	0.4271E-12
3334.	0.4299E-12
3427.	0.4326E-12
3522.	0.4354E-12
3617.	0.4381E-12
3715.	0.4408E-12
3814.	0.4434E-12
3914.	0.4460E-12
4017.	0.4485E-12
4120.	0.4510E-12
4225.	0.4535E-12
4332.	0.4559E-12
4441.	0.4583E-12
4551.	0.4607E-12
4662.	0.4630E-12
4775.	0.4652E-12
 
 
C85   Ar3    Excitation    1.87 eV                              
E/N (Td)	Rate coefficient (m3/s)
0.1256E-01	0.5919E-20
0.1291E-01	0.8751E-20
0.1327E-01	0.1279E-19
0.1366E-01	0.1851E-19
0.1408E-01	0.2654E-19
0.1450E-01	0.3765E-19
0.1495E-01	0.5291E-19
0.1542E-01	0.7369E-19
0.1593E-01	0.1018E-18
0.1648E-01	0.1392E-18
0.1705E-01	0.1890E-18
0.1766E-01	0.2543E-18
0.1829E-01	0.3395E-18
0.1896E-01	0.4497E-18
0.1965E-01	0.5911E-18
0.2040E-01	0.7712E-18
0.2121E-01	0.9993E-18
0.2208E-01	0.1286E-17
0.2300E-01	0.1643E-17
0.2397E-01	0.2086E-17
0.2498E-01	0.2630E-17
0.2603E-01	0.3297E-17
0.2718E-01	0.4105E-17
0.2845E-01	0.5086E-17
0.2981E-01	0.6264E-17
0.3122E-01	0.7671E-17
0.3270E-01	0.9342E-17
0.3425E-01	0.1132E-16
0.3600E-01	0.1364E-16
0.3782E-01	0.1637E-16
0.3982E-01	0.1953E-16
0.4198E-01	0.2322E-16
0.4426E-01	0.2747E-16
0.4665E-01	0.3236E-16
0.4921E-01	0.3793E-16
0.5208E-01	0.4432E-16
0.5515E-01	0.5160E-16
0.5836E-01	0.5981E-16
0.6181E-01	0.6905E-16
0.6565E-01	0.7949E-16
0.6976E-01	0.9121E-16
0.7409E-01	0.1043E-15
0.7891E-01	0.1189E-15
0.8394E-01	0.1350E-15
0.8947E-01	0.1530E-15
0.9548E-01	0.1729E-15
0.1018	0.1947E-15
0.1087	0.2188E-15
0.1161	0.2453E-15
0.1240	0.2742E-15
0.1325	0.3058E-15
0.1415	0.3401E-15
0.1511	0.3774E-15
0.1613	0.4177E-15
0.1720	0.4612E-15
0.1834	0.5078E-15
0.1953	0.5578E-15
0.2079	0.6111E-15
0.2211	0.6677E-15
0.2349	0.7277E-15
0.2493	0.7908E-15
0.2643	0.8571E-15
0.2800	0.9264E-15
0.2964	0.9986E-15
0.3134	0.1073E-14
0.3312	0.1151E-14
0.3497	0.1230E-14
0.3689	0.1311E-14
0.3890	0.1394E-14
0.4098	0.1478E-14
0.4316	0.1563E-14
0.4543	0.1649E-14
0.4779	0.1735E-14
0.5026	0.1820E-14
0.5284	0.1905E-14
0.5554	0.1989E-14
0.5837	0.2071E-14
0.6134	0.2152E-14
0.6445	0.2231E-14
0.6771	0.2307E-14
0.7115	0.2380E-14
0.7477	0.2450E-14
0.7859	0.2517E-14
0.8262	0.2579E-14
0.8689	0.2638E-14
0.9140	0.2692E-14
0.9619	0.2742E-14
1.013	0.2786E-14
1.067	0.2826E-14
1.124	0.2861E-14
1.185	0.2891E-14
1.250	0.2915E-14
1.320	0.2934E-14
1.394	0.2948E-14
1.473	0.2957E-14
1.558	0.2960E-14
1.648	0.2959E-14
1.744	0.2953E-14
1.847	0.2942E-14
1.957	0.2927E-14
2.074	0.2907E-14
2.198	0.2884E-14
2.331	0.2857E-14
2.471	0.2827E-14
2.621	0.2793E-14
2.780	0.2757E-14
2.949	0.2719E-14
3.131	0.2678E-14
3.329	0.2635E-14
3.546	0.2590E-14
3.792	0.2542E-14
4.077	0.2493E-14
4.423	0.2442E-14
4.866	0.2388E-14
5.488	0.2333E-14
6.492	0.2275E-14
8.431	0.2217E-14
12.35	0.2167E-14
18.34	0.2125E-14
25.77	0.2087E-14
34.51	0.2048E-14
44.70	0.2009E-14
56.56	0.1969E-14
70.24	0.1930E-14
85.86	0.1890E-14
103.4	0.1851E-14
122.9	0.1812E-14
144.3	0.1774E-14
167.5	0.1737E-14
192.3	0.1701E-14
218.7	0.1666E-14
246.5	0.1631E-14
275.7	0.1596E-14
306.1	0.1562E-14
337.8	0.1529E-14
370.6	0.1496E-14
404.6	0.1464E-14
439.5	0.1433E-14
475.6	0.1401E-14
512.8	0.1371E-14
550.9	0.1341E-14
590.2	0.1311E-14
630.4	0.1282E-14
671.6	0.1253E-14
713.6	0.1225E-14
756.8	0.1198E-14
801.0	0.1171E-14
846.2	0.1144E-14
892.4	0.1118E-14
939.5	0.1093E-14
987.8	0.1067E-14
1037.	0.1043E-14
1087.	0.1018E-14
1139.	0.9946E-15
1191.	0.9711E-15
1245.	0.9481E-15
1299.	0.9256E-15
1355.	0.9034E-15
1412.	0.8816E-15
1470.	0.8603E-15
1529.	0.8393E-15
1589.	0.8187E-15
1651.	0.7985E-15
1713.	0.7786E-15
1777.	0.7592E-15
1842.	0.7401E-15
1909.	0.7214E-15
1976.	0.7030E-15
2045.	0.6850E-15
2116.	0.6674E-15
2187.	0.6501E-15
2260.	0.6331E-15
2334.	0.6165E-15
2410.	0.6002E-15
2487.	0.5843E-15
2565.	0.5686E-15
2645.	0.5534E-15
2726.	0.5384E-15
2808.	0.5237E-15
2892.	0.5094E-15
2978.	0.4954E-15
3065.	0.4817E-15
3153.	0.4683E-15
3243.	0.4552E-15
3334.	0.4424E-15
3427.	0.4299E-15
3522.	0.4177E-15
3617.	0.4057E-15
3715.	0.3941E-15
3814.	0.3827E-15
3914.	0.3716E-15
4017.	0.3608E-15
4120.	0.3503E-15
4225.	0.3400E-15
4332.	0.3299E-15
4441.	0.3201E-15
4551.	0.3106E-15
4662.	0.3013E-15
4775.	0.2922E-15
 
 
C86   Ar2    Ionization    3.93 eV                              
E/N (Td)	Rate coefficient (m3/s)
0.1256E-01	0.000
0.1291E-01	0.000
0.1327E-01	0.000
0.1366E-01	0.000
0.1408E-01	0.000
0.1450E-01	0.000
0.1495E-01	0.000
0.1542E-01	0.000
0.1593E-01	0.000
0.1648E-01	0.000
0.1705E-01	0.000
0.1766E-01	0.000
0.1829E-01	0.000
0.1896E-01	0.000
0.1965E-01	0.000
0.2040E-01	0.000
0.2121E-01	0.5038E-27
0.2208E-01	0.3063E-26
0.2300E-01	0.9915E-26
0.2397E-01	0.2487E-25
0.2498E-01	0.5501E-25
0.2603E-01	0.1134E-24
0.2718E-01	0.2237E-24
0.2845E-01	0.4300E-24
0.2981E-01	0.8076E-24
0.3122E-01	0.1490E-23
0.3270E-01	0.2707E-23
0.3425E-01	0.4845E-23
0.3600E-01	0.8569E-23
0.3782E-01	0.1375E-22
0.3982E-01	0.2493E-22
0.4198E-01	0.4350E-22
0.4426E-01	0.7403E-22
0.4665E-01	0.1238E-21
0.4921E-01	0.2040E-21
0.5208E-01	0.3334E-21
0.5515E-01	0.5396E-21
0.5836E-01	0.8633E-21
0.6181E-01	0.1367E-20
0.6565E-01	0.2151E-20
0.6976E-01	0.3355E-20
0.7409E-01	0.5184E-20
0.7891E-01	0.7961E-20
0.8394E-01	0.1212E-19
0.8947E-01	0.1833E-19
0.9548E-01	0.2757E-19
0.1018	0.4117E-19
0.1087	0.6112E-19
0.1161	0.9030E-19
0.1240	0.1327E-18
0.1325	0.1939E-18
0.1415	0.2817E-18
0.1511	0.4074E-18
0.1613	0.5862E-18
0.1720	0.8388E-18
0.1834	0.1193E-17
0.1953	0.1689E-17
0.2079	0.2376E-17
0.2211	0.3322E-17
0.2349	0.4617E-17
0.2493	0.6373E-17
0.2643	0.8740E-17
0.2800	0.1190E-16
0.2964	0.1610E-16
0.3134	0.2163E-16
0.3312	0.2885E-16
0.3497	0.3821E-16
0.3689	0.5024E-16
0.3890	0.6560E-16
0.4098	0.8506E-16
0.4316	0.1095E-15
0.4543	0.1401E-15
0.4779	0.1779E-15
0.5026	0.2245E-15
0.5284	0.2815E-15
0.5554	0.3508E-15
0.5837	0.4344E-15
0.6134	0.5348E-15
0.6445	0.6545E-15
0.6771	0.7965E-15
0.7115	0.9641E-15
0.7477	0.1161E-14
0.7859	0.1390E-14
0.8262	0.1657E-14
0.8689	0.1965E-14
0.9140	0.2319E-14
0.9619	0.2724E-14
1.013	0.3186E-14
1.067	0.3709E-14
1.124	0.4300E-14
1.185	0.4964E-14
1.250	0.5707E-14
1.320	0.6534E-14
1.394	0.7450E-14
1.473	0.8461E-14
1.558	0.9572E-14
1.648	0.1079E-13
1.744	0.1211E-13
1.847	0.1354E-13
1.957	0.1508E-13
2.074	0.1674E-13
2.198	0.1851E-13
2.331	0.2040E-13
2.471	0.2240E-13
2.621	0.2451E-13
2.780	0.2672E-13
2.949	0.2904E-13
3.131	0.3146E-13
3.329	0.3399E-13
3.546	0.3660E-13
3.792	0.3933E-13
4.077	0.4214E-13
4.423	0.4506E-13
4.866	0.4806E-13
5.488	0.5117E-13
6.492	0.5436E-13
8.431	0.5760E-13
12.35	0.6074E-13
18.34	0.6373E-13
25.77	0.6669E-13
34.51	0.6964E-13
44.70	0.7260E-13
56.56	0.7556E-13
70.24	0.7852E-13
85.86	0.8147E-13
103.4	0.8438E-13
122.9	0.8728E-13
144.3	0.9014E-13
167.5	0.9298E-13
192.3	0.9577E-13
218.7	0.9854E-13
246.5	0.1013E-12
275.7	0.1040E-12
306.1	0.1066E-12
337.8	0.1093E-12
370.6	0.1119E-12
404.6	0.1144E-12
439.5	0.1169E-12
475.6	0.1194E-12
512.8	0.1219E-12
550.9	0.1243E-12
590.2	0.1267E-12
630.4	0.1291E-12
671.6	0.1314E-12
713.6	0.1337E-12
756.8	0.1359E-12
801.0	0.1381E-12
846.2	0.1403E-12
892.4	0.1424E-12
939.5	0.1445E-12
987.8	0.1465E-12
1037.	0.1486E-12
1087.	0.1505E-12
1139.	0.1524E-12
1191.	0.1543E-12
1245.	0.1562E-12
1299.	0.1580E-12
1355.	0.1598E-12
1412.	0.1615E-12
1470.	0.1632E-12
1529.	0.1648E-12
1589.	0.1664E-12
1651.	0.1680E-12
1713.	0.1695E-12
1777.	0.1710E-12
1842.	0.1725E-12
1909.	0.1739E-12
1976.	0.1752E-12
2045.	0.1765E-12
2116.	0.1778E-12
2187.	0.1791E-12
2260.	0.1802E-12
2334.	0.1814E-12
2410.	0.1825E-12
2487.	0.1836E-12
2565.	0.1846E-12
2645.	0.1856E-12
2726.	0.1866E-12
2808.	0.1875E-12
2892.	0.1883E-12
2978.	0.1892E-12
3065.	0.1900E-12
3153.	0.1907E-12
3243.	0.1914E-12
3334.	0.1921E-12
3427.	0.1927E-12
3522.	0.1933E-12
3617.	0.1938E-12
3715.	0.1943E-12
3814.	0.1948E-12
3914.	0.1953E-12
4017.	0.1956E-12
4120.	0.1960E-12
4225.	0.1963E-12
4332.	0.1966E-12
4441.	0.1969E-12
4551.	0.1971E-12
4662.	0.1972E-12
4775.	0.1974E-12
 
 
C87   Ar2    Excitation    1.25 eV                              
E/N (Td)	Rate coefficient (m3/s)
0.1256E-01	0.3700E-17
0.1291E-01	0.4730E-17
0.1327E-01	0.6002E-17
0.1366E-01	0.7568E-17
0.1408E-01	0.9485E-17
0.1450E-01	0.1180E-16
0.1495E-01	0.1460E-16
0.1542E-01	0.1795E-16
0.1593E-01	0.2195E-16
0.1648E-01	0.2667E-16
0.1705E-01	0.3225E-16
0.1766E-01	0.3878E-16
0.1829E-01	0.4639E-16
0.1896E-01	0.5521E-16
0.1965E-01	0.6538E-16
0.2040E-01	0.7705E-16
0.2121E-01	0.9041E-16
0.2208E-01	0.1056E-15
0.2300E-01	0.1228E-15
0.2397E-01	0.1422E-15
0.2498E-01	0.1640E-15
0.2603E-01	0.1884E-15
0.2718E-01	0.2154E-15
0.2845E-01	0.2457E-15
0.2981E-01	0.2790E-15
0.3122E-01	0.3158E-15
0.3270E-01	0.3562E-15
0.3425E-01	0.4003E-15
0.3600E-01	0.4485E-15
0.3782E-01	0.5011E-15
0.3982E-01	0.5580E-15
0.4198E-01	0.6197E-15
0.4426E-01	0.6862E-15
0.4665E-01	0.7577E-15
0.4921E-01	0.8342E-15
0.5208E-01	0.9165E-15
0.5515E-01	0.1004E-14
0.5836E-01	0.1098E-14
0.6181E-01	0.1197E-14
0.6565E-01	0.1303E-14
0.6976E-01	0.1414E-14
0.7409E-01	0.1532E-14
0.7891E-01	0.1657E-14
0.8394E-01	0.1788E-14
0.8947E-01	0.1925E-14
0.9548E-01	0.2069E-14
0.1018	0.2220E-14
0.1087	0.2377E-14
0.1161	0.2541E-14
0.1240	0.2711E-14
0.1325	0.2888E-14
0.1415	0.3070E-14
0.1511	0.3258E-14
0.1613	0.3452E-14
0.1720	0.3651E-14
0.1834	0.3853E-14
0.1953	0.4060E-14
0.2079	0.4271E-14
0.2211	0.4483E-14
0.2349	0.4698E-14
0.2493	0.4914E-14
0.2643	0.5130E-14
0.2800	0.5346E-14
0.2964	0.5560E-14
0.3134	0.5773E-14
0.3312	0.5983E-14
0.3497	0.6190E-14
0.3689	0.6393E-14
0.3890	0.6591E-14
0.4098	0.6784E-14
0.4316	0.6970E-14
0.4543	0.7151E-14
0.4779	0.7324E-14
0.5026	0.7490E-14
0.5284	0.7649E-14
0.5554	0.7799E-14
0.5837	0.7941E-14
0.6134	0.8074E-14
0.6445	0.8199E-14
0.6771	0.8314E-14
0.7115	0.8421E-14
0.7477	0.8519E-14
0.7859	0.8607E-14
0.8262	0.8687E-14
0.8689	0.8758E-14
0.9140	0.8820E-14
0.9619	0.8874E-14
1.013	0.8920E-14
1.067	0.8958E-14
1.124	0.8989E-14
1.185	0.9012E-14
1.250	0.9029E-14
1.320	0.9040E-14
1.394	0.9045E-14
1.473	0.9045E-14
1.558	0.9041E-14
1.648	0.9032E-14
1.744	0.9020E-14
1.847	0.9005E-14
1.957	0.8988E-14
2.074	0.8969E-14
2.198	0.8949E-14
2.331	0.8927E-14
2.471	0.8906E-14
2.621	0.8884E-14
2.780	0.8862E-14
2.949	0.8841E-14
3.131	0.8820E-14
3.329	0.8800E-14
3.546	0.8781E-14
3.792	0.8762E-14
4.077	0.8744E-14
4.423	0.8727E-14
4.866	0.8711E-14
5.488	0.8695E-14
6.492	0.8682E-14
8.431	0.8672E-14
12.35	0.8672E-14
18.34	0.8677E-14
25.77	0.8681E-14
34.51	0.8683E-14
44.70	0.8684E-14
56.56	0.8685E-14
70.24	0.8685E-14
85.86	0.8685E-14
103.4	0.8686E-14
122.9	0.8688E-14
144.3	0.8690E-14
167.5	0.8693E-14
192.3	0.8696E-14
218.7	0.8698E-14
246.5	0.8702E-14
275.7	0.8705E-14
306.1	0.8709E-14
337.8	0.8712E-14
370.6	0.8716E-14
404.6	0.8720E-14
439.5	0.8724E-14
475.6	0.8728E-14
512.8	0.8733E-14
550.9	0.8737E-14
590.2	0.8742E-14
630.4	0.8746E-14
671.6	0.8751E-14
713.6	0.8756E-14
756.8	0.8761E-14
801.0	0.8766E-14
846.2	0.8771E-14
892.4	0.8776E-14
939.5	0.8781E-14
987.8	0.8786E-14
1037.	0.8791E-14
1087.	0.8797E-14
1139.	0.8802E-14
1191.	0.8808E-14
1245.	0.8813E-14
1299.	0.8819E-14
1355.	0.8825E-14
1412.	0.8831E-14
1470.	0.8837E-14
1529.	0.8843E-14
1589.	0.8849E-14
1651.	0.8855E-14
1713.	0.8862E-14
1777.	0.8868E-14
1842.	0.8875E-14
1909.	0.8882E-14
1976.	0.8888E-14
2045.	0.8896E-14
2116.	0.8903E-14
2187.	0.8910E-14
2260.	0.8918E-14
2334.	0.8925E-14
2410.	0.8933E-14
2487.	0.8942E-14
2565.	0.8950E-14
2645.	0.8958E-14
2726.	0.8967E-14
2808.	0.8976E-14
2892.	0.8985E-14
2978.	0.8995E-14
3065.	0.9004E-14
3153.	0.9014E-14
3243.	0.9024E-14
3334.	0.9035E-14
3427.	0.9045E-14
3522.	0.9056E-14
3617.	0.9067E-14
3715.	0.9079E-14
3814.	0.9090E-14
3914.	0.9102E-14
4017.	0.9114E-14
4120.	0.9126E-14
4225.	0.9139E-14
4332.	0.9151E-14
4441.	0.9164E-14
4551.	0.9177E-14
4662.	0.9191E-14
4775.	0.9204E-14
 
 
C88   Ar2    Excitation    1.38 eV                              
E/N (Td)	Rate coefficient (m3/s)
0.1256E-01	0.1304E-17
0.1291E-01	0.1725E-17
0.1327E-01	0.2261E-17
0.1366E-01	0.2944E-17
0.1408E-01	0.3808E-17
0.1450E-01	0.4886E-17
0.1495E-01	0.6228E-17
0.1542E-01	0.7887E-17
0.1593E-01	0.9927E-17
0.1648E-01	0.1241E-16
0.1705E-01	0.1543E-16
0.1766E-01	0.1906E-16
0.1829E-01	0.2341E-16
0.1896E-01	0.2859E-16
0.1965E-01	0.3472E-16
0.2040E-01	0.4195E-16
0.2121E-01	0.5042E-16
0.2208E-01	0.6029E-16
0.2300E-01	0.7177E-16
0.2397E-01	0.8500E-16
0.2498E-01	0.1002E-15
0.2603E-01	0.1176E-15
0.2718E-01	0.1373E-15
0.2845E-01	0.1598E-15
0.2981E-01	0.1852E-15
0.3122E-01	0.2138E-15
0.3270E-01	0.2457E-15
0.3425E-01	0.2813E-15
0.3600E-01	0.3209E-15
0.3782E-01	0.3650E-15
0.3982E-01	0.4134E-15
0.4198E-01	0.4669E-15
0.4426E-01	0.5256E-15
0.4665E-01	0.5896E-15
0.4921E-01	0.6593E-15
0.5208E-01	0.7353E-15
0.5515E-01	0.8179E-15
0.5836E-01	0.9069E-15
0.6181E-01	0.1003E-14
0.6565E-01	0.1106E-14
0.6976E-01	0.1217E-14
0.7409E-01	0.1336E-14
0.7891E-01	0.1462E-14
0.8394E-01	0.1597E-14
0.8947E-01	0.1740E-14
0.9548E-01	0.1893E-14
0.1018	0.2053E-14
0.1087	0.2223E-14
0.1161	0.2402E-14
0.1240	0.2589E-14
0.1325	0.2786E-14
0.1415	0.2990E-14
0.1511	0.3204E-14
0.1613	0.3425E-14
0.1720	0.3653E-14
0.1834	0.3888E-14
0.1953	0.4129E-14
0.2079	0.4376E-14
0.2211	0.4626E-14
0.2349	0.4880E-14
0.2493	0.5135E-14
0.2643	0.5392E-14
0.2800	0.5648E-14
0.2964	0.5902E-14
0.3134	0.6154E-14
0.3312	0.6401E-14
0.3497	0.6643E-14
0.3689	0.6879E-14
0.3890	0.7106E-14
0.4098	0.7325E-14
0.4316	0.7533E-14
0.4543	0.7731E-14
0.4779	0.7916E-14
0.5026	0.8089E-14
0.5284	0.8249E-14
0.5554	0.8395E-14
0.5837	0.8526E-14
0.6134	0.8642E-14
0.6445	0.8742E-14
0.6771	0.8828E-14
0.7115	0.8897E-14
0.7477	0.8951E-14
0.7859	0.8990E-14
0.8262	0.9013E-14
0.8689	0.9021E-14
0.9140	0.9014E-14
0.9619	0.8993E-14
1.013	0.8958E-14
1.067	0.8910E-14
1.124	0.8850E-14
1.185	0.8778E-14
1.250	0.8695E-14
1.320	0.8603E-14
1.394	0.8501E-14
1.473	0.8391E-14
1.558	0.8274E-14
1.648	0.8151E-14
1.744	0.8023E-14
1.847	0.7890E-14
1.957	0.7754E-14
2.074	0.7616E-14
2.198	0.7475E-14
2.331	0.7334E-14
2.471	0.7192E-14
2.621	0.7051E-14
2.780	0.6910E-14
2.949	0.6770E-14
3.131	0.6632E-14
3.329	0.6495E-14
3.546	0.6359E-14
3.792	0.6224E-14
4.077	0.6092E-14
4.423	0.5962E-14
4.866	0.5835E-14
5.488	0.5713E-14
6.492	0.5598E-14
8.431	0.5497E-14
12.35	0.5408E-14
18.34	0.5321E-14
25.77	0.5227E-14
34.51	0.5130E-14
44.70	0.5031E-14
56.56	0.4932E-14
70.24	0.4836E-14
85.86	0.4742E-14
103.4	0.4651E-14
122.9	0.4562E-14
144.3	0.4475E-14
167.5	0.4391E-14
192.3	0.4308E-14
218.7	0.4226E-14
246.5	0.4146E-14
275.7	0.4067E-14
306.1	0.3990E-14
337.8	0.3913E-14
370.6	0.3838E-14
404.6	0.3764E-14
439.5	0.3691E-14
475.6	0.3619E-14
512.8	0.3548E-14
550.9	0.3479E-14
590.2	0.3410E-14
630.4	0.3343E-14
671.6	0.3276E-14
713.6	0.3211E-14
756.8	0.3147E-14
801.0	0.3083E-14
846.2	0.3021E-14
892.4	0.2959E-14
939.5	0.2898E-14
987.8	0.2839E-14
1037.	0.2780E-14
1087.	0.2722E-14
1139.	0.2664E-14
1191.	0.2608E-14
1245.	0.2553E-14
1299.	0.2498E-14
1355.	0.2444E-14
1412.	0.2391E-14
1470.	0.2339E-14
1529.	0.2287E-14
1589.	0.2236E-14
1651.	0.2187E-14
1713.	0.2137E-14
1777.	0.2089E-14
1842.	0.2041E-14
1909.	0.1995E-14
1976.	0.1948E-14
2045.	0.1903E-14
2116.	0.1858E-14
2187.	0.1815E-14
2260.	0.1771E-14
2334.	0.1729E-14
2410.	0.1687E-14
2487.	0.1646E-14
2565.	0.1606E-14
2645.	0.1567E-14
2726.	0.1528E-14
2808.	0.1490E-14
2892.	0.1452E-14
2978.	0.1416E-14
3065.	0.1380E-14
3153.	0.1345E-14
3243.	0.1310E-14
3334.	0.1276E-14
3427.	0.1243E-14
3522.	0.1210E-14
3617.	0.1179E-14
3715.	0.1147E-14
3814.	0.1117E-14
3914.	0.1087E-14
4017.	0.1058E-14
4120.	0.1029E-14
4225.	0.1001E-14
4332.	0.9740E-15
4441.	0.9473E-15
4551.	0.9212E-15
4662.	0.8958E-15
4775.	0.8708E-15
 
 
C89   Ar2    Excitation    1.40 eV                              
E/N (Td)	Rate coefficient (m3/s)
0.1256E-01	0.1419E-17
0.1291E-01	0.1886E-17
0.1327E-01	0.2485E-17
0.1366E-01	0.3252E-17
0.1408E-01	0.4228E-17
0.1450E-01	0.5452E-17
0.1495E-01	0.6982E-17
0.1542E-01	0.8883E-17
0.1593E-01	0.1123E-16
0.1648E-01	0.1410E-16
0.1705E-01	0.1760E-16
0.1766E-01	0.2184E-16
0.1829E-01	0.2694E-16
0.1896E-01	0.3303E-16
0.1965E-01	0.4028E-16
0.2040E-01	0.4885E-16
0.2121E-01	0.5895E-16
0.2208E-01	0.7076E-16
0.2300E-01	0.8454E-16
0.2397E-01	0.1005E-15
0.2498E-01	0.1189E-15
0.2603E-01	0.1401E-15
0.2718E-01	0.1642E-15
0.2845E-01	0.1918E-15
0.2981E-01	0.2230E-15
0.3122E-01	0.2583E-15
0.3270E-01	0.2980E-15
0.3425E-01	0.3424E-15
0.3600E-01	0.3921E-15
0.3782E-01	0.4475E-15
0.3982E-01	0.5088E-15
0.4198E-01	0.5767E-15
0.4426E-01	0.6516E-15
0.4665E-01	0.7337E-15
0.4921E-01	0.8235E-15
0.5208E-01	0.9220E-15
0.5515E-01	0.1030E-14
0.5836E-01	0.1146E-14
0.6181E-01	0.1272E-14
0.6565E-01	0.1409E-14
0.6976E-01	0.1557E-14
0.7409E-01	0.1716E-14
0.7891E-01	0.1887E-14
0.8394E-01	0.2070E-14
0.8947E-01	0.2266E-14
0.9548E-01	0.2476E-14
0.1018	0.2699E-14
0.1087	0.2936E-14
0.1161	0.3189E-14
0.1240	0.3456E-14
0.1325	0.3739E-14
0.1415	0.4038E-14
0.1511	0.4352E-14
0.1613	0.4681E-14
0.1720	0.5026E-14
0.1834	0.5387E-14
0.1953	0.5762E-14
0.2079	0.6151E-14
0.2211	0.6554E-14
0.2349	0.6970E-14
0.2493	0.7398E-14
0.2643	0.7837E-14
0.2800	0.8286E-14
0.2964	0.8744E-14
0.3134	0.9209E-14
0.3312	0.9681E-14
0.3497	0.1016E-13
0.3689	0.1064E-13
0.3890	0.1113E-13
0.4098	0.1161E-13
0.4316	0.1210E-13
0.4543	0.1259E-13
0.4779	0.1307E-13
0.5026	0.1355E-13
0.5284	0.1403E-13
0.5554	0.1451E-13
0.5837	0.1498E-13
0.6134	0.1545E-13
0.6445	0.1591E-13
0.6771	0.1636E-13
0.7115	0.1680E-13
0.7477	0.1724E-13
0.7859	0.1767E-13
0.8262	0.1809E-13
0.8689	0.1851E-13
0.9140	0.1891E-13
0.9619	0.1931E-13
1.013	0.1970E-13
1.067	0.2008E-13
1.124	0.2045E-13
1.185	0.2082E-13
1.250	0.2118E-13
1.320	0.2153E-13
1.394	0.2188E-13
1.473	0.2223E-13
1.558	0.2256E-13
1.648	0.2290E-13
1.744	0.2323E-13
1.847	0.2357E-13
1.957	0.2390E-13
2.074	0.2423E-13
2.198	0.2456E-13
2.331	0.2490E-13
2.471	0.2524E-13
2.621	0.2558E-13
2.780	0.2593E-13
2.949	0.2628E-13
3.131	0.2663E-13
3.329	0.2700E-13
3.546	0.2736E-13
3.792	0.2774E-13
4.077	0.2811E-13
4.423	0.2849E-13
4.866	0.2888E-13
5.488	0.2926E-13
6.492	0.2965E-13
8.431	0.3004E-13
12.35	0.3044E-13
18.34	0.3087E-13
25.77	0.3132E-13
34.51	0.3177E-13
44.70	0.3222E-13
56.56	0.3267E-13
70.24	0.3311E-13
85.86	0.3356E-13
103.4	0.3400E-13
122.9	0.3445E-13
144.3	0.3489E-13
167.5	0.3533E-13
192.3	0.3577E-13
218.7	0.3622E-13
246.5	0.3666E-13
275.7	0.3710E-13
306.1	0.3753E-13
337.8	0.3797E-13
370.6	0.3841E-13
404.6	0.3885E-13
439.5	0.3928E-13
475.6	0.3971E-13
512.8	0.4015E-13
550.9	0.4058E-13
590.2	0.4101E-13
630.4	0.4144E-13
671.6	0.4186E-13
713.6	0.4228E-13
756.8	0.4271E-13
801.0	0.4313E-13
846.2	0.4355E-13
892.4	0.4396E-13
939.5	0.4438E-13
987.8	0.4479E-13
1037.	0.4520E-13
1087.	0.4561E-13
1139.	0.4602E-13
1191.	0.4643E-13
1245.	0.4683E-13
1299.	0.4723E-13
1355.	0.4763E-13
1412.	0.4802E-13
1470.	0.4842E-13
1529.	0.4881E-13
1589.	0.4920E-13
1651.	0.4958E-13
1713.	0.4997E-13
1777.	0.5035E-13
1842.	0.5073E-13
1909.	0.5111E-13
1976.	0.5148E-13
2045.	0.5185E-13
2116.	0.5222E-13
2187.	0.5259E-13
2260.	0.5295E-13
2334.	0.5331E-13
2410.	0.5367E-13
2487.	0.5402E-13
2565.	0.5437E-13
2645.	0.5472E-13
2726.	0.5507E-13
2808.	0.5541E-13
2892.	0.5575E-13
2978.	0.5608E-13
3065.	0.5641E-13
3153.	0.5674E-13
3243.	0.5706E-13
3334.	0.5738E-13
3427.	0.5770E-13
3522.	0.5801E-13
3617.	0.5832E-13
3715.	0.5862E-13
3814.	0.5892E-13
3914.	0.5922E-13
4017.	0.5951E-13
4120.	0.5980E-13
4225.	0.6008E-13
4332.	0.6035E-13
4441.	0.6063E-13
4551.	0.6089E-13
4662.	0.6115E-13
4775.	0.6141E-13
 
 
C90   Ar2    Excitation    1.45 eV                              
E/N (Td)	Rate coefficient (m3/s)
0.1256E-01	0.2960E-18
0.1291E-01	0.4048E-18
0.1327E-01	0.5484E-18
0.1366E-01	0.7375E-18
0.1408E-01	0.9849E-18
0.1450E-01	0.1304E-17
0.1495E-01	0.1714E-17
0.1542E-01	0.2236E-17
0.1593E-01	0.2899E-17
0.1648E-01	0.3731E-17
0.1705E-01	0.4773E-17
0.1766E-01	0.6064E-17
0.1829E-01	0.7655E-17
0.1896E-01	0.9606E-17
0.1965E-01	0.1198E-16
0.2040E-01	0.1485E-16
0.2121E-01	0.1832E-16
0.2208E-01	0.2246E-16
0.2300E-01	0.2741E-16
0.2397E-01	0.3326E-16
0.2498E-01	0.4015E-16
0.2603E-01	0.4823E-16
0.2718E-01	0.5765E-16
0.2845E-01	0.6863E-16
0.2981E-01	0.8132E-16
0.3122E-01	0.9593E-16
0.3270E-01	0.1127E-15
0.3425E-01	0.1318E-15
0.3600E-01	0.1535E-15
0.3782E-01	0.1782E-15
0.3982E-01	0.2060E-15
0.4198E-01	0.2373E-15
0.4426E-01	0.2725E-15
0.4665E-01	0.3117E-15
0.4921E-01	0.3552E-15
0.5208E-01	0.4038E-15
0.5515E-01	0.4576E-15
0.5836E-01	0.5169E-15
0.6181E-01	0.5820E-15
0.6565E-01	0.6538E-15
0.6976E-01	0.7325E-15
0.7409E-01	0.8183E-15
0.7891E-01	0.9121E-15
0.8394E-01	0.1014E-14
0.8947E-01	0.1124E-14
0.9548E-01	0.1245E-14
0.1018	0.1374E-14
0.1087	0.1514E-14
0.1161	0.1665E-14
0.1240	0.1827E-14
0.1325	0.2001E-14
0.1415	0.2187E-14
0.1511	0.2385E-14
0.1613	0.2597E-14
0.1720	0.2821E-14
0.1834	0.3059E-14
0.1953	0.3309E-14
0.2079	0.3573E-14
0.2211	0.3850E-14
0.2349	0.4140E-14
0.2493	0.4443E-14
0.2643	0.4757E-14
0.2800	0.5083E-14
0.2964	0.5420E-14
0.3134	0.5767E-14
0.3312	0.6124E-14
0.3497	0.6489E-14
0.3689	0.6863E-14
0.3890	0.7243E-14
0.4098	0.7630E-14
0.4316	0.8021E-14
0.4543	0.8417E-14
0.4779	0.8817E-14
0.5026	0.9219E-14
0.5284	0.9622E-14
0.5554	0.1003E-13
0.5837	0.1043E-13
0.6134	0.1083E-13
0.6445	0.1123E-13
0.6771	0.1163E-13
0.7115	0.1203E-13
0.7477	0.1242E-13
0.7859	0.1280E-13
0.8262	0.1318E-13
0.8689	0.1356E-13
0.9140	0.1393E-13
0.9619	0.1429E-13
1.013	0.1464E-13
1.067	0.1499E-13
1.124	0.1533E-13
1.185	0.1566E-13
1.250	0.1598E-13
1.320	0.1630E-13
1.394	0.1661E-13
1.473	0.1691E-13
1.558	0.1720E-13
1.648	0.1748E-13
1.744	0.1776E-13
1.847	0.1804E-13
1.957	0.1830E-13
2.074	0.1856E-13
2.198	0.1882E-13
2.331	0.1907E-13
2.471	0.1931E-13
2.621	0.1955E-13
2.780	0.1979E-13
2.949	0.2002E-13
3.131	0.2025E-13
3.329	0.2048E-13
3.546	0.2070E-13
3.792	0.2092E-13
4.077	0.2113E-13
4.423	0.2134E-13
4.866	0.2154E-13
5.488	0.2173E-13
6.492	0.2190E-13
8.431	0.2206E-13
12.35	0.2224E-13
18.34	0.2245E-13
25.77	0.2268E-13
34.51	0.2291E-13
44.70	0.2314E-13
56.56	0.2337E-13
70.24	0.2359E-13
85.86	0.2381E-13
103.4	0.2402E-13
122.9	0.2424E-13
144.3	0.2445E-13
167.5	0.2466E-13
192.3	0.2487E-13
218.7	0.2508E-13
246.5	0.2529E-13
275.7	0.2550E-13
306.1	0.2571E-13
337.8	0.2592E-13
370.6	0.2613E-13
404.6	0.2633E-13
439.5	0.2654E-13
475.6	0.2674E-13
512.8	0.2695E-13
550.9	0.2715E-13
590.2	0.2735E-13
630.4	0.2755E-13
671.6	0.2775E-13
713.6	0.2795E-13
756.8	0.2814E-13
801.0	0.2834E-13
846.2	0.2853E-13
892.4	0.2872E-13
939.5	0.2891E-13
987.8	0.2910E-13
1037.	0.2929E-13
1087.	0.2948E-13
1139.	0.2966E-13
1191.	0.2985E-13
1245.	0.3003E-13
1299.	0.3021E-13
1355.	0.3039E-13
1412.	0.3057E-13
1470.	0.3075E-13
1529.	0.3093E-13
1589.	0.3110E-13
1651.	0.3128E-13
1713.	0.3145E-13
1777.	0.3162E-13
1842.	0.3179E-13
1909.	0.3196E-13
1976.	0.3213E-13
2045.	0.3230E-13
2116.	0.3246E-13
2187.	0.3262E-13
2260.	0.3279E-13
2334.	0.3295E-13
2410.	0.3311E-13
2487.	0.3327E-13
2565.	0.3343E-13
2645.	0.3358E-13
2726.	0.3374E-13
2808.	0.3389E-13
2892.	0.3404E-13
2978.	0.3419E-13
3065.	0.3434E-13
3153.	0.3449E-13
3243.	0.3463E-13
3334.	0.3478E-13
3427.	0.3492E-13
3522.	0.3506E-13
3617.	0.3520E-13
3715.	0.3534E-13
3814.	0.3547E-13
3914.	0.3561E-13
4017.	0.3574E-13
4120.	0.3587E-13
4225.	0.3599E-13
4332.	0.3612E-13
4441.	0.3624E-13
4551.	0.3636E-13
4662.	0.3648E-13
4775.	0.3660E-13
 
 
C91   Ar2    Excitation    1.47 eV                              
E/N (Td)	Rate coefficient (m3/s)
0.1256E-01	0.1128E-17
0.1291E-01	0.1535E-17
0.1327E-01	0.2069E-17
0.1366E-01	0.2769E-17
0.1408E-01	0.3679E-17
0.1450E-01	0.4846E-17
0.1495E-01	0.6337E-17
0.1542E-01	0.8229E-17
0.1593E-01	0.1061E-16
0.1648E-01	0.1359E-16
0.1705E-01	0.1730E-16
0.1766E-01	0.2186E-16
0.1829E-01	0.2746E-16
0.1896E-01	0.3428E-16
0.1965E-01	0.4253E-16
0.2040E-01	0.5247E-16
0.2121E-01	0.6439E-16
0.2208E-01	0.7856E-16
0.2300E-01	0.9537E-16
0.2397E-01	0.1152E-15
0.2498E-01	0.1384E-15
0.2603E-01	0.1654E-15
0.2718E-01	0.1968E-15
0.2845E-01	0.2332E-15
0.2981E-01	0.2750E-15
0.3122E-01	0.3229E-15
0.3270E-01	0.3776E-15
0.3425E-01	0.4396E-15
0.3600E-01	0.5100E-15
0.3782E-01	0.5895E-15
0.3982E-01	0.6786E-15
0.4198E-01	0.7788E-15
0.4426E-01	0.8905E-15
0.4665E-01	0.1015E-14
0.4921E-01	0.1152E-14
0.5208E-01	0.1305E-14
0.5515E-01	0.1474E-14
0.5836E-01	0.1659E-14
0.6181E-01	0.1862E-14
0.6565E-01	0.2085E-14
0.6976E-01	0.2329E-14
0.7409E-01	0.2594E-14
0.7891E-01	0.2883E-14
0.8394E-01	0.3196E-14
0.8947E-01	0.3535E-14
0.9548E-01	0.3903E-14
0.1018	0.4299E-14
0.1087	0.4727E-14
0.1161	0.5187E-14
0.1240	0.5681E-14
0.1325	0.6210E-14
0.1415	0.6776E-14
0.1511	0.7381E-14
0.1613	0.8024E-14
0.1720	0.8708E-14
0.1834	0.9432E-14
0.1953	0.1020E-13
0.2079	0.1101E-13
0.2211	0.1186E-13
0.2349	0.1275E-13
0.2493	0.1368E-13
0.2643	0.1466E-13
0.2800	0.1567E-13
0.2964	0.1673E-13
0.3134	0.1782E-13
0.3312	0.1895E-13
0.3497	0.2011E-13
0.3689	0.2131E-13
0.3890	0.2254E-13
0.4098	0.2381E-13
0.4316	0.2510E-13
0.4543	0.2642E-13
0.4779	0.2777E-13
0.5026	0.2915E-13
0.5284	0.3054E-13
0.5554	0.3196E-13
0.5837	0.3341E-13
0.6134	0.3487E-13
0.6445	0.3635E-13
0.6771	0.3785E-13
0.7115	0.3936E-13
0.7477	0.4089E-13
0.7859	0.4243E-13
0.8262	0.4399E-13
0.8689	0.4556E-13
0.9140	0.4714E-13
0.9619	0.4874E-13
1.013	0.5034E-13
1.067	0.5196E-13
1.124	0.5358E-13
1.185	0.5522E-13
1.250	0.5686E-13
1.320	0.5852E-13
1.394	0.6018E-13
1.473	0.6186E-13
1.558	0.6354E-13
1.648	0.6523E-13
1.744	0.6693E-13
1.847	0.6865E-13
1.957	0.7037E-13
2.074	0.7210E-13
2.198	0.7385E-13
2.331	0.7561E-13
2.471	0.7737E-13
2.621	0.7915E-13
2.780	0.8095E-13
2.949	0.8275E-13
3.131	0.8457E-13
3.329	0.8640E-13
3.546	0.8823E-13
3.792	0.9009E-13
4.077	0.9195E-13
4.423	0.9381E-13
4.866	0.9566E-13
5.488	0.9749E-13
6.492	0.9928E-13
8.431	0.1010E-12
12.35	0.1028E-12
18.34	0.1046E-12
25.77	0.1065E-12
34.51	0.1085E-12
44.70	0.1104E-12
56.56	0.1124E-12
70.24	0.1143E-12
85.86	0.1162E-12
103.4	0.1181E-12
122.9	0.1199E-12
144.3	0.1218E-12
167.5	0.1236E-12
192.3	0.1254E-12
218.7	0.1273E-12
246.5	0.1291E-12
275.7	0.1309E-12
306.1	0.1327E-12
337.8	0.1345E-12
370.6	0.1362E-12
404.6	0.1380E-12
439.5	0.1397E-12
475.6	0.1415E-12
512.8	0.1432E-12
550.9	0.1450E-12
590.2	0.1467E-12
630.4	0.1484E-12
671.6	0.1501E-12
713.6	0.1518E-12
756.8	0.1534E-12
801.0	0.1551E-12
846.2	0.1568E-12
892.4	0.1584E-12
939.5	0.1600E-12
987.8	0.1616E-12
1037.	0.1633E-12
1087.	0.1649E-12
1139.	0.1664E-12
1191.	0.1680E-12
1245.	0.1696E-12
1299.	0.1711E-12
1355.	0.1727E-12
1412.	0.1742E-12
1470.	0.1757E-12
1529.	0.1772E-12
1589.	0.1787E-12
1651.	0.1802E-12
1713.	0.1817E-12
1777.	0.1832E-12
1842.	0.1846E-12
1909.	0.1861E-12
1976.	0.1875E-12
2045.	0.1889E-12
2116.	0.1903E-12
2187.	0.1917E-12
2260.	0.1931E-12
2334.	0.1945E-12
2410.	0.1958E-12
2487.	0.1972E-12
2565.	0.1985E-12
2645.	0.1998E-12
2726.	0.2011E-12
2808.	0.2024E-12
2892.	0.2037E-12
2978.	0.2050E-12
3065.	0.2062E-12
3153.	0.2075E-12
3243.	0.2087E-12
3334.	0.2099E-12
3427.	0.2111E-12
3522.	0.2123E-12
3617.	0.2134E-12
3715.	0.2146E-12
3814.	0.2157E-12
3914.	0.2168E-12
4017.	0.2179E-12
4120.	0.2190E-12
4225.	0.2201E-12
4332.	0.2211E-12
4441.	0.2222E-12
4551.	0.2232E-12
4662.	0.2242E-12
4775.	0.2251E-12
 
 
C92   Ar2    Excitation    1.57 eV                              
E/N (Td)	Rate coefficient (m3/s)
0.1256E-01	0.6574E-19
0.1291E-01	0.9092E-19
0.1327E-01	0.1245E-18
0.1366E-01	0.1691E-18
0.1408E-01	0.2280E-18
0.1450E-01	0.3045E-18
0.1495E-01	0.4035E-18
0.1542E-01	0.5307E-18
0.1593E-01	0.6931E-18
0.1648E-01	0.8981E-18
0.1705E-01	0.1156E-17
0.1766E-01	0.1477E-17
0.1829E-01	0.1875E-17
0.1896E-01	0.2365E-17
0.1965E-01	0.2963E-17
0.2040E-01	0.3689E-17
0.2121E-01	0.4568E-17
0.2208E-01	0.5621E-17
0.2300E-01	0.6879E-17
0.2397E-01	0.8372E-17
0.2498E-01	0.1013E-16
0.2603E-01	0.1220E-16
0.2718E-01	0.1461E-16
0.2845E-01	0.1742E-16
0.2981E-01	0.2067E-16
0.3122E-01	0.2442E-16
0.3270E-01	0.2870E-16
0.3425E-01	0.3359E-16
0.3600E-01	0.3914E-16
0.3782E-01	0.4545E-16
0.3982E-01	0.5254E-16
0.4198E-01	0.6052E-16
0.4426E-01	0.6945E-16
0.4665E-01	0.7939E-16
0.4921E-01	0.9041E-16
0.5208E-01	0.1027E-15
0.5515E-01	0.1162E-15
0.5836E-01	0.1311E-15
0.6181E-01	0.1474E-15
0.6565E-01	0.1653E-15
0.6976E-01	0.1848E-15
0.7409E-01	0.2060E-15
0.7891E-01	0.2291E-15
0.8394E-01	0.2540E-15
0.8947E-01	0.2810E-15
0.9548E-01	0.3101E-15
0.1018	0.3413E-15
0.1087	0.3748E-15
0.1161	0.4107E-15
0.1240	0.4490E-15
0.1325	0.4897E-15
0.1415	0.5329E-15
0.1511	0.5786E-15
0.1613	0.6269E-15
0.1720	0.6776E-15
0.1834	0.7306E-15
0.1953	0.7860E-15
0.2079	0.8436E-15
0.2211	0.9032E-15
0.2349	0.9647E-15
0.2493	0.1028E-14
0.2643	0.1092E-14
0.2800	0.1158E-14
0.2964	0.1225E-14
0.3134	0.1292E-14
0.3312	0.1360E-14
0.3497	0.1427E-14
0.3689	0.1495E-14
0.3890	0.1562E-14
0.4098	0.1628E-14
0.4316	0.1692E-14
0.4543	0.1756E-14
0.4779	0.1817E-14
0.5026	0.1876E-14
0.5284	0.1934E-14
0.5554	0.1988E-14
0.5837	0.2040E-14
0.6134	0.2089E-14
0.6445	0.2135E-14
0.6771	0.2177E-14
0.7115	0.2216E-14
0.7477	0.2251E-14
0.7859	0.2282E-14
0.8262	0.2310E-14
0.8689	0.2334E-14
0.9140	0.2354E-14
0.9619	0.2370E-14
1.013	0.2382E-14
1.067	0.2390E-14
1.124	0.2394E-14
1.185	0.2395E-14
1.250	0.2392E-14
1.320	0.2385E-14
1.394	0.2375E-14
1.473	0.2362E-14
1.558	0.2345E-14
1.648	0.2326E-14
1.744	0.2304E-14
1.847	0.2279E-14
1.957	0.2252E-14
2.074	0.2223E-14
2.198	0.2191E-14
2.331	0.2159E-14
2.471	0.2124E-14
2.621	0.2089E-14
2.780	0.2052E-14
2.949	0.2015E-14
3.131	0.1976E-14
3.329	0.1937E-14
3.546	0.1897E-14
3.792	0.1857E-14
4.077	0.1816E-14
4.423	0.1774E-14
4.866	0.1733E-14
5.488	0.1691E-14
6.492	0.1650E-14
8.431	0.1611E-14
12.35	0.1577E-14
18.34	0.1548E-14
25.77	0.1519E-14
34.51	0.1489E-14
44.70	0.1459E-14
56.56	0.1429E-14
70.24	0.1399E-14
85.86	0.1370E-14
103.4	0.1342E-14
122.9	0.1314E-14
144.3	0.1288E-14
167.5	0.1261E-14
192.3	0.1236E-14
218.7	0.1211E-14
246.5	0.1186E-14
275.7	0.1162E-14
306.1	0.1139E-14
337.8	0.1116E-14
370.6	0.1093E-14
404.6	0.1071E-14
439.5	0.1049E-14
475.6	0.1027E-14
512.8	0.1006E-14
550.9	0.9858E-15
590.2	0.9655E-15
630.4	0.9457E-15
671.6	0.9263E-15
713.6	0.9072E-15
756.8	0.8885E-15
801.0	0.8701E-15
846.2	0.8521E-15
892.4	0.8344E-15
939.5	0.8171E-15
987.8	0.8000E-15
1037.	0.7833E-15
1087.	0.7669E-15
1139.	0.7507E-15
1191.	0.7349E-15
1245.	0.7194E-15
1299.	0.7041E-15
1355.	0.6891E-15
1412.	0.6744E-15
1470.	0.6600E-15
1529.	0.6458E-15
1589.	0.6319E-15
1651.	0.6183E-15
1713.	0.6049E-15
1777.	0.5917E-15
1842.	0.5788E-15
1909.	0.5662E-15
1976.	0.5538E-15
2045.	0.5416E-15
2116.	0.5296E-15
2187.	0.5179E-15
2260.	0.5064E-15
2334.	0.4951E-15
2410.	0.4841E-15
2487.	0.4733E-15
2565.	0.4627E-15
2645.	0.4523E-15
2726.	0.4421E-15
2808.	0.4321E-15
2892.	0.4224E-15
2978.	0.4129E-15
3065.	0.4035E-15
3153.	0.3944E-15
3243.	0.3854E-15
3334.	0.3767E-15
3427.	0.3682E-15
3522.	0.3598E-15
3617.	0.3517E-15
3715.	0.3437E-15
3814.	0.3359E-15
3914.	0.3283E-15
4017.	0.3209E-15
4120.	0.3137E-15
4225.	0.3067E-15
4332.	0.2998E-15
4441.	0.2931E-15
4551.	0.2866E-15
4662.	0.2803E-15
4775.	0.2741E-15
 
 
C93   Ar2    Excitation    1.57 eV                              
E/N (Td)	Rate coefficient (m3/s)
0.1256E-01	0.2530E-18
0.1291E-01	0.3489E-18
0.1327E-01	0.4766E-18
0.1366E-01	0.6457E-18
0.1408E-01	0.8683E-18
0.1450E-01	0.1157E-17
0.1495E-01	0.1530E-17
0.1542E-01	0.2008E-17
0.1593E-01	0.2617E-17
0.1648E-01	0.3386E-17
0.1705E-01	0.4351E-17
0.1766E-01	0.5552E-17
0.1829E-01	0.7038E-17
0.1896E-01	0.8865E-17
0.1965E-01	0.1109E-16
0.2040E-01	0.1380E-16
0.2121E-01	0.1708E-16
0.2208E-01	0.2100E-16
0.2300E-01	0.2570E-16
0.2397E-01	0.3126E-16
0.2498E-01	0.3784E-16
0.2603E-01	0.4557E-16
0.2718E-01	0.5458E-16
0.2845E-01	0.6513E-16
0.2981E-01	0.7734E-16
0.3122E-01	0.9143E-16
0.3270E-01	0.1076E-15
0.3425E-01	0.1261E-15
0.3600E-01	0.1472E-15
0.3782E-01	0.1712E-15
0.3982E-01	0.1984E-15
0.4198E-01	0.2290E-15
0.4426E-01	0.2635E-15
0.4665E-01	0.3021E-15
0.4921E-01	0.3451E-15
0.5208E-01	0.3932E-15
0.5515E-01	0.4467E-15
0.5836E-01	0.5059E-15
0.6181E-01	0.5712E-15
0.6565E-01	0.6435E-15
0.6976E-01	0.7231E-15
0.7409E-01	0.8104E-15
0.7891E-01	0.9064E-15
0.8394E-01	0.1011E-14
0.8947E-01	0.1126E-14
0.9548E-01	0.1251E-14
0.1018	0.1387E-14
0.1087	0.1535E-14
0.1161	0.1696E-14
0.1240	0.1871E-14
0.1325	0.2060E-14
0.1415	0.2264E-14
0.1511	0.2485E-14
0.1613	0.2723E-14
0.1720	0.2979E-14
0.1834	0.3254E-14
0.1953	0.3549E-14
0.2079	0.3865E-14
0.2211	0.4201E-14
0.2349	0.4560E-14
0.2493	0.4942E-14
0.2643	0.5347E-14
0.2800	0.5777E-14
0.2964	0.6231E-14
0.3134	0.6710E-14
0.3312	0.7216E-14
0.3497	0.7748E-14
0.3689	0.8308E-14
0.3890	0.8894E-14
0.4098	0.9509E-14
0.4316	0.1015E-13
0.4543	0.1083E-13
0.4779	0.1153E-13
0.5026	0.1226E-13
0.5284	0.1303E-13
0.5554	0.1382E-13
0.5837	0.1465E-13
0.6134	0.1551E-13
0.6445	0.1641E-13
0.6771	0.1734E-13
0.7115	0.1830E-13
0.7477	0.1931E-13
0.7859	0.2034E-13
0.8262	0.2142E-13
0.8689	0.2254E-13
0.9140	0.2370E-13
0.9619	0.2489E-13
1.013	0.2613E-13
1.067	0.2742E-13
1.124	0.2874E-13
1.185	0.3011E-13
1.250	0.3153E-13
1.320	0.3299E-13
1.394	0.3450E-13
1.473	0.3606E-13
1.558	0.3766E-13
1.648	0.3931E-13
1.744	0.4101E-13
1.847	0.4276E-13
1.957	0.4456E-13
2.074	0.4640E-13
2.198	0.4829E-13
2.331	0.5023E-13
2.471	0.5222E-13
2.621	0.5425E-13
2.780	0.5633E-13
2.949	0.5845E-13
3.131	0.6061E-13
3.329	0.6281E-13
3.546	0.6506E-13
3.792	0.6735E-13
4.077	0.6967E-13
4.423	0.7203E-13
4.866	0.7442E-13
5.488	0.7683E-13
6.492	0.7925E-13
8.431	0.8163E-13
12.35	0.8400E-13
18.34	0.8639E-13
25.77	0.8882E-13
34.51	0.9128E-13
44.70	0.9375E-13
56.56	0.9622E-13
70.24	0.9868E-13
85.86	0.1011E-12
103.4	0.1036E-12
122.9	0.1060E-12
144.3	0.1084E-12
167.5	0.1108E-12
192.3	0.1132E-12
218.7	0.1156E-12
246.5	0.1180E-12
275.7	0.1203E-12
306.1	0.1227E-12
337.8	0.1250E-12
370.6	0.1274E-12
404.6	0.1297E-12
439.5	0.1320E-12
475.6	0.1343E-12
512.8	0.1366E-12
550.9	0.1389E-12
590.2	0.1411E-12
630.4	0.1434E-12
671.6	0.1456E-12
713.6	0.1479E-12
756.8	0.1501E-12
801.0	0.1523E-12
846.2	0.1545E-12
892.4	0.1567E-12
939.5	0.1589E-12
987.8	0.1610E-12
1037.	0.1632E-12
1087.	0.1653E-12
1139.	0.1674E-12
1191.	0.1695E-12
1245.	0.1716E-12
1299.	0.1737E-12
1355.	0.1758E-12
1412.	0.1778E-12
1470.	0.1798E-12
1529.	0.1819E-12
1589.	0.1839E-12
1651.	0.1859E-12
1713.	0.1878E-12
1777.	0.1898E-12
1842.	0.1918E-12
1909.	0.1937E-12
1976.	0.1956E-12
2045.	0.1975E-12
2116.	0.1994E-12
2187.	0.2013E-12
2260.	0.2031E-12
2334.	0.2050E-12
2410.	0.2068E-12
2487.	0.2086E-12
2565.	0.2104E-12
2645.	0.2121E-12
2726.	0.2139E-12
2808.	0.2156E-12
2892.	0.2174E-12
2978.	0.2190E-12
3065.	0.2207E-12
3153.	0.2224E-12
3243.	0.2240E-12
3334.	0.2256E-12
3427.	0.2272E-12
3522.	0.2288E-12
3617.	0.2304E-12
3715.	0.2319E-12
3814.	0.2334E-12
3914.	0.2349E-12
4017.	0.2364E-12
4120.	0.2378E-12
4225.	0.2393E-12
4332.	0.2407E-12
4441.	0.2420E-12
4551.	0.2434E-12
4662.	0.2447E-12
4775.	0.2460E-12
 
 
C94   Ar2    Excitation    1.59 eV                              
E/N (Td)	Rate coefficient (m3/s)
0.1256E-01	0.7970E-19
0.1291E-01	0.1115E-18
0.1327E-01	0.1545E-18
0.1366E-01	0.2123E-18
0.1408E-01	0.2898E-18
0.1450E-01	0.3919E-18
0.1495E-01	0.5261E-18
0.1542E-01	0.7012E-18
0.1593E-01	0.9280E-18
0.1648E-01	0.1219E-17
0.1705E-01	0.1592E-17
0.1766E-01	0.2064E-17
0.1829E-01	0.2658E-17
0.1896E-01	0.3404E-17
0.1965E-01	0.4331E-17
0.2040E-01	0.5478E-17
0.2121E-01	0.6892E-17
0.2208E-01	0.8621E-17
0.2300E-01	0.1073E-16
0.2397E-01	0.1328E-16
0.2498E-01	0.1636E-16
0.2603E-01	0.2005E-16
0.2718E-01	0.2445E-16
0.2845E-01	0.2970E-16
0.2981E-01	0.3591E-16
0.3122E-01	0.4323E-16
0.3270E-01	0.5183E-16
0.3425E-01	0.6187E-16
0.3600E-01	0.7358E-16
0.3782E-01	0.8722E-16
0.3982E-01	0.1030E-15
0.4198E-01	0.1212E-15
0.4426E-01	0.1421E-15
0.4665E-01	0.1662E-15
0.4921E-01	0.1936E-15
0.5208E-01	0.2249E-15
0.5515E-01	0.2608E-15
0.5836E-01	0.3013E-15
0.6181E-01	0.3471E-15
0.6565E-01	0.3992E-15
0.6976E-01	0.4581E-15
0.7409E-01	0.5243E-15
0.7891E-01	0.5990E-15
0.8394E-01	0.6827E-15
0.8947E-01	0.7768E-15
0.9548E-01	0.8826E-15
0.1018	0.1001E-14
0.1087	0.1133E-14
0.1161	0.1282E-14
0.1240	0.1448E-14
0.1325	0.1633E-14
0.1415	0.1839E-14
0.1511	0.2069E-14
0.1613	0.2325E-14
0.1720	0.2610E-14
0.1834	0.2925E-14
0.1953	0.3275E-14
0.2079	0.3663E-14
0.2211	0.4090E-14
0.2349	0.4561E-14
0.2493	0.5080E-14
0.2643	0.5649E-14
0.2800	0.6273E-14
0.2964	0.6955E-14
0.3134	0.7700E-14
0.3312	0.8511E-14
0.3497	0.9393E-14
0.3689	0.1035E-13
0.3890	0.1138E-13
0.4098	0.1250E-13
0.4316	0.1371E-13
0.4543	0.1500E-13
0.4779	0.1640E-13
0.5026	0.1789E-13
0.5284	0.1949E-13
0.5554	0.2119E-13
0.5837	0.2301E-13
0.6134	0.2495E-13
0.6445	0.2700E-13
0.6771	0.2918E-13
0.7115	0.3149E-13
0.7477	0.3393E-13
0.7859	0.3650E-13
0.8262	0.3921E-13
0.8689	0.4206E-13
0.9140	0.4505E-13
0.9619	0.4818E-13
1.013	0.5145E-13
1.067	0.5486E-13
1.124	0.5842E-13
1.185	0.6212E-13
1.250	0.6595E-13
1.320	0.6992E-13
1.394	0.7402E-13
1.473	0.7825E-13
1.558	0.8261E-13
1.648	0.8709E-13
1.744	0.9168E-13
1.847	0.9639E-13
1.957	0.1012E-12
2.074	0.1061E-12
2.198	0.1111E-12
2.331	0.1162E-12
2.471	0.1214E-12
2.621	0.1266E-12
2.780	0.1319E-12
2.949	0.1373E-12
3.131	0.1428E-12
3.329	0.1483E-12
3.546	0.1538E-12
3.792	0.1594E-12
4.077	0.1651E-12
4.423	0.1708E-12
4.866	0.1764E-12
5.488	0.1821E-12
6.492	0.1877E-12
8.431	0.1931E-12
12.35	0.1984E-12
18.34	0.2038E-12
25.77	0.2095E-12
34.51	0.2152E-12
44.70	0.2209E-12
56.56	0.2267E-12
70.24	0.2324E-12
85.86	0.2381E-12
103.4	0.2437E-12
122.9	0.2493E-12
144.3	0.2549E-12
167.5	0.2605E-12
192.3	0.2660E-12
218.7	0.2715E-12
246.5	0.2770E-12
275.7	0.2825E-12
306.1	0.2879E-12
337.8	0.2933E-12
370.6	0.2987E-12
404.6	0.3041E-12
439.5	0.3094E-12
475.6	0.3148E-12
512.8	0.3201E-12
550.9	0.3253E-12
590.2	0.3306E-12
630.4	0.3358E-12
671.6	0.3410E-12
713.6	0.3461E-12
756.8	0.3512E-12
801.0	0.3563E-12
846.2	0.3614E-12
892.4	0.3664E-12
939.5	0.3714E-12
987.8	0.3764E-12
1037.	0.3814E-12
1087.	0.3863E-12
1139.	0.3911E-12
1191.	0.3960E-12
1245.	0.4008E-12
1299.	0.4056E-12
1355.	0.4103E-12
1412.	0.4151E-12
1470.	0.4198E-12
1529.	0.4244E-12
1589.	0.4290E-12
1651.	0.4336E-12
1713.	0.4382E-12
1777.	0.4427E-12
1842.	0.4472E-12
1909.	0.4516E-12
1976.	0.4560E-12
2045.	0.4604E-12
2116.	0.4647E-12
2187.	0.4690E-12
2260.	0.4733E-12
2334.	0.4775E-12
2410.	0.4817E-12
2487.	0.4858E-12
2565.	0.4899E-12
2645.	0.4939E-12
2726.	0.4980E-12
2808.	0.5019E-12
2892.	0.5059E-12
2978.	0.5097E-12
3065.	0.5136E-12
3153.	0.5174E-12
3243.	0.5211E-12
3334.	0.5248E-12
3427.	0.5285E-12
3522.	0.5321E-12
3617.	0.5357E-12
3715.	0.5392E-12
3814.	0.5426E-12
3914.	0.5460E-12
4017.	0.5494E-12
4120.	0.5527E-12
4225.	0.5559E-12
4332.	0.5591E-12
4441.	0.5622E-12
4551.	0.5653E-12
4662.	0.5683E-12
4775.	0.5713E-12
 
 
C95   Ar2    Excitation    1.61 eV                              
E/N (Td)	Rate coefficient (m3/s)
0.1256E-01	0.3640E-18
0.1291E-01	0.5104E-18
0.1327E-01	0.7086E-18
0.1366E-01	0.9756E-18
0.1408E-01	0.1333E-17
0.1450E-01	0.1804E-17
0.1495E-01	0.2422E-17
0.1542E-01	0.3227E-17
0.1593E-01	0.4267E-17
0.1648E-01	0.5599E-17
0.1705E-01	0.7297E-17
0.1766E-01	0.9440E-17
0.1829E-01	0.1213E-16
0.1896E-01	0.1548E-16
0.1965E-01	0.1962E-16
0.2040E-01	0.2472E-16
0.2121E-01	0.3096E-16
0.2208E-01	0.3854E-16
0.2300E-01	0.4771E-16
0.2397E-01	0.5872E-16
0.2498E-01	0.7186E-16
0.2603E-01	0.8748E-16
0.2718E-01	0.1059E-15
0.2845E-01	0.1277E-15
0.2981E-01	0.1532E-15
0.3122E-01	0.1828E-15
0.3270E-01	0.2172E-15
0.3425E-01	0.2569E-15
0.3600E-01	0.3025E-15
0.3782E-01	0.3550E-15
0.3982E-01	0.4146E-15
0.4198E-01	0.4826E-15
0.4426E-01	0.5596E-15
0.4665E-01	0.6464E-15
0.4921E-01	0.7437E-15
0.5208E-01	0.8532E-15
0.5515E-01	0.9759E-15
0.5836E-01	0.1112E-14
0.6181E-01	0.1263E-14
0.6565E-01	0.1432E-14
0.6976E-01	0.1618E-14
0.7409E-01	0.1822E-14
0.7891E-01	0.2048E-14
0.8394E-01	0.2295E-14
0.8947E-01	0.2566E-14
0.9548E-01	0.2863E-14
0.1018	0.3186E-14
0.1087	0.3538E-14
0.1161	0.3921E-14
0.1240	0.4336E-14
0.1325	0.4785E-14
0.1415	0.5270E-14
0.1511	0.5792E-14
0.1613	0.6353E-14
0.1720	0.6953E-14
0.1834	0.7595E-14
0.1953	0.8279E-14
0.2079	0.9005E-14
0.2211	0.9774E-14
0.2349	0.1059E-13
0.2493	0.1144E-13
0.2643	0.1234E-13
0.2800	0.1328E-13
0.2964	0.1425E-13
0.3134	0.1527E-13
0.3312	0.1633E-13
0.3497	0.1742E-13
0.3689	0.1854E-13
0.3890	0.1970E-13
0.4098	0.2089E-13
0.4316	0.2210E-13
0.4543	0.2334E-13
0.4779	0.2461E-13
0.5026	0.2589E-13
0.5284	0.2720E-13
0.5554	0.2852E-13
0.5837	0.2985E-13
0.6134	0.3120E-13
0.6445	0.3255E-13
0.6771	0.3392E-13
0.7115	0.3529E-13
0.7477	0.3666E-13
0.7859	0.3804E-13
0.8262	0.3942E-13
0.8689	0.4080E-13
0.9140	0.4219E-13
0.9619	0.4357E-13
1.013	0.4495E-13
1.067	0.4632E-13
1.124	0.4770E-13
1.185	0.4908E-13
1.250	0.5045E-13
1.320	0.5182E-13
1.394	0.5319E-13
1.473	0.5457E-13
1.558	0.5594E-13
1.648	0.5732E-13
1.744	0.5870E-13
1.847	0.6009E-13
1.957	0.6148E-13
2.074	0.6288E-13
2.198	0.6429E-13
2.331	0.6572E-13
2.471	0.6715E-13
2.621	0.6860E-13
2.780	0.7006E-13
2.949	0.7154E-13
3.131	0.7303E-13
3.329	0.7454E-13
3.546	0.7606E-13
3.792	0.7760E-13
4.077	0.7915E-13
4.423	0.8072E-13
4.866	0.8228E-13
5.488	0.8384E-13
6.492	0.8538E-13
8.431	0.8689E-13
12.35	0.8843E-13
18.34	0.9006E-13
25.77	0.9175E-13
34.51	0.9345E-13
44.70	0.9516E-13
56.56	0.9686E-13
70.24	0.9856E-13
85.86	0.1002E-12
103.4	0.1019E-12
122.9	0.1036E-12
144.3	0.1053E-12
167.5	0.1069E-12
192.3	0.1086E-12
218.7	0.1102E-12
246.5	0.1119E-12
275.7	0.1135E-12
306.1	0.1152E-12
337.8	0.1168E-12
370.6	0.1184E-12
404.6	0.1200E-12
439.5	0.1217E-12
475.6	0.1233E-12
512.8	0.1249E-12
550.9	0.1265E-12
590.2	0.1281E-12
630.4	0.1297E-12
671.6	0.1313E-12
713.6	0.1328E-12
756.8	0.1344E-12
801.0	0.1360E-12
846.2	0.1375E-12
892.4	0.1391E-12
939.5	0.1406E-12
987.8	0.1421E-12
1037.	0.1437E-12
1087.	0.1452E-12
1139.	0.1467E-12
1191.	0.1482E-12
1245.	0.1497E-12
1299.	0.1511E-12
1355.	0.1526E-12
1412.	0.1541E-12
1470.	0.1555E-12
1529.	0.1570E-12
1589.	0.1584E-12
1651.	0.1598E-12
1713.	0.1612E-12
1777.	0.1626E-12
1842.	0.1640E-12
1909.	0.1654E-12
1976.	0.1668E-12
2045.	0.1681E-12
2116.	0.1695E-12
2187.	0.1708E-12
2260.	0.1721E-12
2334.	0.1735E-12
2410.	0.1748E-12
2487.	0.1761E-12
2565.	0.1773E-12
2645.	0.1786E-12
2726.	0.1799E-12
2808.	0.1811E-12
2892.	0.1823E-12
2978.	0.1836E-12
3065.	0.1848E-12
3153.	0.1860E-12
3243.	0.1871E-12
3334.	0.1883E-12
3427.	0.1895E-12
3522.	0.1906E-12
3617.	0.1917E-12
3715.	0.1928E-12
3814.	0.1939E-12
3914.	0.1950E-12
4017.	0.1960E-12
4120.	0.1971E-12
4225.	0.1981E-12
4332.	0.1991E-12
4441.	0.2001E-12
4551.	0.2011E-12
4662.	0.2020E-12
4775.	0.2030E-12
 
 
C96   Ar2    Excitation    1.77 eV                              
E/N (Td)	Rate coefficient (m3/s)
0.1256E-01	0.3098E-19
0.1291E-01	0.4530E-19
0.1327E-01	0.6551E-19
0.1366E-01	0.9385E-19
0.1408E-01	0.1333E-18
0.1450E-01	0.1874E-18
0.1495E-01	0.2611E-18
0.1542E-01	0.3607E-18
0.1593E-01	0.4943E-18
0.1648E-01	0.6713E-18
0.1705E-01	0.9050E-18
0.1766E-01	0.1210E-17
0.1829E-01	0.1605E-17
0.1896E-01	0.2114E-17
0.1965E-01	0.2763E-17
0.2040E-01	0.3587E-17
0.2121E-01	0.4625E-17
0.2208E-01	0.5923E-17
0.2300E-01	0.7538E-17
0.2397E-01	0.9531E-17
0.2498E-01	0.1198E-16
0.2603E-01	0.1496E-16
0.2718E-01	0.1857E-16
0.2845E-01	0.2294E-16
0.2981E-01	0.2818E-16
0.3122E-01	0.3442E-16
0.3270E-01	0.4184E-16
0.3425E-01	0.5057E-16
0.3600E-01	0.6086E-16
0.3782E-01	0.7292E-16
0.3982E-01	0.8692E-16
0.4198E-01	0.1032E-15
0.4426E-01	0.1220E-15
0.4665E-01	0.1436E-15
0.4921E-01	0.1683E-15
0.5208E-01	0.1966E-15
0.5515E-01	0.2289E-15
0.5836E-01	0.2653E-15
0.6181E-01	0.3064E-15
0.6565E-01	0.3530E-15
0.6976E-01	0.4053E-15
0.7409E-01	0.4638E-15
0.7891E-01	0.5293E-15
0.8394E-01	0.6022E-15
0.8947E-01	0.6832E-15
0.9548E-01	0.7734E-15
0.1018	0.8731E-15
0.1087	0.9832E-15
0.1161	0.1105E-14
0.1240	0.1239E-14
0.1325	0.1385E-14
0.1415	0.1546E-14
0.1511	0.1721E-14
0.1613	0.1913E-14
0.1720	0.2120E-14
0.1834	0.2345E-14
0.1953	0.2589E-14
0.2079	0.2851E-14
0.2211	0.3132E-14
0.2349	0.3433E-14
0.2493	0.3754E-14
0.2643	0.4096E-14
0.2800	0.4459E-14
0.2964	0.4842E-14
0.3134	0.5247E-14
0.3312	0.5672E-14
0.3497	0.6117E-14
0.3689	0.6583E-14
0.3890	0.7069E-14
0.4098	0.7575E-14
0.4316	0.8099E-14
0.4543	0.8642E-14
0.4779	0.9204E-14
0.5026	0.9782E-14
0.5284	0.1038E-13
0.5554	0.1099E-13
0.5837	0.1162E-13
0.6134	0.1226E-13
0.6445	0.1292E-13
0.6771	0.1359E-13
0.7115	0.1427E-13
0.7477	0.1497E-13
0.7859	0.1568E-13
0.8262	0.1640E-13
0.8689	0.1714E-13
0.9140	0.1788E-13
0.9619	0.1864E-13
1.013	0.1941E-13
1.067	0.2019E-13
1.124	0.2098E-13
1.185	0.2179E-13
1.250	0.2260E-13
1.320	0.2343E-13
1.394	0.2427E-13
1.473	0.2513E-13
1.558	0.2600E-13
1.648	0.2688E-13
1.744	0.2778E-13
1.847	0.2869E-13
1.957	0.2963E-13
2.074	0.3057E-13
2.198	0.3154E-13
2.331	0.3252E-13
2.471	0.3352E-13
2.621	0.3454E-13
2.780	0.3558E-13
2.949	0.3663E-13
3.131	0.3771E-13
3.329	0.3880E-13
3.546	0.3992E-13
3.792	0.4105E-13
4.077	0.4220E-13
4.423	0.4337E-13
4.866	0.4455E-13
5.488	0.4574E-13
6.492	0.4694E-13
8.431	0.4813E-13
12.35	0.4932E-13
18.34	0.5056E-13
25.77	0.5183E-13
34.51	0.5312E-13
44.70	0.5441E-13
56.56	0.5571E-13
70.24	0.5702E-13
85.86	0.5832E-13
103.4	0.5962E-13
122.9	0.6093E-13
144.3	0.6224E-13
167.5	0.6355E-13
192.3	0.6486E-13
218.7	0.6617E-13
246.5	0.6748E-13
275.7	0.6879E-13
306.1	0.7010E-13
337.8	0.7141E-13
370.6	0.7271E-13
404.6	0.7402E-13
439.5	0.7532E-13
475.6	0.7662E-13
512.8	0.7793E-13
550.9	0.7923E-13
590.2	0.8053E-13
630.4	0.8182E-13
671.6	0.8311E-13
713.6	0.8439E-13
756.8	0.8567E-13
801.0	0.8695E-13
846.2	0.8822E-13
892.4	0.8949E-13
939.5	0.9075E-13
987.8	0.9201E-13
1037.	0.9326E-13
1087.	0.9451E-13
1139.	0.9575E-13
1191.	0.9698E-13
1245.	0.9821E-13
1299.	0.9944E-13
1355.	0.1007E-12
1412.	0.1019E-12
1470.	0.1031E-12
1529.	0.1043E-12
1589.	0.1054E-12
1651.	0.1066E-12
1713.	0.1078E-12
1777.	0.1090E-12
1842.	0.1101E-12
1909.	0.1113E-12
1976.	0.1124E-12
2045.	0.1135E-12
2116.	0.1147E-12
2187.	0.1158E-12
2260.	0.1169E-12
2334.	0.1180E-12
2410.	0.1190E-12
2487.	0.1201E-12
2565.	0.1212E-12
2645.	0.1222E-12
2726.	0.1233E-12
2808.	0.1243E-12
2892.	0.1253E-12
2978.	0.1263E-12
3065.	0.1273E-12
3153.	0.1283E-12
3243.	0.1292E-12
3334.	0.1302E-12
3427.	0.1311E-12
3522.	0.1321E-12
3617.	0.1330E-12
3715.	0.1339E-12
3814.	0.1348E-12
3914.	0.1356E-12
4017.	0.1365E-12
4120.	0.1373E-12
4225.	0.1381E-12
4332.	0.1389E-12
4441.	0.1397E-12
4551.	0.1405E-12
4662.	0.1413E-12
4775.	0.1420E-12
 
 
C97   Ar(2p10)    Ionization    2.85 eV                         
E/N (Td)	Rate coefficient (m3/s)
0.1256E-01	0.000
0.1291E-01	0.000
0.1327E-01	0.000
0.1366E-01	0.000
0.1408E-01	0.7439E-24
0.1450E-01	0.1404E-23
0.1495E-01	0.2611E-23
0.1542E-01	0.4784E-23
0.1593E-01	0.8644E-23
0.1648E-01	0.1538E-22
0.1705E-01	0.2703E-22
0.1766E-01	0.4682E-22
0.1829E-01	0.8007E-22
0.1896E-01	0.1352E-21
0.1965E-01	0.2253E-21
0.2040E-01	0.3711E-21
0.2121E-01	0.6045E-21
0.2208E-01	0.9729E-21
0.2300E-01	0.1550E-20
0.2397E-01	0.2441E-20
0.2498E-01	0.3803E-20
0.2603E-01	0.5866E-20
0.2718E-01	0.8949E-20
0.2845E-01	0.1355E-19
0.2981E-01	0.2030E-19
0.3122E-01	0.3013E-19
0.3270E-01	0.4432E-19
0.3425E-01	0.6459E-19
0.3600E-01	0.9339E-19
0.3782E-01	0.1340E-18
0.3982E-01	0.1907E-18
0.4198E-01	0.2694E-18
0.4426E-01	0.3778E-18
0.4665E-01	0.5258E-18
0.4921E-01	0.7260E-18
0.5208E-01	0.9973E-18
0.5515E-01	0.1362E-17
0.5836E-01	0.1846E-17
0.6181E-01	0.2487E-17
0.6565E-01	0.3336E-17
0.6976E-01	0.4451E-17
0.7409E-01	0.5903E-17
0.7891E-01	0.7800E-17
0.8394E-01	0.1025E-16
0.8947E-01	0.1341E-16
0.9548E-01	0.1750E-16
0.1018	0.2272E-16
0.1087	0.2940E-16
0.1161	0.3793E-16
0.1240	0.4877E-16
0.1325	0.6252E-16
0.1415	0.7986E-16
0.1511	0.1017E-15
0.1613	0.1292E-15
0.1720	0.1636E-15
0.1834	0.2065E-15
0.1953	0.2598E-15
0.2079	0.3257E-15
0.2211	0.4070E-15
0.2349	0.5068E-15
0.2493	0.6286E-15
0.2643	0.7767E-15
0.2800	0.9561E-15
0.2964	0.1172E-14
0.3134	0.1432E-14
0.3312	0.1741E-14
0.3497	0.2109E-14
0.3689	0.2544E-14
0.3890	0.3056E-14
0.4098	0.3656E-14
0.4316	0.4357E-14
0.4543	0.5170E-14
0.4779	0.6112E-14
0.5026	0.7198E-14
0.5284	0.8443E-14
0.5554	0.9868E-14
0.5837	0.1149E-13
0.6134	0.1333E-13
0.6445	0.1542E-13
0.6771	0.1777E-13
0.7115	0.2041E-13
0.7477	0.2337E-13
0.7859	0.2667E-13
0.8262	0.3035E-13
0.8689	0.3444E-13
0.9140	0.3896E-13
0.9619	0.4395E-13
1.013	0.4945E-13
1.067	0.5549E-13
1.124	0.6210E-13
1.185	0.6932E-13
1.250	0.7718E-13
1.320	0.8572E-13
1.394	0.9496E-13
1.473	0.1049E-12
1.558	0.1157E-12
1.648	0.1273E-12
1.744	0.1396E-12
1.847	0.1528E-12
1.957	0.1669E-12
2.074	0.1818E-12
2.198	0.1976E-12
2.331	0.2143E-12
2.471	0.2318E-12
2.621	0.2502E-12
2.780	0.2695E-12
2.949	0.2895E-12
3.131	0.3104E-12
3.329	0.3321E-12
3.546	0.3546E-12
3.792	0.3780E-12
4.077	0.4022E-12
4.423	0.4271E-12
4.866	0.4529E-12
5.488	0.4796E-12
6.492	0.5070E-12
8.431	0.5349E-12
12.35	0.5623E-12
18.34	0.5889E-12
25.77	0.6152E-12
34.51	0.6416E-12
44.70	0.6682E-12
56.56	0.6949E-12
70.24	0.7217E-12
85.86	0.7485E-12
103.4	0.7750E-12
122.9	0.8016E-12
144.3	0.8279E-12
167.5	0.8540E-12
192.3	0.8799E-12
218.7	0.9056E-12
246.5	0.9310E-12
275.7	0.9562E-12
306.1	0.9812E-12
337.8	0.1006E-11
370.6	0.1030E-11
404.6	0.1055E-11
439.5	0.1079E-11
475.6	0.1102E-11
512.8	0.1126E-11
550.9	0.1149E-11
590.2	0.1172E-11
630.4	0.1194E-11
671.6	0.1217E-11
713.6	0.1239E-11
756.8	0.1260E-11
801.0	0.1282E-11
846.2	0.1303E-11
892.4	0.1323E-11
939.5	0.1344E-11
987.8	0.1364E-11
1037.	0.1383E-11
1087.	0.1403E-11
1139.	0.1422E-11
1191.	0.1440E-11
1245.	0.1459E-11
1299.	0.1477E-11
1355.	0.1494E-11
1412.	0.1511E-11
1470.	0.1528E-11
1529.	0.1545E-11
1589.	0.1561E-11
1651.	0.1577E-11
1713.	0.1592E-11
1777.	0.1607E-11
1842.	0.1621E-11
1909.	0.1636E-11
1976.	0.1649E-11
2045.	0.1663E-11
2116.	0.1676E-11
2187.	0.1689E-11
2260.	0.1701E-11
2334.	0.1713E-11
2410.	0.1724E-11
2487.	0.1735E-11
2565.	0.1746E-11
2645.	0.1756E-11
2726.	0.1766E-11
2808.	0.1776E-11
2892.	0.1785E-11
2978.	0.1793E-11
3065.	0.1802E-11
3153.	0.1810E-11
3243.	0.1817E-11
3334.	0.1824E-11
3427.	0.1831E-11
3522.	0.1837E-11
3617.	0.1843E-11
3715.	0.1849E-11
3814.	0.1854E-11
3914.	0.1859E-11
4017.	0.1863E-11
4120.	0.1867E-11
4225.	0.1871E-11
4332.	0.1874E-11
4441.	0.1877E-11
4551.	0.1880E-11
4662.	0.1882E-11
4775.	0.1884E-11
 
 
C98   Ar(2p9)    Ionization    2.69 eV                          
E/N (Td)	Rate coefficient (m3/s)
0.1256E-01	0.4609E-25
0.1291E-01	0.1571E-24
0.1327E-01	0.4463E-24
0.1366E-01	0.1137E-23
0.1408E-01	0.6468E-23
0.1450E-01	0.1164E-22
0.1495E-01	0.2065E-22
0.1542E-01	0.3617E-22
0.1593E-01	0.6255E-22
0.1648E-01	0.1067E-21
0.1705E-01	0.1798E-21
0.1766E-01	0.2991E-21
0.1829E-01	0.4917E-21
0.1896E-01	0.7989E-21
0.1965E-01	0.1282E-20
0.2040E-01	0.2036E-20
0.2121E-01	0.3200E-20
0.2208E-01	0.4972E-20
0.2300E-01	0.7653E-20
0.2397E-01	0.1165E-19
0.2498E-01	0.1757E-19
0.2603E-01	0.2624E-19
0.2718E-01	0.3879E-19
0.2845E-01	0.5694E-19
0.2981E-01	0.8279E-19
0.3122E-01	0.1193E-18
0.3270E-01	0.1705E-18
0.3425E-01	0.2416E-18
0.3600E-01	0.3398E-18
0.3782E-01	0.4747E-18
0.3982E-01	0.6577E-18
0.4198E-01	0.9056E-18
0.4426E-01	0.1238E-17
0.4665E-01	0.1681E-17
0.4921E-01	0.2265E-17
0.5208E-01	0.3038E-17
0.5515E-01	0.4053E-17
0.5836E-01	0.5370E-17
0.6181E-01	0.7074E-17
0.6565E-01	0.9281E-17
0.6976E-01	0.1212E-16
0.7409E-01	0.1573E-16
0.7891E-01	0.2036E-16
0.8394E-01	0.2620E-16
0.8947E-01	0.3361E-16
0.9548E-01	0.4297E-16
0.1018	0.5471E-16
0.1087	0.6943E-16
0.1161	0.8787E-16
0.1240	0.1109E-15
0.1325	0.1395E-15
0.1415	0.1749E-15
0.1511	0.2188E-15
0.1613	0.2729E-15
0.1720	0.3394E-15
0.1834	0.4209E-15
0.1953	0.5205E-15
0.2079	0.6416E-15
0.2211	0.7883E-15
0.2349	0.9654E-15
0.2493	0.1178E-14
0.2643	0.1433E-14
0.2800	0.1737E-14
0.2964	0.2097E-14
0.3134	0.2523E-14
0.3312	0.3025E-14
0.3497	0.3612E-14
0.3689	0.4297E-14
0.3890	0.5092E-14
0.4098	0.6013E-14
0.4316	0.7073E-14
0.4543	0.8290E-14
0.4779	0.9681E-14
0.5026	0.1127E-13
0.5284	0.1306E-13
0.5554	0.1510E-13
0.5837	0.1739E-13
0.6134	0.1996E-13
0.6445	0.2284E-13
0.6771	0.2605E-13
0.7115	0.2963E-13
0.7477	0.3359E-13
0.7859	0.3798E-13
0.8262	0.4282E-13
0.8689	0.4815E-13
0.9140	0.5399E-13
0.9619	0.6039E-13
1.013	0.6737E-13
1.067	0.7497E-13
1.124	0.8323E-13
1.185	0.9217E-13
1.250	0.1018E-12
1.320	0.1122E-12
1.394	0.1234E-12
1.473	0.1354E-12
1.558	0.1483E-12
1.648	0.1619E-12
1.744	0.1765E-12
1.847	0.1919E-12
1.957	0.2083E-12
2.074	0.2255E-12
2.198	0.2436E-12
2.331	0.2626E-12
2.471	0.2825E-12
2.621	0.3032E-12
2.780	0.3247E-12
2.949	0.3471E-12
3.131	0.3703E-12
3.329	0.3943E-12
3.546	0.4190E-12
3.792	0.4446E-12
4.077	0.4709E-12
4.423	0.4979E-12
4.866	0.5257E-12
5.488	0.5542E-12
6.492	0.5833E-12
8.431	0.6126E-12
12.35	0.6413E-12
18.34	0.6691E-12
25.77	0.6968E-12
34.51	0.7246E-12
44.70	0.7525E-12
56.56	0.7804E-12
70.24	0.8083E-12
85.86	0.8361E-12
103.4	0.8636E-12
122.9	0.8910E-12
144.3	0.9181E-12
167.5	0.9450E-12
192.3	0.9715E-12
218.7	0.9978E-12
246.5	0.1024E-11
275.7	0.1049E-11
306.1	0.1075E-11
337.8	0.1100E-11
370.6	0.1125E-11
404.6	0.1149E-11
439.5	0.1173E-11
475.6	0.1197E-11
512.8	0.1221E-11
550.9	0.1244E-11
590.2	0.1267E-11
630.4	0.1290E-11
671.6	0.1312E-11
713.6	0.1334E-11
756.8	0.1356E-11
801.0	0.1377E-11
846.2	0.1398E-11
892.4	0.1418E-11
939.5	0.1439E-11
987.8	0.1458E-11
1037.	0.1478E-11
1087.	0.1497E-11
1139.	0.1515E-11
1191.	0.1534E-11
1245.	0.1552E-11
1299.	0.1569E-11
1355.	0.1586E-11
1412.	0.1603E-11
1470.	0.1619E-11
1529.	0.1635E-11
1589.	0.1651E-11
1651.	0.1666E-11
1713.	0.1681E-11
1777.	0.1695E-11
1842.	0.1709E-11
1909.	0.1723E-11
1976.	0.1736E-11
2045.	0.1749E-11
2116.	0.1761E-11
2187.	0.1773E-11
2260.	0.1785E-11
2334.	0.1796E-11
2410.	0.1807E-11
2487.	0.1817E-11
2565.	0.1827E-11
2645.	0.1837E-11
2726.	0.1846E-11
2808.	0.1855E-11
2892.	0.1863E-11
2978.	0.1871E-11
3065.	0.1879E-11
3153.	0.1886E-11
3243.	0.1893E-11
3334.	0.1899E-11
3427.	0.1905E-11
3522.	0.1910E-11
3617.	0.1915E-11
3715.	0.1920E-11
3814.	0.1925E-11
3914.	0.1929E-11
4017.	0.1932E-11
4120.	0.1935E-11
4225.	0.1938E-11
4332.	0.1941E-11
4441.	0.1943E-11
4551.	0.1945E-11
4662.	0.1946E-11
4775.	0.1947E-11
 
 
C99   Ar(2p8)    Ionization    2.67 eV                          
E/N (Td)	Rate coefficient (m3/s)
0.1256E-01	0.1031E-24
0.1291E-01	0.2963E-24
0.1327E-01	0.7579E-24
0.1366E-01	0.1791E-23
0.1408E-01	0.8365E-23
0.1450E-01	0.1496E-22
0.1495E-01	0.2640E-22
0.1542E-01	0.4599E-22
0.1593E-01	0.7910E-22
0.1648E-01	0.1342E-21
0.1705E-01	0.2251E-21
0.1766E-01	0.3725E-21
0.1829E-01	0.6094E-21
0.1896E-01	0.9854E-21
0.1965E-01	0.1575E-20
0.2040E-01	0.2489E-20
0.2121E-01	0.3894E-20
0.2208E-01	0.6025E-20
0.2300E-01	0.9235E-20
0.2397E-01	0.1401E-19
0.2498E-01	0.2103E-19
0.2603E-01	0.3129E-19
0.2718E-01	0.4608E-19
0.2845E-01	0.6738E-19
0.2981E-01	0.9762E-19
0.3122E-01	0.1402E-18
0.3270E-01	0.1997E-18
0.3425E-01	0.2820E-18
0.3600E-01	0.3953E-18
0.3782E-01	0.5504E-18
0.3982E-01	0.7602E-18
0.4198E-01	0.1043E-17
0.4426E-01	0.1422E-17
0.4665E-01	0.1925E-17
0.4921E-01	0.2587E-17
0.5208E-01	0.3460E-17
0.5515E-01	0.4603E-17
0.5836E-01	0.6083E-17
0.6181E-01	0.7992E-17
0.6565E-01	0.1046E-16
0.6976E-01	0.1362E-16
0.7409E-01	0.1764E-16
0.7891E-01	0.2277E-16
0.8394E-01	0.2924E-16
0.8947E-01	0.3741E-16
0.9548E-01	0.4772E-16
0.1018	0.6062E-16
0.1087	0.7675E-16
0.1161	0.9692E-16
0.1240	0.1220E-15
0.1325	0.1532E-15
0.1415	0.1917E-15
0.1511	0.2392E-15
0.1613	0.2978E-15
0.1720	0.3696E-15
0.1834	0.4574E-15
0.1953	0.5644E-15
0.2079	0.6944E-15
0.2211	0.8515E-15
0.2349	0.1041E-14
0.2493	0.1268E-14
0.2643	0.1539E-14
0.2800	0.1862E-14
0.2964	0.2245E-14
0.3134	0.2696E-14
0.3312	0.3226E-14
0.3497	0.3846E-14
0.3689	0.4568E-14
0.3890	0.5406E-14
0.4098	0.6373E-14
0.4316	0.7486E-14
0.4543	0.8761E-14
0.4779	0.1022E-13
0.5026	0.1187E-13
0.5284	0.1375E-13
0.5554	0.1587E-13
0.5837	0.1825E-13
0.6134	0.2092E-13
0.6445	0.2392E-13
0.6771	0.2725E-13
0.7115	0.3095E-13
0.7477	0.3506E-13
0.7859	0.3959E-13
0.8262	0.4459E-13
0.8689	0.5008E-13
0.9140	0.5611E-13
0.9619	0.6269E-13
1.013	0.6987E-13
1.067	0.7768E-13
1.124	0.8615E-13
1.185	0.9532E-13
1.250	0.1052E-12
1.320	0.1159E-12
1.394	0.1273E-12
1.473	0.1396E-12
1.558	0.1527E-12
1.648	0.1666E-12
1.744	0.1815E-12
1.847	0.1972E-12
1.957	0.2138E-12
2.074	0.2313E-12
2.198	0.2497E-12
2.331	0.2690E-12
2.471	0.2892E-12
2.621	0.3102E-12
2.780	0.3320E-12
2.949	0.3547E-12
3.131	0.3781E-12
3.329	0.4024E-12
3.546	0.4274E-12
3.792	0.4532E-12
4.077	0.4798E-12
4.423	0.5071E-12
4.866	0.5351E-12
5.488	0.5638E-12
6.492	0.5932E-12
8.431	0.6226E-12
12.35	0.6514E-12
18.34	0.6794E-12
25.77	0.7073E-12
34.51	0.7352E-12
44.70	0.7633E-12
56.56	0.7914E-12
70.24	0.8194E-12
85.86	0.8473E-12
103.4	0.8749E-12
122.9	0.9024E-12
144.3	0.9296E-12
167.5	0.9565E-12
192.3	0.9831E-12
218.7	0.1009E-11
246.5	0.1035E-11
275.7	0.1061E-11
306.1	0.1087E-11
337.8	0.1112E-11
370.6	0.1137E-11
404.6	0.1161E-11
439.5	0.1185E-11
475.6	0.1209E-11
512.8	0.1233E-11
550.9	0.1256E-11
590.2	0.1279E-11
630.4	0.1302E-11
671.6	0.1324E-11
713.6	0.1346E-11
756.8	0.1368E-11
801.0	0.1389E-11
846.2	0.1410E-11
892.4	0.1430E-11
939.5	0.1450E-11
987.8	0.1470E-11
1037.	0.1490E-11
1087.	0.1509E-11
1139.	0.1527E-11
1191.	0.1545E-11
1245.	0.1563E-11
1299.	0.1581E-11
1355.	0.1598E-11
1412.	0.1615E-11
1470.	0.1631E-11
1529.	0.1647E-11
1589.	0.1662E-11
1651.	0.1677E-11
1713.	0.1692E-11
1777.	0.1706E-11
1842.	0.1720E-11
1909.	0.1734E-11
1976.	0.1747E-11
2045.	0.1760E-11
2116.	0.1772E-11
2187.	0.1784E-11
2260.	0.1796E-11
2334.	0.1807E-11
2410.	0.1817E-11
2487.	0.1828E-11
2565.	0.1837E-11
2645.	0.1847E-11
2726.	0.1856E-11
2808.	0.1865E-11
2892.	0.1873E-11
2978.	0.1881E-11
3065.	0.1888E-11
3153.	0.1895E-11
3243.	0.1902E-11
3334.	0.1908E-11
3427.	0.1914E-11
3522.	0.1919E-11
3617.	0.1924E-11
3715.	0.1929E-11
3814.	0.1933E-11
3914.	0.1937E-11
4017.	0.1941E-11
4120.	0.1944E-11
4225.	0.1946E-11
4332.	0.1949E-11
4441.	0.1951E-11
4551.	0.1952E-11
4662.	0.1954E-11
4775.	0.1955E-11
 
 
C100  Ar(2p7)    Ionization    2.61 eV                          
E/N (Td)	Rate coefficient (m3/s)
0.1256E-01	0.5079E-24
0.1291E-01	0.1176E-23
0.1327E-01	0.2566E-23
0.1366E-01	0.5354E-23
0.1408E-01	0.1715E-22
0.1450E-01	0.3021E-22
0.1495E-01	0.5252E-22
0.1542E-01	0.9014E-22
0.1593E-01	0.1528E-21
0.1648E-01	0.2556E-21
0.1705E-01	0.4228E-21
0.1766E-01	0.6906E-21
0.1829E-01	0.1115E-20
0.1896E-01	0.1780E-20
0.1965E-01	0.2809E-20
0.2040E-01	0.4386E-20
0.2121E-01	0.6780E-20
0.2208E-01	0.1037E-19
0.2300E-01	0.1571E-19
0.2397E-01	0.2356E-19
0.2498E-01	0.3500E-19
0.2603E-01	0.5151E-19
0.2718E-01	0.7507E-19
0.2845E-01	0.1087E-18
0.2981E-01	0.1558E-18
0.3122E-01	0.2216E-18
0.3270E-01	0.3126E-18
0.3425E-01	0.4374E-18
0.3600E-01	0.6076E-18
0.3782E-01	0.8385E-18
0.3982E-01	0.1148E-17
0.4198E-01	0.1562E-17
0.4426E-01	0.2112E-17
0.4665E-01	0.2835E-17
0.4921E-01	0.3779E-17
0.5208E-01	0.5015E-17
0.5515E-01	0.6620E-17
0.5836E-01	0.8682E-17
0.6181E-01	0.1132E-16
0.6565E-01	0.1471E-16
0.6976E-01	0.1902E-16
0.7409E-01	0.2446E-16
0.7891E-01	0.3136E-16
0.8394E-01	0.3999E-16
0.8947E-01	0.5083E-16
0.9548E-01	0.6441E-16
0.1018	0.8129E-16
0.1087	0.1023E-15
0.1161	0.1283E-15
0.1240	0.1605E-15
0.1325	0.2003E-15
0.1415	0.2491E-15
0.1511	0.3090E-15
0.1613	0.3825E-15
0.1720	0.4719E-15
0.1834	0.5806E-15
0.1953	0.7124E-15
0.2079	0.8715E-15
0.2211	0.1063E-14
0.2349	0.1292E-14
0.2493	0.1566E-14
0.2643	0.1891E-14
0.2800	0.2276E-14
0.2964	0.2729E-14
0.3134	0.3262E-14
0.3312	0.3885E-14
0.3497	0.4609E-14
0.3689	0.5450E-14
0.3890	0.6420E-14
0.4098	0.7536E-14
0.4316	0.8814E-14
0.4543	0.1027E-13
0.4779	0.1193E-13
0.5026	0.1381E-13
0.5284	0.1593E-13
0.5554	0.1832E-13
0.5837	0.2099E-13
0.6134	0.2398E-13
0.6445	0.2731E-13
0.6771	0.3102E-13
0.7115	0.3512E-13
0.7477	0.3965E-13
0.7859	0.4463E-13
0.8262	0.5011E-13
0.8689	0.5612E-13
0.9140	0.6268E-13
0.9619	0.6984E-13
1.013	0.7761E-13
1.067	0.8605E-13
1.124	0.9518E-13
1.185	0.1050E-12
1.250	0.1156E-12
1.320	0.1270E-12
1.394	0.1392E-12
1.473	0.1523E-12
1.558	0.1662E-12
1.648	0.1810E-12
1.744	0.1966E-12
1.847	0.2132E-12
1.957	0.2307E-12
2.074	0.2490E-12
2.198	0.2683E-12
2.331	0.2884E-12
2.471	0.3095E-12
2.621	0.3313E-12
2.780	0.3541E-12
2.949	0.3776E-12
3.131	0.4019E-12
3.329	0.4269E-12
3.546	0.4527E-12
3.792	0.4793E-12
4.077	0.5067E-12
4.423	0.5347E-12
4.866	0.5634E-12
5.488	0.5928E-12
6.492	0.6227E-12
8.431	0.6526E-12
12.35	0.6818E-12
18.34	0.7102E-12
25.77	0.7386E-12
34.51	0.7670E-12
44.70	0.7955E-12
56.56	0.8240E-12
70.24	0.8524E-12
85.86	0.8806E-12
103.4	0.9086E-12
122.9	0.9363E-12
144.3	0.9638E-12
167.5	0.9909E-12
192.3	0.1018E-11
218.7	0.1044E-11
246.5	0.1070E-11
275.7	0.1096E-11
306.1	0.1122E-11
337.8	0.1147E-11
370.6	0.1172E-11
404.6	0.1197E-11
439.5	0.1221E-11
475.6	0.1245E-11
512.8	0.1269E-11
550.9	0.1292E-11
590.2	0.1315E-11
630.4	0.1338E-11
671.6	0.1360E-11
713.6	0.1382E-11
756.8	0.1403E-11
801.0	0.1424E-11
846.2	0.1445E-11
892.4	0.1466E-11
939.5	0.1486E-11
987.8	0.1505E-11
1037.	0.1524E-11
1087.	0.1543E-11
1139.	0.1562E-11
1191.	0.1580E-11
1245.	0.1598E-11
1299.	0.1615E-11
1355.	0.1632E-11
1412.	0.1648E-11
1470.	0.1664E-11
1529.	0.1680E-11
1589.	0.1696E-11
1651.	0.1710E-11
1713.	0.1725E-11
1777.	0.1739E-11
1842.	0.1753E-11
1909.	0.1766E-11
1976.	0.1779E-11
2045.	0.1791E-11
2116.	0.1803E-11
2187.	0.1815E-11
2260.	0.1826E-11
2334.	0.1837E-11
2410.	0.1848E-11
2487.	0.1858E-11
2565.	0.1867E-11
2645.	0.1876E-11
2726.	0.1885E-11
2808.	0.1894E-11
2892.	0.1901E-11
2978.	0.1909E-11
3065.	0.1916E-11
3153.	0.1923E-11
3243.	0.1929E-11
3334.	0.1935E-11
3427.	0.1941E-11
3522.	0.1946E-11
3617.	0.1951E-11
3715.	0.1955E-11
3814.	0.1959E-11
3914.	0.1962E-11
4017.	0.1966E-11
4120.	0.1968E-11
4225.	0.1971E-11
4332.	0.1973E-11
4441.	0.1975E-11
4551.	0.1976E-11
4662.	0.1977E-11
4775.	0.1978E-11
 
 
C101  Ar(2p6)    Ionization    2.59 eV                          
E/N (Td)	Rate coefficient (m3/s)
0.1256E-01	0.7635E-24
0.1291E-01	0.1695E-23
0.1327E-01	0.3579E-23
0.1366E-01	0.7269E-23
0.1408E-01	0.2139E-22
0.1450E-01	0.3751E-22
0.1495E-01	0.6490E-22
0.1542E-01	0.1109E-21
0.1593E-01	0.1872E-21
0.1648E-01	0.3117E-21
0.1705E-01	0.5135E-21
0.1766E-01	0.8352E-21
0.1829E-01	0.1343E-20
0.1896E-01	0.2135E-20
0.1965E-01	0.3357E-20
0.2040E-01	0.5221E-20
0.2121E-01	0.8042E-20
0.2208E-01	0.1225E-19
0.2300E-01	0.1850E-19
0.2397E-01	0.2765E-19
0.2498E-01	0.4093E-19
0.2603E-01	0.6004E-19
0.2718E-01	0.8723E-19
0.2845E-01	0.1259E-18
0.2981E-01	0.1800E-18
0.3122E-01	0.2552E-18
0.3270E-01	0.3589E-18
0.3425E-01	0.5006E-18
0.3600E-01	0.6935E-18
0.3782E-01	0.9544E-18
0.3982E-01	0.1303E-17
0.4198E-01	0.1769E-17
0.4426E-01	0.2384E-17
0.4665E-01	0.3193E-17
0.4921E-01	0.4246E-17
0.5208E-01	0.5621E-17
0.5515E-01	0.7403E-17
0.5836E-01	0.9686E-17
0.6181E-01	0.1260E-16
0.6565E-01	0.1634E-16
0.6976E-01	0.2108E-16
0.7409E-01	0.2705E-16
0.7891E-01	0.3460E-16
0.8394E-01	0.4404E-16
0.8947E-01	0.5586E-16
0.9548E-01	0.7063E-16
0.1018	0.8897E-16
0.1087	0.1117E-15
0.1161	0.1399E-15
0.1240	0.1747E-15
0.1325	0.2175E-15
0.1415	0.2700E-15
0.1511	0.3344E-15
0.1613	0.4131E-15
0.1720	0.5087E-15
0.1834	0.6248E-15
0.1953	0.7653E-15
0.2079	0.9346E-15
0.2211	0.1138E-14
0.2349	0.1381E-14
0.2493	0.1671E-14
0.2643	0.2014E-14
0.2800	0.2421E-14
0.2964	0.2899E-14
0.3134	0.3459E-14
0.3312	0.4113E-14
0.3497	0.4874E-14
0.3689	0.5754E-14
0.3890	0.6770E-14
0.4098	0.7935E-14
0.4316	0.9270E-14
0.4543	0.1079E-13
0.4779	0.1252E-13
0.5026	0.1447E-13
0.5284	0.1667E-13
0.5554	0.1915E-13
0.5837	0.2192E-13
0.6134	0.2501E-13
0.6445	0.2846E-13
0.6771	0.3228E-13
0.7115	0.3651E-13
0.7477	0.4118E-13
0.7859	0.4632E-13
0.8262	0.5196E-13
0.8689	0.5813E-13
0.9140	0.6487E-13
0.9619	0.7221E-13
1.013	0.8018E-13
1.067	0.8882E-13
1.124	0.9816E-13
1.185	0.1082E-12
1.250	0.1191E-12
1.320	0.1307E-12
1.394	0.1432E-12
1.473	0.1564E-12
1.558	0.1706E-12
1.648	0.1856E-12
1.744	0.2016E-12
1.847	0.2184E-12
1.957	0.2361E-12
2.074	0.2548E-12
2.198	0.2743E-12
2.331	0.2948E-12
2.471	0.3161E-12
2.621	0.3382E-12
2.780	0.3612E-12
2.949	0.3850E-12
3.131	0.4095E-12
3.329	0.4348E-12
3.546	0.4609E-12
3.792	0.4878E-12
4.077	0.5153E-12
4.423	0.5436E-12
4.866	0.5725E-12
5.488	0.6020E-12
6.492	0.6322E-12
8.431	0.6622E-12
12.35	0.6916E-12
18.34	0.7201E-12
25.77	0.7486E-12
34.51	0.7771E-12
44.70	0.8058E-12
56.56	0.8344E-12
70.24	0.8629E-12
85.86	0.8913E-12
103.4	0.9193E-12
122.9	0.9472E-12
144.3	0.9747E-12
167.5	0.1002E-11
192.3	0.1029E-11
218.7	0.1055E-11
246.5	0.1082E-11
275.7	0.1108E-11
306.1	0.1133E-11
337.8	0.1158E-11
370.6	0.1183E-11
404.6	0.1208E-11
439.5	0.1232E-11
475.6	0.1256E-11
512.8	0.1280E-11
550.9	0.1303E-11
590.2	0.1326E-11
630.4	0.1349E-11
671.6	0.1371E-11
713.6	0.1393E-11
756.8	0.1414E-11
801.0	0.1436E-11
846.2	0.1456E-11
892.4	0.1477E-11
939.5	0.1497E-11
987.8	0.1516E-11
1037.	0.1536E-11
1087.	0.1554E-11
1139.	0.1573E-11
1191.	0.1591E-11
1245.	0.1608E-11
1299.	0.1626E-11
1355.	0.1643E-11
1412.	0.1659E-11
1470.	0.1675E-11
1529.	0.1691E-11
1589.	0.1706E-11
1651.	0.1721E-11
1713.	0.1735E-11
1777.	0.1749E-11
1842.	0.1763E-11
1909.	0.1776E-11
1976.	0.1789E-11
2045.	0.1801E-11
2116.	0.1813E-11
2187.	0.1825E-11
2260.	0.1836E-11
2334.	0.1847E-11
2410.	0.1857E-11
2487.	0.1867E-11
2565.	0.1877E-11
2645.	0.1886E-11
2726.	0.1894E-11
2808.	0.1903E-11
2892.	0.1911E-11
2978.	0.1918E-11
3065.	0.1925E-11
3153.	0.1932E-11
3243.	0.1938E-11
3334.	0.1944E-11
3427.	0.1949E-11
3522.	0.1954E-11
3617.	0.1959E-11
3715.	0.1963E-11
3814.	0.1967E-11
3914.	0.1970E-11
4017.	0.1974E-11
4120.	0.1976E-11
4225.	0.1979E-11
4332.	0.1981E-11
4441.	0.1982E-11
4551.	0.1983E-11
4662.	0.1984E-11
4775.	0.1985E-11
 
 
C102  Ar(2p5)    Ionization    2.49 eV                          
E/N (Td)	Rate coefficient (m3/s)
0.1256E-01	0.5094E-23
0.1291E-01	0.9826E-23
0.1327E-01	0.1846E-22
0.1366E-01	0.3395E-22
0.1408E-01	0.7334E-22
0.1450E-01	0.1252E-21
0.1495E-01	0.2111E-21
0.1542E-01	0.3517E-21
0.1593E-01	0.5791E-21
0.1648E-01	0.9416E-21
0.1705E-01	0.1515E-20
0.1766E-01	0.2407E-20
0.1829E-01	0.3785E-20
0.1896E-01	0.5886E-20
0.1965E-01	0.9056E-20
0.2040E-01	0.1379E-19
0.2121E-01	0.2081E-19
0.2208E-01	0.3107E-19
0.2300E-01	0.4600E-19
0.2397E-01	0.6744E-19
0.2498E-01	0.9798E-19
0.2603E-01	0.1411E-18
0.2718E-01	0.2014E-18
0.2845E-01	0.2854E-18
0.2981E-01	0.4012E-18
0.3122E-01	0.5594E-18
0.3270E-01	0.7740E-18
0.3425E-01	0.1063E-17
0.3600E-01	0.1449E-17
0.3782E-01	0.1964E-17
0.3982E-01	0.2642E-17
0.4198E-01	0.3533E-17
0.4426E-01	0.4696E-17
0.4665E-01	0.6200E-17
0.4921E-01	0.8134E-17
0.5208E-01	0.1062E-16
0.5515E-01	0.1381E-16
0.5836E-01	0.1783E-16
0.6181E-01	0.2291E-16
0.6565E-01	0.2933E-16
0.6976E-01	0.3739E-16
0.7409E-01	0.4741E-16
0.7891E-01	0.5994E-16
0.8394E-01	0.7541E-16
0.8947E-01	0.9456E-16
0.9548E-01	0.1182E-15
0.1018	0.1473E-15
0.1087	0.1830E-15
0.1161	0.2267E-15
0.1240	0.2800E-15
0.1325	0.3450E-15
0.1415	0.4239E-15
0.1511	0.5196E-15
0.1613	0.6353E-15
0.1720	0.7747E-15
0.1834	0.9421E-15
0.1953	0.1143E-14
0.2079	0.1382E-14
0.2211	0.1667E-14
0.2349	0.2005E-14
0.2493	0.2403E-14
0.2643	0.2872E-14
0.2800	0.3421E-14
0.2964	0.4062E-14
0.3134	0.4807E-14
0.3312	0.5669E-14
0.3497	0.6663E-14
0.3689	0.7806E-14
0.3890	0.9113E-14
0.4098	0.1060E-13
0.4316	0.1230E-13
0.4543	0.1421E-13
0.4779	0.1637E-13
0.5026	0.1880E-13
0.5284	0.2152E-13
0.5554	0.2456E-13
0.5837	0.2794E-13
0.6134	0.3169E-13
0.6445	0.3584E-13
0.6771	0.4042E-13
0.7115	0.4546E-13
0.7477	0.5099E-13
0.7859	0.5704E-13
0.8262	0.6365E-13
0.8689	0.7084E-13
0.9140	0.7866E-13
0.9619	0.8713E-13
1.013	0.9629E-13
1.067	0.1062E-12
1.124	0.1168E-12
1.185	0.1282E-12
1.250	0.1404E-12
1.320	0.1535E-12
1.394	0.1674E-12
1.473	0.1822E-12
1.558	0.1978E-12
1.648	0.2144E-12
1.744	0.2319E-12
1.847	0.2504E-12
1.957	0.2697E-12
2.074	0.2900E-12
2.198	0.3111E-12
2.331	0.3332E-12
2.471	0.3561E-12
2.621	0.3798E-12
2.780	0.4043E-12
2.949	0.4296E-12
3.131	0.4557E-12
3.329	0.4825E-12
3.546	0.5100E-12
3.792	0.5383E-12
4.077	0.5672E-12
4.423	0.5968E-12
4.866	0.6269E-12
5.488	0.6576E-12
6.492	0.6887E-12
8.431	0.7196E-12
12.35	0.7496E-12
18.34	0.7789E-12
25.77	0.8082E-12
34.51	0.8376E-12
44.70	0.8670E-12
56.56	0.8963E-12
70.24	0.9255E-12
85.86	0.9544E-12
103.4	0.9830E-12
122.9	0.1011E-11
144.3	0.1039E-11
167.5	0.1067E-11
192.3	0.1094E-11
218.7	0.1121E-11
246.5	0.1147E-11
275.7	0.1173E-11
306.1	0.1199E-11
337.8	0.1225E-11
370.6	0.1250E-11
404.6	0.1275E-11
439.5	0.1299E-11
475.6	0.1323E-11
512.8	0.1347E-11
550.9	0.1370E-11
590.2	0.1393E-11
630.4	0.1415E-11
671.6	0.1438E-11
713.6	0.1459E-11
756.8	0.1481E-11
801.0	0.1502E-11
846.2	0.1522E-11
892.4	0.1542E-11
939.5	0.1562E-11
987.8	0.1581E-11
1037.	0.1600E-11
1087.	0.1619E-11
1139.	0.1637E-11
1191.	0.1655E-11
1245.	0.1672E-11
1299.	0.1689E-11
1355.	0.1706E-11
1412.	0.1722E-11
1470.	0.1737E-11
1529.	0.1753E-11
1589.	0.1767E-11
1651.	0.1782E-11
1713.	0.1796E-11
1777.	0.1809E-11
1842.	0.1823E-11
1909.	0.1835E-11
1976.	0.1848E-11
2045.	0.1860E-11
2116.	0.1871E-11
2187.	0.1882E-11
2260.	0.1893E-11
2334.	0.1903E-11
2410.	0.1913E-11
2487.	0.1922E-11
2565.	0.1931E-11
2645.	0.1940E-11
2726.	0.1948E-11
2808.	0.1956E-11
2892.	0.1963E-11
2978.	0.1970E-11
3065.	0.1976E-11
3153.	0.1983E-11
3243.	0.1988E-11
3334.	0.1993E-11
3427.	0.1998E-11
3522.	0.2003E-11
3617.	0.2007E-11
3715.	0.2011E-11
3814.	0.2014E-11
3914.	0.2017E-11
4017.	0.2019E-11
4120.	0.2021E-11
4225.	0.2023E-11
4332.	0.2025E-11
4441.	0.2026E-11
4551.	0.2026E-11
4662.	0.2027E-11
4775.	0.2027E-11
 
 
C103  Ar(2p4)    Ionization    2.48 eV                          
E/N (Td)	Rate coefficient (m3/s)
0.1256E-01	0.5993E-23
0.1291E-01	0.1146E-22
0.1327E-01	0.2137E-22
0.1366E-01	0.3903E-22
0.1408E-01	0.8265E-22
0.1450E-01	0.1408E-21
0.1495E-01	0.2367E-21
0.1542E-01	0.3934E-21
0.1593E-01	0.6462E-21
0.1648E-01	0.1048E-20
0.1705E-01	0.1682E-20
0.1766E-01	0.2668E-20
0.1829E-01	0.4185E-20
0.1896E-01	0.6494E-20
0.1965E-01	0.9970E-20
0.2040E-01	0.1515E-19
0.2121E-01	0.2282E-19
0.2208E-01	0.3401E-19
0.2300E-01	0.5025E-19
0.2397E-01	0.7353E-19
0.2498E-01	0.1066E-18
0.2603E-01	0.1533E-18
0.2718E-01	0.2184E-18
0.2845E-01	0.3090E-18
0.2981E-01	0.4336E-18
0.3122E-01	0.6036E-18
0.3270E-01	0.8338E-18
0.3425E-01	0.1143E-17
0.3600E-01	0.1556E-17
0.3782E-01	0.2106E-17
0.3982E-01	0.2829E-17
0.4198E-01	0.3778E-17
0.4426E-01	0.5014E-17
0.4665E-01	0.6612E-17
0.4921E-01	0.8662E-17
0.5208E-01	0.1130E-16
0.5515E-01	0.1467E-16
0.5836E-01	0.1892E-16
0.6181E-01	0.2428E-16
0.6565E-01	0.3105E-16
0.6976E-01	0.3952E-16
0.7409E-01	0.5006E-16
0.7891E-01	0.6321E-16
0.8394E-01	0.7944E-16
0.8947E-01	0.9951E-16
0.9548E-01	0.1243E-15
0.1018	0.1547E-15
0.1087	0.1919E-15
0.1161	0.2375E-15
0.1240	0.2931E-15
0.1325	0.3608E-15
0.1415	0.4429E-15
0.1511	0.5423E-15
0.1613	0.6624E-15
0.1720	0.8070E-15
0.1834	0.9804E-15
0.1953	0.1188E-14
0.2079	0.1436E-14
0.2211	0.1730E-14
0.2349	0.2079E-14
0.2493	0.2489E-14
0.2643	0.2972E-14
0.2800	0.3538E-14
0.2964	0.4197E-14
0.3134	0.4963E-14
0.3312	0.5848E-14
0.3497	0.6869E-14
0.3689	0.8041E-14
0.3890	0.9380E-14
0.4098	0.1091E-13
0.4316	0.1264E-13
0.4543	0.1460E-13
0.4779	0.1681E-13
0.5026	0.1929E-13
0.5284	0.2206E-13
0.5554	0.2516E-13
0.5837	0.2861E-13
0.6134	0.3243E-13
0.6445	0.3666E-13
0.6771	0.4132E-13
0.7115	0.4644E-13
0.7477	0.5206E-13
0.7859	0.5821E-13
0.8262	0.6492E-13
0.8689	0.7222E-13
0.9140	0.8015E-13
0.9619	0.8874E-13
1.013	0.9802E-13
1.067	0.1080E-12
1.124	0.1188E-12
1.185	0.1303E-12
1.250	0.1427E-12
1.320	0.1559E-12
1.394	0.1699E-12
1.473	0.1849E-12
1.558	0.2007E-12
1.648	0.2175E-12
1.744	0.2351E-12
1.847	0.2537E-12
1.957	0.2732E-12
2.074	0.2937E-12
2.198	0.3150E-12
2.331	0.3372E-12
2.471	0.3602E-12
2.621	0.3841E-12
2.780	0.4088E-12
2.949	0.4343E-12
3.131	0.4605E-12
3.329	0.4875E-12
3.546	0.5151E-12
3.792	0.5435E-12
4.077	0.5726E-12
4.423	0.6023E-12
4.866	0.6326E-12
5.488	0.6634E-12
6.492	0.6946E-12
8.431	0.7255E-12
12.35	0.7556E-12
18.34	0.7849E-12
25.77	0.8143E-12
34.51	0.8438E-12
44.70	0.8732E-12
56.56	0.9026E-12
70.24	0.9319E-12
85.86	0.9609E-12
103.4	0.9895E-12
122.9	0.1018E-11
144.3	0.1046E-11
167.5	0.1073E-11
192.3	0.1101E-11
218.7	0.1128E-11
246.5	0.1154E-11
275.7	0.1180E-11
306.1	0.1206E-11
337.8	0.1231E-11
370.6	0.1257E-11
404.6	0.1281E-11
439.5	0.1306E-11
475.6	0.1330E-11
512.8	0.1353E-11
550.9	0.1377E-11
590.2	0.1400E-11
630.4	0.1422E-11
671.6	0.1444E-11
713.6	0.1466E-11
756.8	0.1487E-11
801.0	0.1508E-11
846.2	0.1529E-11
892.4	0.1549E-11
939.5	0.1569E-11
987.8	0.1588E-11
1037.	0.1607E-11
1087.	0.1625E-11
1139.	0.1644E-11
1191.	0.1661E-11
1245.	0.1679E-11
1299.	0.1695E-11
1355.	0.1712E-11
1412.	0.1728E-11
1470.	0.1744E-11
1529.	0.1759E-11
1589.	0.1774E-11
1651.	0.1788E-11
1713.	0.1802E-11
1777.	0.1816E-11
1842.	0.1829E-11
1909.	0.1841E-11
1976.	0.1854E-11
2045.	0.1866E-11
2116.	0.1877E-11
2187.	0.1888E-11
2260.	0.1899E-11
2334.	0.1909E-11
2410.	0.1919E-11
2487.	0.1928E-11
2565.	0.1937E-11
2645.	0.1945E-11
2726.	0.1953E-11
2808.	0.1961E-11
2892.	0.1968E-11
2978.	0.1975E-11
3065.	0.1982E-11
3153.	0.1988E-11
3243.	0.1993E-11
3334.	0.1998E-11
3427.	0.2003E-11
3522.	0.2008E-11
3617.	0.2012E-11
3715.	0.2015E-11
3814.	0.2019E-11
3914.	0.2021E-11
4017.	0.2024E-11
4120.	0.2026E-11
4225.	0.2028E-11
4332.	0.2029E-11
4441.	0.2030E-11
4551.	0.2031E-11
4662.	0.2031E-11
4775.	0.2031E-11
 
 
C104  Ar(2p3)    Ionization    2.46 eV                          
E/N (Td)	Rate coefficient (m3/s)
0.1256E-01	0.8016E-23
0.1291E-01	0.1511E-22
0.1327E-01	0.2783E-22
0.1366E-01	0.5028E-22
0.1408E-01	0.1031E-21
0.1450E-01	0.1747E-21
0.1495E-01	0.2925E-21
0.1542E-01	0.4840E-21
0.1593E-01	0.7917E-21
0.1648E-01	0.1279E-20
0.1705E-01	0.2044E-20
0.1766E-01	0.3228E-20
0.1829E-01	0.5044E-20
0.1896E-01	0.7798E-20
0.1965E-01	0.1193E-19
0.2040E-01	0.1806E-19
0.2121E-01	0.2709E-19
0.2208E-01	0.4024E-19
0.2300E-01	0.5925E-19
0.2397E-01	0.8640E-19
0.2498E-01	0.1249E-18
0.2603E-01	0.1789E-18
0.2718E-01	0.2541E-18
0.2845E-01	0.3585E-18
0.2981E-01	0.5015E-18
0.3122E-01	0.6960E-18
0.3270E-01	0.9587E-18
0.3425E-01	0.1310E-17
0.3600E-01	0.1779E-17
0.3782E-01	0.2401E-17
0.3982E-01	0.3216E-17
0.4198E-01	0.4285E-17
0.4426E-01	0.5672E-17
0.4665E-01	0.7460E-17
0.4921E-01	0.9750E-17
0.5208E-01	0.1269E-16
0.5515E-01	0.1643E-16
0.5836E-01	0.2115E-16
0.6181E-01	0.2708E-16
0.6565E-01	0.3454E-16
0.6976E-01	0.4388E-16
0.7409E-01	0.5546E-16
0.7891E-01	0.6988E-16
0.8394E-01	0.8764E-16
0.8947E-01	0.1096E-15
0.9548E-01	0.1366E-15
0.1018	0.1696E-15
0.1087	0.2100E-15
0.1161	0.2594E-15
0.1240	0.3196E-15
0.1325	0.3926E-15
0.1415	0.4810E-15
0.1511	0.5878E-15
0.1613	0.7168E-15
0.1720	0.8716E-15
0.1834	0.1057E-14
0.1953	0.1279E-14
0.2079	0.1543E-14
0.2211	0.1856E-14
0.2349	0.2226E-14
0.2493	0.2661E-14
0.2643	0.3172E-14
0.2800	0.3770E-14
0.2964	0.4465E-14
0.3134	0.5272E-14
0.3312	0.6204E-14
0.3497	0.7276E-14
0.3689	0.8505E-14
0.3890	0.9908E-14
0.4098	0.1150E-13
0.4316	0.1331E-13
0.4543	0.1536E-13
0.4779	0.1766E-13
0.5026	0.2024E-13
0.5284	0.2313E-13
0.5554	0.2634E-13
0.5837	0.2992E-13
0.6134	0.3387E-13
0.6445	0.3825E-13
0.6771	0.4307E-13
0.7115	0.4836E-13
0.7477	0.5416E-13
0.7859	0.6049E-13
0.8262	0.6740E-13
0.8689	0.7491E-13
0.9140	0.8306E-13
0.9619	0.9188E-13
1.013	0.1014E-12
1.067	0.1117E-12
1.124	0.1227E-12
1.185	0.1345E-12
1.250	0.1471E-12
1.320	0.1606E-12
1.394	0.1749E-12
1.473	0.1902E-12
1.558	0.2063E-12
1.648	0.2234E-12
1.744	0.2413E-12
1.847	0.2602E-12
1.957	0.2801E-12
2.074	0.3008E-12
2.198	0.3224E-12
2.331	0.3449E-12
2.471	0.3683E-12
2.621	0.3925E-12
2.780	0.4175E-12
2.949	0.4433E-12
3.131	0.4698E-12
3.329	0.4970E-12
3.546	0.5249E-12
3.792	0.5536E-12
4.077	0.5829E-12
4.423	0.6129E-12
4.866	0.6434E-12
5.488	0.6744E-12
6.492	0.7058E-12
8.431	0.7369E-12
12.35	0.7671E-12
18.34	0.7966E-12
25.77	0.8261E-12
34.51	0.8557E-12
44.70	0.8853E-12
56.56	0.9148E-12
70.24	0.9442E-12
85.86	0.9733E-12
103.4	0.1002E-11
122.9	0.1030E-11
144.3	0.1058E-11
167.5	0.1086E-11
192.3	0.1113E-11
218.7	0.1140E-11
246.5	0.1167E-11
275.7	0.1193E-11
306.1	0.1219E-11
337.8	0.1244E-11
370.6	0.1269E-11
404.6	0.1294E-11
439.5	0.1319E-11
475.6	0.1343E-11
512.8	0.1366E-11
550.9	0.1390E-11
590.2	0.1413E-11
630.4	0.1435E-11
671.6	0.1457E-11
713.6	0.1479E-11
756.8	0.1500E-11
801.0	0.1521E-11
846.2	0.1541E-11
892.4	0.1562E-11
939.5	0.1581E-11
987.8	0.1601E-11
1037.	0.1619E-11
1087.	0.1638E-11
1139.	0.1656E-11
1191.	0.1674E-11
1245.	0.1691E-11
1299.	0.1708E-11
1355.	0.1724E-11
1412.	0.1740E-11
1470.	0.1756E-11
1529.	0.1771E-11
1589.	0.1785E-11
1651.	0.1800E-11
1713.	0.1814E-11
1777.	0.1827E-11
1842.	0.1840E-11
1909.	0.1853E-11
1976.	0.1865E-11
2045.	0.1877E-11
2116.	0.1888E-11
2187.	0.1899E-11
2260.	0.1910E-11
2334.	0.1920E-11
2410.	0.1929E-11
2487.	0.1938E-11
2565.	0.1947E-11
2645.	0.1956E-11
2726.	0.1964E-11
2808.	0.1971E-11
2892.	0.1978E-11
2978.	0.1985E-11
3065.	0.1991E-11
3153.	0.1997E-11
3243.	0.2003E-11
3334.	0.2008E-11
3427.	0.2013E-11
3522.	0.2017E-11
3617.	0.2021E-11
3715.	0.2024E-11
3814.	0.2028E-11
3914.	0.2030E-11
4017.	0.2033E-11
4120.	0.2035E-11
4225.	0.2036E-11
4332.	0.2037E-11
4441.	0.2038E-11
4551.	0.2039E-11
4662.	0.2039E-11
4775.	0.2039E-11
 
 
C105  Ar(2p2)    Ionization    2.43 eV                          
E/N (Td)	Rate coefficient (m3/s)
0.1256E-01	0.1195E-22
0.1291E-01	0.2211E-22
0.1327E-01	0.4006E-22
0.1366E-01	0.7131E-22
0.1408E-01	0.1404E-21
0.1450E-01	0.2364E-21
0.1495E-01	0.3932E-21
0.1542E-01	0.6464E-21
0.1593E-01	0.1051E-20
0.1648E-01	0.1687E-20
0.1705E-01	0.2679E-20
0.1766E-01	0.4207E-20
0.1829E-01	0.6536E-20
0.1896E-01	0.1005E-19
0.1965E-01	0.1528E-19
0.2040E-01	0.2302E-19
0.2121E-01	0.3436E-19
0.2208E-01	0.5077E-19
0.2300E-01	0.7438E-19
0.2397E-01	0.1079E-18
0.2498E-01	0.1553E-18
0.2603E-01	0.2215E-18
0.2718E-01	0.3131E-18
0.2845E-01	0.4398E-18
0.2981E-01	0.6125E-18
0.3122E-01	0.8466E-18
0.3270E-01	0.1161E-17
0.3425E-01	0.1581E-17
0.3600E-01	0.2138E-17
0.3782E-01	0.2875E-17
0.3982E-01	0.3837E-17
0.4198E-01	0.5092E-17
0.4426E-01	0.6717E-17
0.4665E-01	0.8804E-17
0.4921E-01	0.1147E-16
0.5208E-01	0.1487E-16
0.5515E-01	0.1919E-16
0.5836E-01	0.2463E-16
0.6181E-01	0.3143E-16
0.6565E-01	0.3998E-16
0.6976E-01	0.5063E-16
0.7409E-01	0.6380E-16
0.7891E-01	0.8016E-16
0.8394E-01	0.1002E-15
0.8947E-01	0.1250E-15
0.9548E-01	0.1553E-15
0.1018	0.1924E-15
0.1087	0.2376E-15
0.1161	0.2927E-15
0.1240	0.3595E-15
0.1325	0.4406E-15
0.1415	0.5384E-15
0.1511	0.6563E-15
0.1613	0.7983E-15
0.1720	0.9683E-15
0.1834	0.1171E-14
0.1953	0.1414E-14
0.2079	0.1701E-14
0.2211	0.2042E-14
0.2349	0.2443E-14
0.2493	0.2915E-14
0.2643	0.3467E-14
0.2800	0.4111E-14
0.2964	0.4860E-14
0.3134	0.5725E-14
0.3312	0.6724E-14
0.3497	0.7870E-14
0.3689	0.9181E-14
0.3890	0.1068E-13
0.4098	0.1237E-13
0.4316	0.1429E-13
0.4543	0.1646E-13
0.4779	0.1889E-13
0.5026	0.2162E-13
0.5284	0.2466E-13
0.5554	0.2804E-13
0.5837	0.3180E-13
0.6134	0.3595E-13
0.6445	0.4054E-13
0.6771	0.4558E-13
0.7115	0.5111E-13
0.7477	0.5716E-13
0.7859	0.6376E-13
0.8262	0.7095E-13
0.8689	0.7875E-13
0.9140	0.8721E-13
0.9619	0.9635E-13
1.013	0.1062E-12
1.067	0.1168E-12
1.124	0.1282E-12
1.185	0.1404E-12
1.250	0.1534E-12
1.320	0.1673E-12
1.394	0.1820E-12
1.473	0.1977E-12
1.558	0.2142E-12
1.648	0.2317E-12
1.744	0.2501E-12
1.847	0.2694E-12
1.957	0.2897E-12
2.074	0.3108E-12
2.198	0.3329E-12
2.331	0.3559E-12
2.471	0.3796E-12
2.621	0.4043E-12
2.780	0.4297E-12
2.949	0.4558E-12
3.131	0.4828E-12
3.329	0.5104E-12
3.546	0.5387E-12
3.792	0.5677E-12
4.077	0.5974E-12
4.423	0.6277E-12
4.866	0.6585E-12
5.488	0.6898E-12
6.492	0.7214E-12
8.431	0.7527E-12
12.35	0.7831E-12
18.34	0.8127E-12
25.77	0.8425E-12
34.51	0.8723E-12
44.70	0.9021E-12
56.56	0.9318E-12
70.24	0.9613E-12
85.86	0.9905E-12
103.4	0.1019E-11
122.9	0.1048E-11
144.3	0.1076E-11
167.5	0.1104E-11
192.3	0.1131E-11
218.7	0.1158E-11
246.5	0.1185E-11
275.7	0.1211E-11
306.1	0.1237E-11
337.8	0.1262E-11
370.6	0.1287E-11
404.6	0.1312E-11
439.5	0.1337E-11
475.6	0.1361E-11
512.8	0.1384E-11
550.9	0.1408E-11
590.2	0.1430E-11
630.4	0.1453E-11
671.6	0.1475E-11
713.6	0.1497E-11
756.8	0.1518E-11
801.0	0.1539E-11
846.2	0.1559E-11
892.4	0.1579E-11
939.5	0.1599E-11
987.8	0.1618E-11
1037.	0.1637E-11
1087.	0.1655E-11
1139.	0.1673E-11
1191.	0.1691E-11
1245.	0.1708E-11
1299.	0.1725E-11
1355.	0.1741E-11
1412.	0.1757E-11
1470.	0.1772E-11
1529.	0.1787E-11
1589.	0.1802E-11
1651.	0.1816E-11
1713.	0.1830E-11
1777.	0.1843E-11
1842.	0.1856E-11
1909.	0.1869E-11
1976.	0.1881E-11
2045.	0.1892E-11
2116.	0.1903E-11
2187.	0.1914E-11
2260.	0.1925E-11
2334.	0.1935E-11
2410.	0.1944E-11
2487.	0.1953E-11
2565.	0.1962E-11
2645.	0.1970E-11
2726.	0.1978E-11
2808.	0.1985E-11
2892.	0.1992E-11
2978.	0.1999E-11
3065.	0.2005E-11
3153.	0.2011E-11
3243.	0.2016E-11
3334.	0.2021E-11
3427.	0.2026E-11
3522.	0.2030E-11
3617.	0.2034E-11
3715.	0.2037E-11
3814.	0.2040E-11
3914.	0.2043E-11
4017.	0.2045E-11
4120.	0.2047E-11
4225.	0.2048E-11
4332.	0.2049E-11
4441.	0.2050E-11
4551.	0.2050E-11
4662.	0.2050E-11
4775.	0.2050E-11
 
 
C106  Ar(2p1)    Ionization    2.28 eV                          
E/N (Td)	Rate coefficient (m3/s)
0.1256E-01	0.9466E-22
0.1291E-01	0.1632E-21
0.1327E-01	0.2771E-21
0.1366E-01	0.4645E-21
0.1408E-01	0.7967E-21
0.1450E-01	0.1293E-20
0.1495E-01	0.2073E-20
0.1542E-01	0.3290E-20
0.1593E-01	0.5163E-20
0.1648E-01	0.8012E-20
0.1705E-01	0.1231E-19
0.1766E-01	0.1871E-19
0.1829E-01	0.2817E-19
0.1896E-01	0.4198E-19
0.1965E-01	0.6195E-19
0.2040E-01	0.9058E-19
0.2121E-01	0.1313E-18
0.2208E-01	0.1887E-18
0.2300E-01	0.2689E-18
0.2397E-01	0.3798E-18
0.2498E-01	0.5321E-18
0.2603E-01	0.7397E-18
0.2718E-01	0.1020E-17
0.2845E-01	0.1397E-17
0.2981E-01	0.1900E-17
0.3122E-01	0.2566E-17
0.3270E-01	0.3439E-17
0.3425E-01	0.4579E-17
0.3600E-01	0.6059E-17
0.3782E-01	0.7973E-17
0.3982E-01	0.1042E-16
0.4198E-01	0.1355E-16
0.4426E-01	0.1752E-16
0.4665E-01	0.2252E-16
0.4921E-01	0.2877E-16
0.5208E-01	0.3662E-16
0.5515E-01	0.4641E-16
0.5836E-01	0.5848E-16
0.6181E-01	0.7334E-16
0.6565E-01	0.9167E-16
0.6976E-01	0.1141E-15
0.7409E-01	0.1415E-15
0.7891E-01	0.1748E-15
0.8394E-01	0.2151E-15
0.8947E-01	0.2640E-15
0.9548E-01	0.3230E-15
0.1018	0.3940E-15
0.1087	0.4792E-15
0.1161	0.5815E-15
0.1240	0.7038E-15
0.1325	0.8499E-15
0.1415	0.1024E-14
0.1511	0.1230E-14
0.1613	0.1475E-14
0.1720	0.1765E-14
0.1834	0.2106E-14
0.1953	0.2507E-14
0.2079	0.2977E-14
0.2211	0.3526E-14
0.2349	0.4165E-14
0.2493	0.4906E-14
0.2643	0.5763E-14
0.2800	0.6751E-14
0.2964	0.7884E-14
0.3134	0.9180E-14
0.3312	0.1066E-13
0.3497	0.1233E-13
0.3689	0.1423E-13
0.3890	0.1637E-13
0.4098	0.1878E-13
0.4316	0.2148E-13
0.4543	0.2448E-13
0.4779	0.2783E-13
0.5026	0.3155E-13
0.5284	0.3565E-13
0.5554	0.4019E-13
0.5837	0.4517E-13
0.6134	0.5063E-13
0.6445	0.5661E-13
0.6771	0.6313E-13
0.7115	0.7023E-13
0.7477	0.7793E-13
0.7859	0.8627E-13
0.8262	0.9528E-13
0.8689	0.1050E-12
0.9140	0.1154E-12
0.9619	0.1267E-12
1.013	0.1387E-12
1.067	0.1515E-12
1.124	0.1652E-12
1.185	0.1797E-12
1.250	0.1952E-12
1.320	0.2115E-12
1.394	0.2288E-12
1.473	0.2470E-12
1.558	0.2662E-12
1.648	0.2863E-12
1.744	0.3074E-12
1.847	0.3293E-12
1.957	0.3523E-12
2.074	0.3761E-12
2.198	0.4008E-12
2.331	0.4263E-12
2.471	0.4527E-12
2.621	0.4799E-12
2.780	0.5078E-12
2.949	0.5364E-12
3.131	0.5656E-12
3.329	0.5956E-12
3.546	0.6261E-12
3.792	0.6573E-12
4.077	0.6891E-12
4.423	0.7213E-12
4.866	0.7540E-12
5.488	0.7869E-12
6.492	0.8199E-12
8.431	0.8522E-12
12.35	0.8834E-12
18.34	0.9141E-12
25.77	0.9450E-12
34.51	0.9760E-12
44.70	0.1007E-11
56.56	0.1038E-11
70.24	0.1068E-11
85.86	0.1098E-11
103.4	0.1127E-11
122.9	0.1157E-11
144.3	0.1185E-11
167.5	0.1213E-11
192.3	0.1241E-11
218.7	0.1268E-11
246.5	0.1295E-11
275.7	0.1322E-11
306.1	0.1348E-11
337.8	0.1373E-11
370.6	0.1398E-11
404.6	0.1423E-11
439.5	0.1447E-11
475.6	0.1471E-11
512.8	0.1495E-11
550.9	0.1518E-11
590.2	0.1541E-11
630.4	0.1563E-11
671.6	0.1585E-11
713.6	0.1606E-11
756.8	0.1627E-11
801.0	0.1647E-11
846.2	0.1667E-11
892.4	0.1687E-11
939.5	0.1706E-11
987.8	0.1725E-11
1037.	0.1743E-11
1087.	0.1761E-11
1139.	0.1778E-11
1191.	0.1795E-11
1245.	0.1812E-11
1299.	0.1828E-11
1355.	0.1844E-11
1412.	0.1859E-11
1470.	0.1874E-11
1529.	0.1888E-11
1589.	0.1902E-11
1651.	0.1915E-11
1713.	0.1928E-11
1777.	0.1941E-11
1842.	0.1953E-11
1909.	0.1964E-11
1976.	0.1976E-11
2045.	0.1987E-11
2116.	0.1997E-11
2187.	0.2007E-11
2260.	0.2016E-11
2334.	0.2025E-11
2410.	0.2034E-11
2487.	0.2042E-11
2565.	0.2050E-11
2645.	0.2057E-11
2726.	0.2064E-11
2808.	0.2071E-11
2892.	0.2077E-11
2978.	0.2082E-11
3065.	0.2088E-11
3153.	0.2093E-11
3243.	0.2097E-11
3334.	0.2101E-11
3427.	0.2105E-11
3522.	0.2108E-11
3617.	0.2111E-11
3715.	0.2113E-11
3814.	0.2115E-11
3914.	0.2117E-11
4017.	0.2118E-11
4120.	0.2119E-11
4225.	0.2119E-11
4332.	0.2119E-11
4441.	0.2119E-11
4551.	0.2119E-11
4662.	0.2118E-11
4775.	0.2116E-11
 
 
Ar                                                              
E/N (Td)	Inelastic energy loss coefficient (eV m3/s)
0.1256E-01	-0.1460-207
0.1291E-01	-0.1478-207
0.1327E-01	-0.1495-207
0.1366E-01	-0.1513-207
0.1408E-01	-0.1531-207
0.1450E-01	-0.1550-207
0.1495E-01	-0.1568-207
0.1542E-01	-0.1587-207
0.1593E-01	-0.1605-207
0.1648E-01	-0.1624-207
0.1705E-01	-0.1643-207
0.1766E-01	-0.1662-207
0.1829E-01	-0.1681-207
0.1896E-01	-0.1701-207
0.1965E-01	-0.1720-207
0.2040E-01	-0.1740-207
0.2121E-01	-0.1760-207
0.2208E-01	-0.1780-207
0.2300E-01	-0.1800-207
0.2397E-01	-0.1820-207
0.2498E-01	-0.1840-207
0.2603E-01	-0.1861-207
0.2718E-01	-0.1881-207
0.2845E-01	-0.1902-207
0.2981E-01	-0.1923-207
0.3122E-01	-0.1944-207
0.3270E-01	-0.1965-207
0.3425E-01	-0.1986-207
0.3600E-01	-0.2007-207
0.3782E-01	-0.2029-207
0.3982E-01	-0.2050-207
0.4198E-01	-0.2072-207
0.4426E-01	-0.2094-207
0.4665E-01	-0.2115-207
0.4921E-01	-0.2137-207
0.5208E-01	-0.2159-207
0.5515E-01	-0.2181-207
0.5836E-01	-0.2203-207
0.6181E-01	-0.2226-207
0.6565E-01	-0.2248-207
0.6976E-01	-0.2270-207
0.7409E-01	-0.2292-207
0.7891E-01	-0.2315-207
0.8394E-01	-0.2337-207
0.8947E-01	-0.2359-207
0.9548E-01	-0.2381-207
0.1018	-0.2403-207
0.1087	-0.2425-207
0.1161	-0.2447-207
0.1240	-0.2468-207
0.1325	-0.2490-207
0.1415	-0.2511-207
0.1511	-0.2532-207
0.1613	-0.2553-207
0.1720	-0.2573-207
0.1834	-0.2594-207
0.1953	-0.2613-207
0.2079	-0.2633-207
0.2211	-0.2652-207
0.2349	-0.2671-207
0.2493	-0.2689-207
0.2643	-0.2707-207
0.2800	-0.2725-207
0.2964	-0.2742-207
0.3134	-0.2758-207
0.3312	-0.2775-207
0.3497	-0.2791-207
0.3689	-0.2806-207
0.3890	-0.2821-207
0.4098	-0.2835-207
0.4316	-0.2849-207
0.4543	-0.2862-207
0.4779	-0.2875-207
0.5026	-0.2887-207
0.5284	-0.2899-207
0.5554	-0.2910-207
0.5837	-0.2921-207
0.6134	-0.2930-207
0.6445	-0.2940-207
0.6771	-0.2948-207
0.7115	-0.2956-207
0.7477	-0.2964-207
0.7859	-0.2970-207
0.8262	-0.2976-207
0.8689	-0.2982-207
0.9140	-0.2986-207
0.9619	-0.2990-207
1.013	-0.2993-207
1.067	-0.2995-207
1.124	-0.2996-207
1.185	-0.2997-207
1.250	0.2008E-29
1.320	0.1976E-27
1.394	0.1539E-26
1.473	0.1034E-25
1.558	0.6366E-25
1.648	0.3583E-24
1.744	0.1839E-23
1.847	0.8597E-23
1.957	0.3655E-22
2.074	0.1413E-21
2.198	0.4966E-21
2.331	0.1591E-20
2.471	0.4652E-20
2.621	0.1248E-19
2.780	0.3081E-19
2.949	0.7054E-19
3.131	0.1510E-18
3.329	0.3046E-18
3.546	0.5851E-18
3.792	0.1084E-17
4.077	0.1951E-17
4.423	0.3468E-17
4.866	0.6196E-17
5.488	0.1142E-16
6.492	0.2284E-16
8.431	0.5310E-16
12.35	0.1402E-15
18.34	0.3306E-15
25.77	0.6551E-15
34.51	0.1151E-14
44.70	0.1871E-14
56.56	0.2880E-14
70.24	0.4248E-14
85.86	0.6048E-14
103.4	0.8339E-14
122.9	0.1120E-13
144.3	0.1466E-13
167.5	0.1877E-13
192.3	0.2355E-13
218.7	0.2902E-13
246.5	0.3519E-13
275.7	0.4207E-13
306.1	0.4967E-13
337.8	0.5799E-13
370.6	0.6704E-13
404.6	0.7681E-13
439.5	0.8727E-13
475.6	0.9851E-13
512.8	0.1105E-12
550.9	0.1232E-12
590.2	0.1366E-12
630.4	0.1508E-12
671.6	0.1656E-12
713.6	0.1812E-12
756.8	0.1975E-12
801.0	0.2145E-12
846.2	0.2323E-12
892.4	0.2507E-12
939.5	0.2698E-12
987.8	0.2896E-12
1037.	0.3101E-12
1087.	0.3313E-12
1139.	0.3532E-12
1191.	0.3757E-12
1245.	0.3988E-12
1299.	0.4226E-12
1355.	0.4471E-12
1412.	0.4721E-12
1470.	0.4978E-12
1529.	0.5240E-12
1589.	0.5508E-12
1651.	0.5782E-12
1713.	0.6062E-12
1777.	0.6347E-12
1842.	0.6637E-12
1909.	0.6933E-12
1976.	0.7233E-12
2045.	0.7538E-12
2116.	0.7848E-12
2187.	0.8163E-12
2260.	0.8482E-12
2334.	0.8805E-12
2410.	0.9131E-12
2487.	0.9462E-12
2565.	0.9797E-12
2645.	0.1013E-11
2726.	0.1048E-11
2808.	0.1082E-11
2892.	0.1117E-11
2978.	0.1152E-11
3065.	0.1187E-11
3153.	0.1222E-11
3243.	0.1258E-11
3334.	0.1294E-11
3427.	0.1330E-11
3522.	0.1366E-11
3617.	0.1402E-11
3715.	0.1439E-11
3814.	0.1475E-11
3914.	0.1512E-11
4017.	0.1548E-11
4120.	0.1585E-11
4225.	0.1622E-11
4332.	0.1658E-11
4441.	0.1695E-11
4551.	0.1731E-11
4662.	0.1768E-11
4775.	0.1804E-11
 
 
Ar5                                                             
E/N (Td)	Inelastic energy loss coefficient (eV m3/s)
0.1256E-01	0.1112E-13
0.1291E-01	0.1130E-13
0.1327E-01	0.1147E-13
0.1366E-01	0.1164E-13
0.1408E-01	0.1181E-13
0.1450E-01	0.1197E-13
0.1495E-01	0.1213E-13
0.1542E-01	0.1228E-13
0.1593E-01	0.1243E-13
0.1648E-01	0.1258E-13
0.1705E-01	0.1272E-13
0.1766E-01	0.1286E-13
0.1829E-01	0.1300E-13
0.1896E-01	0.1314E-13
0.1965E-01	0.1328E-13
0.2040E-01	0.1342E-13
0.2121E-01	0.1357E-13
0.2208E-01	0.1372E-13
0.2300E-01	0.1387E-13
0.2397E-01	0.1404E-13
0.2498E-01	0.1422E-13
0.2603E-01	0.1442E-13
0.2718E-01	0.1463E-13
0.2845E-01	0.1486E-13
0.2981E-01	0.1513E-13
0.3122E-01	0.1542E-13
0.3270E-01	0.1575E-13
0.3425E-01	0.1612E-13
0.3600E-01	0.1653E-13
0.3782E-01	0.1701E-13
0.3982E-01	0.1754E-13
0.4198E-01	0.1813E-13
0.4426E-01	0.1881E-13
0.4665E-01	0.1957E-13
0.4921E-01	0.2041E-13
0.5208E-01	0.2136E-13
0.5515E-01	0.2243E-13
0.5836E-01	0.2362E-13
0.6181E-01	0.2493E-13
0.6565E-01	0.2640E-13
0.6976E-01	0.2802E-13
0.7409E-01	0.2981E-13
0.7891E-01	0.3180E-13
0.8394E-01	0.3397E-13
0.8947E-01	0.3636E-13
0.9548E-01	0.3899E-13
0.1018	0.4186E-13
0.1087	0.4499E-13
0.1161	0.4841E-13
0.1240	0.5213E-13
0.1325	0.5617E-13
0.1415	0.6055E-13
0.1511	0.6527E-13
0.1613	0.7037E-13
0.1720	0.7585E-13
0.1834	0.8173E-13
0.1953	0.8802E-13
0.2079	0.9472E-13
0.2211	0.1018E-12
0.2349	0.1094E-12
0.2493	0.1174E-12
0.2643	0.1258E-12
0.2800	0.1347E-12
0.2964	0.1439E-12
0.3134	0.1536E-12
0.3312	0.1637E-12
0.3497	0.1742E-12
0.3689	0.1851E-12
0.3890	0.1963E-12
0.4098	0.2080E-12
0.4316	0.2199E-12
0.4543	0.2322E-12
0.4779	0.2448E-12
0.5026	0.2577E-12
0.5284	0.2709E-12
0.5554	0.2844E-12
0.5837	0.2981E-12
0.6134	0.3121E-12
0.6445	0.3263E-12
0.6771	0.3408E-12
0.7115	0.3555E-12
0.7477	0.3704E-12
0.7859	0.3856E-12
0.8262	0.4010E-12
0.8689	0.4166E-12
0.9140	0.4325E-12
0.9619	0.4486E-12
1.013	0.4650E-12
1.067	0.4817E-12
1.124	0.4987E-12
1.185	0.5160E-12
1.250	0.5337E-12
1.320	0.5517E-12
1.394	0.5702E-12
1.473	0.5890E-12
1.558	0.6083E-12
1.648	0.6281E-12
1.744	0.6484E-12
1.847	0.6693E-12
1.957	0.6907E-12
2.074	0.7126E-12
2.198	0.7352E-12
2.331	0.7584E-12
2.471	0.7822E-12
2.621	0.8067E-12
2.780	0.8318E-12
2.949	0.8575E-12
3.131	0.8839E-12
3.329	0.9109E-12
3.546	0.9385E-12
3.792	0.9668E-12
4.077	0.9956E-12
4.423	0.1025E-11
4.866	0.1055E-11
5.488	0.1085E-11
6.492	0.1116E-11
8.431	0.1147E-11
12.35	0.1177E-11
18.34	0.1208E-11
25.77	0.1240E-11
34.51	0.1272E-11
44.70	0.1303E-11
56.56	0.1335E-11
70.24	0.1367E-11
85.86	0.1399E-11
103.4	0.1430E-11
122.9	0.1462E-11
144.3	0.1493E-11
167.5	0.1524E-11
192.3	0.1555E-11
218.7	0.1586E-11
246.5	0.1616E-11
275.7	0.1647E-11
306.1	0.1677E-11
337.8	0.1707E-11
370.6	0.1737E-11
404.6	0.1767E-11
439.5	0.1796E-11
475.6	0.1825E-11
512.8	0.1855E-11
550.9	0.1884E-11
590.2	0.1912E-11
630.4	0.1941E-11
671.6	0.1969E-11
713.6	0.1997E-11
756.8	0.2025E-11
801.0	0.2053E-11
846.2	0.2080E-11
892.4	0.2107E-11
939.5	0.2134E-11
987.8	0.2161E-11
1037.	0.2187E-11
1087.	0.2213E-11
1139.	0.2239E-11
1191.	0.2265E-11
1245.	0.2290E-11
1299.	0.2315E-11
1355.	0.2340E-11
1412.	0.2364E-11
1470.	0.2389E-11
1529.	0.2413E-11
1589.	0.2436E-11
1651.	0.2460E-11
1713.	0.2483E-11
1777.	0.2506E-11
1842.	0.2528E-11
1909.	0.2550E-11
1976.	0.2572E-11
2045.	0.2594E-11
2116.	0.2615E-11
2187.	0.2637E-11
2260.	0.2657E-11
2334.	0.2678E-11
2410.	0.2698E-11
2487.	0.2718E-11
2565.	0.2737E-11
2645.	0.2757E-11
2726.	0.2775E-11
2808.	0.2794E-11
2892.	0.2812E-11
2978.	0.2830E-11
3065.	0.2848E-11
3153.	0.2865E-11
3243.	0.2882E-11
3334.	0.2899E-11
3427.	0.2915E-11
3522.	0.2931E-11
3617.	0.2947E-11
3715.	0.2962E-11
3814.	0.2977E-11
3914.	0.2991E-11
4017.	0.3006E-11
4120.	0.3020E-11
4225.	0.3033E-11
4332.	0.3046E-11
4441.	0.3059E-11
4551.	0.3072E-11
4662.	0.3084E-11
4775.	0.3096E-11
 
 
Ar4                                                             
E/N (Td)	Inelastic energy loss coefficient (eV m3/s)
0.1256E-01	0.6840E-14
0.1291E-01	0.7048E-14
0.1327E-01	0.7255E-14
0.1366E-01	0.7462E-14
0.1408E-01	0.7669E-14
0.1450E-01	0.7876E-14
0.1495E-01	0.8083E-14
0.1542E-01	0.8290E-14
0.1593E-01	0.8497E-14
0.1648E-01	0.8706E-14
0.1705E-01	0.8915E-14
0.1766E-01	0.9127E-14
0.1829E-01	0.9341E-14
0.1896E-01	0.9559E-14
0.1965E-01	0.9781E-14
0.2040E-01	0.1001E-13
0.2121E-01	0.1024E-13
0.2208E-01	0.1049E-13
0.2300E-01	0.1074E-13
0.2397E-01	0.1101E-13
0.2498E-01	0.1130E-13
0.2603E-01	0.1160E-13
0.2718E-01	0.1193E-13
0.2845E-01	0.1228E-13
0.2981E-01	0.1266E-13
0.3122E-01	0.1307E-13
0.3270E-01	0.1352E-13
0.3425E-01	0.1402E-13
0.3600E-01	0.1456E-13
0.3782E-01	0.1516E-13
0.3982E-01	0.1582E-13
0.4198E-01	0.1654E-13
0.4426E-01	0.1734E-13
0.4665E-01	0.1822E-13
0.4921E-01	0.1919E-13
0.5208E-01	0.2026E-13
0.5515E-01	0.2144E-13
0.5836E-01	0.2273E-13
0.6181E-01	0.2415E-13
0.6565E-01	0.2571E-13
0.6976E-01	0.2742E-13
0.7409E-01	0.2928E-13
0.7891E-01	0.3132E-13
0.8394E-01	0.3354E-13
0.8947E-01	0.3596E-13
0.9548E-01	0.3860E-13
0.1018	0.4146E-13
0.1087	0.4456E-13
0.1161	0.4792E-13
0.1240	0.5156E-13
0.1325	0.5549E-13
0.1415	0.5972E-13
0.1511	0.6427E-13
0.1613	0.6915E-13
0.1720	0.7438E-13
0.1834	0.7997E-13
0.1953	0.8592E-13
0.2079	0.9225E-13
0.2211	0.9896E-13
0.2349	0.1061E-12
0.2493	0.1135E-12
0.2643	0.1214E-12
0.2800	0.1297E-12
0.2964	0.1383E-12
0.3134	0.1473E-12
0.3312	0.1567E-12
0.3497	0.1665E-12
0.3689	0.1766E-12
0.3890	0.1870E-12
0.4098	0.1978E-12
0.4316	0.2089E-12
0.4543	0.2203E-12
0.4779	0.2320E-12
0.5026	0.2440E-12
0.5284	0.2563E-12
0.5554	0.2689E-12
0.5837	0.2818E-12
0.6134	0.2949E-12
0.6445	0.3083E-12
0.6771	0.3220E-12
0.7115	0.3359E-12
0.7477	0.3501E-12
0.7859	0.3646E-12
0.8262	0.3793E-12
0.8689	0.3944E-12
0.9140	0.4097E-12
0.9619	0.4254E-12
1.013	0.4414E-12
1.067	0.4577E-12
1.124	0.4744E-12
1.185	0.4915E-12
1.250	0.5091E-12
1.320	0.5271E-12
1.394	0.5455E-12
1.473	0.5645E-12
1.558	0.5839E-12
1.648	0.6039E-12
1.744	0.6245E-12
1.847	0.6457E-12
1.957	0.6675E-12
2.074	0.6899E-12
2.198	0.7130E-12
2.331	0.7367E-12
2.471	0.7611E-12
2.621	0.7862E-12
2.780	0.8119E-12
2.949	0.8382E-12
3.131	0.8652E-12
3.329	0.8928E-12
3.546	0.9211E-12
3.792	0.9501E-12
4.077	0.9796E-12
4.423	0.1010E-11
4.866	0.1040E-11
5.488	0.1071E-11
6.492	0.1103E-11
8.431	0.1134E-11
12.35	0.1165E-11
18.34	0.1197E-11
25.77	0.1228E-11
34.51	0.1261E-11
44.70	0.1293E-11
56.56	0.1325E-11
70.24	0.1357E-11
85.86	0.1389E-11
103.4	0.1421E-11
122.9	0.1453E-11
144.3	0.1484E-11
167.5	0.1516E-11
192.3	0.1547E-11
218.7	0.1578E-11
246.5	0.1609E-11
275.7	0.1640E-11
306.1	0.1670E-11
337.8	0.1701E-11
370.6	0.1731E-11
404.6	0.1761E-11
439.5	0.1790E-11
475.6	0.1820E-11
512.8	0.1849E-11
550.9	0.1879E-11
590.2	0.1908E-11
630.4	0.1936E-11
671.6	0.1965E-11
713.6	0.1993E-11
756.8	0.2021E-11
801.0	0.2049E-11
846.2	0.2076E-11
892.4	0.2104E-11
939.5	0.2131E-11
987.8	0.2157E-11
1037.	0.2184E-11
1087.	0.2210E-11
1139.	0.2236E-11
1191.	0.2262E-11
1245.	0.2287E-11
1299.	0.2313E-11
1355.	0.2338E-11
1412.	0.2362E-11
1470.	0.2387E-11
1529.	0.2411E-11
1589.	0.2435E-11
1651.	0.2458E-11
1713.	0.2481E-11
1777.	0.2504E-11
1842.	0.2527E-11
1909.	0.2549E-11
1976.	0.2571E-11
2045.	0.2593E-11
2116.	0.2615E-11
2187.	0.2636E-11
2260.	0.2657E-11
2334.	0.2677E-11
2410.	0.2698E-11
2487.	0.2717E-11
2565.	0.2737E-11
2645.	0.2756E-11
2726.	0.2775E-11
2808.	0.2794E-11
2892.	0.2813E-11
2978.	0.2831E-11
3065.	0.2848E-11
3153.	0.2866E-11
3243.	0.2883E-11
3334.	0.2899E-11
3427.	0.2916E-11
3522.	0.2932E-11
3617.	0.2948E-11
3715.	0.2963E-11
3814.	0.2978E-11
3914.	0.2993E-11
4017.	0.3007E-11
4120.	0.3021E-11
4225.	0.3035E-11
4332.	0.3048E-11
4441.	0.3061E-11
4551.	0.3074E-11
4662.	0.3086E-11
4775.	0.3098E-11
 
 
Ar3                                                             
E/N (Td)	Inelastic energy loss coefficient (eV m3/s)
0.1256E-01	0.1224E-13
0.1291E-01	0.1247E-13
0.1327E-01	0.1270E-13
0.1366E-01	0.1292E-13
0.1408E-01	0.1314E-13
0.1450E-01	0.1335E-13
0.1495E-01	0.1356E-13
0.1542E-01	0.1377E-13
0.1593E-01	0.1396E-13
0.1648E-01	0.1416E-13
0.1705E-01	0.1435E-13
0.1766E-01	0.1454E-13
0.1829E-01	0.1472E-13
0.1896E-01	0.1491E-13
0.1965E-01	0.1509E-13
0.2040E-01	0.1527E-13
0.2121E-01	0.1545E-13
0.2208E-01	0.1564E-13
0.2300E-01	0.1583E-13
0.2397E-01	0.1603E-13
0.2498E-01	0.1623E-13
0.2603E-01	0.1644E-13
0.2718E-01	0.1667E-13
0.2845E-01	0.1692E-13
0.2981E-01	0.1718E-13
0.3122E-01	0.1746E-13
0.3270E-01	0.1777E-13
0.3425E-01	0.1811E-13
0.3600E-01	0.1849E-13
0.3782E-01	0.1890E-13
0.3982E-01	0.1936E-13
0.4198E-01	0.1987E-13
0.4426E-01	0.2043E-13
0.4665E-01	0.2106E-13
0.4921E-01	0.2175E-13
0.5208E-01	0.2252E-13
0.5515E-01	0.2338E-13
0.5836E-01	0.2432E-13
0.6181E-01	0.2536E-13
0.6565E-01	0.2651E-13
0.6976E-01	0.2778E-13
0.7409E-01	0.2917E-13
0.7891E-01	0.3070E-13
0.8394E-01	0.3237E-13
0.8947E-01	0.3421E-13
0.9548E-01	0.3622E-13
0.1018	0.3841E-13
0.1087	0.4079E-13
0.1161	0.4339E-13
0.1240	0.4621E-13
0.1325	0.4927E-13
0.1415	0.5257E-13
0.1511	0.5614E-13
0.1613	0.5998E-13
0.1720	0.6411E-13
0.1834	0.6854E-13
0.1953	0.7327E-13
0.2079	0.7832E-13
0.2211	0.8369E-13
0.2349	0.8939E-13
0.2493	0.9542E-13
0.2643	0.1018E-12
0.2800	0.1085E-12
0.2964	0.1155E-12
0.3134	0.1229E-12
0.3312	0.1305E-12
0.3497	0.1385E-12
0.3689	0.1469E-12
0.3890	0.1555E-12
0.4098	0.1645E-12
0.4316	0.1737E-12
0.4543	0.1833E-12
0.4779	0.1931E-12
0.5026	0.2033E-12
0.5284	0.2137E-12
0.5554	0.2244E-12
0.5837	0.2354E-12
0.6134	0.2467E-12
0.6445	0.2583E-12
0.6771	0.2702E-12
0.7115	0.2823E-12
0.7477	0.2948E-12
0.7859	0.3076E-12
0.8262	0.3208E-12
0.8689	0.3342E-12
0.9140	0.3481E-12
0.9619	0.3623E-12
1.013	0.3770E-12
1.067	0.3920E-12
1.124	0.4075E-12
1.185	0.4235E-12
1.250	0.4400E-12
1.320	0.4570E-12
1.394	0.4746E-12
1.473	0.4927E-12
1.558	0.5115E-12
1.648	0.5309E-12
1.744	0.5509E-12
1.847	0.5716E-12
1.957	0.5931E-12
2.074	0.6152E-12
2.198	0.6381E-12
2.331	0.6617E-12
2.471	0.6860E-12
2.621	0.7111E-12
2.780	0.7369E-12
2.949	0.7634E-12
3.131	0.7906E-12
3.329	0.8185E-12
3.546	0.8471E-12
3.792	0.8765E-12
4.077	0.9065E-12
4.423	0.9372E-12
4.866	0.9684E-12
5.488	0.1000E-11
6.492	0.1032E-11
8.431	0.1064E-11
12.35	0.1096E-11
18.34	0.1128E-11
25.77	0.1160E-11
34.51	0.1193E-11
44.70	0.1225E-11
56.56	0.1258E-11
70.24	0.1291E-11
85.86	0.1323E-11
103.4	0.1355E-11
122.9	0.1387E-11
144.3	0.1419E-11
167.5	0.1451E-11
192.3	0.1483E-11
218.7	0.1514E-11
246.5	0.1545E-11
275.7	0.1576E-11
306.1	0.1607E-11
337.8	0.1638E-11
370.6	0.1668E-11
404.6	0.1698E-11
439.5	0.1728E-11
475.6	0.1758E-11
512.8	0.1788E-11
550.9	0.1817E-11
590.2	0.1847E-11
630.4	0.1876E-11
671.6	0.1904E-11
713.6	0.1933E-11
756.8	0.1961E-11
801.0	0.1989E-11
846.2	0.2017E-11
892.4	0.2044E-11
939.5	0.2072E-11
987.8	0.2099E-11
1037.	0.2125E-11
1087.	0.2152E-11
1139.	0.2178E-11
1191.	0.2204E-11
1245.	0.2230E-11
1299.	0.2255E-11
1355.	0.2280E-11
1412.	0.2305E-11
1470.	0.2330E-11
1529.	0.2354E-11
1589.	0.2378E-11
1651.	0.2402E-11
1713.	0.2426E-11
1777.	0.2449E-11
1842.	0.2472E-11
1909.	0.2494E-11
1976.	0.2517E-11
2045.	0.2539E-11
2116.	0.2560E-11
2187.	0.2582E-11
2260.	0.2603E-11
2334.	0.2624E-11
2410.	0.2644E-11
2487.	0.2664E-11
2565.	0.2684E-11
2645.	0.2704E-11
2726.	0.2723E-11
2808.	0.2742E-11
2892.	0.2760E-11
2978.	0.2779E-11
3065.	0.2797E-11
3153.	0.2814E-11
3243.	0.2831E-11
3334.	0.2848E-11
3427.	0.2865E-11
3522.	0.2881E-11
3617.	0.2897E-11
3715.	0.2913E-11
3814.	0.2928E-11
3914.	0.2943E-11
4017.	0.2958E-11
4120.	0.2972E-11
4225.	0.2986E-11
4332.	0.2999E-11
4441.	0.3012E-11
4551.	0.3025E-11
4662.	0.3038E-11
4775.	0.3050E-11
 
 
Ar2                                                             
E/N (Td)	Inelastic energy loss coefficient (eV m3/s)
0.1256E-01	0.1175E-16
0.1291E-01	0.1552E-16
0.1327E-01	0.2035E-16
0.1366E-01	0.2653E-16
0.1408E-01	0.3438E-16
0.1450E-01	0.4423E-16
0.1495E-01	0.5657E-16
0.1542E-01	0.7193E-16
0.1593E-01	0.9095E-16
0.1648E-01	0.1143E-15
0.1705E-01	0.1429E-15
0.1766E-01	0.1777E-15
0.1829E-01	0.2198E-15
0.1896E-01	0.2704E-15
0.1965E-01	0.3310E-15
0.2040E-01	0.4031E-15
0.2121E-01	0.4888E-15
0.2208E-01	0.5897E-15
0.2300E-01	0.7085E-15
0.2397E-01	0.8472E-15
0.2498E-01	0.1009E-14
0.2603E-01	0.1196E-14
0.2718E-01	0.1411E-14
0.2845E-01	0.1660E-14
0.2981E-01	0.1945E-14
0.3122E-01	0.2269E-14
0.3270E-01	0.2638E-14
0.3425E-01	0.3055E-14
0.3600E-01	0.3526E-14
0.3782E-01	0.4058E-14
0.3982E-01	0.4652E-14
0.4198E-01	0.5319E-14
0.4426E-01	0.6061E-14
0.4665E-01	0.6885E-14
0.4921E-01	0.7797E-14
0.5208E-01	0.8808E-14
0.5515E-01	0.9925E-14
0.5836E-01	0.1115E-13
0.6181E-01	0.1249E-13
0.6565E-01	0.1397E-13
0.6976E-01	0.1558E-13
0.7409E-01	0.1734E-13
0.7891E-01	0.1925E-13
0.8394E-01	0.2133E-13
0.8947E-01	0.2358E-13
0.9548E-01	0.2603E-13
0.1018	0.2867E-13
0.1087	0.3152E-13
0.1161	0.3460E-13
0.1240	0.3791E-13
0.1325	0.4146E-13
0.1415	0.4527E-13
0.1511	0.4935E-13
0.1613	0.5371E-13
0.1720	0.5836E-13
0.1834	0.6330E-13
0.1953	0.6854E-13
0.2079	0.7410E-13
0.2211	0.7997E-13
0.2349	0.8616E-13
0.2493	0.9266E-13
0.2643	0.9949E-13
0.2800	0.1066E-12
0.2964	0.1141E-12
0.3134	0.1219E-12
0.3312	0.1300E-12
0.3497	0.1384E-12
0.3689	0.1472E-12
0.3890	0.1562E-12
0.4098	0.1656E-12
0.4316	0.1753E-12
0.4543	0.1853E-12
0.4779	0.1956E-12
0.5026	0.2062E-12
0.5284	0.2172E-12
0.5554	0.2284E-12
0.5837	0.2400E-12
0.6134	0.2519E-12
0.6445	0.2642E-12
0.6771	0.2768E-12
0.7115	0.2898E-12
0.7477	0.3031E-12
0.7859	0.3169E-12
0.8262	0.3310E-12
0.8689	0.3456E-12
0.9140	0.3606E-12
0.9619	0.3762E-12
1.013	0.3921E-12
1.067	0.4087E-12
1.124	0.4257E-12
1.185	0.4433E-12
1.250	0.4615E-12
1.320	0.4803E-12
1.394	0.4997E-12
1.473	0.5198E-12
1.558	0.5405E-12
1.648	0.5620E-12
1.744	0.5841E-12
1.847	0.6070E-12
1.957	0.6305E-12
2.074	0.6548E-12
2.198	0.6798E-12
2.331	0.7055E-12
2.471	0.7320E-12
2.621	0.7591E-12
2.780	0.7869E-12
2.949	0.8154E-12
3.131	0.8445E-12
3.329	0.8742E-12
3.546	0.9045E-12
3.792	0.9356E-12
4.077	0.9671E-12
4.423	0.9992E-12
4.866	0.1032E-11
5.488	0.1065E-11
6.492	0.1098E-11
8.431	0.1130E-11
12.35	0.1163E-11
18.34	0.1195E-11
25.77	0.1228E-11
34.51	0.1261E-11
44.70	0.1295E-11
56.56	0.1328E-11
70.24	0.1361E-11
85.86	0.1394E-11
103.4	0.1427E-11
122.9	0.1460E-11
144.3	0.1492E-11
167.5	0.1524E-11
192.3	0.1556E-11
218.7	0.1588E-11
246.5	0.1620E-11
275.7	0.1651E-11
306.1	0.1682E-11
337.8	0.1713E-11
370.6	0.1744E-11
404.6	0.1775E-11
439.5	0.1805E-11
475.6	0.1835E-11
512.8	0.1865E-11
550.9	0.1895E-11
590.2	0.1924E-11
630.4	0.1953E-11
671.6	0.1982E-11
713.6	0.2011E-11
756.8	0.2039E-11
801.0	0.2068E-11
846.2	0.2096E-11
892.4	0.2123E-11
939.5	0.2151E-11
987.8	0.2178E-11
1037.	0.2205E-11
1087.	0.2231E-11
1139.	0.2258E-11
1191.	0.2284E-11
1245.	0.2310E-11
1299.	0.2335E-11
1355.	0.2361E-11
1412.	0.2386E-11
1470.	0.2410E-11
1529.	0.2435E-11
1589.	0.2459E-11
1651.	0.2483E-11
1713.	0.2506E-11
1777.	0.2530E-11
1842.	0.2552E-11
1909.	0.2575E-11
1976.	0.2598E-11
2045.	0.2620E-11
2116.	0.2641E-11
2187.	0.2663E-11
2260.	0.2684E-11
2334.	0.2705E-11
2410.	0.2726E-11
2487.	0.2746E-11
2565.	0.2766E-11
2645.	0.2785E-11
2726.	0.2805E-11
2808.	0.2824E-11
2892.	0.2842E-11
2978.	0.2861E-11
3065.	0.2879E-11
3153.	0.2896E-11
3243.	0.2914E-11
3334.	0.2931E-11
3427.	0.2947E-11
3522.	0.2964E-11
3617.	0.2980E-11
3715.	0.2995E-11
3814.	0.3011E-11
3914.	0.3025E-11
4017.	0.3040E-11
4120.	0.3054E-11
4225.	0.3068E-11
4332.	0.3082E-11
4441.	0.3095E-11
4551.	0.3108E-11
4662.	0.3120E-11
4775.	0.3132E-11
 
 
Ar(2p10)                                                        
E/N (Td)	Inelastic energy loss coefficient (eV m3/s)
0.1256E-01	0.000
0.1291E-01	0.000
0.1327E-01	0.000
0.1366E-01	0.000
0.1408E-01	0.2122E-23
0.1450E-01	0.4007E-23
0.1495E-01	0.7449E-23
0.1542E-01	0.1365E-22
0.1593E-01	0.2466E-22
0.1648E-01	0.4389E-22
0.1705E-01	0.7712E-22
0.1766E-01	0.1336E-21
0.1829E-01	0.2284E-21
0.1896E-01	0.3857E-21
0.1965E-01	0.6428E-21
0.2040E-01	0.1059E-20
0.2121E-01	0.1725E-20
0.2208E-01	0.2776E-20
0.2300E-01	0.4422E-20
0.2397E-01	0.6964E-20
0.2498E-01	0.1085E-19
0.2603E-01	0.1673E-19
0.2718E-01	0.2553E-19
0.2845E-01	0.3865E-19
0.2981E-01	0.5791E-19
0.3122E-01	0.8597E-19
0.3270E-01	0.1265E-18
0.3425E-01	0.1843E-18
0.3600E-01	0.2665E-18
0.3782E-01	0.3824E-18
0.3982E-01	0.5440E-18
0.4198E-01	0.7687E-18
0.4426E-01	0.1078E-17
0.4665E-01	0.1500E-17
0.4921E-01	0.2071E-17
0.5208E-01	0.2845E-17
0.5515E-01	0.3885E-17
0.5836E-01	0.5267E-17
0.6181E-01	0.7095E-17
0.6565E-01	0.9517E-17
0.6976E-01	0.1270E-16
0.7409E-01	0.1684E-16
0.7891E-01	0.2225E-16
0.8394E-01	0.2924E-16
0.8947E-01	0.3827E-16
0.9548E-01	0.4992E-16
0.1018	0.6482E-16
0.1087	0.8387E-16
0.1161	0.1082E-15
0.1240	0.1391E-15
0.1325	0.1784E-15
0.1415	0.2278E-15
0.1511	0.2902E-15
0.1613	0.3687E-15
0.1720	0.4668E-15
0.1834	0.5891E-15
0.1953	0.7412E-15
0.2079	0.9293E-15
0.2211	0.1161E-14
0.2349	0.1446E-14
0.2493	0.1793E-14
0.2643	0.2216E-14
0.2800	0.2728E-14
0.2964	0.3345E-14
0.3134	0.4084E-14
0.3312	0.4967E-14
0.3497	0.6016E-14
0.3689	0.7257E-14
0.3890	0.8718E-14
0.4098	0.1043E-13
0.4316	0.1243E-13
0.4543	0.1475E-13
0.4779	0.1744E-13
0.5026	0.2053E-13
0.5284	0.2409E-13
0.5554	0.2815E-13
0.5837	0.3278E-13
0.6134	0.3804E-13
0.6445	0.4399E-13
0.6771	0.5069E-13
0.7115	0.5823E-13
0.7477	0.6667E-13
0.7859	0.7609E-13
0.8262	0.8659E-13
0.8689	0.9825E-13
0.9140	0.1112E-12
0.9619	0.1254E-12
1.013	0.1411E-12
1.067	0.1583E-12
1.124	0.1772E-12
1.185	0.1978E-12
1.250	0.2202E-12
1.320	0.2445E-12
1.394	0.2709E-12
1.473	0.2994E-12
1.558	0.3301E-12
1.648	0.3631E-12
1.744	0.3984E-12
1.847	0.4360E-12
1.957	0.4761E-12
2.074	0.5187E-12
2.198	0.5638E-12
2.331	0.6113E-12
2.471	0.6614E-12
2.621	0.7138E-12
2.780	0.7687E-12
2.949	0.8260E-12
3.131	0.8856E-12
3.329	0.9476E-12
3.546	0.1012E-11
3.792	0.1078E-11
4.077	0.1147E-11
4.423	0.1219E-11
4.866	0.1292E-11
5.488	0.1368E-11
6.492	0.1447E-11
8.431	0.1526E-11
12.35	0.1604E-11
18.34	0.1680E-11
25.77	0.1755E-11
34.51	0.1831E-11
44.70	0.1906E-11
56.56	0.1983E-11
70.24	0.2059E-11
85.86	0.2135E-11
103.4	0.2211E-11
122.9	0.2287E-11
144.3	0.2362E-11
167.5	0.2437E-11
192.3	0.2510E-11
218.7	0.2584E-11
246.5	0.2656E-11
275.7	0.2728E-11
306.1	0.2799E-11
337.8	0.2870E-11
370.6	0.2940E-11
404.6	0.3009E-11
439.5	0.3077E-11
475.6	0.3145E-11
512.8	0.3212E-11
550.9	0.3278E-11
590.2	0.3343E-11
630.4	0.3408E-11
671.6	0.3471E-11
713.6	0.3534E-11
756.8	0.3596E-11
801.0	0.3657E-11
846.2	0.3717E-11
892.4	0.3776E-11
939.5	0.3834E-11
987.8	0.3891E-11
1037.	0.3947E-11
1087.	0.4002E-11
1139.	0.4056E-11
1191.	0.4110E-11
1245.	0.4162E-11
1299.	0.4213E-11
1355.	0.4263E-11
1412.	0.4312E-11
1470.	0.4360E-11
1529.	0.4407E-11
1589.	0.4453E-11
1651.	0.4498E-11
1713.	0.4542E-11
1777.	0.4584E-11
1842.	0.4626E-11
1909.	0.4667E-11
1976.	0.4706E-11
2045.	0.4744E-11
2116.	0.4782E-11
2187.	0.4818E-11
2260.	0.4853E-11
2334.	0.4887E-11
2410.	0.4919E-11
2487.	0.4951E-11
2565.	0.4981E-11
2645.	0.5011E-11
2726.	0.5039E-11
2808.	0.5066E-11
2892.	0.5092E-11
2978.	0.5117E-11
3065.	0.5141E-11
3153.	0.5163E-11
3243.	0.5185E-11
3334.	0.5205E-11
3427.	0.5224E-11
3522.	0.5242E-11
3617.	0.5259E-11
3715.	0.5275E-11
3814.	0.5290E-11
3914.	0.5303E-11
4017.	0.5316E-11
4120.	0.5328E-11
4225.	0.5338E-11
4332.	0.5347E-11
4441.	0.5356E-11
4551.	0.5363E-11
4662.	0.5369E-11
4775.	0.5375E-11
 
 
Ar(2p9)                                                         
E/N (Td)	Inelastic energy loss coefficient (eV m3/s)
0.1256E-01	0.1238E-24
0.1291E-01	0.4218E-24
0.1327E-01	0.1198E-23
0.1366E-01	0.3053E-23
0.1408E-01	0.1737E-22
0.1450E-01	0.3125E-22
0.1495E-01	0.5545E-22
0.1542E-01	0.9713E-22
0.1593E-01	0.1679E-21
0.1648E-01	0.2864E-21
0.1705E-01	0.4828E-21
0.1766E-01	0.8032E-21
0.1829E-01	0.1320E-20
0.1896E-01	0.2145E-20
0.1965E-01	0.3443E-20
0.2040E-01	0.5467E-20
0.2121E-01	0.8591E-20
0.2208E-01	0.1335E-19
0.2300E-01	0.2055E-19
0.2397E-01	0.3129E-19
0.2498E-01	0.4718E-19
0.2603E-01	0.7045E-19
0.2718E-01	0.1042E-18
0.2845E-01	0.1529E-18
0.2981E-01	0.2223E-18
0.3122E-01	0.3204E-18
0.3270E-01	0.4578E-18
0.3425E-01	0.6487E-18
0.3600E-01	0.9124E-18
0.3782E-01	0.1275E-17
0.3982E-01	0.1766E-17
0.4198E-01	0.2431E-17
0.4426E-01	0.3324E-17
0.4665E-01	0.4512E-17
0.4921E-01	0.6082E-17
0.5208E-01	0.8157E-17
0.5515E-01	0.1088E-16
0.5836E-01	0.1442E-16
0.6181E-01	0.1899E-16
0.6565E-01	0.2492E-16
0.6976E-01	0.3254E-16
0.7409E-01	0.4225E-16
0.7891E-01	0.5466E-16
0.8394E-01	0.7036E-16
0.8947E-01	0.9024E-16
0.9548E-01	0.1154E-15
0.1018	0.1469E-15
0.1087	0.1864E-15
0.1161	0.2359E-15
0.1240	0.2977E-15
0.1325	0.3745E-15
0.1415	0.4696E-15
0.1511	0.5874E-15
0.1613	0.7328E-15
0.1720	0.9114E-15
0.1834	0.1130E-14
0.1953	0.1397E-14
0.2079	0.1723E-14
0.2211	0.2116E-14
0.2349	0.2592E-14
0.2493	0.3164E-14
0.2643	0.3848E-14
0.2800	0.4663E-14
0.2964	0.5632E-14
0.3134	0.6775E-14
0.3312	0.8121E-14
0.3497	0.9697E-14
0.3689	0.1154E-13
0.3890	0.1367E-13
0.4098	0.1614E-13
0.4316	0.1899E-13
0.4543	0.2226E-13
0.4779	0.2599E-13
0.5026	0.3025E-13
0.5284	0.3507E-13
0.5554	0.4053E-13
0.5837	0.4668E-13
0.6134	0.5359E-13
0.6445	0.6132E-13
0.6771	0.6995E-13
0.7115	0.7955E-13
0.7477	0.9020E-13
0.7859	0.1020E-12
0.8262	0.1150E-12
0.8689	0.1293E-12
0.9140	0.1450E-12
0.9619	0.1621E-12
1.013	0.1809E-12
1.067	0.2013E-12
1.124	0.2235E-12
1.185	0.2475E-12
1.250	0.2734E-12
1.320	0.3014E-12
1.394	0.3314E-12
1.473	0.3636E-12
1.558	0.3981E-12
1.648	0.4348E-12
1.744	0.4739E-12
1.847	0.5153E-12
1.957	0.5592E-12
2.074	0.6054E-12
2.198	0.6540E-12
2.331	0.7050E-12
2.471	0.7584E-12
2.621	0.8140E-12
2.780	0.8719E-12
2.949	0.9320E-12
3.131	0.9943E-12
3.329	0.1059E-11
3.546	0.1125E-11
3.792	0.1194E-11
4.077	0.1264E-11
4.423	0.1337E-11
4.866	0.1411E-11
5.488	0.1488E-11
6.492	0.1566E-11
8.431	0.1645E-11
12.35	0.1722E-11
18.34	0.1797E-11
25.77	0.1871E-11
34.51	0.1946E-11
44.70	0.2020E-11
56.56	0.2095E-11
70.24	0.2170E-11
85.86	0.2245E-11
103.4	0.2319E-11
122.9	0.2392E-11
144.3	0.2465E-11
167.5	0.2537E-11
192.3	0.2609E-11
218.7	0.2679E-11
246.5	0.2749E-11
275.7	0.2818E-11
306.1	0.2886E-11
337.8	0.2953E-11
370.6	0.3020E-11
404.6	0.3086E-11
439.5	0.3151E-11
475.6	0.3215E-11
512.8	0.3279E-11
550.9	0.3341E-11
590.2	0.3403E-11
630.4	0.3464E-11
671.6	0.3523E-11
713.6	0.3582E-11
756.8	0.3640E-11
801.0	0.3697E-11
846.2	0.3753E-11
892.4	0.3808E-11
939.5	0.3862E-11
987.8	0.3916E-11
1037.	0.3968E-11
1087.	0.4019E-11
1139.	0.4069E-11
1191.	0.4118E-11
1245.	0.4166E-11
1299.	0.4213E-11
1355.	0.4259E-11
1412.	0.4304E-11
1470.	0.4348E-11
1529.	0.4391E-11
1589.	0.4433E-11
1651.	0.4474E-11
1713.	0.4514E-11
1777.	0.4552E-11
1842.	0.4590E-11
1909.	0.4626E-11
1976.	0.4662E-11
2045.	0.4696E-11
2116.	0.4730E-11
2187.	0.4762E-11
2260.	0.4793E-11
2334.	0.4823E-11
2410.	0.4852E-11
2487.	0.4880E-11
2565.	0.4907E-11
2645.	0.4932E-11
2726.	0.4957E-11
2808.	0.4980E-11
2892.	0.5003E-11
2978.	0.5024E-11
3065.	0.5044E-11
3153.	0.5063E-11
3243.	0.5081E-11
3334.	0.5098E-11
3427.	0.5114E-11
3522.	0.5129E-11
3617.	0.5143E-11
3715.	0.5156E-11
3814.	0.5167E-11
3914.	0.5178E-11
4017.	0.5188E-11
4120.	0.5196E-11
4225.	0.5204E-11
4332.	0.5211E-11
4441.	0.5216E-11
4551.	0.5221E-11
4662.	0.5225E-11
4775.	0.5228E-11
 
 
Ar(2p8)                                                         
E/N (Td)	Inelastic energy loss coefficient (eV m3/s)
0.1256E-01	0.2749E-24
0.1291E-01	0.7897E-24
0.1327E-01	0.2020E-23
0.1366E-01	0.4773E-23
0.1408E-01	0.2229E-22
0.1450E-01	0.3988E-22
0.1495E-01	0.7037E-22
0.1542E-01	0.1226E-21
0.1593E-01	0.2108E-21
0.1648E-01	0.3577E-21
0.1705E-01	0.5998E-21
0.1766E-01	0.9928E-21
0.1829E-01	0.1624E-20
0.1896E-01	0.2626E-20
0.1965E-01	0.4197E-20
0.2040E-01	0.6633E-20
0.2121E-01	0.1038E-19
0.2208E-01	0.1606E-19
0.2300E-01	0.2461E-19
0.2397E-01	0.3732E-19
0.2498E-01	0.5605E-19
0.2603E-01	0.8338E-19
0.2718E-01	0.1228E-18
0.2845E-01	0.1796E-18
0.2981E-01	0.2602E-18
0.3122E-01	0.3736E-18
0.3270E-01	0.5321E-18
0.3425E-01	0.7514E-18
0.3600E-01	0.1053E-17
0.3782E-01	0.1467E-17
0.3982E-01	0.2026E-17
0.4198E-01	0.2781E-17
0.4426E-01	0.3790E-17
0.4665E-01	0.5130E-17
0.4921E-01	0.6895E-17
0.5208E-01	0.9222E-17
0.5515E-01	0.1227E-16
0.5836E-01	0.1621E-16
0.6181E-01	0.2130E-16
0.6565E-01	0.2787E-16
0.6976E-01	0.3630E-16
0.7409E-01	0.4701E-16
0.7891E-01	0.6068E-16
0.8394E-01	0.7792E-16
0.8947E-01	0.9970E-16
0.9548E-01	0.1272E-15
0.1018	0.1615E-15
0.1087	0.2045E-15
0.1161	0.2583E-15
0.1240	0.3252E-15
0.1325	0.4082E-15
0.1415	0.5108E-15
0.1511	0.6375E-15
0.1613	0.7937E-15
0.1720	0.9850E-15
0.1834	0.1219E-14
0.1953	0.1504E-14
0.2079	0.1851E-14
0.2211	0.2269E-14
0.2349	0.2774E-14
0.2493	0.3379E-14
0.2643	0.4103E-14
0.2800	0.4963E-14
0.2964	0.5983E-14
0.3134	0.7185E-14
0.3312	0.8598E-14
0.3497	0.1025E-13
0.3689	0.1217E-13
0.3890	0.1441E-13
0.4098	0.1698E-13
0.4316	0.1995E-13
0.4543	0.2335E-13
0.4779	0.2723E-13
0.5026	0.3164E-13
0.5284	0.3664E-13
0.5554	0.4229E-13
0.5837	0.4864E-13
0.6134	0.5576E-13
0.6445	0.6373E-13
0.6771	0.7262E-13
0.7115	0.8249E-13
0.7477	0.9343E-13
0.7859	0.1055E-12
0.8262	0.1188E-12
0.8689	0.1335E-12
0.9140	0.1495E-12
0.9619	0.1671E-12
1.013	0.1862E-12
1.067	0.2070E-12
1.124	0.2296E-12
1.185	0.2540E-12
1.250	0.2804E-12
1.320	0.3088E-12
1.394	0.3393E-12
1.473	0.3720E-12
1.558	0.4069E-12
1.648	0.4441E-12
1.744	0.4836E-12
1.847	0.5255E-12
1.957	0.5698E-12
2.074	0.6164E-12
2.198	0.6655E-12
2.331	0.7169E-12
2.471	0.7706E-12
2.621	0.8266E-12
2.780	0.8848E-12
2.949	0.9452E-12
3.131	0.1008E-11
3.329	0.1072E-11
3.546	0.1139E-11
3.792	0.1208E-11
4.077	0.1279E-11
4.423	0.1351E-11
4.866	0.1426E-11
5.488	0.1503E-11
6.492	0.1581E-11
8.431	0.1659E-11
12.35	0.1736E-11
18.34	0.1811E-11
25.77	0.1885E-11
34.51	0.1959E-11
44.70	0.2034E-11
56.56	0.2109E-11
70.24	0.2184E-11
85.86	0.2258E-11
103.4	0.2332E-11
122.9	0.2405E-11
144.3	0.2477E-11
167.5	0.2549E-11
192.3	0.2620E-11
218.7	0.2690E-11
246.5	0.2760E-11
275.7	0.2828E-11
306.1	0.2896E-11
337.8	0.2963E-11
370.6	0.3029E-11
404.6	0.3095E-11
439.5	0.3159E-11
475.6	0.3223E-11
512.8	0.3286E-11
550.9	0.3348E-11
590.2	0.3410E-11
630.4	0.3470E-11
671.6	0.3529E-11
713.6	0.3587E-11
756.8	0.3645E-11
801.0	0.3701E-11
846.2	0.3757E-11
892.4	0.3812E-11
939.5	0.3865E-11
987.8	0.3918E-11
1037.	0.3970E-11
1087.	0.4020E-11
1139.	0.4070E-11
1191.	0.4118E-11
1245.	0.4166E-11
1299.	0.4213E-11
1355.	0.4258E-11
1412.	0.4303E-11
1470.	0.4346E-11
1529.	0.4389E-11
1589.	0.4430E-11
1651.	0.4470E-11
1713.	0.4510E-11
1777.	0.4548E-11
1842.	0.4585E-11
1909.	0.4621E-11
1976.	0.4656E-11
2045.	0.4690E-11
2116.	0.4723E-11
2187.	0.4754E-11
2260.	0.4785E-11
2334.	0.4815E-11
2410.	0.4843E-11
2487.	0.4871E-11
2565.	0.4897E-11
2645.	0.4922E-11
2726.	0.4946E-11
2808.	0.4969E-11
2892.	0.4991E-11
2978.	0.5012E-11
3065.	0.5032E-11
3153.	0.5051E-11
3243.	0.5068E-11
3334.	0.5085E-11
3427.	0.5100E-11
3522.	0.5115E-11
3617.	0.5128E-11
3715.	0.5141E-11
3814.	0.5152E-11
3914.	0.5162E-11
4017.	0.5172E-11
4120.	0.5180E-11
4225.	0.5187E-11
4332.	0.5194E-11
4441.	0.5199E-11
4551.	0.5203E-11
4662.	0.5207E-11
4775.	0.5209E-11
 
 
Ar(2p7)                                                         
E/N (Td)	Inelastic energy loss coefficient (eV m3/s)
0.1256E-01	0.1324E-23
0.1291E-01	0.3066E-23
0.1327E-01	0.6690E-23
0.1366E-01	0.1396E-22
0.1408E-01	0.4471E-22
0.1450E-01	0.7876E-22
0.1495E-01	0.1369E-21
0.1542E-01	0.2350E-21
0.1593E-01	0.3984E-21
0.1648E-01	0.6665E-21
0.1705E-01	0.1102E-20
0.1766E-01	0.1800E-20
0.1829E-01	0.2907E-20
0.1896E-01	0.4641E-20
0.1965E-01	0.7323E-20
0.2040E-01	0.1143E-19
0.2121E-01	0.1768E-19
0.2208E-01	0.2703E-19
0.2300E-01	0.4096E-19
0.2397E-01	0.6142E-19
0.2498E-01	0.9124E-19
0.2603E-01	0.1343E-18
0.2718E-01	0.1957E-18
0.2845E-01	0.2833E-18
0.2981E-01	0.4063E-18
0.3122E-01	0.5778E-18
0.3270E-01	0.8151E-18
0.3425E-01	0.1140E-17
0.3600E-01	0.1584E-17
0.3782E-01	0.2186E-17
0.3982E-01	0.2992E-17
0.4198E-01	0.4073E-17
0.4426E-01	0.5505E-17
0.4665E-01	0.7390E-17
0.4921E-01	0.9852E-17
0.5208E-01	0.1307E-16
0.5515E-01	0.1726E-16
0.5836E-01	0.2263E-16
0.6181E-01	0.2952E-16
0.6565E-01	0.3835E-16
0.6976E-01	0.4959E-16
0.7409E-01	0.6377E-16
0.7891E-01	0.8175E-16
0.8394E-01	0.1043E-15
0.8947E-01	0.1325E-15
0.9548E-01	0.1679E-15
0.1018	0.2119E-15
0.1087	0.2666E-15
0.1161	0.3346E-15
0.1240	0.4185E-15
0.1325	0.5221E-15
0.1415	0.6494E-15
0.1511	0.8057E-15
0.1613	0.9971E-15
0.1720	0.1230E-14
0.1834	0.1514E-14
0.1953	0.1857E-14
0.2079	0.2272E-14
0.2211	0.2771E-14
0.2349	0.3368E-14
0.2493	0.4081E-14
0.2643	0.4929E-14
0.2800	0.5933E-14
0.2964	0.7116E-14
0.3134	0.8504E-14
0.3312	0.1013E-13
0.3497	0.1202E-13
0.3689	0.1421E-13
0.3890	0.1674E-13
0.4098	0.1965E-13
0.4316	0.2298E-13
0.4543	0.2678E-13
0.4779	0.3111E-13
0.5026	0.3600E-13
0.5284	0.4153E-13
0.5554	0.4775E-13
0.5837	0.5473E-13
0.6134	0.6252E-13
0.6445	0.7121E-13
0.6771	0.8086E-13
0.7115	0.9155E-13
0.7477	0.1034E-12
0.7859	0.1164E-12
0.8262	0.1306E-12
0.8689	0.1463E-12
0.9140	0.1634E-12
0.9619	0.1821E-12
1.013	0.2023E-12
1.067	0.2243E-12
1.124	0.2481E-12
1.185	0.2738E-12
1.250	0.3015E-12
1.320	0.3312E-12
1.394	0.3630E-12
1.473	0.3970E-12
1.558	0.4332E-12
1.648	0.4718E-12
1.744	0.5126E-12
1.847	0.5558E-12
1.957	0.6013E-12
2.074	0.6492E-12
2.198	0.6994E-12
2.331	0.7520E-12
2.471	0.8068E-12
2.621	0.8638E-12
2.780	0.9230E-12
2.949	0.9843E-12
3.131	0.1048E-11
3.329	0.1113E-11
3.546	0.1180E-11
3.792	0.1250E-11
4.077	0.1321E-11
4.423	0.1394E-11
4.866	0.1469E-11
5.488	0.1545E-11
6.492	0.1623E-11
8.431	0.1701E-11
12.35	0.1778E-11
18.34	0.1852E-11
25.77	0.1925E-11
34.51	0.2000E-11
44.70	0.2074E-11
56.56	0.2148E-11
70.24	0.2222E-11
85.86	0.2296E-11
103.4	0.2369E-11
122.9	0.2441E-11
144.3	0.2513E-11
167.5	0.2583E-11
192.3	0.2653E-11
218.7	0.2722E-11
246.5	0.2791E-11
275.7	0.2858E-11
306.1	0.2925E-11
337.8	0.2991E-11
370.6	0.3056E-11
404.6	0.3120E-11
439.5	0.3183E-11
475.6	0.3246E-11
512.8	0.3308E-11
550.9	0.3368E-11
590.2	0.3428E-11
630.4	0.3487E-11
671.6	0.3545E-11
713.6	0.3602E-11
756.8	0.3658E-11
801.0	0.3713E-11
846.2	0.3767E-11
892.4	0.3821E-11
939.5	0.3873E-11
987.8	0.3924E-11
1037.	0.3974E-11
1087.	0.4023E-11
1139.	0.4072E-11
1191.	0.4119E-11
1245.	0.4165E-11
1299.	0.4210E-11
1355.	0.4254E-11
1412.	0.4297E-11
1470.	0.4339E-11
1529.	0.4380E-11
1589.	0.4420E-11
1651.	0.4459E-11
1713.	0.4497E-11
1777.	0.4534E-11
1842.	0.4569E-11
1909.	0.4604E-11
1976.	0.4638E-11
2045.	0.4670E-11
2116.	0.4702E-11
2187.	0.4732E-11
2260.	0.4761E-11
2334.	0.4790E-11
2410.	0.4817E-11
2487.	0.4843E-11
2565.	0.4868E-11
2645.	0.4892E-11
2726.	0.4915E-11
2808.	0.4936E-11
2892.	0.4957E-11
2978.	0.4977E-11
3065.	0.4995E-11
3153.	0.5013E-11
3243.	0.5030E-11
3334.	0.5045E-11
3427.	0.5059E-11
3522.	0.5073E-11
3617.	0.5085E-11
3715.	0.5096E-11
3814.	0.5107E-11
3914.	0.5116E-11
4017.	0.5124E-11
4120.	0.5132E-11
4225.	0.5138E-11
4332.	0.5143E-11
4441.	0.5148E-11
4551.	0.5151E-11
4662.	0.5154E-11
4775.	0.5156E-11
 
 
Ar(2p6)                                                         
E/N (Td)	Inelastic energy loss coefficient (eV m3/s)
0.1256E-01	0.1977E-23
0.1291E-01	0.4389E-23
0.1327E-01	0.9267E-23
0.1366E-01	0.1882E-22
0.1408E-01	0.5539E-22
0.1450E-01	0.9710E-22
0.1495E-01	0.1680E-21
0.1542E-01	0.2871E-21
0.1593E-01	0.4845E-21
0.1648E-01	0.8071E-21
0.1705E-01	0.1329E-20
0.1766E-01	0.2162E-20
0.1829E-01	0.3477E-20
0.1896E-01	0.5529E-20
0.1965E-01	0.8691E-20
0.2040E-01	0.1352E-19
0.2121E-01	0.2082E-19
0.2208E-01	0.3172E-19
0.2300E-01	0.4790E-19
0.2397E-01	0.7159E-19
0.2498E-01	0.1060E-18
0.2603E-01	0.1555E-18
0.2718E-01	0.2258E-18
0.2845E-01	0.3258E-18
0.2981E-01	0.4659E-18
0.3122E-01	0.6606E-18
0.3270E-01	0.9291E-18
0.3425E-01	0.1296E-17
0.3600E-01	0.1795E-17
0.3782E-01	0.2471E-17
0.3982E-01	0.3374E-17
0.4198E-01	0.4579E-17
0.4426E-01	0.6173E-17
0.4665E-01	0.8266E-17
0.4921E-01	0.1099E-16
0.5208E-01	0.1455E-16
0.5515E-01	0.1917E-16
0.5836E-01	0.2508E-16
0.6181E-01	0.3263E-16
0.6565E-01	0.4229E-16
0.6976E-01	0.5457E-16
0.7409E-01	0.7003E-16
0.7891E-01	0.8958E-16
0.8394E-01	0.1140E-15
0.8947E-01	0.1446E-15
0.9548E-01	0.1829E-15
0.1018	0.2303E-15
0.1087	0.2892E-15
0.1161	0.3622E-15
0.1240	0.4523E-15
0.1325	0.5632E-15
0.1415	0.6991E-15
0.1511	0.8658E-15
0.1613	0.1069E-14
0.1720	0.1317E-14
0.1834	0.1618E-14
0.1953	0.1981E-14
0.2079	0.2420E-14
0.2211	0.2946E-14
0.2349	0.3576E-14
0.2493	0.4325E-14
0.2643	0.5215E-14
0.2800	0.6267E-14
0.2964	0.7505E-14
0.3134	0.8956E-14
0.3312	0.1065E-13
0.3497	0.1262E-13
0.3689	0.1490E-13
0.3890	0.1753E-13
0.4098	0.2054E-13
0.4316	0.2400E-13
0.4543	0.2793E-13
0.4779	0.3240E-13
0.5026	0.3746E-13
0.5284	0.4316E-13
0.5554	0.4957E-13
0.5837	0.5675E-13
0.6134	0.6476E-13
0.6445	0.7368E-13
0.6771	0.8358E-13
0.7115	0.9453E-13
0.7477	0.1066E-12
0.7859	0.1199E-12
0.8262	0.1345E-12
0.8689	0.1505E-12
0.9140	0.1679E-12
0.9619	0.1869E-12
1.013	0.2076E-12
1.067	0.2300E-12
1.124	0.2541E-12
1.185	0.2802E-12
1.250	0.3083E-12
1.320	0.3384E-12
1.394	0.3706E-12
1.473	0.4050E-12
1.558	0.4417E-12
1.648	0.4806E-12
1.744	0.5219E-12
1.847	0.5654E-12
1.957	0.6114E-12
2.074	0.6596E-12
2.198	0.7102E-12
2.331	0.7631E-12
2.471	0.8183E-12
2.621	0.8756E-12
2.780	0.9351E-12
2.949	0.9966E-12
3.131	0.1060E-11
3.329	0.1126E-11
3.546	0.1193E-11
3.792	0.1263E-11
4.077	0.1334E-11
4.423	0.1407E-11
4.866	0.1482E-11
5.488	0.1559E-11
6.492	0.1637E-11
8.431	0.1715E-11
12.35	0.1790E-11
18.34	0.1864E-11
25.77	0.1938E-11
34.51	0.2012E-11
44.70	0.2086E-11
56.56	0.2160E-11
70.24	0.2234E-11
85.86	0.2308E-11
103.4	0.2380E-11
122.9	0.2452E-11
144.3	0.2523E-11
167.5	0.2594E-11
192.3	0.2664E-11
218.7	0.2732E-11
246.5	0.2800E-11
275.7	0.2867E-11
306.1	0.2934E-11
337.8	0.2999E-11
370.6	0.3064E-11
404.6	0.3128E-11
439.5	0.3190E-11
475.6	0.3253E-11
512.8	0.3314E-11
550.9	0.3374E-11
590.2	0.3434E-11
630.4	0.3492E-11
671.6	0.3550E-11
713.6	0.3606E-11
756.8	0.3662E-11
801.0	0.3717E-11
846.2	0.3770E-11
892.4	0.3823E-11
939.5	0.3875E-11
987.8	0.3926E-11
1037.	0.3976E-11
1087.	0.4024E-11
1139.	0.4072E-11
1191.	0.4119E-11
1245.	0.4164E-11
1299.	0.4209E-11
1355.	0.4253E-11
1412.	0.4295E-11
1470.	0.4337E-11
1529.	0.4377E-11
1589.	0.4417E-11
1651.	0.4455E-11
1713.	0.4493E-11
1777.	0.4529E-11
1842.	0.4564E-11
1909.	0.4599E-11
1976.	0.4632E-11
2045.	0.4664E-11
2116.	0.4695E-11
2187.	0.4725E-11
2260.	0.4754E-11
2334.	0.4782E-11
2410.	0.4808E-11
2487.	0.4834E-11
2565.	0.4859E-11
2645.	0.4882E-11
2726.	0.4905E-11
2808.	0.4926E-11
2892.	0.4946E-11
2978.	0.4966E-11
3065.	0.4984E-11
3153.	0.5001E-11
3243.	0.5017E-11
3334.	0.5032E-11
3427.	0.5046E-11
3522.	0.5059E-11
3617.	0.5071E-11
3715.	0.5082E-11
3814.	0.5092E-11
3914.	0.5101E-11
4017.	0.5109E-11
4120.	0.5116E-11
4225.	0.5122E-11
4332.	0.5128E-11
4441.	0.5132E-11
4551.	0.5135E-11
4662.	0.5137E-11
4775.	0.5139E-11
 
 
Ar(2p5)                                                         
E/N (Td)	Inelastic energy loss coefficient (eV m3/s)
0.1256E-01	0.1267E-22
0.1291E-01	0.2444E-22
0.1327E-01	0.4592E-22
0.1366E-01	0.8444E-22
0.1408E-01	0.1824E-21
0.1450E-01	0.3114E-21
0.1495E-01	0.5251E-21
0.1542E-01	0.8747E-21
0.1593E-01	0.1440E-20
0.1648E-01	0.2342E-20
0.1705E-01	0.3767E-20
0.1766E-01	0.5987E-20
0.1829E-01	0.9412E-20
0.1896E-01	0.1464E-19
0.1965E-01	0.2252E-19
0.2040E-01	0.3430E-19
0.2121E-01	0.5175E-19
0.2208E-01	0.7728E-19
0.2300E-01	0.1144E-18
0.2397E-01	0.1677E-18
0.2498E-01	0.2437E-18
0.2603E-01	0.3509E-18
0.2718E-01	0.5008E-18
0.2845E-01	0.7099E-18
0.2981E-01	0.9978E-18
0.3122E-01	0.1391E-17
0.3270E-01	0.1925E-17
0.3425E-01	0.2643E-17
0.3600E-01	0.3604E-17
0.3782E-01	0.4884E-17
0.3982E-01	0.6569E-17
0.4198E-01	0.8787E-17
0.4426E-01	0.1168E-16
0.4665E-01	0.1542E-16
0.4921E-01	0.2023E-16
0.5208E-01	0.2642E-16
0.5515E-01	0.3434E-16
0.5836E-01	0.4435E-16
0.6181E-01	0.5699E-16
0.6565E-01	0.7295E-16
0.6976E-01	0.9299E-16
0.7409E-01	0.1179E-15
0.7891E-01	0.1491E-15
0.8394E-01	0.1875E-15
0.8947E-01	0.2352E-15
0.9548E-01	0.2941E-15
0.1018	0.3664E-15
0.1087	0.4550E-15
0.1161	0.5637E-15
0.1240	0.6964E-15
0.1325	0.8581E-15
0.1415	0.1054E-14
0.1511	0.1292E-14
0.1613	0.1580E-14
0.1720	0.1927E-14
0.1834	0.2343E-14
0.1953	0.2842E-14
0.2079	0.3438E-14
0.2211	0.4146E-14
0.2349	0.4986E-14
0.2493	0.5977E-14
0.2643	0.7142E-14
0.2800	0.8508E-14
0.2964	0.1010E-13
0.3134	0.1195E-13
0.3312	0.1410E-13
0.3497	0.1657E-13
0.3689	0.1941E-13
0.3890	0.2266E-13
0.4098	0.2637E-13
0.4316	0.3058E-13
0.4543	0.3535E-13
0.4779	0.4072E-13
0.5026	0.4676E-13
0.5284	0.5352E-13
0.5554	0.6108E-13
0.5837	0.6948E-13
0.6134	0.7881E-13
0.6445	0.8914E-13
0.6771	0.1005E-12
0.7115	0.1131E-12
0.7477	0.1268E-12
0.7859	0.1419E-12
0.8262	0.1583E-12
0.8689	0.1762E-12
0.9140	0.1956E-12
0.9619	0.2167E-12
1.013	0.2395E-12
1.067	0.2640E-12
1.124	0.2905E-12
1.185	0.3188E-12
1.250	0.3492E-12
1.320	0.3817E-12
1.394	0.4162E-12
1.473	0.4530E-12
1.558	0.4920E-12
1.648	0.5333E-12
1.744	0.5768E-12
1.847	0.6226E-12
1.957	0.6708E-12
2.074	0.7211E-12
2.198	0.7737E-12
2.331	0.8285E-12
2.471	0.8855E-12
2.621	0.9445E-12
2.780	0.1006E-11
2.949	0.1069E-11
3.131	0.1133E-11
3.329	0.1200E-11
3.546	0.1268E-11
3.792	0.1339E-11
4.077	0.1411E-11
4.423	0.1484E-11
4.866	0.1559E-11
5.488	0.1636E-11
6.492	0.1713E-11
8.431	0.1790E-11
12.35	0.1864E-11
18.34	0.1937E-11
25.77	0.2010E-11
34.51	0.2083E-11
44.70	0.2156E-11
56.56	0.2229E-11
70.24	0.2302E-11
85.86	0.2374E-11
103.4	0.2445E-11
122.9	0.2515E-11
144.3	0.2585E-11
167.5	0.2653E-11
192.3	0.2721E-11
218.7	0.2787E-11
246.5	0.2853E-11
275.7	0.2918E-11
306.1	0.2983E-11
337.8	0.3046E-11
370.6	0.3108E-11
404.6	0.3170E-11
439.5	0.3230E-11
475.6	0.3290E-11
512.8	0.3349E-11
550.9	0.3407E-11
590.2	0.3464E-11
630.4	0.3520E-11
671.6	0.3575E-11
713.6	0.3629E-11
756.8	0.3682E-11
801.0	0.3734E-11
846.2	0.3785E-11
892.4	0.3836E-11
939.5	0.3885E-11
987.8	0.3933E-11
1037.	0.3980E-11
1087.	0.4026E-11
1139.	0.4071E-11
1191.	0.4115E-11
1245.	0.4159E-11
1299.	0.4201E-11
1355.	0.4242E-11
1412.	0.4282E-11
1470.	0.4321E-11
1529.	0.4359E-11
1589.	0.4396E-11
1651.	0.4431E-11
1713.	0.4466E-11
1777.	0.4500E-11
1842.	0.4533E-11
1909.	0.4565E-11
1976.	0.4595E-11
2045.	0.4625E-11
2116.	0.4654E-11
2187.	0.4681E-11
2260.	0.4708E-11
2334.	0.4733E-11
2410.	0.4757E-11
2487.	0.4781E-11
2565.	0.4803E-11
2645.	0.4824E-11
2726.	0.4845E-11
2808.	0.4864E-11
2892.	0.4882E-11
2978.	0.4899E-11
3065.	0.4915E-11
3153.	0.4931E-11
3243.	0.4945E-11
3334.	0.4958E-11
3427.	0.4970E-11
3522.	0.4981E-11
3617.	0.4991E-11
3715.	0.5000E-11
3814.	0.5008E-11
3914.	0.5016E-11
4017.	0.5022E-11
4120.	0.5027E-11
4225.	0.5032E-11
4332.	0.5035E-11
4441.	0.5038E-11
4551.	0.5039E-11
4662.	0.5040E-11
4775.	0.5040E-11
 
 
Ar(2p4)                                                         
E/N (Td)	Inelastic energy loss coefficient (eV m3/s)
0.1256E-01	0.1485E-22
0.1291E-01	0.2838E-22
0.1327E-01	0.5293E-22
0.1366E-01	0.9668E-22
0.1408E-01	0.2047E-21
0.1450E-01	0.3486E-21
0.1495E-01	0.5864E-21
0.1542E-01	0.9745E-21
0.1593E-01	0.1601E-20
0.1648E-01	0.2596E-20
0.1705E-01	0.4167E-20
0.1766E-01	0.6608E-20
0.1829E-01	0.1037E-19
0.1896E-01	0.1609E-19
0.1965E-01	0.2470E-19
0.2040E-01	0.3753E-19
0.2121E-01	0.5652E-19
0.2208E-01	0.8424E-19
0.2300E-01	0.1245E-18
0.2397E-01	0.1821E-18
0.2498E-01	0.2641E-18
0.2603E-01	0.3797E-18
0.2718E-01	0.5409E-18
0.2845E-01	0.7654E-18
0.2981E-01	0.1074E-17
0.3122E-01	0.1495E-17
0.3270E-01	0.2065E-17
0.3425E-01	0.2831E-17
0.3600E-01	0.3855E-17
0.3782E-01	0.5217E-17
0.3982E-01	0.7006E-17
0.4198E-01	0.9358E-17
0.4426E-01	0.1242E-16
0.4665E-01	0.1638E-16
0.4921E-01	0.2146E-16
0.5208E-01	0.2799E-16
0.5515E-01	0.3633E-16
0.5836E-01	0.4687E-16
0.6181E-01	0.6014E-16
0.6565E-01	0.7690E-16
0.6976E-01	0.9790E-16
0.7409E-01	0.1240E-15
0.7891E-01	0.1566E-15
0.8394E-01	0.1968E-15
0.8947E-01	0.2465E-15
0.9548E-01	0.3079E-15
0.1018	0.3831E-15
0.1087	0.4754E-15
0.1161	0.5883E-15
0.1240	0.7261E-15
0.1325	0.8937E-15
0.1415	0.1097E-14
0.1511	0.1343E-14
0.1613	0.1641E-14
0.1720	0.1999E-14
0.1834	0.2429E-14
0.1953	0.2943E-14
0.2079	0.3556E-14
0.2211	0.4285E-14
0.2349	0.5149E-14
0.2493	0.6166E-14
0.2643	0.7363E-14
0.2800	0.8763E-14
0.2964	0.1040E-13
0.3134	0.1229E-13
0.3312	0.1449E-13
0.3497	0.1701E-13
0.3689	0.1992E-13
0.3890	0.2324E-13
0.4098	0.2702E-13
0.4316	0.3131E-13
0.4543	0.3616E-13
0.4779	0.4163E-13
0.5026	0.4777E-13
0.5284	0.5465E-13
0.5554	0.6232E-13
0.5837	0.7086E-13
0.6134	0.8033E-13
0.6445	0.9080E-13
0.6771	0.1023E-12
0.7115	0.1150E-12
0.7477	0.1290E-12
0.7859	0.1442E-12
0.8262	0.1608E-12
0.8689	0.1789E-12
0.9140	0.1985E-12
0.9619	0.2198E-12
1.013	0.2428E-12
1.067	0.2676E-12
1.124	0.2942E-12
1.185	0.3228E-12
1.250	0.3534E-12
1.320	0.3861E-12
1.394	0.4209E-12
1.473	0.4580E-12
1.558	0.4972E-12
1.648	0.5387E-12
1.744	0.5824E-12
1.847	0.6285E-12
1.957	0.6768E-12
2.074	0.7274E-12
2.198	0.7802E-12
2.331	0.8352E-12
2.471	0.8923E-12
2.621	0.9515E-12
2.780	0.1013E-11
2.949	0.1076E-11
3.131	0.1141E-11
3.329	0.1207E-11
3.546	0.1276E-11
3.792	0.1346E-11
4.077	0.1418E-11
4.423	0.1492E-11
4.866	0.1567E-11
5.488	0.1643E-11
6.492	0.1720E-11
8.431	0.1797E-11
12.35	0.1872E-11
18.34	0.1944E-11
25.77	0.2017E-11
34.51	0.2090E-11
44.70	0.2163E-11
56.56	0.2236E-11
70.24	0.2308E-11
85.86	0.2380E-11
103.4	0.2451E-11
122.9	0.2521E-11
144.3	0.2590E-11
167.5	0.2659E-11
192.3	0.2726E-11
218.7	0.2793E-11
246.5	0.2858E-11
275.7	0.2923E-11
306.1	0.2987E-11
337.8	0.3050E-11
370.6	0.3112E-11
404.6	0.3174E-11
439.5	0.3234E-11
475.6	0.3294E-11
512.8	0.3352E-11
550.9	0.3410E-11
590.2	0.3467E-11
630.4	0.3523E-11
671.6	0.3577E-11
713.6	0.3631E-11
756.8	0.3684E-11
801.0	0.3736E-11
846.2	0.3787E-11
892.4	0.3837E-11
939.5	0.3885E-11
987.8	0.3933E-11
1037.	0.3980E-11
1087.	0.4026E-11
1139.	0.4071E-11
1191.	0.4115E-11
1245.	0.4158E-11
1299.	0.4200E-11
1355.	0.4240E-11
1412.	0.4280E-11
1470.	0.4319E-11
1529.	0.4357E-11
1589.	0.4393E-11
1651.	0.4429E-11
1713.	0.4463E-11
1777.	0.4497E-11
1842.	0.4530E-11
1909.	0.4561E-11
1976.	0.4591E-11
2045.	0.4621E-11
2116.	0.4649E-11
2187.	0.4677E-11
2260.	0.4703E-11
2334.	0.4728E-11
2410.	0.4752E-11
2487.	0.4775E-11
2565.	0.4797E-11
2645.	0.4819E-11
2726.	0.4839E-11
2808.	0.4858E-11
2892.	0.4876E-11
2978.	0.4892E-11
3065.	0.4908E-11
3153.	0.4923E-11
3243.	0.4937E-11
3334.	0.4950E-11
3427.	0.4962E-11
3522.	0.4973E-11
3617.	0.4983E-11
3715.	0.4992E-11
3814.	0.5000E-11
3914.	0.5007E-11
4017.	0.5013E-11
4120.	0.5018E-11
4225.	0.5022E-11
4332.	0.5026E-11
4441.	0.5028E-11
4551.	0.5030E-11
4662.	0.5030E-11
4775.	0.5030E-11
 
 
Ar(2p3)                                                         
E/N (Td)	Inelastic energy loss coefficient (eV m3/s)
0.1256E-01	0.1970E-22
0.1291E-01	0.3714E-22
0.1327E-01	0.6841E-22
0.1366E-01	0.1236E-21
0.1408E-01	0.2533E-21
0.1450E-01	0.4294E-21
0.1495E-01	0.7191E-21
0.1542E-01	0.1190E-20
0.1593E-01	0.1946E-20
0.1648E-01	0.3143E-20
0.1705E-01	0.5023E-20
0.1766E-01	0.7934E-20
0.1829E-01	0.1240E-19
0.1896E-01	0.1917E-19
0.1965E-01	0.2931E-19
0.2040E-01	0.4439E-19
0.2121E-01	0.6659E-19
0.2208E-01	0.9890E-19
0.2300E-01	0.1456E-18
0.2397E-01	0.2124E-18
0.2498E-01	0.3069E-18
0.2603E-01	0.4398E-18
0.2718E-01	0.6246E-18
0.2845E-01	0.8811E-18
0.2981E-01	0.1233E-17
0.3122E-01	0.1711E-17
0.3270E-01	0.2356E-17
0.3425E-01	0.3221E-17
0.3600E-01	0.4373E-17
0.3782E-01	0.5902E-17
0.3982E-01	0.7906E-17
0.4198E-01	0.1053E-16
0.4426E-01	0.1394E-16
0.4665E-01	0.1834E-16
0.4921E-01	0.2397E-16
0.5208E-01	0.3119E-16
0.5515E-01	0.4038E-16
0.5836E-01	0.5198E-16
0.6181E-01	0.6655E-16
0.6565E-01	0.8491E-16
0.6976E-01	0.1079E-15
0.7409E-01	0.1363E-15
0.7891E-01	0.1718E-15
0.8394E-01	0.2154E-15
0.8947E-01	0.2693E-15
0.9548E-01	0.3357E-15
0.1018	0.4169E-15
0.1087	0.5162E-15
0.1161	0.6377E-15
0.1240	0.7855E-15
0.1325	0.9650E-15
0.1415	0.1182E-14
0.1511	0.1445E-14
0.1613	0.1762E-14
0.1720	0.2142E-14
0.1834	0.2598E-14
0.1953	0.3143E-14
0.2079	0.3792E-14
0.2211	0.4561E-14
0.2349	0.5471E-14
0.2493	0.6541E-14
0.2643	0.7798E-14
0.2800	0.9266E-14
0.2964	0.1098E-13
0.3134	0.1296E-13
0.3312	0.1525E-13
0.3497	0.1788E-13
0.3689	0.2090E-13
0.3890	0.2435E-13
0.4098	0.2828E-13
0.4316	0.3273E-13
0.4543	0.3775E-13
0.4779	0.4341E-13
0.5026	0.4975E-13
0.5284	0.5684E-13
0.5554	0.6475E-13
0.5837	0.7353E-13
0.6134	0.8326E-13
0.6445	0.9402E-13
0.6771	0.1059E-12
0.7115	0.1189E-12
0.7477	0.1331E-12
0.7859	0.1487E-12
0.8262	0.1657E-12
0.8689	0.1841E-12
0.9140	0.2042E-12
0.9619	0.2258E-12
1.013	0.2492E-12
1.067	0.2744E-12
1.124	0.3015E-12
1.185	0.3306E-12
1.250	0.3616E-12
1.320	0.3947E-12
1.394	0.4300E-12
1.473	0.4674E-12
1.558	0.5071E-12
1.648	0.5490E-12
1.744	0.5932E-12
1.847	0.6397E-12
1.957	0.6884E-12
2.074	0.7394E-12
2.198	0.7925E-12
2.331	0.8479E-12
2.471	0.9053E-12
2.621	0.9648E-12
2.780	0.1026E-11
2.949	0.1090E-11
3.131	0.1155E-11
3.329	0.1222E-11
3.546	0.1290E-11
3.792	0.1361E-11
4.077	0.1433E-11
4.423	0.1506E-11
4.866	0.1581E-11
5.488	0.1658E-11
6.492	0.1735E-11
8.431	0.1811E-11
12.35	0.1885E-11
18.34	0.1958E-11
25.77	0.2030E-11
34.51	0.2103E-11
44.70	0.2176E-11
56.56	0.2249E-11
70.24	0.2321E-11
85.86	0.2392E-11
103.4	0.2463E-11
122.9	0.2533E-11
144.3	0.2602E-11
167.5	0.2670E-11
192.3	0.2737E-11
218.7	0.2803E-11
246.5	0.2868E-11
275.7	0.2933E-11
306.1	0.2996E-11
337.8	0.3059E-11
370.6	0.3120E-11
404.6	0.3181E-11
439.5	0.3241E-11
475.6	0.3300E-11
512.8	0.3358E-11
550.9	0.3416E-11
590.2	0.3472E-11
630.4	0.3527E-11
671.6	0.3582E-11
713.6	0.3635E-11
756.8	0.3687E-11
801.0	0.3739E-11
846.2	0.3789E-11
892.4	0.3838E-11
939.5	0.3887E-11
987.8	0.3934E-11
1037.	0.3981E-11
1087.	0.4026E-11
1139.	0.4070E-11
1191.	0.4114E-11
1245.	0.4156E-11
1299.	0.4197E-11
1355.	0.4238E-11
1412.	0.4277E-11
1470.	0.4315E-11
1529.	0.4352E-11
1589.	0.4389E-11
1651.	0.4424E-11
1713.	0.4458E-11
1777.	0.4491E-11
1842.	0.4523E-11
1909.	0.4554E-11
1976.	0.4584E-11
2045.	0.4613E-11
2116.	0.4641E-11
2187.	0.4668E-11
2260.	0.4694E-11
2334.	0.4718E-11
2410.	0.4742E-11
2487.	0.4765E-11
2565.	0.4787E-11
2645.	0.4807E-11
2726.	0.4827E-11
2808.	0.4845E-11
2892.	0.4863E-11
2978.	0.4879E-11
3065.	0.4895E-11
3153.	0.4910E-11
3243.	0.4923E-11
3334.	0.4936E-11
3427.	0.4947E-11
3522.	0.4958E-11
3617.	0.4967E-11
3715.	0.4976E-11
3814.	0.4984E-11
3914.	0.4990E-11
4017.	0.4996E-11
4120.	0.5001E-11
4225.	0.5005E-11
4332.	0.5008E-11
4441.	0.5010E-11
4551.	0.5011E-11
4662.	0.5012E-11
4775.	0.5011E-11
 
 
Ar(2p2)                                                         
E/N (Td)	Inelastic energy loss coefficient (eV m3/s)
0.1256E-01	0.2906E-22
0.1291E-01	0.5378E-22
0.1327E-01	0.9743E-22
0.1366E-01	0.1734E-21
0.1408E-01	0.3414E-21
0.1450E-01	0.5749E-21
0.1495E-01	0.9562E-21
0.1542E-01	0.1572E-20
0.1593E-01	0.2555E-20
0.1648E-01	0.4102E-20
0.1705E-01	0.6516E-20
0.1766E-01	0.1023E-19
0.1829E-01	0.1590E-19
0.1896E-01	0.2444E-19
0.1965E-01	0.3717E-19
0.2040E-01	0.5599E-19
0.2121E-01	0.8356E-19
0.2208E-01	0.1235E-18
0.2300E-01	0.1809E-18
0.2397E-01	0.2625E-18
0.2498E-01	0.3776E-18
0.2603E-01	0.5387E-18
0.2718E-01	0.7615E-18
0.2845E-01	0.1070E-17
0.2981E-01	0.1490E-17
0.3122E-01	0.2059E-17
0.3270E-01	0.2824E-17
0.3425E-01	0.3845E-17
0.3600E-01	0.5201E-17
0.3782E-01	0.6992E-17
0.3982E-01	0.9331E-17
0.4198E-01	0.1238E-16
0.4426E-01	0.1634E-16
0.4665E-01	0.2141E-16
0.4921E-01	0.2789E-16
0.5208E-01	0.3617E-16
0.5515E-01	0.4668E-16
0.5836E-01	0.5989E-16
0.6181E-01	0.7644E-16
0.6565E-01	0.9723E-16
0.6976E-01	0.1231E-15
0.7409E-01	0.1552E-15
0.7891E-01	0.1949E-15
0.8394E-01	0.2438E-15
0.8947E-01	0.3039E-15
0.9548E-01	0.3778E-15
0.1018	0.4679E-15
0.1087	0.5778E-15
0.1161	0.7118E-15
0.1240	0.8744E-15
0.1325	0.1071E-14
0.1415	0.1309E-14
0.1511	0.1596E-14
0.1613	0.1941E-14
0.1720	0.2355E-14
0.1834	0.2849E-14
0.1953	0.3438E-14
0.2079	0.4138E-14
0.2211	0.4966E-14
0.2349	0.5942E-14
0.2493	0.7089E-14
0.2643	0.8432E-14
0.2800	0.9999E-14
0.2964	0.1182E-13
0.3134	0.1392E-13
0.3312	0.1635E-13
0.3497	0.1914E-13
0.3689	0.2233E-13
0.3890	0.2596E-13
0.4098	0.3009E-13
0.4316	0.3476E-13
0.4543	0.4003E-13
0.4779	0.4595E-13
0.5026	0.5257E-13
0.5284	0.5997E-13
0.5554	0.6820E-13
0.5837	0.7734E-13
0.6134	0.8744E-13
0.6445	0.9859E-13
0.6771	0.1108E-12
0.7115	0.1243E-12
0.7477	0.1390E-12
0.7859	0.1551E-12
0.8262	0.1725E-12
0.8689	0.1915E-12
0.9140	0.2121E-12
0.9619	0.2343E-12
1.013	0.2583E-12
1.067	0.2841E-12
1.124	0.3117E-12
1.185	0.3414E-12
1.250	0.3730E-12
1.320	0.4068E-12
1.394	0.4426E-12
1.473	0.4807E-12
1.558	0.5210E-12
1.648	0.5635E-12
1.744	0.6082E-12
1.847	0.6552E-12
1.957	0.7045E-12
2.074	0.7560E-12
2.198	0.8096E-12
2.331	0.8654E-12
2.471	0.9233E-12
2.621	0.9832E-12
2.780	0.1045E-11
2.949	0.1109E-11
3.131	0.1174E-11
3.329	0.1241E-11
3.546	0.1310E-11
3.792	0.1381E-11
4.077	0.1453E-11
4.423	0.1526E-11
4.866	0.1601E-11
5.488	0.1678E-11
6.492	0.1754E-11
8.431	0.1831E-11
12.35	0.1904E-11
18.34	0.1977E-11
25.77	0.2049E-11
34.51	0.2121E-11
44.70	0.2194E-11
56.56	0.2266E-11
70.24	0.2338E-11
85.86	0.2409E-11
103.4	0.2479E-11
122.9	0.2548E-11
144.3	0.2617E-11
167.5	0.2684E-11
192.3	0.2751E-11
218.7	0.2817E-11
246.5	0.2881E-11
275.7	0.2945E-11
306.1	0.3008E-11
337.8	0.3070E-11
370.6	0.3131E-11
404.6	0.3191E-11
439.5	0.3251E-11
475.6	0.3309E-11
512.8	0.3367E-11
550.9	0.3423E-11
590.2	0.3479E-11
630.4	0.3534E-11
671.6	0.3587E-11
713.6	0.3640E-11
756.8	0.3692E-11
801.0	0.3742E-11
846.2	0.3792E-11
892.4	0.3841E-11
939.5	0.3888E-11
987.8	0.3935E-11
1037.	0.3981E-11
1087.	0.4026E-11
1139.	0.4069E-11
1191.	0.4112E-11
1245.	0.4154E-11
1299.	0.4194E-11
1355.	0.4234E-11
1412.	0.4272E-11
1470.	0.4310E-11
1529.	0.4347E-11
1589.	0.4382E-11
1651.	0.4417E-11
1713.	0.4450E-11
1777.	0.4483E-11
1842.	0.4514E-11
1909.	0.4544E-11
1976.	0.4574E-11
2045.	0.4602E-11
2116.	0.4629E-11
2187.	0.4655E-11
2260.	0.4681E-11
2334.	0.4705E-11
2410.	0.4728E-11
2487.	0.4750E-11
2565.	0.4771E-11
2645.	0.4791E-11
2726.	0.4810E-11
2808.	0.4828E-11
2892.	0.4845E-11
2978.	0.4861E-11
3065.	0.4876E-11
3153.	0.4891E-11
3243.	0.4904E-11
3334.	0.4915E-11
3427.	0.4927E-11
3522.	0.4937E-11
3617.	0.4946E-11
3715.	0.4954E-11
3814.	0.4961E-11
3914.	0.4968E-11
4017.	0.4973E-11
4120.	0.4977E-11
4225.	0.4981E-11
4332.	0.4983E-11
4441.	0.4985E-11
4551.	0.4986E-11
4662.	0.4986E-11
4775.	0.4985E-11
 
 
Ar(2p1)                                                         
E/N (Td)	Inelastic energy loss coefficient (eV m3/s)
0.1256E-01	0.2159E-21
0.1291E-01	0.3724E-21
0.1327E-01	0.6322E-21
0.1366E-01	0.1059E-20
0.1408E-01	0.1817E-20
0.1450E-01	0.2949E-20
0.1495E-01	0.4730E-20
0.1542E-01	0.7503E-20
0.1593E-01	0.1178E-19
0.1648E-01	0.1828E-19
0.1705E-01	0.2808E-19
0.1766E-01	0.4269E-19
0.1829E-01	0.6425E-19
0.1896E-01	0.9575E-19
0.1965E-01	0.1413E-18
0.2040E-01	0.2066E-18
0.2121E-01	0.2996E-18
0.2208E-01	0.4303E-18
0.2300E-01	0.6133E-18
0.2397E-01	0.8663E-18
0.2498E-01	0.1214E-17
0.2603E-01	0.1687E-17
0.2718E-01	0.2326E-17
0.2845E-01	0.3188E-17
0.2981E-01	0.4335E-17
0.3122E-01	0.5852E-17
0.3270E-01	0.7845E-17
0.3425E-01	0.1044E-16
0.3600E-01	0.1382E-16
0.3782E-01	0.1819E-16
0.3982E-01	0.2377E-16
0.4198E-01	0.3091E-16
0.4426E-01	0.3996E-16
0.4665E-01	0.5136E-16
0.4921E-01	0.6563E-16
0.5208E-01	0.8354E-16
0.5515E-01	0.1059E-15
0.5836E-01	0.1334E-15
0.6181E-01	0.1673E-15
0.6565E-01	0.2091E-15
0.6976E-01	0.2604E-15
0.7409E-01	0.3227E-15
0.7891E-01	0.3988E-15
0.8394E-01	0.4907E-15
0.8947E-01	0.6021E-15
0.9548E-01	0.7368E-15
0.1018	0.8986E-15
0.1087	0.1093E-14
0.1161	0.1326E-14
0.1240	0.1605E-14
0.1325	0.1939E-14
0.1415	0.2335E-14
0.1511	0.2806E-14
0.1613	0.3365E-14
0.1720	0.4025E-14
0.1834	0.4803E-14
0.1953	0.5718E-14
0.2079	0.6790E-14
0.2211	0.8042E-14
0.2349	0.9500E-14
0.2493	0.1119E-13
0.2643	0.1315E-13
0.2800	0.1540E-13
0.2964	0.1798E-13
0.3134	0.2094E-13
0.3312	0.2431E-13
0.3497	0.2814E-13
0.3689	0.3247E-13
0.3890	0.3735E-13
0.4098	0.4284E-13
0.4316	0.4898E-13
0.4543	0.5585E-13
0.4779	0.6348E-13
0.5026	0.7196E-13
0.5284	0.8133E-13
0.5554	0.9166E-13
0.5837	0.1030E-12
0.6134	0.1155E-12
0.6445	0.1291E-12
0.6771	0.1440E-12
0.7115	0.1602E-12
0.7477	0.1778E-12
0.7859	0.1968E-12
0.8262	0.2173E-12
0.8689	0.2395E-12
0.9140	0.2633E-12
0.9619	0.2889E-12
1.013	0.3163E-12
1.067	0.3456E-12
1.124	0.3768E-12
1.185	0.4099E-12
1.250	0.4452E-12
1.320	0.4825E-12
1.394	0.5219E-12
1.473	0.5635E-12
1.558	0.6072E-12
1.648	0.6530E-12
1.744	0.7011E-12
1.847	0.7512E-12
1.957	0.8035E-12
2.074	0.8578E-12
2.198	0.9142E-12
2.331	0.9725E-12
2.471	0.1033E-11
2.621	0.1095E-11
2.780	0.1158E-11
2.949	0.1223E-11
3.131	0.1290E-11
3.329	0.1358E-11
3.546	0.1428E-11
3.792	0.1499E-11
4.077	0.1572E-11
4.423	0.1645E-11
4.866	0.1720E-11
5.488	0.1795E-11
6.492	0.1870E-11
8.431	0.1944E-11
12.35	0.2015E-11
18.34	0.2085E-11
25.77	0.2156E-11
34.51	0.2226E-11
44.70	0.2297E-11
56.56	0.2367E-11
70.24	0.2436E-11
85.86	0.2504E-11
103.4	0.2572E-11
122.9	0.2638E-11
144.3	0.2703E-11
167.5	0.2768E-11
192.3	0.2831E-11
218.7	0.2893E-11
246.5	0.2954E-11
275.7	0.3015E-11
306.1	0.3074E-11
337.8	0.3132E-11
370.6	0.3190E-11
404.6	0.3246E-11
439.5	0.3302E-11
475.6	0.3356E-11
512.8	0.3410E-11
550.9	0.3463E-11
590.2	0.3515E-11
630.4	0.3565E-11
671.6	0.3615E-11
713.6	0.3663E-11
756.8	0.3711E-11
801.0	0.3758E-11
846.2	0.3804E-11
892.4	0.3848E-11
939.5	0.3892E-11
987.8	0.3935E-11
1037.	0.3976E-11
1087.	0.4017E-11
1139.	0.4057E-11
1191.	0.4095E-11
1245.	0.4133E-11
1299.	0.4170E-11
1355.	0.4205E-11
1412.	0.4240E-11
1470.	0.4273E-11
1529.	0.4306E-11
1589.	0.4338E-11
1651.	0.4368E-11
1713.	0.4398E-11
1777.	0.4427E-11
1842.	0.4454E-11
1909.	0.4481E-11
1976.	0.4507E-11
2045.	0.4531E-11
2116.	0.4555E-11
2187.	0.4577E-11
2260.	0.4599E-11
2334.	0.4620E-11
2410.	0.4640E-11
2487.	0.4658E-11
2565.	0.4676E-11
2645.	0.4693E-11
2726.	0.4708E-11
2808.	0.4723E-11
2892.	0.4737E-11
2978.	0.4750E-11
3065.	0.4762E-11
3153.	0.4773E-11
3243.	0.4783E-11
3334.	0.4792E-11
3427.	0.4800E-11
3522.	0.4808E-11
3617.	0.4814E-11
3715.	0.4820E-11
3814.	0.4824E-11
3914.	0.4828E-11
4017.	0.4831E-11
4120.	0.4833E-11
4225.	0.4834E-11
4332.	0.4834E-11
4441.	0.4834E-11
4551.	0.4833E-11
4662.	0.4830E-11
4775.	0.4828E-11
 
 
