ELASTIC
Ar
1.360000E-05
SPECIES: e / Ar
PROCESS: E + Ar -> E + Ar, Elastic
PARAM.:  m/M = 0.0000136, complete set
COMMENT: testing 11/02 elastic momentum transfer from Magboltz 8.97 Sept 2011. Note that the energy
COMMENT: resolution in the LXCat tables for energy < 1 eV is less than for the original data.
UPDATED: 2021-02-11 18:17:56
COLUMNS: Energy (eV) | Cross section (m2)
------------------------------
0.000000E+00	7.228241E-20
1.000000E-04	6.876197E-20
1.114243E-04	6.856759E-20
1.241537E-04	6.836259E-20
1.383374E-04	6.814642E-20
1.541415E-04	6.791849E-20
1.717510E-04	6.767819E-20
1.913724E-04	6.742487E-20
2.132353E-04	6.715784E-20
2.375959E-04	6.687641E-20
2.647395E-04	6.657983E-20
2.949841E-04	6.626732E-20
3.286840E-04	6.593809E-20
3.662338E-04	6.559128E-20
4.080734E-04	6.522603E-20
4.546928E-04	6.484142E-20
5.066383E-04	6.443650E-20
5.645181E-04	6.401028E-20
6.290102E-04	6.356175E-20
7.008702E-04	6.308984E-20
7.809396E-04	6.259348E-20
8.701564E-04	6.207153E-20
9.695656E-04	6.152283E-20
1.080332E-03	6.094620E-20
1.203752E-03	6.034042E-20
1.341272E-03	5.970426E-20
1.494502E-03	5.903644E-20
1.665239E-03	5.833569E-20
1.855480E-03	5.760071E-20
2.067456E-03	5.683021E-20
2.303648E-03	5.602290E-20
2.566823E-03	5.517748E-20
2.860065E-03	5.429270E-20
3.186807E-03	5.336732E-20
3.550877E-03	5.240015E-20
3.956539E-03	5.139007E-20
4.408545E-03	5.033602E-20
4.912190E-03	4.923705E-20
5.473373E-03	4.809232E-20
6.098667E-03	4.690112E-20
6.795396E-03	4.566292E-20
7.571721E-03	4.437737E-20
8.436737E-03	4.304437E-20
9.400574E-03	4.166406E-20
1.047452E-02	4.023687E-20
1.167116E-02	3.876359E-20
1.300451E-02	3.724538E-20
1.449018E-02	3.568383E-20
1.614558E-02	3.408099E-20
1.799010E-02	3.243947E-20
2.004534E-02	3.076243E-20
2.233538E-02	2.905367E-20
2.488703E-02	2.731768E-20
2.773020E-02	2.555968E-20
3.089818E-02	2.378568E-20
3.442808E-02	2.200255E-20
3.836124E-02	2.021800E-20
4.274374E-02	1.844067E-20
4.762690E-02	1.668015E-20
5.306794E-02	1.494694E-20
5.913057E-02	1.325252E-20
6.588582E-02	1.160924E-20
7.341280E-02	1.003035E-20
8.179969E-02	8.529853E-21
9.114473E-02	7.122443E-21
1.015574E-01	5.823330E-21
1.131596E-01	4.648053E-21
1.260872E-01	3.612246E-21
1.404918E-01	2.731351E-21
1.565420E-01	2.020271E-21
1.744258E-01	1.492986E-21
1.943527E-01	1.162100E-21
2.165561E-01	1.038357E-21
2.412961E-01	1.130106E-21
2.688625E-01	1.442758E-21
2.995781E-01	1.978236E-21
3.338028E-01	2.734463E-21
3.719374E-01	3.704930E-21
4.144285E-01	4.878384E-21
4.617741E-01	6.238720E-21
5.145285E-01	7.765122E-21
5.733097E-01	9.432536E-21
6.388062E-01	1.121253E-20
7.117853E-01	1.307456E-20
7.931017E-01	1.498768E-20
8.837079E-01	1.692256E-20
9.846652E-01	1.885379E-20
1.097156E+00	2.076219E-20
1.222498E+00	2.263702E-20
1.362160E+00	2.447785E-20
1.517777E+00	2.629614E-20
1.691173E+00	2.811665E-20
1.884377E+00	2.997924E-20
2.099654E+00	3.194191E-20
2.339524E+00	3.408579E-20
2.606798E+00	3.652305E-20
2.904606E+00	3.940754E-20
3.236437E+00	4.294654E-20
3.606177E+00	4.740892E-20
4.018156E+00	5.311996E-20
4.477202E+00	6.042729E-20
4.988691E+00	6.961920E-20
5.558613E+00	8.078276E-20
6.193645E+00	9.361646E-20
6.901225E+00	1.072659E-19
7.689641E+00	1.203116E-19
8.568127E+00	1.310337E-19
9.546975E+00	1.379256E-19
1.063765E+01	1.402048E-19
1.185292E+01	1.380060E-19
1.320704E+01	1.321760E-19
1.471585E+01	1.238678E-19
1.639703E+01	1.141868E-19
1.827027E+01	1.040042E-19
2.035752E+01	9.391816E-20
2.268322E+01	8.429303E-20
2.527462E+01	7.532297E-20
2.816206E+01	6.709003E-20
3.137938E+01	5.960827E-20
3.496425E+01	5.285372E-20
3.895866E+01	4.678334E-20
4.340941E+01	4.134644E-20
4.836863E+01	3.649095E-20
5.389440E+01	3.216668E-20
6.005145E+01	2.832653E-20
6.691190E+01	2.492671E-20
7.455611E+01	2.192629E-20
8.307361E+01	1.928675E-20
9.256418E+01	1.697148E-20
1.031390E+02	1.494562E-20
1.149219E+02	1.317613E-20
1.280509E+02	1.163202E-20
1.426798E+02	1.028468E-20
1.589799E+02	9.108148E-21
1.771422E+02	8.079264E-21
1.973795E+02	7.177709E-21
2.199287E+02	6.385877E-21
2.450540E+02	5.688673E-21
2.730496E+02	5.073238E-21
3.042436E+02	4.528659E-21
3.390013E+02	4.045683E-21
3.777298E+02	3.616457E-21
4.208827E+02	3.234292E-21
4.689655E+02	2.893467E-21
5.225415E+02	2.589068E-21
5.822382E+02	2.316848E-21
6.487547E+02	2.073120E-21
7.228703E+02	1.854667E-21
8.054531E+02	1.658667E-21
8.974704E+02	1.482639E-21
1.000000E+03	1.324390E-21
------------------------------

EXCITATION
Ar -> Ar(1S5)
1.154835E+01
SPECIES: e / Ar
PROCESS: E + Ar -> E + Ar(1S5), Excitation
PARAM.:  E = 11.548 eV, complete set
COMMENT: from Magboltz 8.97 Sept 2011.
UPDATED: 2011-10-20 14:07:52
COLUMNS: Energy (eV) | Cross section (m2)
------------------------------
1.154835E+01	0.000000E+00
1.155509E+01	3.105054E-24
1.155732E+01	4.128637E-24
1.156029E+01	5.488197E-24
1.156423E+01	7.292902E-24
1.156948E+01	9.686537E-24
1.157647E+01	1.285782E-23
1.158577E+01	1.705330E-23
1.159814E+01	2.259300E-23
1.161461E+01	2.988878E-23
1.163652E+01	3.946432E-23
1.166567E+01	5.197454E-23
1.170447E+01	6.821919E-23
1.175610E+01	8.914135E-23
1.182481E+01	1.157948E-22
1.191623E+01	1.492551E-22
1.203790E+01	1.904384E-22
1.219979E+01	2.397871E-22
1.241523E+01	2.967871E-22
1.270192E+01	3.593311E-22
1.308342E+01	4.230458E-22
1.359108E+01	4.808894E-22
1.426664E+01	5.235213E-22
1.516561E+01	5.409807E-22
1.636187E+01	5.257693E-22
1.795376E+01	4.764220E-22
2.007211E+01	3.995780E-22
2.289102E+01	3.086557E-22
2.664218E+01	2.191750E-22
3.163389E+01	1.432814E-22
3.827642E+01	8.662984E-23
4.711572E+01	4.878508E-23
5.887828E+01	2.580937E-23
7.453087E+01	1.294567E-23
9.535995E+01	6.211994E-24
1.230775E+02	2.875290E-24
1.599615E+02	1.293049E-24
2.090436E+02	5.684336E-25
2.743576E+02	2.454995E-25
3.612719E+02	1.045863E-25
4.769297E+02	4.408928E-26
6.308370E+02	1.843759E-26
8.356433E+02	7.663416E-27
1.108182E+03	3.170504E-27
1.470851E+03	1.307108E-27
1.953461E+03	5.374573E-28
2.595675E+03	2.205508E-28
3.450277E+03	9.036891E-29
4.587507E+03	3.698594E-29
6.100832E+03	1.512458E-29
8.114632E+03	6.180890E-30
------------------------------

EXCITATION
Ar -> Ar(1S4)
1.162359E+01
SPECIES: e / Ar
PROCESS: E + Ar -> E + Ar(1S4), Excitation
PARAM.:  E = 11.624 eV, complete set
COMMENT: from Magboltz 8.97 Sept 2011.
UPDATED: 2011-10-20 14:07:14
COLUMNS: Energy (eV) | Cross section (m2)
------------------------------
1.162359E+01	0.000000E+00
1.163033E+01	1.394473E-24
1.163256E+01	1.855193E-24
1.163552E+01	2.467932E-24
1.163947E+01	3.282700E-24
1.164472E+01	4.365839E-24
1.165171E+01	5.805272E-24
1.166101E+01	7.717362E-24
1.167338E+01	1.025583E-23
1.168984E+01	1.362327E-23
1.171176E+01	1.808579E-23
1.174091E+01	2.399145E-23
1.177971E+01	3.179282E-23
1.183134E+01	4.207372E-23
1.190005E+01	5.557935E-23
1.199147E+01	7.324709E-23
1.211313E+01	9.623253E-23
1.227503E+01	1.259207E-22
1.249047E+01	1.639052E-22
1.277716E+01	2.119105E-22
1.315866E+01	2.716237E-22
1.366632E+01	3.444014E-22
1.434187E+01	4.308307E-22
1.524084E+01	5.301675E-22
1.643711E+01	6.397485E-22
1.802900E+01	7.545738E-22
2.014735E+01	8.673145E-22
2.296626E+01	9.689592E-22
2.671742E+01	1.050122E-21
3.170913E+01	1.102754E-21
3.835166E+01	1.121761E-21
4.719096E+01	1.106017E-21
5.895352E+01	1.058438E-21
7.460611E+01	9.851428E-22
9.543519E+01	8.940380E-22
1.231527E+02	7.933092E-22
1.600368E+02	6.902263E-22
2.091188E+02	5.904583E-22
2.744329E+02	4.978810E-22
3.613471E+02	4.147308E-22
4.770049E+02	3.419353E-22
6.309122E+02	2.794875E-22
8.357185E+02	2.267818E-22
1.108257E+03	1.828796E-22
1.470927E+03	1.467005E-22
1.953536E+03	1.171474E-22
2.595750E+03	9.318293E-23
3.450352E+03	7.386905E-23
4.587582E+03	5.838391E-23
6.100907E+03	4.602354E-23
8.114708E+03	3.619521E-23
------------------------------

EXCITATION
Ar -> Ar(1S3)
1.172316E+01
SPECIES: e / Ar
PROCESS: E + Ar -> E + Ar(1S3), Excitation
PARAM.:  E = 11.723 eV, complete set
COMMENT: from Magboltz 8.97 Sept 2011.
UPDATED: 2011-10-20 14:07:01
COLUMNS: Energy (eV) | Cross section (m2)
------------------------------
1.172316E+01	0.000000E+00
1.172990E+01	7.603445E-25
1.173213E+01	1.011039E-24
1.173509E+01	1.344056E-24
1.173904E+01	1.786172E-24
1.174429E+01	2.372675E-24
1.175128E+01	3.149920E-24
1.176057E+01	4.178529E-24
1.177295E+01	5.537313E-24
1.178941E+01	7.327902E-24
1.181132E+01	9.679891E-24
1.184048E+01	1.275600E-23
1.187928E+01	1.675607E-23
1.193091E+01	2.191784E-23
1.199961E+01	2.851062E-23
1.209104E+01	3.681603E-23
1.221270E+01	4.708715E-23
1.237460E+01	5.947542E-23
1.259004E+01	7.391585E-23
1.287673E+01	8.997025E-23
1.325822E+01	1.066523E-22
1.376589E+01	1.223012E-22
1.444144E+01	1.346235E-22
1.534041E+01	1.410417E-22
1.653668E+01	1.394086E-22
1.812857E+01	1.289163E-22
2.024692E+01	1.107461E-22
2.306583E+01	8.794963E-23
2.681699E+01	6.444207E-23
3.180870E+01	4.361866E-23
3.845123E+01	2.738990E-23
4.729053E+01	1.606237E-23
5.905309E+01	8.869004E-24
7.470568E+01	4.651526E-24
9.553476E+01	2.337310E-24
1.232523E+02	1.134194E-24
1.601363E+02	5.352233E-25
2.092184E+02	2.470695E-25
2.745324E+02	1.121096E-25
3.614467E+02	5.019933E-26
4.771045E+02	2.224963E-26
6.310118E+02	9.785053E-27
8.358181E+02	4.277876E-27
1.108356E+03	1.861828E-27
1.471026E+03	8.075554E-28
1.953636E+03	3.493718E-28
2.595850E+03	1.508553E-28
3.450452E+03	6.504259E-29
4.587681E+03	2.801281E-29
6.101007E+03	1.205466E-29
8.114807E+03	5.184210E-30
------------------------------

EXCITATION
Ar -> Ar(1S2)
1.182807E+01
SPECIES: e / Ar
PROCESS: E + Ar -> E + Ar(1S2), Excitation
PARAM.:  E = 11.828 eV, complete set
COMMENT: from Magboltz 8.97 Sept 2011.
UPDATED: 2011-10-20 14:06:47
COLUMNS: Energy (eV) | Cross section (m2)
------------------------------
1.182807E+01	0.000000E+00
1.183481E+01	3.736552E-24
1.183704E+01	4.971231E-24
1.184000E+01	6.613430E-24
1.184395E+01	8.797303E-24
1.184920E+01	1.170090E-23
1.185619E+01	1.556030E-23
1.186549E+01	2.068821E-23
1.187786E+01	2.749810E-23
1.189432E+01	3.653563E-23
1.191623E+01	4.851880E-23
1.194539E+01	6.438895E-23
1.198419E+01	8.537398E-23
1.203582E+01	1.130649E-22
1.210452E+01	1.495046E-22
1.219595E+01	1.972838E-22
1.231761E+01	2.596336E-22
1.247951E+01	3.404908E-22
1.269495E+01	4.444974E-22
1.298164E+01	5.768715E-22
1.336313E+01	7.430646E-22
1.387080E+01	9.481011E-22
1.454635E+01	1.195515E-21
1.544532E+01	1.485866E-21
1.664159E+01	1.814990E-21
1.823348E+01	2.172357E-21
2.035183E+01	2.540159E-21
2.317074E+01	2.893806E-21
2.692190E+01	3.204312E-21
3.191361E+01	3.442508E-21
3.855614E+01	3.584321E-21
4.739544E+01	3.615711E-21
5.915800E+01	3.535666E-21
7.481059E+01	3.356141E-21
9.563967E+01	3.098946E-21
1.233572E+02	2.790806E-21
1.602412E+02	2.458341E-21
2.093233E+02	2.124337E-21
2.746373E+02	1.805860E-21
3.615516E+02	1.513987E-21
4.772094E+02	1.254582E-21
6.311167E+02	1.029520E-21
8.359230E+02	8.379439E-22
1.108461E+03	6.773398E-22
1.471131E+03	5.443448E-22
1.953741E+03	4.353077E-22
2.595955E+03	3.466429E-22
3.450557E+03	2.750327E-22
4.587786E+03	2.175250E-22
6.101112E+03	1.715647E-22
8.114912E+03	1.349842E-22
------------------------------

EXCITATION
Ar -> Ar(2P10)
1.290700E+01
SPECIES: e / Ar
PROCESS: E + Ar -> E + Ar(2P10), Excitation
PARAM.:  E = 12.907 eV, complete set
COMMENT: from Magboltz 8.97 Sept 2011.
UPDATED: 2011-10-20 14:06:33
COLUMNS: Energy (eV) | Cross section (m2)
------------------------------
1.290700E+01	0.000000E+00
1.290800E+01	1.520000E-23
1.292400E+01	4.342700E-23
1.294200E+01	5.482900E-23
1.296000E+01	5.825800E-23
1.297900E+01	7.351900E-23
1.299700E+01	9.218400E-23
1.301600E+01	1.469000E-22
1.303500E+01	1.787100E-22
1.305500E+01	1.630400E-22
1.307500E+01	3.377000E-23
1.309600E+01	1.589000E-23
1.311600E+01	2.587300E-23
1.313700E+01	3.702400E-23
1.315900E+01	8.820800E-23
1.318100E+01	1.322000E-22
1.320300E+01	1.388200E-22
1.322500E+01	2.774000E-23
1.324800E+01	1.100000E-23
1.327200E+01	2.418400E-23
1.329500E+01	1.880600E-23
1.332000E+01	1.939100E-23
1.334400E+01	1.988300E-23
1.336900E+01	2.038400E-23
1.339500E+01	2.089300E-23
1.342100E+01	2.145700E-23
1.344700E+01	2.377800E-23
1.347400E+01	4.217200E-23
1.350100E+01	3.199000E-23
1.352900E+01	3.171200E-23
1.355700E+01	3.142900E-23
1.358600E+01	3.114200E-23
1.361500E+01	3.130100E-23
1.364500E+01	3.189600E-23
1.367500E+01	3.250100E-23
1.370600E+01	3.311700E-23
1.373700E+01	3.374400E-23
1.376900E+01	3.438200E-23
1.380200E+01	3.503000E-23
1.383500E+01	3.569000E-23
1.386800E+01	3.636200E-23
1.390200E+01	3.704500E-23
1.393700E+01	3.774000E-23
1.397200E+01	3.844800E-23
1.400800E+01	3.931800E-23
1.404500E+01	4.070900E-23
1.408200E+01	4.212400E-23
1.412000E+01	4.356400E-23
1.415900E+01	4.502900E-23
1.419800E+01	4.651900E-23
1.423800E+01	4.803500E-23
1.427800E+01	4.957800E-23
1.432000E+01	5.114800E-23
1.436200E+01	5.274500E-23
1.440400E+01	5.437000E-23
1.444800E+01	5.602300E-23
1.449200E+01	5.770500E-23
1.453700E+01	5.941600E-23
1.458300E+01	6.115700E-23
1.463000E+01	6.292900E-23
1.467700E+01	6.473100E-23
1.472500E+01	6.656500E-23
1.477400E+01	6.843000E-23
1.482400E+01	7.032800E-23
1.487500E+01	7.225900E-23
1.492700E+01	7.422400E-23
1.498000E+01	7.622300E-23
1.503300E+01	7.819100E-23
1.508800E+01	8.015100E-23
1.514300E+01	8.214600E-23
1.519900E+01	8.417500E-23
1.525700E+01	8.624000E-23
1.531500E+01	8.834000E-23
1.537400E+01	9.047700E-23
1.543500E+01	9.265200E-23
1.549600E+01	9.486400E-23
1.555900E+01	9.711500E-23
1.562200E+01	9.940500E-23
1.568700E+01	1.017300E-22
1.575300E+01	1.041100E-22
1.582000E+01	1.065200E-22
1.588800E+01	1.089700E-22
1.595700E+01	1.114700E-22
1.602800E+01	1.139700E-22
1.610000E+01	1.164400E-22
1.617300E+01	1.189600E-22
1.624700E+01	1.215300E-22
1.632300E+01	1.241300E-22
1.640000E+01	1.267900E-22
1.647800E+01	1.294900E-22
1.655800E+01	1.322300E-22
1.663900E+01	1.350300E-22
1.672100E+01	1.378700E-22
1.680500E+01	1.407700E-22
1.689000E+01	1.437100E-22
1.697700E+01	1.467000E-22
1.706500E+01	1.497500E-22
1.715500E+01	1.528500E-22
1.724600E+01	1.560000E-22
1.734000E+01	1.592100E-22
1.743400E+01	1.624800E-22
1.753000E+01	1.658000E-22
1.762800E+01	1.691800E-22
1.772800E+01	1.726200E-22
1.782900E+01	1.761200E-22
1.793300E+01	1.796700E-22
1.803800E+01	1.827900E-22
1.814400E+01	1.850300E-22
1.825300E+01	1.873100E-22
1.836400E+01	1.896300E-22
1.847600E+01	1.920000E-22
1.859000E+01	1.944000E-22
1.870700E+01	1.968400E-22
1.882500E+01	1.993300E-22
1.894600E+01	2.018600E-22
1.906800E+01	2.038900E-22
1.919300E+01	2.055100E-22
1.932000E+01	2.071600E-22
1.944900E+01	2.088400E-22
1.958100E+01	2.105500E-22
1.971400E+01	2.122900E-22
1.985000E+01	2.140500E-22
1.998900E+01	2.158500E-22
2.012900E+01	2.165200E-22
2.027300E+01	2.170900E-22
2.041800E+01	2.176700E-22
2.056700E+01	2.182700E-22
2.071700E+01	2.188700E-22
2.087100E+01	2.194800E-22
2.102700E+01	2.199200E-22
2.118600E+01	2.194400E-22
2.134800E+01	2.189600E-22
2.151200E+01	2.184600E-22
2.167900E+01	2.179600E-22
2.185000E+01	2.174500E-22
2.202300E+01	2.167900E-22
2.219900E+01	2.151400E-22
2.237800E+01	2.134700E-22
2.256100E+01	2.117700E-22
2.274600E+01	2.100300E-22
2.293500E+01	2.082700E-22
2.312700E+01	2.064800E-22
2.332300E+01	2.046600E-22
2.352100E+01	2.028000E-22
2.372400E+01	2.009100E-22
2.393000E+01	1.989900E-22
2.413900E+01	1.970400E-22
2.435200E+01	1.950500E-22
2.456900E+01	1.930200E-22
2.478900E+01	1.909600E-22
2.501400E+01	1.888100E-22
2.524200E+01	1.856600E-22
2.547500E+01	1.824500E-22
2.571100E+01	1.791900E-22
2.619600E+01	1.725000E-22
2.644500E+01	1.690600E-22
2.669800E+01	1.655700E-22
2.695600E+01	1.620100E-22
2.721800E+01	1.583900E-22
2.748500E+01	1.547100E-22
2.775600E+01	1.509700E-22
2.803200E+01	1.471600E-22
2.831300E+01	1.432800E-22
2.859900E+01	1.393400E-22
2.888900E+01	1.353300E-22
2.918500E+01	1.312400E-22
2.948600E+01	1.270900E-22
2.979200E+01	1.228600E-22
3.010400E+01	1.191900E-22
3.042100E+01	1.167200E-22
3.074300E+01	1.142000E-22
3.107200E+01	1.116400E-22
3.140500E+01	1.090400E-22
3.174500E+01	1.063900E-22
3.209100E+01	1.036900E-22
3.244200E+01	1.009500E-22
3.280000E+01	9.816000E-23
3.316400E+01	9.532200E-23
3.353400E+01	9.243300E-23
3.391100E+01	8.949500E-23
3.429400E+01	8.650500E-23
3.468400E+01	8.346300E-23
3.508100E+01	8.062800E-23
3.548500E+01	7.877100E-23
3.589500E+01	7.688100E-23
3.631300E+01	7.495900E-23
3.673800E+01	7.300400E-23
3.717100E+01	7.101400E-23
3.761100E+01	6.899000E-23
3.805900E+01	6.693000E-23
3.851400E+01	6.483400E-23
3.897800E+01	6.270200E-23
3.944900E+01	6.053300E-23
3.992900E+01	5.832600E-23
4.041700E+01	5.695700E-23
4.091400E+01	5.571500E-23
4.141900E+01	5.445200E-23
4.193300E+01	5.316700E-23
4.245600E+01	5.185900E-23
4.298800E+01	5.052900E-23
4.353000E+01	4.917600E-23
4.408100E+01	4.779800E-23
4.464100E+01	4.639700E-23
4.521100E+01	4.497200E-23
4.579100E+01	4.352100E-23
4.638200E+01	4.204600E-23
4.698200E+01	4.054500E-23
4.759300E+01	3.901700E-23
4.821500E+01	3.746300E-23
4.884700E+01	3.588200E-23
4.949100E+01	3.427300E-23
5.014500E+01	3.282500E-23
5.081200E+01	3.202600E-23
5.148900E+01	3.121300E-23
5.217900E+01	3.038600E-23
5.288000E+01	2.954400E-23
5.359400E+01	2.868700E-23
5.432000E+01	2.781600E-23
5.505900E+01	2.692900E-23
5.581100E+01	2.602700E-23
5.657500E+01	2.511000E-23
5.735300E+01	2.417600E-23
5.814500E+01	2.322600E-23
5.895100E+01	2.225900E-23
5.977000E+01	2.127600E-23
6.060400E+01	2.069800E-23
6.145200E+01	2.027400E-23
6.231500E+01	1.984200E-23
6.319300E+01	1.940300E-23
6.408700E+01	1.895700E-23
6.499500E+01	1.850200E-23
6.592000E+01	1.804000E-23
6.686100E+01	1.756900E-23
6.781800E+01	1.709100E-23
6.879200E+01	1.660400E-23
6.978300E+01	1.610800E-23
7.079100E+01	1.560400E-23
7.181700E+01	1.509100E-23
7.286100E+01	1.457000E-23
7.392200E+01	1.403900E-23
7.500300E+01	1.349900E-23
7.610200E+01	1.294900E-23
7.722000E+01	1.239000E-23
7.835800E+01	1.182100E-23
7.951500E+01	1.124200E-23
8.069300E+01	1.084400E-23
8.189100E+01	1.057400E-23
8.311000E+01	1.030000E-23
8.435100E+01	1.002100E-23
8.561300E+01	9.737200E-24
8.689600E+01	9.448300E-24
8.820300E+01	9.154400E-24
8.953200E+01	8.855400E-24
9.088400E+01	8.551100E-24
9.226000E+01	8.241600E-24
9.365900E+01	7.926700E-24
9.508300E+01	7.606200E-24
9.653200E+01	7.280200E-24
9.800600E+01	6.948600E-24
9.950600E+01	6.611100E-24
1.010300E+02	6.367900E-24
1.025800E+02	6.176600E-24
1.041600E+02	5.990700E-24
1.057700E+02	5.810000E-24
1.074100E+02	5.634500E-24
1.090700E+02	5.463900E-24
1.107600E+02	5.298200E-24
1.124800E+02	5.137200E-24
1.142400E+02	4.980900E-24
1.160200E+02	4.829000E-24
1.178300E+02	4.681500E-24
1.196800E+02	4.538200E-24
1.215500E+02	4.399200E-24
1.234600E+02	4.264100E-24
1.254100E+02	4.133000E-24
1.273900E+02	4.005700E-24
1.294000E+02	3.882100E-24
1.314400E+02	3.762100E-24
1.335300E+02	3.645700E-24
1.356400E+02	3.532700E-24
1.378000E+02	3.423100E-24
1.399900E+02	3.316700E-24
1.422200E+02	3.213400E-24
1.444900E+02	3.113300E-24
1.468000E+02	3.016100E-24
1.491500E+02	2.921800E-24
1.515400E+02	2.830300E-24
1.539800E+02	2.741600E-24
1.564500E+02	2.655600E-24
1.589700E+02	2.572100E-24
1.615300E+02	2.491200E-24
1.641400E+02	2.412700E-24
1.667900E+02	2.336600E-24
1.694900E+02	2.262800E-24
1.722300E+02	2.191200E-24
1.750200E+02	2.121900E-24
1.778700E+02	2.054600E-24
1.807600E+02	1.989400E-24
1.837000E+02	1.926200E-24
1.866900E+02	1.865000E-24
1.897300E+02	1.805600E-24
1.928300E+02	1.748000E-24
1.959800E+02	1.692300E-24
1.991900E+02	1.638200E-24
2.024500E+02	1.585900E-24
2.057700E+02	1.535100E-24
2.091500E+02	1.485900E-24
2.125900E+02	1.438300E-24
2.160800E+02	1.392100E-24
2.196400E+02	1.347400E-24
2.232600E+02	1.304100E-24
2.269400E+02	1.262100E-24
2.306800E+02	1.221500E-24
2.344900E+02	1.182100E-24
2.383700E+02	1.143900E-24
2.423200E+02	1.107000E-24
2.463300E+02	1.071200E-24
2.504100E+02	1.036600E-24
2.545700E+02	1.003000E-24
2.588000E+02	9.705100E-25
2.631000E+02	9.390400E-25
2.674700E+02	9.085700E-25
2.719200E+02	8.790700E-25
2.764500E+02	8.505000E-25
2.810600E+02	8.228400E-25
2.857500E+02	7.960600E-25
2.905200E+02	7.701300E-25
2.953700E+02	7.450300E-25
3.003100E+02	7.207300E-25
3.053300E+02	6.972100E-25
3.104500E+02	6.744400E-25
3.156500E+02	6.524000E-25
3.209400E+02	6.310700E-25
3.263200E+02	6.104200E-25
3.318000E+02	5.904300E-25
3.373700E+02	5.710900E-25
3.430400E+02	5.523700E-25
3.488100E+02	5.342500E-25
3.546700E+02	5.167200E-25
3.606500E+02	4.997500E-25
3.667200E+02	4.833300E-25
3.729000E+02	4.674400E-25
3.791900E+02	4.520700E-25
3.855900E+02	4.371900E-25
3.921000E+02	4.227900E-25
3.987200E+02	4.088600E-25
4.054600E+02	3.953900E-25
4.123100E+02	3.823500E-25
4.192900E+02	3.697300E-25
4.263800E+02	3.575300E-25
4.336000E+02	3.457200E-25
4.409500E+02	3.343000E-25
4.484200E+02	3.232500E-25
4.560300E+02	3.125600E-25
4.637600E+02	3.022200E-25
4.716300E+02	2.922200E-25
4.796400E+02	2.825400E-25
4.877900E+02	2.731800E-25
4.960800E+02	2.641300E-25
5.130900E+02	2.469000E-25
5.307100E+02	2.307800E-25
5.489400E+02	2.157100E-25
5.678100E+02	2.016100E-25
5.873500E+02	1.884200E-25
6.075700E+02	1.760800E-25
6.285000E+02	1.645500E-25
6.501700E+02	1.537700E-25
6.726000E+02	1.436800E-25
6.958200E+02	1.342500E-25
7.198500E+02	1.254400E-25
7.447300E+02	1.172000E-25
7.704800E+02	1.094900E-25
7.971400E+02	1.022900E-25
8.247400E+02	9.556100E-26
8.533000E+02	8.927000E-26
8.828700E+02	8.339100E-26
9.134800E+02	7.789600E-26
9.451600E+02	7.276100E-26
9.779600E+02	6.796300E-26
------------------------------

EXCITATION
Ar -> Ar(2P9)
1.307600E+01
SPECIES: e / Ar
PROCESS: E + Ar -> E + Ar(2P9), Excitation
PARAM.:  E = 13.076 eV, complete set
COMMENT: from Magboltz 8.97 Sept 2011.
UPDATED: 2011-10-20 14:06:16
COLUMNS: Energy (eV) | Cross section (m2)
------------------------------
1.307600E+01	0.000000E+00
1.307700E+01	5.952400E-26
1.309300E+01	1.036900E-24
1.311100E+01	2.091800E-24
1.312900E+01	3.165100E-24
1.314800E+01	4.257100E-24
1.316600E+01	5.368100E-24
1.318500E+01	6.498500E-24
1.320400E+01	7.648600E-24
1.322400E+01	8.818700E-24
1.324400E+01	1.000900E-23
1.326500E+01	1.122000E-23
1.328500E+01	1.245300E-23
1.330600E+01	1.370600E-23
1.332800E+01	1.498200E-23
1.335000E+01	1.628000E-23
1.337200E+01	1.760000E-23
1.339400E+01	1.894400E-23
1.341700E+01	2.031100E-23
1.344100E+01	2.170100E-23
1.346400E+01	2.311600E-23
1.348900E+01	2.455600E-23
1.351300E+01	2.602000E-23
1.353800E+01	2.751100E-23
1.356400E+01	2.902700E-23
1.359000E+01	3.056900E-23
1.361600E+01	3.213800E-23
1.364300E+01	3.373500E-23
1.367000E+01	3.536000E-23
1.369800E+01	3.701300E-23
1.372600E+01	3.869400E-23
1.375500E+01	4.040500E-23
1.378400E+01	4.214600E-23
1.381400E+01	4.391700E-23
1.384400E+01	4.571900E-23
1.387500E+01	4.755200E-23
1.390600E+01	4.941700E-23
1.393800E+01	5.131500E-23
1.397100E+01	5.324500E-23
1.400400E+01	5.524000E-23
1.403700E+01	5.752300E-23
1.407100E+01	5.984600E-23
1.410600E+01	6.220900E-23
1.414100E+01	6.461400E-23
1.417700E+01	6.706000E-23
1.421400E+01	6.954900E-23
1.425100E+01	7.208200E-23
1.428900E+01	7.465800E-23
1.432800E+01	7.728000E-23
1.436700E+01	7.994700E-23
1.440700E+01	8.266100E-23
1.444700E+01	8.542100E-23
1.448900E+01	8.823000E-23
1.453100E+01	9.108800E-23
1.457300E+01	9.399600E-23
1.461700E+01	9.695400E-23
1.466100E+01	9.996400E-23
1.470600E+01	1.030300E-22
1.475200E+01	1.061400E-22
1.479900E+01	1.093100E-22
1.484600E+01	1.125400E-22
1.489400E+01	1.158200E-22
1.494300E+01	1.191600E-22
1.499300E+01	1.225500E-22
1.504400E+01	1.259600E-22
1.509600E+01	1.294300E-22
1.514900E+01	1.329500E-22
1.520200E+01	1.365400E-22
1.525700E+01	1.401900E-22
1.531200E+01	1.439000E-22
1.536800E+01	1.476800E-22
1.542600E+01	1.515200E-22
1.548400E+01	1.554300E-22
1.554300E+01	1.594100E-22
1.560400E+01	1.634500E-22
1.566500E+01	1.675700E-22
1.572800E+01	1.717600E-22
1.579100E+01	1.760200E-22
1.585600E+01	1.803600E-22
1.592200E+01	1.847700E-22
1.598900E+01	1.892600E-22
1.605700E+01	1.924300E-22
1.612600E+01	1.953700E-22
1.619700E+01	1.983700E-22
1.626900E+01	2.014200E-22
1.634200E+01	2.045300E-22
1.641600E+01	2.076800E-22
1.649200E+01	2.109000E-22
1.656900E+01	2.141700E-22
1.664700E+01	2.174900E-22
1.672700E+01	2.208800E-22
1.680800E+01	2.243200E-22
1.689000E+01	2.278200E-22
1.697400E+01	2.313900E-22
1.705900E+01	2.350100E-22
1.714600E+01	2.387000E-22
1.723400E+01	2.424500E-22
1.732400E+01	2.462700E-22
1.741500E+01	2.501600E-22
1.750900E+01	2.541100E-22
1.760300E+01	2.581300E-22
1.769900E+01	2.622300E-22
1.779700E+01	2.663900E-22
1.789700E+01	2.706200E-22
1.799800E+01	2.749300E-22
1.810200E+01	2.769300E-22
1.820700E+01	2.789200E-22
1.831300E+01	2.809500E-22
1.842200E+01	2.830200E-22
1.853300E+01	2.851200E-22
1.864500E+01	2.872600E-22
1.875900E+01	2.894300E-22
1.887600E+01	2.916400E-22
1.899400E+01	2.938900E-22
1.911500E+01	2.946900E-22
1.923700E+01	2.954200E-22
1.936200E+01	2.961700E-22
1.948900E+01	2.969300E-22
1.961800E+01	2.977100E-22
1.975000E+01	2.985000E-22
1.988300E+01	2.993000E-22
2.001900E+01	2.999600E-22
2.015800E+01	2.996800E-22
2.029800E+01	2.994000E-22
2.044200E+01	2.991200E-22
2.058700E+01	2.988300E-22
2.073600E+01	2.985300E-22
2.088600E+01	2.982300E-22
2.104000E+01	2.977600E-22
2.119600E+01	2.968200E-22
2.135500E+01	2.958700E-22
2.151700E+01	2.949000E-22
2.168100E+01	2.939100E-22
2.184800E+01	2.929100E-22
2.201900E+01	2.917700E-22
2.219200E+01	2.896300E-22
2.236800E+01	2.874600E-22
2.254700E+01	2.852500E-22
2.273000E+01	2.830000E-22
2.291500E+01	2.807100E-22
2.310400E+01	2.783800E-22
2.329600E+01	2.760100E-22
2.349200E+01	2.736000E-22
2.369000E+01	2.711500E-22
2.389300E+01	2.686600E-22
2.409900E+01	2.661200E-22
2.430800E+01	2.635300E-22
2.452100E+01	2.609100E-22
2.473800E+01	2.582300E-22
2.495800E+01	2.555100E-22
2.518300E+01	2.520000E-22
2.541100E+01	2.482600E-22
2.564400E+01	2.444500E-22
2.588000E+01	2.405700E-22
2.612000E+01	2.366300E-22
2.661400E+01	2.285300E-22
2.712500E+01	2.201500E-22
2.765400E+01	2.114800E-22
2.792500E+01	2.070300E-22
2.820100E+01	2.025000E-22
2.848200E+01	1.979000E-22
2.876800E+01	1.932100E-22
2.905800E+01	1.884400E-22
2.935400E+01	1.835900E-22
2.965500E+01	1.786500E-22
2.996100E+01	1.736300E-22
3.027300E+01	1.700500E-22
3.059000E+01	1.666300E-22
3.091200E+01	1.631500E-22
3.124100E+01	1.596000E-22
3.157400E+01	1.560000E-22
3.191400E+01	1.523300E-22
3.226000E+01	1.486000E-22
3.261100E+01	1.448000E-22
3.296900E+01	1.409400E-22
3.333300E+01	1.370000E-22
3.370300E+01	1.330100E-22
3.408000E+01	1.289400E-22
3.446300E+01	1.248000E-22
3.485300E+01	1.205900E-22
3.525000E+01	1.173000E-22
3.565400E+01	1.145600E-22
3.606400E+01	1.117600E-22
3.648200E+01	1.089200E-22
3.690700E+01	1.060300E-22
3.734000E+01	1.030900E-22
3.778000E+01	1.001000E-22
3.822800E+01	9.705200E-23
3.868300E+01	9.395400E-23
3.914700E+01	9.080200E-23
3.961800E+01	8.759600E-23
4.009800E+01	8.465700E-23
4.058600E+01	8.294800E-23
4.108300E+01	8.121000E-23
4.158800E+01	7.944200E-23
4.210200E+01	7.764200E-23
4.262500E+01	7.581200E-23
4.315700E+01	7.394900E-23
4.369900E+01	7.205400E-23
4.425000E+01	7.012600E-23
4.481000E+01	6.816500E-23
4.538000E+01	6.616900E-23
4.596000E+01	6.413900E-23
4.655100E+01	6.207300E-23
4.715100E+01	5.997100E-23
4.776200E+01	5.783200E-23
4.838400E+01	5.565700E-23
4.901600E+01	5.344300E-23
4.966000E+01	5.119100E-23
5.031400E+01	4.943400E-23
5.098100E+01	4.823500E-23
5.165800E+01	4.701500E-23
5.234800E+01	4.577400E-23
5.304900E+01	4.451100E-23
5.376300E+01	4.322700E-23
5.448900E+01	4.192000E-23
5.522800E+01	4.059000E-23
5.598000E+01	3.923700E-23
5.674400E+01	3.786000E-23
5.752200E+01	3.646000E-23
5.831400E+01	3.503500E-23
5.912000E+01	3.358500E-23
5.993900E+01	3.211000E-23
6.077300E+01	3.142000E-23
6.162100E+01	3.078400E-23
6.248400E+01	3.013700E-23
6.336200E+01	2.947800E-23
6.425600E+01	2.880800E-23
6.516400E+01	2.812700E-23
6.608900E+01	2.743300E-23
6.703000E+01	2.672700E-23
6.798700E+01	2.600900E-23
6.896100E+01	2.527900E-23
6.995200E+01	2.453600E-23
7.096000E+01	2.378000E-23
7.198600E+01	2.301000E-23
7.303000E+01	2.222800E-23
7.409100E+01	2.143100E-23
7.517200E+01	2.062100E-23
7.627100E+01	1.979700E-23
7.738900E+01	1.895800E-23
7.852700E+01	1.810500E-23
7.968400E+01	1.723700E-23
8.086200E+01	1.674100E-23
8.206000E+01	1.638200E-23
8.327900E+01	1.601600E-23
8.452000E+01	1.564400E-23
8.578200E+01	1.526600E-23
8.706500E+01	1.488000E-23
8.837200E+01	1.448800E-23
8.970100E+01	1.409000E-23
9.105300E+01	1.368400E-23
9.242900E+01	1.327100E-23
9.382800E+01	1.285200E-23
9.525200E+01	1.242400E-23
9.670100E+01	1.199000E-23
9.817500E+01	1.154700E-23
9.967500E+01	1.109700E-23
1.012000E+02	1.074000E-23
1.027500E+02	1.041800E-23
1.043300E+02	1.010500E-23
1.059400E+02	9.801000E-24
1.075800E+02	9.505300E-24
1.092400E+02	9.218000E-24
1.109300E+02	8.938900E-24
1.126500E+02	8.667700E-24
1.144100E+02	8.404300E-24
1.161900E+02	8.148400E-24
1.180000E+02	7.899800E-24
1.198500E+02	7.658500E-24
1.217200E+02	7.424100E-24
1.236300E+02	7.196400E-24
1.255800E+02	6.975400E-24
1.275500E+02	6.760900E-24
1.295700E+02	6.552600E-24
1.316100E+02	6.350400E-24
1.336900E+02	6.154100E-24
1.358100E+02	5.963600E-24
1.379700E+02	5.778700E-24
1.401600E+02	5.599300E-24
1.423900E+02	5.425200E-24
1.446600E+02	5.256300E-24
1.469700E+02	5.092400E-24
1.493200E+02	4.933400E-24
1.517100E+02	4.779100E-24
1.541500E+02	4.629500E-24
1.566200E+02	4.484300E-24
1.591400E+02	4.343600E-24
1.617000E+02	4.207000E-24
1.643100E+02	4.074600E-24
1.669600E+02	3.946200E-24
1.696600E+02	3.821700E-24
1.724000E+02	3.701000E-24
1.751900E+02	3.583900E-24
1.780300E+02	3.470400E-24
1.809300E+02	3.360400E-24
1.838700E+02	3.253800E-24
1.868600E+02	3.150400E-24
1.899000E+02	3.050200E-24
1.930000E+02	2.953100E-24
1.961500E+02	2.858900E-24
1.993600E+02	2.767700E-24
2.026200E+02	2.679300E-24
2.059400E+02	2.593600E-24
2.093200E+02	2.510600E-24
2.127500E+02	2.430200E-24
2.162500E+02	2.352200E-24
2.198100E+02	2.276700E-24
2.234200E+02	2.203600E-24
2.271100E+02	2.132700E-24
2.308500E+02	2.064100E-24
2.346600E+02	1.997600E-24
2.385400E+02	1.933200E-24
2.424900E+02	1.870800E-24
2.465000E+02	1.810400E-24
2.505800E+02	1.751800E-24
2.547400E+02	1.695200E-24
2.589600E+02	1.640300E-24
2.632600E+02	1.587100E-24
2.676400E+02	1.535600E-24
2.720900E+02	1.485800E-24
2.766200E+02	1.437500E-24
2.812300E+02	1.390800E-24
2.859200E+02	1.345600E-24
2.906900E+02	1.301800E-24
2.955400E+02	1.259400E-24
3.004800E+02	1.218300E-24
3.055000E+02	1.178600E-24
3.106100E+02	1.140100E-24
3.158100E+02	1.102900E-24
3.211100E+02	1.066800E-24
3.264900E+02	1.031900E-24
3.319700E+02	9.981800E-25
3.375400E+02	9.654900E-25
3.432100E+02	9.338600E-25
3.489800E+02	9.032400E-25
3.548400E+02	8.736100E-25
3.608100E+02	8.449400E-25
3.668900E+02	8.171900E-25
3.730700E+02	7.903400E-25
3.793600E+02	7.643500E-25
3.857600E+02	7.392100E-25
3.922700E+02	7.148800E-25
3.988900E+02	6.913400E-25
4.056300E+02	6.685600E-25
4.124800E+02	6.465200E-25
4.194600E+02	6.252000E-25
4.265500E+02	6.045700E-25
4.337700E+02	5.846100E-25
4.411200E+02	5.653000E-25
4.485900E+02	5.466300E-25
4.562000E+02	5.285600E-25
4.639300E+02	5.110700E-25
4.718000E+02	4.941600E-25
4.798100E+02	4.778100E-25
4.879600E+02	4.619800E-25
4.962500E+02	4.466800E-25
5.132600E+02	4.175500E-25
5.308800E+02	3.903100E-25
5.491100E+02	3.648200E-25
5.679800E+02	3.409800E-25
5.875200E+02	3.186800E-25
6.077400E+02	2.978200E-25
6.286700E+02	2.783200E-25
6.503400E+02	2.600800E-25
6.727700E+02	2.430300E-25
6.959900E+02	2.270900E-25
7.200200E+02	2.121800E-25
7.449000E+02	1.982400E-25
7.706500E+02	1.852100E-25
7.973100E+02	1.730400E-25
8.249100E+02	1.616500E-25
8.534700E+02	1.510100E-25
8.830400E+02	1.410700E-25
9.136500E+02	1.317800E-25
9.453300E+02	1.230900E-25
9.781300E+02	1.149700E-25
------------------------------

EXCITATION
Ar -> Ar(2P8)
1.309500E+01
SPECIES: e / Ar
PROCESS: E + Ar -> E + Ar(2P8), Excitation
PARAM.:  E = 13.095 eV, complete set
COMMENT: from Magboltz 8.97 Sept 2011.
UPDATED: 2011-10-20 14:13:57
COLUMNS: Energy (eV) | Cross section (m2)
------------------------------
1.309500E+01	0.000000E+00
1.309600E+01	4.198900E-26
1.311200E+01	7.314200E-25
1.313000E+01	1.475600E-24
1.314800E+01	2.232700E-24
1.316700E+01	3.003000E-24
1.318500E+01	3.786800E-24
1.320400E+01	4.584100E-24
1.322300E+01	5.395400E-24
1.324300E+01	6.220800E-24
1.326300E+01	7.060600E-24
1.328400E+01	7.915000E-24
1.330400E+01	8.784300E-24
1.332500E+01	9.668700E-24
1.334700E+01	1.056900E-23
1.336900E+01	1.148400E-23
1.339100E+01	1.241600E-23
1.341300E+01	1.336300E-23
1.343600E+01	1.432700E-23
1.346000E+01	1.530800E-23
1.348300E+01	1.630700E-23
1.350800E+01	1.732200E-23
1.353200E+01	1.835500E-23
1.355700E+01	1.940600E-23
1.358300E+01	2.047600E-23
1.360900E+01	2.156400E-23
1.363500E+01	2.267100E-23
1.366200E+01	2.379700E-23
1.368900E+01	2.494300E-23
1.371700E+01	2.610900E-23
1.374500E+01	2.729500E-23
1.377400E+01	2.850200E-23
1.380300E+01	2.973000E-23
1.383300E+01	3.097900E-23
1.386300E+01	3.225100E-23
1.389400E+01	3.354400E-23
1.392500E+01	3.485900E-23
1.395700E+01	3.619800E-23
1.399000E+01	3.756000E-23
1.402300E+01	3.905900E-23
1.405600E+01	4.063700E-23
1.409000E+01	4.224200E-23
1.412500E+01	4.387600E-23
1.416000E+01	4.553800E-23
1.419600E+01	4.722900E-23
1.423300E+01	4.894900E-23
1.427000E+01	5.070000E-23
1.430800E+01	5.248000E-23
1.434700E+01	5.429200E-23
1.438600E+01	5.613600E-23
1.442600E+01	5.801100E-23
1.446600E+01	5.992000E-23
1.450800E+01	6.186100E-23
1.455000E+01	6.383600E-23
1.459200E+01	6.584600E-23
1.463600E+01	6.789100E-23
1.468000E+01	6.997100E-23
1.472500E+01	7.208800E-23
1.477100E+01	7.424100E-23
1.481800E+01	7.643200E-23
1.486500E+01	7.866100E-23
1.491300E+01	8.092900E-23
1.496200E+01	8.323600E-23
1.501200E+01	8.549700E-23
1.506300E+01	8.753000E-23
1.511500E+01	8.959800E-23
1.516800E+01	9.170200E-23
1.522100E+01	9.384300E-23
1.527600E+01	9.602100E-23
1.533100E+01	9.823700E-23
1.538700E+01	1.004900E-22
1.544500E+01	1.027900E-22
1.550300E+01	1.051200E-22
1.556200E+01	1.074900E-22
1.562300E+01	1.099100E-22
1.568400E+01	1.123700E-22
1.574700E+01	1.148700E-22
1.581000E+01	1.174100E-22
1.587500E+01	1.200000E-22
1.594100E+01	1.226400E-22
1.600800E+01	1.252400E-22
1.607600E+01	1.272800E-22
1.614500E+01	1.293600E-22
1.621600E+01	1.314800E-22
1.628800E+01	1.336300E-22
1.636100E+01	1.358200E-22
1.643500E+01	1.380500E-22
1.651100E+01	1.403200E-22
1.658800E+01	1.426300E-22
1.666600E+01	1.449800E-22
1.674600E+01	1.473700E-22
1.682700E+01	1.498000E-22
1.690900E+01	1.522700E-22
1.699300E+01	1.547800E-22
1.707800E+01	1.573400E-22
1.716500E+01	1.599500E-22
1.725300E+01	1.626000E-22
1.734300E+01	1.652900E-22
1.743400E+01	1.680300E-22
1.752800E+01	1.708300E-22
1.762200E+01	1.736600E-22
1.771800E+01	1.765500E-22
1.781600E+01	1.794900E-22
1.791600E+01	1.824800E-22
1.801700E+01	1.852200E-22
1.812100E+01	1.865100E-22
1.822600E+01	1.878200E-22
1.833200E+01	1.891500E-22
1.844100E+01	1.905100E-22
1.855200E+01	1.918900E-22
1.866400E+01	1.933000E-22
1.877800E+01	1.947300E-22
1.889500E+01	1.961900E-22
1.901300E+01	1.976700E-22
1.913400E+01	1.991700E-22
1.925600E+01	2.007100E-22
1.938100E+01	2.022600E-22
1.950800E+01	2.038500E-22
1.963700E+01	2.054700E-22
1.976900E+01	2.071100E-22
1.990200E+01	2.087800E-22
2.003800E+01	2.103800E-22
2.017700E+01	2.117700E-22
2.031700E+01	2.131700E-22
2.046100E+01	2.146100E-22
2.060600E+01	2.160600E-22
2.075500E+01	2.175500E-22
2.090500E+01	2.190500E-22
2.105900E+01	2.205900E-22
2.121500E+01	2.221500E-22
2.137400E+01	2.237400E-22
2.153600E+01	2.253600E-22
2.170000E+01	2.270000E-22
2.186700E+01	2.286700E-22
2.203800E+01	2.300600E-22
2.221100E+01	2.303500E-22
2.238700E+01	2.306400E-22
2.256600E+01	2.309400E-22
2.274900E+01	2.312500E-22
2.293400E+01	2.315600E-22
2.312300E+01	2.318700E-22
2.331500E+01	2.321900E-22
2.351100E+01	2.325200E-22
2.370900E+01	2.328500E-22
2.391200E+01	2.331900E-22
2.411800E+01	2.335300E-22
2.432700E+01	2.338800E-22
2.454000E+01	2.342300E-22
2.475700E+01	2.345900E-22
2.497700E+01	2.349600E-22
2.520200E+01	2.352000E-22
2.543000E+01	2.354300E-22
2.566300E+01	2.356600E-22
2.589900E+01	2.359000E-22
2.613900E+01	2.361400E-22
3.650100E+01	2.312000E-22
3.824700E+01	2.256100E-22
3.963700E+01	2.211600E-22
4.110200E+01	2.155900E-22
4.264400E+01	2.094200E-22
4.371800E+01	2.051300E-22
4.482900E+01	2.006800E-22
4.597900E+01	1.960800E-22
4.717000E+01	1.913200E-22
4.840300E+01	1.863900E-22
4.967900E+01	1.812900E-22
5.100000E+01	1.770000E-22
5.236700E+01	1.729000E-22
5.378200E+01	1.686500E-22
5.524700E+01	1.642600E-22
5.676300E+01	1.597100E-22
5.833300E+01	1.550000E-22
5.995800E+01	1.501300E-22
6.164000E+01	1.469700E-22
6.338100E+01	1.437400E-22
6.518300E+01	1.404100E-22
6.704900E+01	1.369600E-22
6.898000E+01	1.333900E-22
7.097900E+01	1.296900E-22
7.304900E+01	1.258600E-22
7.519100E+01	1.219000E-22
7.740800E+01	1.178000E-22
7.970300E+01	1.135500E-22
8.207900E+01	1.106100E-22
8.453900E+01	1.077800E-22
8.708400E+01	1.048500E-22
8.972000E+01	1.018200E-22
9.244800E+01	9.868500E-23
9.527100E+01	9.543800E-23
9.819400E+01	9.207600E-23
1.012200E+02	8.891500E-23
1.043500E+02	8.624600E-23
1.075900E+02	8.364800E-23
1.109500E+02	8.111700E-23
1.144200E+02	7.865500E-23
1.180200E+02	7.625800E-23
1.217400E+02	7.392600E-23
1.256000E+02	7.165800E-23
1.295800E+02	6.945300E-23
1.337100E+02	6.730800E-23
1.379900E+02	6.522300E-23
1.424100E+02	6.319700E-23
1.469900E+02	6.122800E-23
1.517300E+02	5.931500E-23
1.566400E+02	5.745700E-23
1.617200E+02	5.565200E-23
1.669800E+02	5.390000E-23
1.724200E+02	5.219800E-23
1.780500E+02	5.054700E-23
1.838900E+02	4.894300E-23
1.899200E+02	4.738800E-23
1.961700E+02	4.587800E-23
2.026400E+02	4.441400E-23
2.093400E+02	4.299300E-23
2.162700E+02	4.161500E-23
2.234400E+02	4.027900E-23
2.308700E+02	3.898300E-23
2.385600E+02	3.772600E-23
2.465200E+02	3.650900E-23
2.547600E+02	3.532800E-23
2.632800E+02	3.418400E-23
2.721100E+02	3.307500E-23
2.812500E+02	3.200000E-23
2.907100E+02	3.095900E-23
3.005000E+02	2.995000E-23
3.106300E+02	2.897300E-23
3.211200E+02	2.802700E-23
3.319800E+02	2.711000E-23
3.432300E+02	2.622200E-23
3.548600E+02	2.536200E-23
3.669100E+02	2.452900E-23
3.793800E+02	2.372300E-23
3.922800E+02	2.294300E-23
4.056500E+02	2.218700E-23
4.194800E+02	2.145500E-23
4.337900E+02	2.074700E-23
4.486100E+02	2.006200E-23
4.639500E+02	1.939900E-23
4.798300E+02	1.875700E-23
4.962700E+02	1.813500E-23
5.220100E+02	1.724100E-23
5.491300E+02	1.639000E-23
5.776800E+02	1.557900E-23
6.077600E+02	1.480900E-23
6.394300E+02	1.407500E-23
6.727900E+02	1.337700E-23
7.079200E+02	1.271300E-23
7.449200E+02	1.208200E-23
7.838900E+02	1.148100E-23
8.249300E+02	1.091000E-23
8.681500E+02	1.036700E-23
9.136700E+02	9.850400E-24
9.616100E+02	9.359300E-24
------------------------------

EXCITATION
Ar -> Ar(2P7)
1.315300E+01
SPECIES: e / Ar
PROCESS: E + Ar -> E + Ar(2P7), Excitation
PARAM.:  E = 13.153 eV, complete set
COMMENT: from Magboltz 8.97 Sept 2011.
UPDATED: 2011-10-20 14:13:57
COLUMNS: Energy (eV) | Cross section (m2)
------------------------------
1.315300E+01	0.000000E+00
1.315400E+01	2.361300E-26
1.317000E+01	4.113200E-25
1.318800E+01	8.298000E-25
1.320600E+01	1.255600E-24
1.322500E+01	1.688800E-24
1.324300E+01	2.129500E-24
1.326200E+01	2.577900E-24
1.328100E+01	3.034100E-24
1.330100E+01	3.498300E-24
1.332100E+01	3.970600E-24
1.334200E+01	4.451100E-24
1.336200E+01	4.939900E-24
1.338300E+01	5.437300E-24
1.340500E+01	5.943300E-24
1.342700E+01	6.458200E-24
1.344900E+01	6.982000E-24
1.347100E+01	7.514900E-24
1.349400E+01	8.057100E-24
1.351800E+01	8.608800E-24
1.354100E+01	9.170100E-24
1.356600E+01	9.741100E-24
1.359000E+01	1.032200E-23
1.361500E+01	1.091300E-23
1.364100E+01	1.151500E-23
1.366700E+01	1.212700E-23
1.369300E+01	1.274900E-23
1.372000E+01	1.338300E-23
1.374700E+01	1.402700E-23
1.377500E+01	1.468300E-23
1.380300E+01	1.535000E-23
1.383200E+01	1.602800E-23
1.386100E+01	1.671900E-23
1.389100E+01	1.742200E-23
1.392100E+01	1.813600E-23
1.395200E+01	1.886400E-23
1.398300E+01	1.960300E-23
1.401500E+01	2.054300E-23
1.404800E+01	2.171100E-23
1.408100E+01	2.289900E-23
1.411400E+01	2.410800E-23
1.414800E+01	2.533700E-23
1.418300E+01	2.658900E-23
1.421800E+01	2.786200E-23
1.425400E+01	2.915700E-23
1.429100E+01	3.047500E-23
1.432800E+01	3.181500E-23
1.436600E+01	3.317900E-23
1.440500E+01	3.456700E-23
1.444400E+01	3.597900E-23
1.448400E+01	3.741600E-23
1.452400E+01	3.887700E-23
1.456600E+01	4.036500E-23
1.460800E+01	4.187800E-23
1.465000E+01	4.341700E-23
1.469400E+01	4.498300E-23
1.473800E+01	4.657600E-23
1.478300E+01	4.819800E-23
1.482900E+01	4.984700E-23
1.487600E+01	5.152500E-23
1.492300E+01	5.323300E-23
1.497100E+01	5.497000E-23
1.502000E+01	5.673700E-23
1.507000E+01	5.853500E-23
1.512100E+01	6.036500E-23
1.517300E+01	6.222600E-23
1.522600E+01	6.412000E-23
1.527900E+01	6.604700E-23
1.533400E+01	6.800700E-23
1.538900E+01	7.000200E-23
1.544500E+01	7.203100E-23
1.550300E+01	7.409600E-23
1.556100E+01	7.619600E-23
1.562000E+01	7.833300E-23
1.568100E+01	8.050800E-23
1.574200E+01	8.272000E-23
1.580500E+01	8.497100E-23
1.586800E+01	8.726100E-23
1.593300E+01	8.959100E-23
1.599900E+01	9.196100E-23
1.606600E+01	9.410900E-23
1.613400E+01	9.629000E-23
1.620300E+01	9.850900E-23
1.627400E+01	1.007700E-22
1.634600E+01	1.030600E-22
1.641900E+01	1.054000E-22
1.649300E+01	1.077800E-22
1.656900E+01	1.102000E-22
1.664600E+01	1.126600E-22
1.672400E+01	1.151600E-22
1.680400E+01	1.177100E-22
1.688500E+01	1.203000E-22
1.696700E+01	1.229400E-22
1.705100E+01	1.256300E-22
1.713600E+01	1.283600E-22
1.722300E+01	1.311300E-22
1.731100E+01	1.339600E-22
1.740100E+01	1.368300E-22
1.749200E+01	1.397600E-22
1.758600E+01	1.427400E-22
1.768000E+01	1.457600E-22
1.777600E+01	1.488500E-22
1.787400E+01	1.519800E-22
1.797400E+01	1.551700E-22
1.807500E+01	1.573600E-22
1.817900E+01	1.592100E-22
1.828400E+01	1.611000E-22
1.839000E+01	1.630300E-22
1.849900E+01	1.649800E-22
1.861000E+01	1.669700E-22
1.872200E+01	1.690000E-22
1.883600E+01	1.710600E-22
1.895300E+01	1.731500E-22
1.907100E+01	1.745000E-22
1.919200E+01	1.753400E-22
1.931400E+01	1.762000E-22
1.943900E+01	1.770700E-22
1.956600E+01	1.779600E-22
1.969500E+01	1.788700E-22
1.982700E+01	1.797900E-22
1.996000E+01	1.807200E-22
2.009600E+01	1.810000E-22
2.023500E+01	1.810000E-22
2.037500E+01	1.810000E-22
2.051900E+01	1.810000E-22
2.066400E+01	1.810000E-22
2.081300E+01	1.810000E-22
2.096300E+01	1.810000E-22
2.111700E+01	1.804200E-22
2.127300E+01	1.796300E-22
2.143200E+01	1.788400E-22
2.159400E+01	1.780300E-22
2.175800E+01	1.772100E-22
2.192500E+01	1.763700E-22
2.209600E+01	1.754900E-22
2.226900E+01	1.745700E-22
2.244500E+01	1.736300E-22
2.262400E+01	1.726700E-22
2.280700E+01	1.717000E-22
2.299200E+01	1.707100E-22
2.318100E+01	1.697000E-22
2.337300E+01	1.686800E-22
2.356900E+01	1.676300E-22
2.376700E+01	1.665700E-22
2.397000E+01	1.654900E-22
2.417600E+01	1.644000E-22
2.438500E+01	1.632800E-22
2.459800E+01	1.621400E-22
2.481500E+01	1.609900E-22
2.503500E+01	1.597500E-22
2.526000E+01	1.581800E-22
2.548800E+01	1.565800E-22
2.572100E+01	1.549600E-22
2.595700E+01	1.533000E-22
2.619700E+01	1.516200E-22
2.669100E+01	1.481600E-22
2.720200E+01	1.445900E-22
2.773100E+01	1.408900E-22
2.827800E+01	1.370500E-22
2.884500E+01	1.330900E-22
2.943100E+01	1.289800E-22
3.003800E+01	1.248100E-22
3.066700E+01	1.216700E-22
3.131800E+01	1.184100E-22
3.199100E+01	1.150400E-22
3.268800E+01	1.115600E-22
3.341000E+01	1.079500E-22
3.415700E+01	1.042200E-22
3.493000E+01	1.003500E-22
3.573100E+01	9.766200E-23
3.655900E+01	9.501100E-23
3.741700E+01	9.226600E-23
3.830500E+01	8.942500E-23
3.922400E+01	8.648400E-23
4.017500E+01	8.359700E-23
4.116000E+01	8.133200E-23
4.217900E+01	7.898800E-23
4.323400E+01	7.656100E-23
4.432700E+01	7.404900E-23
4.545700E+01	7.144800E-23
4.662800E+01	6.875600E-23
4.722800E+01	6.737500E-23
4.783900E+01	6.597000E-23
4.846100E+01	6.454000E-23
4.909300E+01	6.308500E-23
4.973700E+01	6.160500E-23
5.039100E+01	6.033500E-23
5.173500E+01	5.805000E-23
5.242500E+01	5.687800E-23
5.312600E+01	5.568500E-23
5.384000E+01	5.447200E-23
5.456600E+01	5.323800E-23
5.530500E+01	5.198200E-23
5.605700E+01	5.070400E-23
5.682100E+01	4.940400E-23
5.759900E+01	4.808100E-23
5.839100E+01	4.673500E-23
5.919700E+01	4.536600E-23
6.001600E+01	4.398600E-23
6.169800E+01	4.255700E-23
6.343900E+01	4.107700E-23
6.524100E+01	3.954500E-23
6.616600E+01	3.875900E-23
6.710700E+01	3.795900E-23
6.806400E+01	3.714500E-23
6.903800E+01	3.631700E-23
7.002900E+01	3.547500E-23
7.103700E+01	3.461800E-23
7.206300E+01	3.374600E-23
7.310700E+01	3.285900E-23
7.416800E+01	3.195700E-23
7.524900E+01	3.103900E-23
7.634800E+01	3.010400E-23
7.746600E+01	2.915400E-23
7.860400E+01	2.818700E-23
7.976100E+01	2.720300E-23
8.093900E+01	2.662400E-23
8.335600E+01	2.565700E-23
8.585900E+01	2.465700E-23
8.714200E+01	2.414300E-23
8.844900E+01	2.362100E-23
8.977800E+01	2.308900E-23
9.113000E+01	2.254800E-23
9.250600E+01	2.199800E-23
9.390500E+01	2.143800E-23
9.532900E+01	2.086800E-23
9.677800E+01	2.028900E-23
9.825200E+01	1.969900E-23
9.975200E+01	1.909900E-23
1.012800E+02	1.852300E-23
1.028300E+02	1.796800E-23
1.044100E+02	1.742900E-23
1.060200E+02	1.690400E-23
1.076500E+02	1.639500E-23
1.093200E+02	1.590000E-23
1.110100E+02	1.541900E-23
1.127300E+02	1.495100E-23
1.144800E+02	1.449700E-23
1.162600E+02	1.405600E-23
1.180800E+02	1.362700E-23
1.199200E+02	1.321100E-23
1.218000E+02	1.280700E-23
1.237100E+02	1.241500E-23
1.256500E+02	1.203400E-23
1.276300E+02	1.166400E-23
1.296400E+02	1.130500E-23
1.316900E+02	1.095600E-23
1.337700E+02	1.061800E-23
1.358900E+02	1.028900E-23
1.380500E+02	9.970300E-24
1.402400E+02	9.660900E-24
1.424700E+02	9.360700E-24
1.447400E+02	9.069400E-24
1.470500E+02	8.786700E-24
1.494000E+02	8.512500E-24
1.517900E+02	8.246500E-24
1.542200E+02	7.988400E-24
1.567000E+02	7.738100E-24
1.592100E+02	7.495300E-24
1.617800E+02	7.259800E-24
1.643800E+02	7.031400E-24
1.670300E+02	6.809900E-24
1.697300E+02	6.595100E-24
1.724800E+02	6.386900E-24
1.752700E+02	6.185000E-24
1.781100E+02	5.989200E-24
1.810000E+02	5.799400E-24
1.839400E+02	5.615400E-24
1.869400E+02	5.437100E-24
1.899800E+02	5.264200E-24
1.930800E+02	5.096700E-24
1.962300E+02	4.934300E-24
1.994400E+02	4.776900E-24
2.027000E+02	4.624300E-24
2.060200E+02	4.476500E-24
2.094000E+02	4.333300E-24
2.128300E+02	4.194500E-24
2.163300E+02	4.060100E-24
2.198800E+02	3.929800E-24
2.235000E+02	3.803600E-24
2.271800E+02	3.681300E-24
2.309300E+02	3.562800E-24
2.347400E+02	3.448100E-24
2.386200E+02	3.336900E-24
2.425600E+02	3.229300E-24
2.465800E+02	3.125000E-24
2.506600E+02	3.024000E-24
2.548100E+02	2.926200E-24
2.590400E+02	2.831500E-24
2.633400E+02	2.739800E-24
2.677200E+02	2.650900E-24
2.721700E+02	2.564900E-24
2.767000E+02	2.481700E-24
2.813100E+02	2.401000E-24
2.859900E+02	2.322900E-24
2.907700E+02	2.247300E-24
2.956200E+02	2.174200E-24
3.005600E+02	2.103300E-24
3.055800E+02	2.034700E-24
3.106900E+02	1.968300E-24
3.158900E+02	1.904000E-24
3.211800E+02	1.841800E-24
3.265700E+02	1.781600E-24
3.320400E+02	1.723300E-24
3.376100E+02	1.666900E-24
3.432800E+02	1.612300E-24
3.490500E+02	1.559500E-24
3.549200E+02	1.508300E-24
3.608900E+02	1.458800E-24
3.669700E+02	1.410900E-24
3.731500E+02	1.364600E-24
3.794400E+02	1.319700E-24
3.858300E+02	1.276300E-24
3.923400E+02	1.234300E-24
3.989700E+02	1.193700E-24
4.057000E+02	1.154300E-24
4.125600E+02	1.116300E-24
4.195300E+02	1.079500E-24
4.266300E+02	1.043900E-24
4.338500E+02	1.009400E-24
4.412000E+02	9.760900E-25
4.486700E+02	9.438500E-25
4.562700E+02	9.126500E-25
4.640100E+02	8.824700E-25
4.718800E+02	8.532800E-25
4.798900E+02	8.250400E-25
4.880400E+02	7.977200E-25
4.963300E+02	7.713000E-25
5.133400E+02	7.210100E-25
5.309500E+02	6.739700E-25
5.491800E+02	6.299700E-25
5.680600E+02	5.888000E-25
5.875900E+02	5.503000E-25
6.078200E+02	5.142900E-25
6.287500E+02	4.806200E-25
6.504200E+02	4.491300E-25
6.728500E+02	4.196800E-25
6.960600E+02	3.921500E-25
7.201000E+02	3.664100E-25
7.449800E+02	3.423500E-25
7.707300E+02	3.198500E-25
7.973900E+02	2.988200E-25
8.249800E+02	2.791700E-25
8.535500E+02	2.607900E-25
8.831200E+02	2.436200E-25
9.137200E+02	2.275700E-25
9.454100E+02	2.125800E-25
9.782000E+02	1.985600E-25
------------------------------

EXCITATION
Ar -> Ar(2P6)
1.317200E+01
SPECIES: e / Ar
PROCESS: E + Ar -> E + Ar(2P6), Excitation
PARAM.:  E = 13.172 eV, complete set
COMMENT: from Magboltz 8.97 Sept 2011.
UPDATED: 2011-10-20 14:13:57
COLUMNS: Energy (eV) | Cross section (m2)
------------------------------
1.317200E+01	0.000000E+00
1.317300E+01	4.347800E-26
1.318900E+01	7.573600E-25
1.320700E+01	1.527900E-24
1.322500E+01	2.311900E-24
1.324400E+01	3.109500E-24
1.326200E+01	3.921100E-24
1.328100E+01	4.746700E-24
1.330000E+01	5.586800E-24
1.332000E+01	6.441500E-24
1.334000E+01	7.311000E-24
1.336100E+01	8.195700E-24
1.338100E+01	9.095900E-24
1.340200E+01	1.001200E-23
1.342400E+01	1.094300E-23
1.344600E+01	1.189100E-23
1.346800E+01	1.285600E-23
1.349000E+01	1.383700E-23
1.351300E+01	1.483600E-23
1.353700E+01	1.585100E-23
1.356000E+01	1.688500E-23
1.358500E+01	1.793600E-23
1.360900E+01	1.900600E-23
1.363400E+01	2.009500E-23
1.366000E+01	2.120200E-23
1.368600E+01	2.232900E-23
1.371200E+01	2.347500E-23
1.373900E+01	2.464100E-23
1.376600E+01	2.582800E-23
1.379400E+01	2.703500E-23
1.382200E+01	2.826400E-23
1.385100E+01	2.951300E-23
1.388000E+01	3.078500E-23
1.391000E+01	3.207800E-23
1.394000E+01	3.339400E-23
1.397100E+01	3.473400E-23
1.400200E+01	3.609900E-23
1.403400E+01	3.753400E-23
1.406700E+01	3.899400E-23
1.410000E+01	4.047900E-23
1.413300E+01	4.199000E-23
1.416700E+01	4.352700E-23
1.420200E+01	4.509100E-23
1.423700E+01	4.668200E-23
1.427300E+01	4.830100E-23
1.431000E+01	4.994800E-23
1.434700E+01	5.162400E-23
1.438500E+01	5.332900E-23
1.442400E+01	5.506400E-23
1.446300E+01	5.682900E-23
1.450300E+01	5.862500E-23
1.454300E+01	6.045200E-23
1.458500E+01	6.231100E-23
1.462700E+01	6.420200E-23
1.466900E+01	6.612600E-23
1.471300E+01	6.808400E-23
1.475700E+01	7.007600E-23
1.480200E+01	7.210200E-23
1.484800E+01	7.416400E-23
1.489500E+01	7.626200E-23
1.494200E+01	7.839600E-23
1.499000E+01	8.056700E-23
1.503900E+01	8.269800E-23
1.508900E+01	8.484500E-23
1.514000E+01	8.703100E-23
1.519200E+01	8.925400E-23
1.524500E+01	9.151600E-23
1.529800E+01	9.381700E-23
1.535300E+01	9.615900E-23
1.540800E+01	9.854100E-23
1.546400E+01	1.009700E-22
1.552200E+01	1.034300E-22
1.558000E+01	1.059400E-22
1.563900E+01	1.084900E-22
1.570000E+01	1.110900E-22
1.576100E+01	1.137300E-22
1.582400E+01	1.164200E-22
1.588700E+01	1.191600E-22
1.595200E+01	1.219400E-22
1.601800E+01	1.245400E-22
1.608500E+01	1.265500E-22
1.615300E+01	1.285900E-22
1.622200E+01	1.306700E-22
1.629300E+01	1.327900E-22
1.636500E+01	1.349400E-22
1.643800E+01	1.371300E-22
1.651200E+01	1.393600E-22
1.658800E+01	1.416300E-22
1.666500E+01	1.439400E-22
1.674300E+01	1.462900E-22
1.682300E+01	1.486800E-22
1.690400E+01	1.511100E-22
1.698600E+01	1.535800E-22
1.707000E+01	1.560900E-22
1.715500E+01	1.586500E-22
1.724200E+01	1.612600E-22
1.733000E+01	1.639100E-22
1.742000E+01	1.666000E-22
1.751100E+01	1.693400E-22
1.760500E+01	1.721400E-22
1.769900E+01	1.749700E-22
1.779500E+01	1.778600E-22
1.789300E+01	1.808000E-22
1.799300E+01	1.837900E-22
1.809400E+01	1.858900E-22
1.819800E+01	1.879500E-22
1.830300E+01	1.900500E-22
1.840900E+01	1.921900E-22
1.851800E+01	1.943600E-22
1.862900E+01	1.965700E-22
1.874100E+01	1.988200E-22
1.885500E+01	2.011100E-22
1.897200E+01	2.034400E-22
1.909000E+01	2.045400E-22
1.921100E+01	2.052600E-22
1.933300E+01	2.060000E-22
1.945800E+01	2.067500E-22
1.958500E+01	2.075100E-22
1.971400E+01	2.082900E-22
1.984600E+01	2.090700E-22
1.997900E+01	2.098800E-22
2.011500E+01	2.105800E-22
2.025400E+01	2.112700E-22
2.039400E+01	2.119700E-22
2.053800E+01	2.126900E-22
2.068300E+01	2.134200E-22
2.083200E+01	2.141600E-22
2.098200E+01	2.149100E-22
2.113600E+01	2.156800E-22
2.129200E+01	2.164600E-22
2.145100E+01	2.172500E-22
2.161300E+01	2.180600E-22
2.177700E+01	2.188900E-22
2.194400E+01	2.197200E-22
2.211500E+01	2.199200E-22
2.228800E+01	2.198100E-22
2.246400E+01	2.196900E-22
2.264300E+01	2.195700E-22
2.282600E+01	2.194500E-22
2.301100E+01	2.193300E-22
2.320000E+01	2.192000E-22
2.339200E+01	2.190700E-22
2.358800E+01	2.189400E-22
2.378600E+01	2.188100E-22
2.398900E+01	2.186700E-22
2.419500E+01	2.185400E-22
2.440400E+01	2.184000E-22
2.461700E+01	2.182600E-22
2.483400E+01	2.181100E-22
2.505400E+01	2.177500E-22
2.527900E+01	2.167200E-22
2.550700E+01	2.156700E-22
2.574000E+01	2.146000E-22
2.597600E+01	2.135100E-22
2.621600E+01	2.124100E-22
2.722100E+01	2.077800E-22
2.829700E+01	2.028300E-22
2.945000E+01	1.975300E-22
3.068600E+01	1.929400E-22
3.201000E+01	1.889700E-22
3.342900E+01	1.847100E-22
3.494900E+01	1.801500E-22
3.616000E+01	1.765200E-22
3.743600E+01	1.726900E-22
3.877900E+01	1.686600E-22
4.019400E+01	1.645500E-22
4.168400E+01	1.611300E-22
4.325300E+01	1.575200E-22
4.490600E+01	1.537200E-22
4.664700E+01	1.497100E-22
4.848000E+01	1.455000E-22
4.975600E+01	1.425600E-22
5.175400E+01	1.393700E-22
5.385900E+01	1.362100E-22
5.607600E+01	1.328900E-22
5.841000E+01	1.293800E-22
6.086900E+01	1.260000E-22
6.345800E+01	1.230200E-22
6.618500E+01	1.198900E-22
6.905700E+01	1.165800E-22
7.105600E+01	1.142900E-22
7.312600E+01	1.119100E-22
7.526800E+01	1.094400E-22
7.748500E+01	1.068900E-22
7.978000E+01	1.042500E-22
8.215600E+01	1.021700E-22
8.461600E+01	1.000800E-22
8.716100E+01	9.791300E-23
8.979700E+01	9.567300E-23
9.252500E+01	9.335400E-23
9.534800E+01	9.095400E-23
9.827100E+01	8.846900E-23
1.013000E+02	8.588600E-23
1.044300E+02	8.331000E-23
1.076700E+02	8.080200E-23
1.110300E+02	7.835900E-23
1.145000E+02	7.598200E-23
1.181000E+02	7.366800E-23
1.218200E+02	7.141700E-23
1.256700E+02	6.922700E-23
1.296600E+02	6.709800E-23
1.337900E+02	6.502700E-23
1.380600E+02	6.301400E-23
1.424900E+02	6.105700E-23
1.470700E+02	5.915600E-23
1.518100E+02	5.730900E-23
1.567200E+02	5.551400E-23
1.618000E+02	5.377200E-23
1.670500E+02	5.207900E-23
1.725000E+02	5.043600E-23
1.781300E+02	4.884100E-23
1.839600E+02	4.729200E-23
1.900000E+02	4.578900E-23
1.962500E+02	4.433100E-23
2.027200E+02	4.291700E-23
2.094100E+02	4.154400E-23
2.163500E+02	4.021300E-23
2.235200E+02	3.892300E-23
2.309500E+02	3.767100E-23
2.386400E+02	3.645700E-23
2.465900E+02	3.528100E-23
2.548300E+02	3.414000E-23
2.633600E+02	3.303500E-23
2.721900E+02	3.196300E-23
2.813300E+02	3.092500E-23
2.907800E+02	2.991900E-23
3.005800E+02	2.894500E-23
3.107100E+02	2.800000E-23
3.212000E+02	2.708600E-23
3.320600E+02	2.620000E-23
3.433000E+02	2.534200E-23
3.549400E+02	2.451100E-23
3.669900E+02	2.370700E-23
3.794500E+02	2.292800E-23
3.923600E+02	2.217300E-23
4.057200E+02	2.144300E-23
4.195500E+02	2.073600E-23
4.338700E+02	2.005200E-23
4.486900E+02	1.939000E-23
4.640300E+02	1.874900E-23
4.799100E+02	1.812900E-23
4.963400E+02	1.752800E-23
5.220900E+02	1.666400E-23
5.492000E+02	1.584100E-23
5.777600E+02	1.505800E-23
6.078300E+02	1.431300E-23
6.395100E+02	1.360400E-23
6.728700E+02	1.293000E-23
7.080000E+02	1.228800E-23
7.450000E+02	1.167800E-23
7.839600E+02	1.109700E-23
8.250000E+02	1.054500E-23
8.682200E+02	1.002000E-23
9.137400E+02	9.521300E-24
9.616800E+02	9.046600E-24
------------------------------

EXCITATION
Ar -> Ar(2P5)
1.327300E+01
SPECIES: e / Ar
PROCESS: E + Ar -> E + Ar(2P5), Excitation
PARAM.:  E = 13.273 eV, complete set
COMMENT: from Magboltz 8.97 Sept 2011.
UPDATED: 2011-10-20 14:13:57
COLUMNS: Energy (eV) | Cross section (m2)
------------------------------
1.327300E+01	0.000000E+00
1.327400E+01	1.238000E-26
1.329000E+01	2.156500E-25
1.330800E+01	4.350500E-25
1.332600E+01	6.582700E-25
1.334500E+01	8.853800E-25
1.336300E+01	1.116500E-24
1.338200E+01	1.351500E-24
1.340100E+01	1.590700E-24
1.342100E+01	1.834100E-24
1.344100E+01	2.081700E-24
1.346200E+01	2.333600E-24
1.348200E+01	2.589900E-24
1.350300E+01	2.850600E-24
1.352500E+01	3.115900E-24
1.354700E+01	3.385900E-24
1.356900E+01	3.660500E-24
1.359100E+01	3.939900E-24
1.361400E+01	4.224200E-24
1.363800E+01	4.513400E-24
1.366100E+01	4.807700E-24
1.368600E+01	5.107100E-24
1.371000E+01	5.411700E-24
1.373500E+01	5.721600E-24
1.376100E+01	6.036900E-24
1.378700E+01	6.357700E-24
1.381300E+01	6.684100E-24
1.384000E+01	7.016200E-24
1.386700E+01	7.354000E-24
1.389500E+01	7.697800E-24
1.392300E+01	8.047500E-24
1.395200E+01	8.403300E-24
1.398100E+01	8.765400E-24
1.401100E+01	9.205200E-24
1.404100E+01	9.780400E-24
1.407200E+01	1.036600E-23
1.410300E+01	1.096100E-23
1.413500E+01	1.156700E-23
1.416800E+01	1.218300E-23
1.420100E+01	1.281000E-23
1.423400E+01	1.344800E-23
1.426800E+01	1.409700E-23
1.430300E+01	1.475700E-23
1.433800E+01	1.542900E-23
1.437400E+01	1.611300E-23
1.441100E+01	1.680800E-23
1.444800E+01	1.751600E-23
1.448600E+01	1.823600E-23
1.452500E+01	1.896800E-23
1.456400E+01	1.971300E-23
1.460400E+01	2.047200E-23
1.464400E+01	2.124300E-23
1.468600E+01	2.202800E-23
1.472800E+01	2.282600E-23
1.477000E+01	2.363900E-23
1.481400E+01	2.446500E-23
1.485800E+01	2.530600E-23
1.490300E+01	2.616200E-23
1.494900E+01	2.703300E-23
1.499600E+01	2.791800E-23
1.504300E+01	2.881900E-23
1.509100E+01	2.973600E-23
1.514000E+01	3.066900E-23
1.519000E+01	3.161800E-23
1.524100E+01	3.258400E-23
1.529300E+01	3.356600E-23
1.534600E+01	3.456600E-23
1.539900E+01	3.558300E-23
1.545400E+01	3.661700E-23
1.550900E+01	3.767000E-23
1.556500E+01	3.874100E-23
1.562300E+01	3.983000E-23
1.568100E+01	4.093900E-23
1.574000E+01	4.206700E-23
1.580100E+01	4.321500E-23
1.586200E+01	4.438200E-23
1.592500E+01	4.557000E-23
1.598800E+01	4.677900E-23
1.605300E+01	4.795500E-23
1.611900E+01	4.914100E-23
1.618600E+01	5.034600E-23
1.625400E+01	5.157300E-23
1.632300E+01	5.282200E-23
1.639400E+01	5.409200E-23
1.646600E+01	5.538400E-23
1.653900E+01	5.669800E-23
1.661300E+01	5.803600E-23
1.668900E+01	5.939700E-23
1.676600E+01	6.078100E-23
1.684400E+01	6.219000E-23
1.692400E+01	6.362300E-23
1.700500E+01	6.508100E-23
1.708700E+01	6.656500E-23
1.717100E+01	6.807400E-23
1.725600E+01	6.961000E-23
1.734300E+01	7.117200E-23
1.743100E+01	7.276200E-23
1.752100E+01	7.437900E-23
1.761200E+01	7.602500E-23
1.770600E+01	7.769900E-23
1.780000E+01	7.940200E-23
1.789600E+01	8.113500E-23
1.799400E+01	8.289900E-23
1.809400E+01	8.431600E-23
1.819500E+01	8.573600E-23
1.829900E+01	8.718000E-23
1.840400E+01	8.865000E-23
1.851000E+01	9.014500E-23
1.861900E+01	9.166600E-23
1.873000E+01	9.321400E-23
1.884200E+01	9.478800E-23
1.895600E+01	9.639000E-23
1.907300E+01	9.780100E-23
1.919100E+01	9.910400E-23
1.931200E+01	1.004300E-22
1.943400E+01	1.017800E-22
1.955900E+01	1.031500E-22
1.968600E+01	1.045500E-22
1.981500E+01	1.059700E-22
1.994700E+01	1.074100E-22
2.008000E+01	1.086400E-22
2.021600E+01	1.097300E-22
2.035500E+01	1.108400E-22
2.049500E+01	1.119600E-22
2.063900E+01	1.131100E-22
2.078400E+01	1.142800E-22
2.093300E+01	1.154600E-22
2.108300E+01	1.163300E-22
2.123700E+01	1.169500E-22
2.139300E+01	1.175700E-22
2.155200E+01	1.182100E-22
2.171400E+01	1.188500E-22
2.187800E+01	1.195100E-22
2.204500E+01	1.200900E-22
2.221600E+01	1.204300E-22
2.238900E+01	1.207800E-22
2.256500E+01	1.211300E-22
2.274400E+01	1.214900E-22
2.292700E+01	1.218500E-22
2.311200E+01	1.222200E-22
2.330100E+01	1.226000E-22
2.349300E+01	1.229900E-22
2.368900E+01	1.233800E-22
2.388700E+01	1.237700E-22
2.409000E+01	1.241800E-22
2.429600E+01	1.245900E-22
2.450500E+01	1.250100E-22
2.471800E+01	1.254400E-22
2.493500E+01	1.258700E-22
2.515500E+01	1.259700E-22
2.538000E+01	1.259200E-22
2.560800E+01	1.258800E-22
2.584100E+01	1.258300E-22
2.607700E+01	1.257800E-22
2.631700E+01	1.257400E-22
3.466000E+01	1.231400E-22
3.888000E+01	1.206700E-22
4.178500E+01	1.178600E-22
4.389600E+01	1.153300E-22
4.615700E+01	1.126100E-22
4.858100E+01	1.097000E-22
5.051100E+01	1.073900E-22
5.254500E+01	1.049500E-22
5.468600E+01	1.023800E-22
5.694100E+01	9.967000E-23
5.931700E+01	9.682000E-23
6.181800E+01	9.409100E-23
6.445300E+01	9.132500E-23
6.628600E+01	8.939900E-23
6.818400E+01	8.740600E-23
7.014900E+01	8.534300E-23
7.218300E+01	8.320800E-23
7.428800E+01	8.099700E-23
7.646800E+01	7.870900E-23
7.872400E+01	7.634000E-23
8.105900E+01	7.420600E-23
8.347600E+01	7.239300E-23
8.597900E+01	7.051600E-23
8.856900E+01	6.857300E-23
9.125000E+01	6.656300E-23
9.402500E+01	6.448100E-23
9.689800E+01	6.232600E-23
9.987200E+01	6.009600E-23
1.029500E+02	5.828000E-23
1.061400E+02	5.653100E-23
1.094400E+02	5.482700E-23
1.128500E+02	5.316800E-23
1.163800E+02	5.155300E-23
1.200400E+02	4.998200E-23
1.238300E+02	4.845300E-23
1.277500E+02	4.696600E-23
1.318100E+02	4.552000E-23
1.360100E+02	4.411400E-23
1.403600E+02	4.274800E-23
1.448600E+02	4.141900E-23
1.495200E+02	4.012900E-23
1.543400E+02	3.887500E-23
1.593300E+02	3.765700E-23
1.645000E+02	3.647400E-23
1.698500E+02	3.532500E-23
1.753900E+02	3.420900E-23
1.811200E+02	3.312700E-23
1.870600E+02	3.207600E-23
1.932000E+02	3.105600E-23
1.995600E+02	3.006700E-23
2.061400E+02	2.910700E-23
2.129500E+02	2.817500E-23
2.200000E+02	2.727200E-23
2.273000E+02	2.639600E-23
2.348600E+02	2.554700E-23
2.426800E+02	2.472400E-23
2.507800E+02	2.392500E-23
2.591600E+02	2.315200E-23
2.678400E+02	2.240200E-23
2.768200E+02	2.167500E-23
2.861100E+02	2.097100E-23
2.957400E+02	2.028800E-23
3.057000E+02	1.962700E-23
3.160100E+02	1.898700E-23
3.266900E+02	1.836600E-23
3.377300E+02	1.776500E-23
3.491700E+02	1.718300E-23
3.610100E+02	1.662000E-23
3.732700E+02	1.607400E-23
3.859500E+02	1.554600E-23
3.990900E+02	1.503400E-23
4.126800E+02	1.453900E-23
4.267500E+02	1.406000E-23
4.413200E+02	1.359600E-23
4.563900E+02	1.314700E-23
4.720000E+02	1.271200E-23
4.881600E+02	1.229100E-23
5.134600E+02	1.168500E-23
5.401100E+02	1.110900E-23
5.681800E+02	1.056000E-23
5.977400E+02	1.003800E-23
6.288700E+02	9.541000E-24
6.616500E+02	9.068200E-24
6.961800E+02	8.618400E-24
7.325500E+02	8.190600E-24
7.708500E+02	7.783600E-24
8.111900E+02	7.396600E-24
8.536700E+02	7.028500E-24
8.984100E+02	6.678500E-24
9.455300E+02	6.345700E-24
9.951500E+02	6.029200E-24
------------------------------

EXCITATION
Ar -> Ar(2P4)
1.328300E+01
SPECIES: e / Ar
PROCESS: E + Ar -> E + Ar(2P4), Excitation
PARAM.:  E = 13.283 eV, complete set
COMMENT: from Magboltz 8.97 Sept 2011.
UPDATED: 2011-10-20 14:13:57
COLUMNS: Energy (eV) | Cross section (m2)
------------------------------
1.328300E+01	0.000000E+00
1.328400E+01	2.510500E-26
1.330000E+01	4.373100E-25
1.331800E+01	8.822300E-25
1.333600E+01	1.334900E-24
1.335500E+01	1.795500E-24
1.337300E+01	2.264000E-24
1.339200E+01	2.740800E-24
1.341100E+01	3.225800E-24
1.343100E+01	3.719300E-24
1.345100E+01	4.221400E-24
1.347200E+01	4.732300E-24
1.349200E+01	5.252000E-24
1.351300E+01	5.780800E-24
1.353500E+01	6.318800E-24
1.355700E+01	6.866200E-24
1.357900E+01	7.423100E-24
1.360100E+01	7.989700E-24
1.362400E+01	8.566200E-24
1.364800E+01	9.152700E-24
1.367100E+01	9.749500E-24
1.369600E+01	1.035700E-23
1.372000E+01	1.097400E-23
1.374500E+01	1.160300E-23
1.377100E+01	1.224200E-23
1.379700E+01	1.289300E-23
1.382300E+01	1.355500E-23
1.385000E+01	1.422800E-23
1.387700E+01	1.491300E-23
1.390500E+01	1.561000E-23
1.393300E+01	1.632000E-23
1.396200E+01	1.704100E-23
1.399100E+01	1.777500E-23
1.402100E+01	1.877000E-23
1.405100E+01	1.989000E-23
1.408200E+01	2.102900E-23
1.411300E+01	2.218900E-23
1.414500E+01	2.336800E-23
1.417800E+01	2.456800E-23
1.421100E+01	2.578900E-23
1.424400E+01	2.703200E-23
1.427800E+01	2.829600E-23
1.431300E+01	2.958200E-23
1.434800E+01	3.089000E-23
1.438400E+01	3.222100E-23
1.442100E+01	3.357600E-23
1.445800E+01	3.495400E-23
1.449600E+01	3.635600E-23
1.453500E+01	3.778200E-23
1.457400E+01	3.923300E-23
1.461400E+01	4.071000E-23
1.465400E+01	4.221200E-23
1.469600E+01	4.374000E-23
1.473800E+01	4.529500E-23
1.478000E+01	4.687700E-23
1.482400E+01	4.848700E-23
1.486800E+01	5.012500E-23
1.491300E+01	5.179100E-23
1.495900E+01	5.348600E-23
1.500600E+01	5.520000E-23
1.505300E+01	5.686000E-23
1.510100E+01	5.854800E-23
1.515000E+01	6.026700E-23
1.520000E+01	6.201500E-23
1.525100E+01	6.379400E-23
1.530300E+01	6.560300E-23
1.535600E+01	6.744500E-23
1.540900E+01	6.931800E-23
1.546400E+01	7.122400E-23
1.551900E+01	7.316300E-23
1.557500E+01	7.513600E-23
1.563300E+01	7.714300E-23
1.569100E+01	7.918500E-23
1.575000E+01	8.126300E-23
1.581100E+01	8.337700E-23
1.587200E+01	8.552800E-23
1.593500E+01	8.771600E-23
1.599800E+01	8.994200E-23
1.606300E+01	9.198700E-23
1.612900E+01	9.406100E-23
1.619600E+01	9.617100E-23
1.626400E+01	9.831800E-23
1.633300E+01	1.005000E-22
1.640400E+01	1.027300E-22
1.647600E+01	1.049900E-22
1.654900E+01	1.072900E-22
1.662300E+01	1.096300E-22
1.669900E+01	1.120100E-22
1.677600E+01	1.144300E-22
1.685400E+01	1.169000E-22
1.693400E+01	1.194100E-22
1.701500E+01	1.219600E-22
1.709700E+01	1.245500E-22
1.718100E+01	1.271900E-22
1.726600E+01	1.298800E-22
1.735300E+01	1.326200E-22
1.744100E+01	1.354000E-22
1.753100E+01	1.382300E-22
1.762200E+01	1.411100E-22
1.771600E+01	1.440400E-22
1.781000E+01	1.470200E-22
1.790600E+01	1.500500E-22
1.800400E+01	1.530800E-22
1.810400E+01	1.548700E-22
1.820500E+01	1.567000E-22
1.830900E+01	1.585500E-22
1.841400E+01	1.604400E-22
1.852000E+01	1.623700E-22
1.862900E+01	1.643200E-22
1.874000E+01	1.663100E-22
1.885200E+01	1.683400E-22
1.896600E+01	1.704000E-22
1.908300E+01	1.715000E-22
1.920100E+01	1.722100E-22
1.932200E+01	1.729300E-22
1.944400E+01	1.736700E-22
1.956900E+01	1.744200E-22
1.969600E+01	1.751800E-22
1.982500E+01	1.759500E-22
1.995700E+01	1.767400E-22
2.009000E+01	1.770000E-22
2.022600E+01	1.770000E-22
2.036500E+01	1.770000E-22
2.050500E+01	1.770000E-22
2.064900E+01	1.770000E-22
2.079400E+01	1.770000E-22
2.094300E+01	1.770000E-22
2.109300E+01	1.765300E-22
2.124700E+01	1.757700E-22
2.140300E+01	1.749800E-22
2.156200E+01	1.741900E-22
2.172400E+01	1.733800E-22
2.188800E+01	1.725600E-22
2.205500E+01	1.717200E-22
2.222600E+01	1.708700E-22
2.239900E+01	1.700100E-22
2.257500E+01	1.691200E-22
2.275400E+01	1.682300E-22
2.293700E+01	1.673200E-22
2.312200E+01	1.663900E-22
2.331100E+01	1.654400E-22
2.350300E+01	1.644800E-22
2.369900E+01	1.635100E-22
2.389700E+01	1.625100E-22
2.410000E+01	1.615000E-22
2.430600E+01	1.604700E-22
2.451500E+01	1.594200E-22
2.472800E+01	1.583600E-22
2.494500E+01	1.572800E-22
2.516500E+01	1.558700E-22
2.539000E+01	1.543500E-22
2.561800E+01	1.528000E-22
2.585100E+01	1.512200E-22
2.608700E+01	1.496100E-22
2.632700E+01	1.479700E-22
2.682100E+01	1.446200E-22
2.733200E+01	1.411400E-22
2.786100E+01	1.375500E-22
2.840800E+01	1.338300E-22
2.897500E+01	1.299700E-22
2.956100E+01	1.259800E-22
3.016800E+01	1.221600E-22
3.079700E+01	1.190200E-22
3.144800E+01	1.157600E-22
3.212100E+01	1.123900E-22
3.281800E+01	1.089100E-22
3.354000E+01	1.053000E-22
3.428700E+01	1.015700E-22
3.506000E+01	9.780700E-23
3.586100E+01	9.524600E-23
3.668900E+01	9.259500E-23
3.754700E+01	8.985000E-23
3.843500E+01	8.700900E-23
3.935400E+01	8.406800E-23
4.030500E+01	8.132900E-23
4.129000E+01	7.916200E-23
4.230900E+01	7.692000E-23
4.336400E+01	7.459800E-23
4.445700E+01	7.219500E-23
4.558700E+01	6.970800E-23
4.675800E+01	6.713300E-23
4.735800E+01	6.581200E-23
4.796900E+01	6.446800E-23
4.859100E+01	6.310000E-23
4.922300E+01	6.170900E-23
4.986700E+01	6.029300E-23
5.118800E+01	5.798100E-23
5.186500E+01	5.682900E-23
5.255500E+01	5.565700E-23
5.325600E+01	5.446400E-23
5.397000E+01	5.325100E-23
5.469600E+01	5.201700E-23
5.543500E+01	5.076100E-23
5.618700E+01	4.948300E-23
5.695100E+01	4.818300E-23
5.772900E+01	4.686000E-23
5.852100E+01	4.551400E-23
5.932700E+01	4.414500E-23
6.014600E+01	4.287600E-23
6.182800E+01	4.144600E-23
6.356900E+01	3.996600E-23
6.537100E+01	3.843400E-23
6.629600E+01	3.764800E-23
6.723700E+01	3.684800E-23
6.819400E+01	3.603500E-23
6.916800E+01	3.520700E-23
7.015900E+01	3.436500E-23
7.116700E+01	3.350800E-23
7.219300E+01	3.263600E-23
7.323700E+01	3.174900E-23
7.429800E+01	3.084600E-23
7.537900E+01	2.992800E-23
7.647800E+01	2.899400E-23
7.759600E+01	2.804300E-23
7.873400E+01	2.707600E-23
7.989100E+01	2.609200E-23
8.106900E+01	2.557200E-23
8.348600E+01	2.460500E-23
8.472700E+01	2.410900E-23
8.598900E+01	2.360500E-23
8.727200E+01	2.309100E-23
8.857900E+01	2.256900E-23
8.990800E+01	2.203700E-23
9.126000E+01	2.149600E-23
9.263600E+01	2.094600E-23
9.403500E+01	2.038600E-23
9.545900E+01	1.981600E-23
9.690800E+01	1.923700E-23
9.838200E+01	1.864700E-23
9.988200E+01	1.804700E-23
1.014100E+02	1.750400E-23
1.029600E+02	1.698000E-23
1.045400E+02	1.647000E-23
1.061500E+02	1.597600E-23
1.077800E+02	1.549500E-23
1.094500E+02	1.502700E-23
1.111400E+02	1.457300E-23
1.128600E+02	1.413200E-23
1.146100E+02	1.370300E-23
1.163900E+02	1.328600E-23
1.182100E+02	1.288200E-23
1.200500E+02	1.248900E-23
1.219300E+02	1.210700E-23
1.238400E+02	1.173700E-23
1.257800E+02	1.137700E-23
1.277600E+02	1.102700E-23
1.297700E+02	1.068800E-23
1.318200E+02	1.035900E-23
1.339000E+02	1.003900E-23
1.360200E+02	9.729000E-24
1.381800E+02	9.427800E-24
1.403700E+02	9.135500E-24
1.426000E+02	8.851900E-24
1.448700E+02	8.576600E-24
1.471800E+02	8.309600E-24
1.495300E+02	8.050500E-24
1.519200E+02	7.799100E-24
1.543500E+02	7.555200E-24
1.568300E+02	7.318600E-24
1.593400E+02	7.089200E-24
1.619100E+02	6.866600E-24
1.645100E+02	6.650800E-24
1.671600E+02	6.441400E-24
1.698600E+02	6.238500E-24
1.726100E+02	6.041600E-24
1.754000E+02	5.850800E-24
1.782400E+02	5.665700E-24
1.811300E+02	5.486300E-24
1.840700E+02	5.312400E-24
1.870700E+02	5.143800E-24
1.901100E+02	4.980300E-24
1.932100E+02	4.821900E-24
1.963600E+02	4.668400E-24
1.995700E+02	4.519600E-24
2.028300E+02	4.375300E-24
2.061500E+02	4.235600E-24
2.095300E+02	4.100100E-24
2.129600E+02	3.968900E-24
2.164600E+02	3.841800E-24
2.200100E+02	3.718600E-24
2.236300E+02	3.599200E-24
2.273100E+02	3.483600E-24
2.310600E+02	3.371500E-24
2.348700E+02	3.263000E-24
2.387500E+02	3.157900E-24
2.426900E+02	3.056100E-24
2.467100E+02	2.957400E-24
2.507900E+02	2.861900E-24
2.549400E+02	2.769400E-24
2.591700E+02	2.679800E-24
2.634700E+02	2.593000E-24
2.678500E+02	2.509000E-24
2.723000E+02	2.427600E-24
2.768300E+02	2.348800E-24
2.814400E+02	2.272500E-24
2.861200E+02	2.198700E-24
2.909000E+02	2.127200E-24
2.957500E+02	2.057900E-24
3.006900E+02	1.990900E-24
3.057100E+02	1.926000E-24
3.108200E+02	1.863200E-24
3.160200E+02	1.802300E-24
3.213100E+02	1.743500E-24
3.267000E+02	1.686500E-24
3.321700E+02	1.631300E-24
3.377400E+02	1.578000E-24
3.434100E+02	1.526300E-24
3.491800E+02	1.476300E-24
3.550500E+02	1.427900E-24
3.610200E+02	1.381000E-24
3.671000E+02	1.335700E-24
3.732800E+02	1.291800E-24
3.795700E+02	1.249400E-24
3.859600E+02	1.208300E-24
3.924700E+02	1.168600E-24
3.991000E+02	1.130100E-24
4.058300E+02	1.092900E-24
4.126900E+02	1.056900E-24
4.196600E+02	1.022000E-24
4.267600E+02	9.883400E-25
4.339800E+02	9.557300E-25
4.413300E+02	9.241800E-25
4.488000E+02	8.936500E-25
4.564000E+02	8.641200E-25
4.641400E+02	8.355600E-25
4.720100E+02	8.079200E-25
4.800200E+02	7.811900E-25
4.881700E+02	7.553300E-25
4.964600E+02	7.303200E-25
5.134700E+02	6.827200E-25
5.310800E+02	6.381900E-25
5.493100E+02	5.965300E-25
5.681900E+02	5.575600E-25
5.877200E+02	5.211100E-25
6.079500E+02	4.870200E-25
6.288800E+02	4.551300E-25
6.505500E+02	4.253200E-25
6.729800E+02	3.974400E-25
6.961900E+02	3.713700E-25
7.202300E+02	3.470000E-25
7.451100E+02	3.242200E-25
7.708600E+02	3.029200E-25
7.975200E+02	2.830000E-25
8.251100E+02	2.643900E-25
8.536800E+02	2.469900E-25
8.832500E+02	2.307300E-25
9.138500E+02	2.155400E-25
9.455400E+02	2.013300E-25
9.783300E+02	1.880600E-25
------------------------------

EXCITATION
Ar -> Ar(2P3)
1.330200E+01
SPECIES: e / Ar
PROCESS: E + Ar -> E + Ar(2P3), Excitation
PARAM.:  E = 13.302 eV, complete set
COMMENT: from Magboltz 8.97 Sept 2011.
UPDATED: 2011-10-20 14:13:57
COLUMNS: Energy (eV) | Cross section (m2)
------------------------------
1.330200E+01	0.000000E+00
1.330300E+01	2.220600E-26
1.331900E+01	3.868200E-25
1.333700E+01	7.803800E-25
1.335500E+01	1.180800E-24
1.337400E+01	1.588200E-24
1.339200E+01	2.002700E-24
1.341100E+01	2.424400E-24
1.343000E+01	2.853400E-24
1.345000E+01	3.289900E-24
1.347000E+01	3.734100E-24
1.349100E+01	4.185900E-24
1.351100E+01	4.645700E-24
1.353200E+01	5.113400E-24
1.355400E+01	5.589300E-24
1.357600E+01	6.073500E-24
1.359800E+01	6.566100E-24
1.362000E+01	7.067300E-24
1.364300E+01	7.577200E-24
1.366700E+01	8.096000E-24
1.369000E+01	8.623900E-24
1.371500E+01	9.160900E-24
1.373900E+01	9.707300E-24
1.376400E+01	1.026300E-23
1.379000E+01	1.082900E-23
1.381600E+01	1.140400E-23
1.384200E+01	1.199000E-23
1.386900E+01	1.258500E-23
1.389600E+01	1.319100E-23
1.392400E+01	1.380800E-23
1.395200E+01	1.443500E-23
1.398100E+01	1.507400E-23
1.401000E+01	1.573600E-23
1.404000E+01	1.643500E-23
1.407000E+01	1.714700E-23
1.410100E+01	1.787000E-23
1.413200E+01	1.860700E-23
1.416400E+01	1.935600E-23
1.419700E+01	2.011800E-23
1.423000E+01	2.089400E-23
1.426300E+01	2.168300E-23
1.429700E+01	2.248600E-23
1.433200E+01	2.330200E-23
1.436700E+01	2.413300E-23
1.440300E+01	2.497900E-23
1.444000E+01	2.583900E-23
1.447700E+01	2.671400E-23
1.451500E+01	2.760500E-23
1.455400E+01	2.851100E-23
1.459300E+01	2.943200E-23
1.463300E+01	3.037000E-23
1.467300E+01	3.132400E-23
1.471500E+01	3.229500E-23
1.475700E+01	3.328300E-23
1.479900E+01	3.428800E-23
1.484300E+01	3.531000E-23
1.488700E+01	3.635000E-23
1.493200E+01	3.740800E-23
1.497800E+01	3.848500E-23
1.502500E+01	3.956800E-23
1.507200E+01	4.065900E-23
1.512000E+01	4.176900E-23
1.516900E+01	4.289800E-23
1.521900E+01	4.404700E-23
1.527000E+01	4.521600E-23
1.532200E+01	4.640500E-23
1.537500E+01	4.761500E-23
1.542800E+01	4.884600E-23
1.548300E+01	5.009800E-23
1.553800E+01	5.137300E-23
1.559400E+01	5.266900E-23
1.565200E+01	5.398800E-23
1.571000E+01	5.533000E-23
1.576900E+01	5.669500E-23
1.583000E+01	5.808500E-23
1.589100E+01	5.949800E-23
1.595400E+01	6.093600E-23
1.601700E+01	6.242500E-23
1.608200E+01	6.401100E-23
1.614800E+01	6.562400E-23
1.621500E+01	6.726500E-23
1.628300E+01	6.893500E-23
1.635200E+01	7.063400E-23
1.642300E+01	7.236300E-23
1.649500E+01	7.412200E-23
1.656800E+01	7.591100E-23
1.664200E+01	7.773200E-23
1.671800E+01	7.958400E-23
1.679500E+01	8.146800E-23
1.687300E+01	8.338600E-23
1.695300E+01	8.533600E-23
1.703400E+01	8.732100E-23
1.711600E+01	8.934000E-23
1.720000E+01	9.139500E-23
1.728500E+01	9.348500E-23
1.737200E+01	9.561200E-23
1.746000E+01	9.777500E-23
1.755000E+01	9.997700E-23
1.764100E+01	1.022200E-22
1.773500E+01	1.045000E-22
1.782900E+01	1.068100E-22
1.792500E+01	1.091700E-22
1.802300E+01	1.115400E-22
1.812300E+01	1.138300E-22
1.822400E+01	1.161600E-22
1.832800E+01	1.185300E-22
1.843300E+01	1.209500E-22
1.853900E+01	1.234100E-22
1.864800E+01	1.259000E-22
1.875900E+01	1.284500E-22
1.887100E+01	1.310300E-22
1.898500E+01	1.336700E-22
1.910200E+01	1.357300E-22
1.922000E+01	1.377500E-22
1.934100E+01	1.397900E-22
1.946300E+01	1.418800E-22
1.958800E+01	1.440000E-22
1.971500E+01	1.461600E-22
1.984400E+01	1.483500E-22
1.997600E+01	1.505900E-22
2.010900E+01	1.522000E-22
2.024500E+01	1.537000E-22
2.038400E+01	1.552200E-22
2.052400E+01	1.567700E-22
2.066800E+01	1.583400E-22
2.081300E+01	1.599500E-22
2.096200E+01	1.615800E-22
2.111200E+01	1.629000E-22
2.126600E+01	1.641300E-22
2.142200E+01	1.653800E-22
2.158100E+01	1.666500E-22
2.174300E+01	1.679400E-22
2.190700E+01	1.692600E-22
2.207400E+01	1.703000E-22
2.224500E+01	1.709800E-22
2.241800E+01	1.716700E-22
2.259400E+01	1.723800E-22
2.277300E+01	1.730900E-22
2.295600E+01	1.738200E-22
2.314100E+01	1.745700E-22
2.333000E+01	1.753200E-22
2.352200E+01	1.760900E-22
2.371800E+01	1.768700E-22
2.391600E+01	1.776700E-22
2.411900E+01	1.784800E-22
2.432500E+01	1.793000E-22
2.453400E+01	1.801400E-22
2.474700E+01	1.809900E-22
2.496400E+01	1.818600E-22
2.518400E+01	1.821100E-22
2.540900E+01	1.822500E-22
2.563700E+01	1.823800E-22
2.587000E+01	1.825200E-22
2.610600E+01	1.826600E-22
2.634600E+01	1.828100E-22
2.659100E+01	1.829500E-22
3.319500E+01	1.792500E-22
3.547600E+01	1.746700E-22
3.670800E+01	1.712200E-22
3.800600E+01	1.675800E-22
3.937300E+01	1.637600E-22
4.081200E+01	1.596400E-22
4.232800E+01	1.552500E-22
4.338300E+01	1.521900E-22
4.447600E+01	1.490200E-22
4.560600E+01	1.457400E-22
4.677700E+01	1.423500E-22
4.798800E+01	1.388300E-22
4.924200E+01	1.352000E-22
5.054000E+01	1.317600E-22
5.188400E+01	1.286700E-22
5.327500E+01	1.254700E-22
5.471500E+01	1.221600E-22
5.620600E+01	1.187300E-22
5.774800E+01	1.151800E-22
5.934600E+01	1.115100E-22
6.099900E+01	1.086000E-22
6.271000E+01	1.062100E-22
6.448200E+01	1.037300E-22
6.631500E+01	1.011600E-22
6.821300E+01	9.850100E-23
7.017800E+01	9.575100E-23
7.221200E+01	9.290300E-23
7.431700E+01	8.995600E-23
7.649700E+01	8.690400E-23
7.875300E+01	8.374600E-23
8.108800E+01	8.113000E-23
8.350500E+01	7.919600E-23
8.600800E+01	7.719400E-23
8.859800E+01	7.512200E-23
9.127900E+01	7.297700E-23
9.405400E+01	7.075700E-23
9.692700E+01	6.845800E-23
9.990100E+01	6.607900E-23
1.029800E+02	6.409000E-23
1.061700E+02	6.216700E-23
1.094600E+02	6.029300E-23
1.128800E+02	5.847000E-23
1.164100E+02	5.669400E-23
1.200700E+02	5.496700E-23
1.238600E+02	5.328600E-23
1.277800E+02	5.165100E-23
1.318400E+02	5.006100E-23
1.360400E+02	4.851500E-23
1.403900E+02	4.701300E-23
1.448900E+02	4.555200E-23
1.495500E+02	4.413300E-23
1.543700E+02	4.275400E-23
1.593600E+02	4.141500E-23
1.645300E+02	4.011400E-23
1.698800E+02	3.885100E-23
1.754200E+02	3.762400E-23
1.811500E+02	3.643400E-23
1.870900E+02	3.527800E-23
1.932300E+02	3.415700E-23
1.995900E+02	3.306900E-23
2.061700E+02	3.201300E-23
2.129800E+02	3.098900E-23
2.200300E+02	2.999600E-23
2.273300E+02	2.903200E-23
2.348900E+02	2.809800E-23
2.427100E+02	2.719300E-23
2.508100E+02	2.631500E-23
2.591900E+02	2.546400E-23
2.678700E+02	2.463900E-23
2.768500E+02	2.384000E-23
2.861400E+02	2.306500E-23
2.957700E+02	2.231500E-23
3.057300E+02	2.158800E-23
3.160400E+02	2.088300E-23
3.267100E+02	2.020100E-23
3.377600E+02	1.954000E-23
3.492000E+02	1.890000E-23
3.610400E+02	1.828000E-23
3.733000E+02	1.768000E-23
3.859800E+02	1.709900E-23
3.991100E+02	1.653700E-23
4.127100E+02	1.599200E-23
4.267800E+02	1.546500E-23
4.413400E+02	1.495400E-23
4.564200E+02	1.446000E-23
4.720300E+02	1.398200E-23
4.881800E+02	1.351900E-23
5.134900E+02	1.285300E-23
5.401400E+02	1.221900E-23
5.682100E+02	1.161600E-23
5.977700E+02	1.104100E-23
6.289000E+02	1.049500E-23
6.616800E+02	9.974600E-24
6.962100E+02	9.479800E-24
7.325800E+02	9.009300E-24
7.708800E+02	8.561600E-24
8.112200E+02	8.135900E-24
8.537000E+02	7.731100E-24
8.984400E+02	7.346100E-24
9.455600E+02	6.980000E-24
9.951800E+02	6.632000E-24
------------------------------

EXCITATION
Ar -> Ar(2P2)
1.332800E+01
SPECIES: e / Ar
PROCESS: E + Ar -> E + Ar(2P2), Excitation
PARAM.:  E = 13.328 eV, complete set
COMMENT: from Magboltz 8.97 Sept 2011.
UPDATED: 2011-10-20 14:13:57
COLUMNS: Energy (eV) | Cross section (m2)
------------------------------
1.332800E+01	0.000000E+00
1.332900E+01	2.976200E-26
1.334500E+01	5.184300E-25
1.336300E+01	1.045900E-24
1.338100E+01	1.582600E-24
1.340000E+01	2.128600E-24
1.341800E+01	2.684100E-24
1.343700E+01	3.249300E-24
1.345600E+01	3.824300E-24
1.347600E+01	4.409300E-24
1.349600E+01	5.004600E-24
1.351700E+01	5.610200E-24
1.353700E+01	6.226300E-24
1.355800E+01	6.853200E-24
1.358000E+01	7.491100E-24
1.360200E+01	8.140000E-24
1.362400E+01	8.800200E-24
1.364600E+01	9.471900E-24
1.366900E+01	1.015500E-23
1.369300E+01	1.085100E-23
1.371600E+01	1.155800E-23
1.374100E+01	1.227800E-23
1.376500E+01	1.301000E-23
1.379000E+01	1.375500E-23
1.381600E+01	1.451300E-23
1.384200E+01	1.528500E-23
1.386800E+01	1.606900E-23
1.389500E+01	1.686800E-23
1.392200E+01	1.768000E-23
1.395000E+01	1.850600E-23
1.397800E+01	1.934700E-23
1.400700E+01	2.017700E-23
1.403600E+01	2.093700E-23
1.406600E+01	2.171100E-23
1.409600E+01	2.249800E-23
1.412700E+01	2.329900E-23
1.415800E+01	2.411300E-23
1.419000E+01	2.494200E-23
1.422300E+01	2.578600E-23
1.425600E+01	2.664400E-23
1.428900E+01	2.751700E-23
1.432300E+01	2.840500E-23
1.435800E+01	2.930800E-23
1.439300E+01	3.022800E-23
1.442900E+01	3.116300E-23
1.446600E+01	3.211500E-23
1.450300E+01	3.308300E-23
1.454100E+01	3.406800E-23
1.458000E+01	3.507100E-23
1.461900E+01	3.609100E-23
1.465900E+01	3.712800E-23
1.469900E+01	3.818400E-23
1.474100E+01	3.925800E-23
1.478300E+01	4.035000E-23
1.482500E+01	4.146200E-23
1.486900E+01	4.259300E-23
1.491300E+01	4.374400E-23
1.495800E+01	4.491500E-23
1.500400E+01	4.605700E-23
1.505100E+01	4.671000E-23
1.509800E+01	4.737400E-23
1.514600E+01	4.804900E-23
1.519500E+01	4.873700E-23
1.524500E+01	4.943600E-23
1.529600E+01	5.014700E-23
1.534800E+01	5.087100E-23
1.540100E+01	5.160800E-23
1.545400E+01	5.235700E-23
1.550900E+01	5.311900E-23
1.556400E+01	5.389500E-23
1.562000E+01	5.468400E-23
1.567800E+01	5.548700E-23
1.573600E+01	5.630400E-23
1.579500E+01	5.713500E-23
1.585600E+01	5.798100E-23
1.591700E+01	5.884100E-23
1.598000E+01	5.971600E-23
1.604300E+01	6.030300E-23
1.610800E+01	6.075700E-23
1.617400E+01	6.121700E-23
1.624100E+01	6.168600E-23
1.630900E+01	6.216400E-23
1.637800E+01	6.264900E-23
1.644900E+01	6.314300E-23
1.652100E+01	6.364500E-23
1.659400E+01	6.415700E-23
1.666800E+01	6.467700E-23
1.674400E+01	6.520600E-23
1.682100E+01	6.574400E-23
1.689900E+01	6.629200E-23
1.697900E+01	6.685000E-23
1.706000E+01	6.741700E-23
1.714200E+01	6.799400E-23
1.722600E+01	6.858100E-23
1.731100E+01	6.917800E-23
1.739800E+01	6.978500E-23
1.748600E+01	7.040400E-23
1.757600E+01	7.103300E-23
1.766700E+01	7.167200E-23
1.776100E+01	7.232400E-23
1.785500E+01	7.298600E-23
1.795100E+01	7.366000E-23
1.804900E+01	7.414800E-23
1.814900E+01	7.444700E-23
1.825000E+01	7.475100E-23
1.835400E+01	7.506100E-23
1.845900E+01	7.537600E-23
1.856500E+01	7.569600E-23
1.867400E+01	7.602200E-23
1.878500E+01	7.635400E-23
1.889700E+01	7.669100E-23
1.901100E+01	7.701700E-23
1.912800E+01	7.719200E-23
1.924600E+01	7.736900E-23
1.936700E+01	7.755000E-23
1.948900E+01	7.773400E-23
1.961400E+01	7.792100E-23
1.974100E+01	7.811200E-23
1.987000E+01	7.830500E-23
2.000200E+01	7.850000E-23
2.013500E+01	7.846600E-23
2.027100E+01	7.843200E-23
2.041000E+01	7.839800E-23
2.055000E+01	7.836200E-23
2.069400E+01	7.832700E-23
2.083900E+01	7.829000E-23
2.098800E+01	7.825300E-23
2.113800E+01	7.821500E-23
2.129200E+01	7.817700E-23
2.144800E+01	7.813800E-23
2.160700E+01	7.809800E-23
2.176900E+01	7.805800E-23
2.193300E+01	7.801700E-23
2.210000E+01	7.783300E-23
2.227100E+01	7.754900E-23
2.244400E+01	7.726000E-23
2.262000E+01	7.696700E-23
2.279900E+01	7.666800E-23
2.298200E+01	7.636400E-23
2.316700E+01	7.605500E-23
2.335600E+01	7.574000E-23
2.354800E+01	7.542000E-23
2.374400E+01	7.509400E-23
2.394200E+01	7.476300E-23
2.414500E+01	7.442500E-23
2.435100E+01	7.408200E-23
2.456000E+01	7.373300E-23
2.477300E+01	7.337800E-23
2.499000E+01	7.301700E-23
2.521000E+01	7.253700E-23
2.543500E+01	7.204300E-23
2.566300E+01	7.154100E-23
2.589600E+01	7.103000E-23
2.613200E+01	7.051000E-23
2.637200E+01	6.998100E-23
2.661700E+01	6.944300E-23
2.737700E+01	6.777100E-23
2.817700E+01	6.601100E-23
2.902000E+01	6.415700E-23
2.960600E+01	6.286600E-23
3.021300E+01	6.161600E-23
3.116400E+01	5.990400E-23
3.182600E+01	5.871200E-23
3.251200E+01	5.747900E-23
3.322100E+01	5.620200E-23
3.395500E+01	5.488100E-23
3.471500E+01	5.351300E-23
3.550200E+01	5.209600E-23
3.631600E+01	5.063100E-23
3.715900E+01	4.911300E-23
3.803200E+01	4.754200E-23
3.893500E+01	4.591700E-23
3.987000E+01	4.423300E-23
4.083800E+01	4.307800E-23
4.184000E+01	4.197600E-23
4.287700E+01	4.083500E-23
4.395100E+01	3.965400E-23
4.506200E+01	3.843200E-23
4.621200E+01	3.716600E-23
4.740300E+01	3.585600E-23
4.863600E+01	3.450100E-23
4.926800E+01	3.380500E-23
4.991200E+01	3.309700E-23
5.123300E+01	3.201400E-23
5.260000E+01	3.092000E-23
5.401500E+01	2.978800E-23
5.548000E+01	2.861600E-23
5.623200E+01	2.801500E-23
5.699600E+01	2.740300E-23
5.777400E+01	2.678000E-23
5.856600E+01	2.614700E-23
5.937200E+01	2.550300E-23
6.019100E+01	2.490400E-23
6.187300E+01	2.406300E-23
6.361400E+01	2.319300E-23
6.541600E+01	2.229200E-23
6.634100E+01	2.182900E-23
6.728200E+01	2.135900E-23
6.823900E+01	2.088000E-23
6.921300E+01	2.039300E-23
7.020400E+01	1.989800E-23
7.121200E+01	1.939400E-23
7.223800E+01	1.888100E-23
7.328200E+01	1.835900E-23
7.434300E+01	1.782800E-23
7.542400E+01	1.728800E-23
7.652300E+01	1.673900E-23
7.764100E+01	1.617900E-23
7.877900E+01	1.561100E-23
7.993600E+01	1.503200E-23
8.111400E+01	1.472200E-23
8.231200E+01	1.442200E-23
8.353100E+01	1.411700E-23
8.477200E+01	1.380700E-23
8.603400E+01	1.349200E-23
8.731700E+01	1.317100E-23
8.862400E+01	1.284400E-23
8.995300E+01	1.251200E-23
9.130500E+01	1.217400E-23
9.268100E+01	1.183000E-23
9.408000E+01	1.148000E-23
9.550400E+01	1.112400E-23
9.695300E+01	1.076200E-23
9.842700E+01	1.039300E-23
9.992700E+01	1.001800E-23
1.014500E+02	9.715600E-24
1.030100E+02	9.424900E-24
1.045900E+02	9.142400E-24
1.061900E+02	8.867800E-24
1.078300E+02	8.600900E-24
1.094900E+02	8.341500E-24
1.111800E+02	8.089500E-24
1.129100E+02	7.844600E-24
1.146600E+02	7.606700E-24
1.164400E+02	7.375600E-24
1.182500E+02	7.151100E-24
1.201000E+02	6.933100E-24
1.219800E+02	6.721300E-24
1.238900E+02	6.515600E-24
1.258300E+02	6.315900E-24
1.278100E+02	6.122000E-24
1.298200E+02	5.933800E-24
1.318600E+02	5.751000E-24
1.339500E+02	5.573600E-24
1.360700E+02	5.401400E-24
1.382200E+02	5.234300E-24
1.404100E+02	5.072000E-24
1.426400E+02	4.914600E-24
1.449100E+02	4.761800E-24
1.472200E+02	4.613600E-24
1.495700E+02	4.469800E-24
1.519600E+02	4.330300E-24
1.544000E+02	4.194900E-24
1.568700E+02	4.063600E-24
1.593900E+02	3.936200E-24
1.619500E+02	3.812700E-24
1.645600E+02	3.692900E-24
1.672100E+02	3.576700E-24
1.699100E+02	3.464000E-24
1.726500E+02	3.354700E-24
1.754500E+02	3.248800E-24
1.782900E+02	3.146000E-24
1.811800E+02	3.046400E-24
1.841200E+02	2.949900E-24
1.871100E+02	2.856300E-24
1.901600E+02	2.765500E-24
1.932500E+02	2.677600E-24
1.964100E+02	2.592400E-24
1.996100E+02	2.509700E-24
2.028700E+02	2.429700E-24
2.061900E+02	2.352100E-24
2.095700E+02	2.276900E-24
2.130100E+02	2.204000E-24
2.165000E+02	2.133400E-24
2.200600E+02	2.065000E-24
2.236800E+02	1.998700E-24
2.273600E+02	1.934500E-24
2.311000E+02	1.872300E-24
2.349200E+02	1.812100E-24
2.387900E+02	1.753700E-24
2.427400E+02	1.697200E-24
2.467500E+02	1.642400E-24
2.508300E+02	1.589400E-24
2.549900E+02	1.538000E-24
2.592200E+02	1.488300E-24
2.635200E+02	1.440100E-24
2.678900E+02	1.393400E-24
2.723400E+02	1.348200E-24
2.768700E+02	1.304500E-24
2.814800E+02	1.262100E-24
2.861700E+02	1.221100E-24
2.909400E+02	1.181400E-24
2.957900E+02	1.142900E-24
3.007300E+02	1.105700E-24
3.057500E+02	1.069700E-24
3.108700E+02	1.034800E-24
3.160700E+02	1.001000E-24
3.213600E+02	9.683300E-25
3.267400E+02	9.366900E-25
3.322200E+02	9.060600E-25
3.377900E+02	8.764100E-25
3.434600E+02	8.477200E-25
3.492300E+02	8.199400E-25
3.551000E+02	7.930700E-25
3.610700E+02	7.670500E-25
3.671400E+02	7.418800E-25
3.733200E+02	7.175200E-25
3.796100E+02	6.939400E-25
3.860100E+02	6.711300E-25
3.925200E+02	6.490600E-25
3.991400E+02	6.277000E-25
4.058800E+02	6.070300E-25
4.127300E+02	5.870300E-25
4.197100E+02	5.676800E-25
4.268000E+02	5.489600E-25
4.340200E+02	5.308500E-25
4.413700E+02	5.133300E-25
4.488400E+02	4.963700E-25
4.564500E+02	4.799700E-25
4.641800E+02	4.641100E-25
4.720500E+02	4.487600E-25
4.800600E+02	4.339100E-25
4.882100E+02	4.195500E-25
4.965000E+02	4.056600E-25
5.135200E+02	3.792200E-25
5.311300E+02	3.544900E-25
5.493600E+02	3.313500E-25
5.682300E+02	3.097100E-25
5.877700E+02	2.894600E-25
6.079900E+02	2.705200E-25
6.289200E+02	2.528200E-25
6.505900E+02	2.362600E-25
6.730200E+02	2.207700E-25
6.962400E+02	2.062900E-25
7.202700E+02	1.927500E-25
7.451500E+02	1.801000E-25
7.709100E+02	1.682700E-25
7.975600E+02	1.572100E-25
8.251600E+02	1.468700E-25
8.537200E+02	1.372000E-25
8.832900E+02	1.281700E-25
9.139000E+02	1.197300E-25
9.455800E+02	1.118400E-25
9.783800E+02	1.044700E-25
------------------------------

EXCITATION
Ar -> Ar(2P1)
1.348000E+01
SPECIES: e / Ar
PROCESS: E + Ar -> E + Ar(2P1), Excitation
PARAM.:  E = 13.48 eV, complete set
COMMENT: from Magboltz 8.97 Sept 2011.
UPDATED: 2011-10-20 14:13:57
COLUMNS: Energy (eV) | Cross section (m2)
------------------------------
1.348000E+01	0.000000E+00
1.348100E+01	5.576900E-26
1.349700E+01	9.714600E-25
1.351500E+01	1.959800E-24
1.353300E+01	2.965500E-24
1.355200E+01	3.988600E-24
1.357000E+01	5.029500E-24
1.358900E+01	6.088600E-24
1.360800E+01	7.166100E-24
1.362800E+01	8.262400E-24
1.364800E+01	9.377800E-24
1.366900E+01	1.051300E-23
1.368900E+01	1.166700E-23
1.371000E+01	1.284200E-23
1.373200E+01	1.403700E-23
1.375400E+01	1.525300E-23
1.377600E+01	1.649000E-23
1.379800E+01	1.774900E-23
1.382100E+01	1.903000E-23
1.384500E+01	2.033300E-23
1.386800E+01	2.165800E-23
1.389300E+01	2.300700E-23
1.391700E+01	2.437900E-23
1.394200E+01	2.577500E-23
1.396800E+01	2.719600E-23
1.399400E+01	2.864100E-23
1.402000E+01	3.029500E-23
1.404700E+01	3.203900E-23
1.407400E+01	3.381300E-23
1.410200E+01	3.561800E-23
1.413000E+01	3.745400E-23
1.415900E+01	3.932200E-23
1.418800E+01	4.122300E-23
1.421800E+01	4.315700E-23
1.424800E+01	4.512500E-23
1.427900E+01	4.712700E-23
1.431000E+01	4.916300E-23
1.434200E+01	5.123600E-23
1.437500E+01	5.334400E-23
1.440800E+01	5.548900E-23
1.444100E+01	5.767200E-23
1.447500E+01	5.989200E-23
1.451000E+01	6.215100E-23
1.454500E+01	6.445000E-23
1.458100E+01	6.678800E-23
1.461800E+01	6.916800E-23
1.465500E+01	7.158800E-23
1.469300E+01	7.405100E-23
1.473200E+01	7.655700E-23
1.477100E+01	7.910600E-23
1.481100E+01	8.170000E-23
1.485100E+01	8.433900E-23
1.489300E+01	8.702400E-23
1.493500E+01	8.975600E-23
1.497700E+01	9.253500E-23
1.502100E+01	9.534200E-23
1.506500E+01	9.817500E-23
1.511000E+01	1.010600E-22
1.515600E+01	1.039900E-22
1.520300E+01	1.069700E-22
1.525000E+01	1.100100E-22
1.529800E+01	1.131000E-22
1.534700E+01	1.162400E-22
1.539700E+01	1.194400E-22
1.544800E+01	1.226900E-22
1.550000E+01	1.260000E-22
1.555300E+01	1.293600E-22
1.560600E+01	1.327900E-22
1.566100E+01	1.362700E-22
1.571600E+01	1.398200E-22
1.577200E+01	1.434300E-22
1.583000E+01	1.471000E-22
1.588800E+01	1.508300E-22
1.594700E+01	1.546300E-22
1.600800E+01	1.584500E-22
1.606900E+01	1.620500E-22
1.613200E+01	1.657100E-22
1.619500E+01	1.694300E-22
1.626000E+01	1.732100E-22
1.632600E+01	1.770700E-22
1.639300E+01	1.809900E-22
1.646100E+01	1.849700E-22
1.653000E+01	1.890300E-22
1.660100E+01	1.931600E-22
1.667300E+01	1.973600E-22
1.674600E+01	2.016300E-22
1.682000E+01	2.059800E-22
1.689600E+01	2.104000E-22
1.697300E+01	2.149000E-22
1.705100E+01	2.194800E-22
1.713100E+01	2.241300E-22
1.721200E+01	2.288700E-22
1.729400E+01	2.337000E-22
1.737800E+01	2.386000E-22
1.746300E+01	2.435900E-22
1.755000E+01	2.486700E-22
1.763800E+01	2.538400E-22
1.772800E+01	2.590900E-22
1.781900E+01	2.644400E-22
1.791300E+01	2.698800E-22
1.800700E+01	2.753400E-22
1.810300E+01	2.798600E-22
1.820100E+01	2.844600E-22
1.830100E+01	2.891500E-22
1.840200E+01	2.939100E-22
1.850600E+01	2.987600E-22
1.861100E+01	3.037000E-22
1.871700E+01	3.087200E-22
1.882600E+01	3.138200E-22
1.893700E+01	3.190200E-22
1.904900E+01	3.238600E-22
1.916300E+01	3.282100E-22
1.928000E+01	3.326300E-22
1.939800E+01	3.371400E-22
1.951900E+01	3.417200E-22
1.964100E+01	3.463700E-22
1.976600E+01	3.511100E-22
1.989300E+01	3.559400E-22
2.002200E+01	3.605600E-22
2.015400E+01	3.638400E-22
2.028700E+01	3.671800E-22
2.042300E+01	3.705800E-22
2.056200E+01	3.740400E-22
2.070200E+01	3.775600E-22
2.084600E+01	3.811400E-22
2.099100E+01	3.847800E-22
2.114000E+01	3.870900E-22
2.129000E+01	3.893600E-22
2.144400E+01	3.916600E-22
2.160000E+01	3.940000E-22
2.175900E+01	3.963800E-22
2.192100E+01	3.988100E-22
2.208500E+01	4.005700E-22
2.225200E+01	4.016800E-22
2.242300E+01	4.028200E-22
2.259600E+01	4.039700E-22
2.277200E+01	4.051500E-22
2.295100E+01	4.063400E-22
2.313400E+01	4.075600E-22
2.331900E+01	4.088000E-22
2.350800E+01	4.100500E-22
2.370000E+01	4.113300E-22
2.389600E+01	4.126400E-22
2.409400E+01	4.139600E-22
2.429700E+01	4.153100E-22
2.450300E+01	4.166800E-22
2.471200E+01	4.180800E-22
2.492500E+01	4.195000E-22
2.514200E+01	4.198600E-22
2.536200E+01	4.196400E-22
2.558700E+01	4.194100E-22
2.581500E+01	4.191800E-22
2.604800E+01	4.189500E-22
2.628400E+01	4.187200E-22
2.652400E+01	4.184800E-22
2.676900E+01	4.182300E-22
3.525700E+01	4.094900E-22
3.955100E+01	4.009000E-22
4.199200E+01	3.920300E-22
4.410300E+01	3.835900E-22
4.636400E+01	3.745400E-22
4.878800E+01	3.648500E-22
5.071800E+01	3.571300E-22
5.275200E+01	3.489900E-22
5.489300E+01	3.404300E-22
5.714800E+01	3.314100E-22
5.952400E+01	3.219100E-22
6.202500E+01	3.129100E-22
6.466000E+01	3.036900E-22
6.649300E+01	2.972700E-22
6.839100E+01	2.906300E-22
7.035600E+01	2.837500E-22
7.239000E+01	2.766300E-22
7.449500E+01	2.692700E-22
7.667500E+01	2.616400E-22
7.893100E+01	2.537400E-22
8.126600E+01	2.468400E-22
8.368300E+01	2.407900E-22
8.618600E+01	2.345400E-22
8.877600E+01	2.280600E-22
9.145700E+01	2.213600E-22
9.423200E+01	2.144200E-22
9.710500E+01	2.072400E-22
1.000800E+02	1.998400E-22
1.031600E+02	1.938800E-22
1.063400E+02	1.880700E-22
1.096400E+02	1.824100E-22
1.130600E+02	1.769000E-22
1.165900E+02	1.715400E-22
1.202500E+02	1.663200E-22
1.240400E+02	1.612400E-22
1.279600E+02	1.563000E-22
1.320200E+02	1.515000E-22
1.362200E+02	1.468200E-22
1.405700E+02	1.422800E-22
1.450700E+02	1.378700E-22
1.497300E+02	1.335800E-22
1.545500E+02	1.294100E-22
1.595400E+02	1.253600E-22
1.647100E+02	1.214300E-22
1.700600E+02	1.176100E-22
1.756000E+02	1.139000E-22
1.813300E+02	1.103000E-22
1.872600E+02	1.068000E-22
1.934100E+02	1.034100E-22
1.997600E+02	1.001200E-22
2.063500E+02	9.692500E-23
2.131600E+02	9.382700E-23
2.202100E+02	9.082200E-23
2.275100E+02	8.790800E-23
2.350700E+02	8.508200E-23
2.428900E+02	8.234200E-23
2.509900E+02	7.968600E-23
2.593700E+02	7.711100E-23
2.680400E+02	7.461500E-23
2.770300E+02	7.219600E-23
2.863200E+02	6.985100E-23
2.959500E+02	6.758000E-23
3.059100E+02	6.537900E-23
3.162200E+02	6.324700E-23
3.268900E+02	6.118200E-23
3.379400E+02	5.918200E-23
3.493800E+02	5.724400E-23
3.612200E+02	5.536800E-23
3.734700E+02	5.355100E-23
3.861600E+02	5.179200E-23
3.992900E+02	5.008900E-23
4.128900E+02	4.844000E-23
4.269600E+02	4.684300E-23
4.415200E+02	4.529800E-23
4.566000E+02	4.380200E-23
4.722100E+02	4.235400E-23
4.883600E+02	4.095300E-23
5.136700E+02	3.893600E-23
5.403200E+02	3.701500E-23
5.683800E+02	3.518700E-23
5.979400E+02	3.344800E-23
6.290800E+02	3.179300E-23
6.618600E+02	3.021800E-23
6.963900E+02	2.871900E-23
7.327600E+02	2.729400E-23
7.710600E+02	2.593800E-23
8.113900E+02	2.464900E-23
8.538800E+02	2.342300E-23
8.986200E+02	2.225600E-23
9.457300E+02	2.114800E-23
9.953600E+02	2.009300E-23
------------------------------

IONIZATION
Ar -> Ar^+
1.575961E+01
SPECIES: e / Ar
PROCESS: E + Ar -> E + E + Ar+, Ionization
PARAM.:  E = 15.76 eV, complete set
COMMENT: from Magboltz 8.97 Sept 2011.
UPDATED: 2011-10-20 14:25:01
COLUMNS: Energy (eV) | Cross section (m2)
------------------------------
1.575961E+01	0.000000E+00
1.576635E+01	5.864871E-24
1.576820E+01	7.481513E-24
1.577057E+01	9.544928E-24
1.577358E+01	1.217930E-23
1.577742E+01	1.554376E-23
1.578232E+01	1.984253E-23
1.578857E+01	2.533808E-23
1.579654E+01	3.236848E-23
1.580669E+01	4.137023E-23
1.581964E+01	5.290871E-23
1.583616E+01	6.771896E-23
1.585722E+01	8.676079E-23
1.588407E+01	1.112941E-22
1.591830E+01	1.429826E-22
1.596196E+01	1.840374E-22
1.601762E+01	2.374182E-22
1.608859E+01	3.071150E-22
1.617909E+01	3.985423E-22
1.629449E+01	5.190884E-22
1.644162E+01	6.788699E-22
1.662924E+01	8.917419E-22
1.686846E+01	1.176596E-21
1.717349E+01	1.558924E-21
1.756244E+01	2.072477E-21
1.805837E+01	2.760634E-21
1.869073E+01	3.676693E-21
1.949705E+01	4.881838E-21
2.052518E+01	6.439186E-21
2.183613E+01	8.402421E-21
2.350771E+01	1.079867E-20
2.563912E+01	1.360778E-20
2.835685E+01	1.674365E-20
3.182221E+01	2.004578E-20
3.624084E+01	2.328889E-20
4.187498E+01	2.621300E-20
4.905902E+01	2.856803E-20
5.821929E+01	3.015993E-20
6.989945E+01	3.088377E-20
8.479269E+01	3.073467E-20
1.037829E+02	2.979635E-20
1.279970E+02	2.821437E-20
1.588722E+02	2.616424E-20
1.982409E+02	2.382304E-20
2.484393E+02	2.134918E-20
3.124468E+02	1.887139E-20
3.940619E+02	1.648543E-20
4.981284E+02	1.425594E-20
6.308225E+02	1.222118E-20
8.000190E+02	1.039878E-20
1.015760E+03	8.791267E-21
------------------------------

IONIZATION
Ar5 -> Ar(+)
4.212000E+00
SPECIES: e / Ar5
PROCESS: E + Ar5 -> E + E + Ar(+), Ionization
PARAM.: E = 4.2 eV
COMMENT: Semi-empirical formula for step-wise ionization from Deutsch et al, 2003.
COLUMNS: Energy (eV) | Cross section (m2)
------------------------------
1.000000E-02	0.000000E+00
1.023340E-02	0.000000E+00
1.047225E-02	0.000000E+00
1.071668E-02	0.000000E+00
1.096681E-02	0.000000E+00
1.122277E-02	0.000000E+00
1.148472E-02	0.000000E+00
1.175277E-02	0.000000E+00
1.202708E-02	0.000000E+00
1.230780E-02	0.000000E+00
1.259506E-02	0.000000E+00
1.288904E-02	0.000000E+00
1.318987E-02	0.000000E+00
1.349772E-02	0.000000E+00
1.381276E-02	0.000000E+00
1.413516E-02	0.000000E+00
1.446507E-02	0.000000E+00
1.480269E-02	0.000000E+00
1.514819E-02	0.000000E+00
1.550175E-02	0.000000E+00
1.586357E-02	0.000000E+00
1.623382E-02	0.000000E+00
1.661273E-02	0.000000E+00
1.700047E-02	0.000000E+00
1.739726E-02	0.000000E+00
1.780332E-02	0.000000E+00
1.821885E-02	0.000000E+00
1.864409E-02	0.000000E+00
1.907924E-02	0.000000E+00
1.952456E-02	0.000000E+00
1.998026E-02	0.000000E+00
2.044661E-02	0.000000E+00
2.092383E-02	0.000000E+00
2.141220E-02	0.000000E+00
2.191197E-02	0.000000E+00
2.242340E-02	0.000000E+00
2.294676E-02	0.000000E+00
2.348235E-02	0.000000E+00
2.403043E-02	0.000000E+00
2.459130E-02	0.000000E+00
2.516527E-02	0.000000E+00
2.575263E-02	0.000000E+00
2.635371E-02	0.000000E+00
2.696881E-02	0.000000E+00
2.759826E-02	0.000000E+00
2.824241E-02	0.000000E+00
2.890160E-02	0.000000E+00
2.957617E-02	0.000000E+00
3.026648E-02	0.000000E+00
3.097291E-02	0.000000E+00
3.169582E-02	0.000000E+00
3.243561E-02	0.000000E+00
3.319266E-02	0.000000E+00
3.396739E-02	0.000000E+00
3.476019E-02	0.000000E+00
3.557150E-02	0.000000E+00
3.640175E-02	0.000000E+00
3.725137E-02	0.000000E+00
3.812083E-02	0.000000E+00
3.901058E-02	0.000000E+00
3.992109E-02	0.000000E+00
4.085286E-02	0.000000E+00
4.180637E-02	0.000000E+00
4.278214E-02	0.000000E+00
4.378069E-02	0.000000E+00
4.480254E-02	0.000000E+00
4.584824E-02	0.000000E+00
4.691835E-02	0.000000E+00
4.801343E-02	0.000000E+00
4.913407E-02	0.000000E+00
5.028087E-02	0.000000E+00
5.145444E-02	0.000000E+00
5.265540E-02	0.000000E+00
5.388438E-02	0.000000E+00
5.514206E-02	0.000000E+00
5.642908E-02	0.000000E+00
5.774615E-02	0.000000E+00
5.909396E-02	0.000000E+00
6.047322E-02	0.000000E+00
6.188468E-02	0.000000E+00
6.332908E-02	0.000000E+00
6.480720E-02	0.000000E+00
6.631981E-02	0.000000E+00
6.786773E-02	0.000000E+00
6.945178E-02	0.000000E+00
7.107280E-02	0.000000E+00
7.273165E-02	0.000000E+00
7.442922E-02	0.000000E+00
7.616642E-02	0.000000E+00
7.794416E-02	0.000000E+00
7.976339E-02	0.000000E+00
8.162509E-02	0.000000E+00
8.353023E-02	0.000000E+00
8.547985E-02	0.000000E+00
8.747496E-02	0.000000E+00
8.951665E-02	0.000000E+00
9.160598E-02	0.000000E+00
9.374409E-02	0.000000E+00
9.593209E-02	0.000000E+00
9.817117E-02	0.000000E+00
1.004625E-01	0.000000E+00
1.028073E-01	0.000000E+00
1.052069E-01	0.000000E+00
1.076624E-01	0.000000E+00
1.101753E-01	0.000000E+00
1.127468E-01	0.000000E+00
1.153783E-01	0.000000E+00
1.180713E-01	0.000000E+00
1.208271E-01	0.000000E+00
1.236472E-01	0.000000E+00
1.265332E-01	0.000000E+00
1.294865E-01	0.000000E+00
1.325087E-01	0.000000E+00
1.356015E-01	0.000000E+00
1.387665E-01	0.000000E+00
1.420053E-01	0.000000E+00
1.453198E-01	0.000000E+00
1.487115E-01	0.000000E+00
1.521825E-01	0.000000E+00
1.557345E-01	0.000000E+00
1.593694E-01	0.000000E+00
1.630891E-01	0.000000E+00
1.668956E-01	0.000000E+00
1.707910E-01	0.000000E+00
1.747773E-01	0.000000E+00
1.788566E-01	0.000000E+00
1.830312E-01	0.000000E+00
1.873032E-01	0.000000E+00
1.916748E-01	0.000000E+00
1.961486E-01	0.000000E+00
2.007267E-01	0.000000E+00
2.054117E-01	0.000000E+00
2.102061E-01	0.000000E+00
2.151123E-01	0.000000E+00
2.201331E-01	0.000000E+00
2.252711E-01	0.000000E+00
2.305289E-01	0.000000E+00
2.359095E-01	0.000000E+00
2.414157E-01	0.000000E+00
2.470504E-01	0.000000E+00
2.528166E-01	0.000000E+00
2.587174E-01	0.000000E+00
2.647559E-01	0.000000E+00
2.709354E-01	0.000000E+00
2.772591E-01	0.000000E+00
2.837304E-01	0.000000E+00
2.903527E-01	0.000000E+00
2.971296E-01	0.000000E+00
3.040646E-01	0.000000E+00
3.111616E-01	0.000000E+00
3.184242E-01	0.000000E+00
3.258562E-01	0.000000E+00
3.334618E-01	0.000000E+00
3.412449E-01	0.000000E+00
3.492096E-01	0.000000E+00
3.573602E-01	0.000000E+00
3.657011E-01	0.000000E+00
3.742366E-01	0.000000E+00
3.829714E-01	0.000000E+00
3.919100E-01	0.000000E+00
4.010573E-01	0.000000E+00
4.104181E-01	0.000000E+00
4.199973E-01	0.000000E+00
4.298001E-01	0.000000E+00
4.398317E-01	0.000000E+00
4.500975E-01	0.000000E+00
4.606029E-01	0.000000E+00
4.713535E-01	0.000000E+00
4.823549E-01	0.000000E+00
4.936132E-01	0.000000E+00
5.051342E-01	0.000000E+00
5.169242E-01	0.000000E+00
5.289893E-01	0.000000E+00
5.413360E-01	0.000000E+00
5.539709E-01	0.000000E+00
5.669007E-01	0.000000E+00
5.801323E-01	0.000000E+00
5.936727E-01	0.000000E+00
6.075292E-01	0.000000E+00
6.217090E-01	0.000000E+00
6.362198E-01	0.000000E+00
6.510694E-01	0.000000E+00
6.662655E-01	0.000000E+00
6.818162E-01	0.000000E+00
6.977300E-01	0.000000E+00
7.140151E-01	0.000000E+00
7.306804E-01	0.000000E+00
7.477346E-01	0.000000E+00
7.651869E-01	0.000000E+00
7.830465E-01	0.000000E+00
8.013230E-01	0.000000E+00
8.200261E-01	0.000000E+00
8.391656E-01	0.000000E+00
8.587519E-01	0.000000E+00
8.787954E-01	0.000000E+00
8.993067E-01	0.000000E+00
9.202967E-01	0.000000E+00
9.417766E-01	0.000000E+00
9.637579E-01	0.000000E+00
9.862522E-01	0.000000E+00
1.009272E+00	0.000000E+00
1.032828E+00	0.000000E+00
1.056935E+00	0.000000E+00
1.081604E+00	0.000000E+00
1.106848E+00	0.000000E+00
1.132683E+00	0.000000E+00
1.159120E+00	0.000000E+00
1.186174E+00	0.000000E+00
1.213859E+00	0.000000E+00
1.242191E+00	0.000000E+00
1.271184E+00	0.000000E+00
1.300854E+00	0.000000E+00
1.331216E+00	0.000000E+00
1.362287E+00	0.000000E+00
1.394083E+00	0.000000E+00
1.426621E+00	0.000000E+00
1.459919E+00	0.000000E+00
1.493993E+00	0.000000E+00
1.528864E+00	0.000000E+00
1.564548E+00	0.000000E+00
1.601064E+00	0.000000E+00
1.638434E+00	0.000000E+00
1.676675E+00	0.000000E+00
1.715809E+00	0.000000E+00
1.755856E+00	0.000000E+00
1.796838E+00	0.000000E+00
1.838777E+00	0.000000E+00
1.881694E+00	0.000000E+00
1.925614E+00	0.000000E+00
1.970558E+00	0.000000E+00
2.016551E+00	0.000000E+00
2.063618E+00	0.000000E+00
2.111783E+00	0.000000E+00
2.161073E+00	0.000000E+00
2.211512E+00	0.000000E+00
2.263130E+00	0.000000E+00
2.315951E+00	0.000000E+00
2.370006E+00	0.000000E+00
2.425323E+00	0.000000E+00
2.481930E+00	0.000000E+00
2.539859E+00	0.000000E+00
2.599140E+00	0.000000E+00
2.659804E+00	0.000000E+00
2.721885E+00	0.000000E+00
2.785414E+00	0.000000E+00
2.850426E+00	0.000000E+00
2.916956E+00	0.000000E+00
2.985038E+00	0.000000E+00
3.054710E+00	0.000000E+00
3.126007E+00	0.000000E+00
3.198969E+00	0.000000E+00
3.273634E+00	0.000000E+00
3.350041E+00	0.000000E+00
3.428231E+00	0.000000E+00
3.508247E+00	0.000000E+00
3.590130E+00	0.000000E+00
3.673925E+00	0.000000E+00
3.759675E+00	0.000000E+00
3.847427E+00	0.000000E+00
3.937226E+00	0.000000E+00
4.029122E+00	0.000000E+00
4.123163E+00	0.000000E+00
4.219398E+00	1.589086E-22
4.317880E+00	2.690204E-21
4.418660E+00	5.433630E-21
4.521792E+00	8.263499E-21
4.627332E+00	1.113823E-20
4.735335E+00	1.403366E-20
4.845859E+00	1.693293E-20
4.958962E+00	1.982316E-20
5.074705E+00	2.269390E-20
5.193150E+00	2.553645E-20
5.314359E+00	2.834339E-20
5.438397E+00	3.110829E-20
5.565331E+00	3.382556E-20
5.695227E+00	3.649031E-20
5.828155E+00	3.909825E-20
5.964185E+00	4.164561E-20
6.103390E+00	4.412913E-20
6.245845E+00	4.654595E-20
6.391624E+00	4.889361E-20
6.540806E+00	5.117000E-20
6.693470E+00	5.337336E-20
6.849697E+00	5.550222E-20
7.009570E+00	5.755539E-20
7.173175E+00	5.953193E-20
7.340598E+00	6.143117E-20
7.511929E+00	6.325263E-20
7.687260E+00	6.499606E-20
7.866682E+00	6.666138E-20
8.050292E+00	6.824871E-20
8.238187E+00	6.975833E-20
8.430468E+00	7.119065E-20
8.627237E+00	7.254625E-20
8.828599E+00	7.382581E-20
9.034660E+00	7.503015E-20
9.245531E+00	7.616018E-20
9.461324E+00	7.721693E-20
9.682153E+00	7.820150E-20
9.908137E+00	7.911507E-20
1.013939E+01	7.995891E-20
1.037605E+01	8.073435E-20
1.061823E+01	8.144276E-20
1.086606E+01	8.208558E-20
1.111968E+01	8.266429E-20
1.137921E+01	8.318041E-20
1.164481E+01	8.363549E-20
1.191660E+01	8.403111E-20
1.219473E+01	8.436887E-20
1.247936E+01	8.465038E-20
1.277063E+01	8.487729E-20
1.306870E+01	8.505123E-20
1.337373E+01	8.517385E-20
1.368587E+01	8.524680E-20
1.400531E+01	8.527173E-20
1.433219E+01	8.525027E-20
1.466671E+01	8.518407E-20
1.500903E+01	8.507474E-20
1.535935E+01	8.492389E-20
1.571784E+01	8.473312E-20
1.608469E+01	8.450401E-20
1.646012E+01	8.423811E-20
1.684430E+01	8.393697E-20
1.723745E+01	8.360208E-20
1.763977E+01	8.323495E-20
1.805149E+01	8.283703E-20
1.847281E+01	8.240976E-20
1.890397E+01	8.195456E-20
1.934520E+01	8.147279E-20
1.979672E+01	8.096581E-20
2.025878E+01	8.043495E-20
2.073162E+01	7.988149E-20
2.121550E+01	7.930668E-20
2.171068E+01	7.871177E-20
2.221741E+01	7.809793E-20
2.273597E+01	7.746634E-20
2.326663E+01	7.681812E-20
2.380968E+01	7.615438E-20
2.436540E+01	7.547618E-20
2.493409E+01	7.478456E-20
2.551606E+01	7.408051E-20
2.611161E+01	7.336502E-20
2.672106E+01	7.263902E-20
2.734474E+01	7.190341E-20
2.798297E+01	7.115908E-20
2.863610E+01	7.040688E-20
2.930447E+01	6.964761E-20
2.998844E+01	6.888208E-20
3.068838E+01	6.811103E-20
3.140465E+01	6.733520E-20
3.213764E+01	6.655529E-20
3.288774E+01	6.577197E-20
3.365535E+01	6.498590E-20
3.444087E+01	6.419768E-20
3.524473E+01	6.340792E-20
3.606735E+01	6.261719E-20
3.690917E+01	6.182603E-20
3.777064E+01	6.103496E-20
3.865221E+01	6.024447E-20
3.955436E+01	5.945505E-20
4.047757E+01	5.866714E-20
4.142232E+01	5.788117E-20
4.238913E+01	5.709756E-20
4.337850E+01	5.631668E-20
4.439097E+01	5.553892E-20
4.542706E+01	5.476461E-20
4.648734E+01	5.399409E-20
4.757236E+01	5.322767E-20
4.868271E+01	5.246564E-20
4.981898E+01	5.170829E-20
5.098176E+01	5.095588E-20
5.217169E+01	5.020864E-20
5.338938E+01	4.946681E-20
5.463550E+01	4.873060E-20
5.591071E+01	4.800022E-20
5.721568E+01	4.727586E-20
5.855110E+01	4.655768E-20
5.991770E+01	4.584585E-20
6.131619E+01	4.514052E-20
6.274732E+01	4.444182E-20
6.421186E+01	4.374988E-20
6.571058E+01	4.306481E-20
6.724427E+01	4.238673E-20
6.881377E+01	4.171572E-20
7.041990E+01	4.105188E-20
7.206351E+01	4.039526E-20
7.374549E+01	3.974595E-20
7.546673E+01	3.910400E-20
7.722814E+01	3.846947E-20
7.903066E+01	3.784239E-20
8.087525E+01	3.722280E-20
8.276289E+01	3.661072E-20
8.469460E+01	3.600619E-20
8.667139E+01	3.540922E-20
8.869432E+01	3.481982E-20
9.076446E+01	3.423798E-20
9.288292E+01	3.366371E-20
9.505083E+01	3.309701E-20
9.726934E+01	3.253786E-20
9.953962E+01	3.198624E-20
1.018629E+02	3.144214E-20
1.042404E+02	3.090552E-20
1.066734E+02	3.037637E-20
1.091632E+02	2.985465E-20
1.117111E+02	2.934031E-20
1.143184E+02	2.883333E-20
1.169866E+02	2.833367E-20
1.197171E+02	2.784127E-20
1.225114E+02	2.735608E-20
1.253708E+02	2.687807E-20
1.282970E+02	2.640717E-20
1.312915E+02	2.594333E-20
1.343558E+02	2.548650E-20
1.374917E+02	2.503661E-20
1.407008E+02	2.459360E-20
1.439848E+02	2.415742E-20
1.473454E+02	2.372800E-20
1.507845E+02	2.330527E-20
1.543038E+02	2.288917E-20
1.579053E+02	2.247963E-20
1.615909E+02	2.207658E-20
1.653624E+02	2.167995E-20
1.692220E+02	2.128968E-20
1.731717E+02	2.090569E-20
1.772136E+02	2.052791E-20
1.813498E+02	2.015627E-20
1.855825E+02	1.979069E-20
1.899141E+02	1.943111E-20
1.943467E+02	1.907745E-20
1.988828E+02	1.872964E-20
2.035248E+02	1.838760E-20
2.082751E+02	1.805126E-20
2.131362E+02	1.772055E-20
2.181109E+02	1.739540E-20
2.232016E+02	1.707572E-20
2.284112E+02	1.676145E-20
2.337424E+02	1.645251E-20
2.391980E+02	1.614883E-20
2.447809E+02	1.585034E-20
2.504942E+02	1.555696E-20
2.563407E+02	1.526863E-20
2.623238E+02	1.498526E-20
2.684465E+02	1.470680E-20
2.747121E+02	1.443316E-20
2.811239E+02	1.416428E-20
2.876854E+02	1.390008E-20
2.944000E+02	1.364051E-20
3.012714E+02	1.338548E-20
3.083031E+02	1.313493E-20
3.154990E+02	1.288880E-20
3.228628E+02	1.264701E-20
3.303985E+02	1.240950E-20
3.381101E+02	1.217619E-20
3.460016E+02	1.194704E-20
3.540774E+02	1.172196E-20
3.623416E+02	1.150091E-20
3.707988E+02	1.128380E-20
3.794533E+02	1.107059E-20
3.883098E+02	1.086120E-20
3.973730E+02	1.065558E-20
4.066478E+02	1.045367E-20
4.161391E+02	1.025540E-20
4.258518E+02	1.006072E-20
4.357913E+02	9.869562E-21
4.459628E+02	9.681876E-21
4.563716E+02	9.497603E-21
4.670234E+02	9.316685E-21
4.779239E+02	9.139067E-21
4.890787E+02	8.964693E-21
5.004939E+02	8.793510E-21
5.121755E+02	8.625463E-21
5.241298E+02	8.460499E-21
5.363631E+02	8.298567E-21
5.488820E+02	8.139615E-21
5.616930E+02	7.983592E-21
5.748030E+02	7.830448E-21
5.882190E+02	7.680133E-21
6.019482E+02	7.532599E-21
6.159978E+02	7.387798E-21
6.303753E+02	7.245683E-21
6.450884E+02	7.106206E-21
6.601449E+02	6.969323E-21
6.755528E+02	6.834987E-21
6.913204E+02	6.703155E-21
7.074559E+02	6.573782E-21
7.239681E+02	6.446825E-21
7.408657E+02	6.322242E-21
7.581576E+02	6.199991E-21
7.758532E+02	6.080031E-21
7.939618E+02	5.962320E-21
8.124930E+02	5.846819E-21
8.314568E+02	5.733489E-21
8.508632E+02	5.622291E-21
8.707225E+02	5.513187E-21
8.910453E+02	5.406139E-21
9.118425E+02	5.301110E-21
9.331251E+02	5.198065E-21
9.549045E+02	5.096967E-21
9.771921E+02	4.997781E-21
1.000000E+03	4.900474E-21
------------------------------

IONIZATION
Ar4 -> Ar(+)
4.136000E+00
SPECIES: e / Ar4
PROCESS: E + Ar4 -> E + E + Ar(+), Ionization
PARAM.: E = 4.1 eV
COMMENT: Semi-empirical formula for step-wise ionization from Deutsch et al, 2003.
COLUMNS: Energy (eV) | Cross section (m2)
------------------------------
1.000000E-02	0.000000E+00
1.023340E-02	0.000000E+00
1.047225E-02	0.000000E+00
1.071668E-02	0.000000E+00
1.096681E-02	0.000000E+00
1.122277E-02	0.000000E+00
1.148472E-02	0.000000E+00
1.175277E-02	0.000000E+00
1.202708E-02	0.000000E+00
1.230780E-02	0.000000E+00
1.259506E-02	0.000000E+00
1.288904E-02	0.000000E+00
1.318987E-02	0.000000E+00
1.349772E-02	0.000000E+00
1.381276E-02	0.000000E+00
1.413516E-02	0.000000E+00
1.446507E-02	0.000000E+00
1.480269E-02	0.000000E+00
1.514819E-02	0.000000E+00
1.550175E-02	0.000000E+00
1.586357E-02	0.000000E+00
1.623382E-02	0.000000E+00
1.661273E-02	0.000000E+00
1.700047E-02	0.000000E+00
1.739726E-02	0.000000E+00
1.780332E-02	0.000000E+00
1.821885E-02	0.000000E+00
1.864409E-02	0.000000E+00
1.907924E-02	0.000000E+00
1.952456E-02	0.000000E+00
1.998026E-02	0.000000E+00
2.044661E-02	0.000000E+00
2.092383E-02	0.000000E+00
2.141220E-02	0.000000E+00
2.191197E-02	0.000000E+00
2.242340E-02	0.000000E+00
2.294676E-02	0.000000E+00
2.348235E-02	0.000000E+00
2.403043E-02	0.000000E+00
2.459130E-02	0.000000E+00
2.516527E-02	0.000000E+00
2.575263E-02	0.000000E+00
2.635371E-02	0.000000E+00
2.696881E-02	0.000000E+00
2.759826E-02	0.000000E+00
2.824241E-02	0.000000E+00
2.890160E-02	0.000000E+00
2.957617E-02	0.000000E+00
3.026648E-02	0.000000E+00
3.097291E-02	0.000000E+00
3.169582E-02	0.000000E+00
3.243561E-02	0.000000E+00
3.319266E-02	0.000000E+00
3.396739E-02	0.000000E+00
3.476019E-02	0.000000E+00
3.557150E-02	0.000000E+00
3.640175E-02	0.000000E+00
3.725137E-02	0.000000E+00
3.812083E-02	0.000000E+00
3.901058E-02	0.000000E+00
3.992109E-02	0.000000E+00
4.085286E-02	0.000000E+00
4.180637E-02	0.000000E+00
4.278214E-02	0.000000E+00
4.378069E-02	0.000000E+00
4.480254E-02	0.000000E+00
4.584824E-02	0.000000E+00
4.691835E-02	0.000000E+00
4.801343E-02	0.000000E+00
4.913407E-02	0.000000E+00
5.028087E-02	0.000000E+00
5.145444E-02	0.000000E+00
5.265540E-02	0.000000E+00
5.388438E-02	0.000000E+00
5.514206E-02	0.000000E+00
5.642908E-02	0.000000E+00
5.774615E-02	0.000000E+00
5.909396E-02	0.000000E+00
6.047322E-02	0.000000E+00
6.188468E-02	0.000000E+00
6.332908E-02	0.000000E+00
6.480720E-02	0.000000E+00
6.631981E-02	0.000000E+00
6.786773E-02	0.000000E+00
6.945178E-02	0.000000E+00
7.107280E-02	0.000000E+00
7.273165E-02	0.000000E+00
7.442922E-02	0.000000E+00
7.616642E-02	0.000000E+00
7.794416E-02	0.000000E+00
7.976339E-02	0.000000E+00
8.162509E-02	0.000000E+00
8.353023E-02	0.000000E+00
8.547985E-02	0.000000E+00
8.747496E-02	0.000000E+00
8.951665E-02	0.000000E+00
9.160598E-02	0.000000E+00
9.374409E-02	0.000000E+00
9.593209E-02	0.000000E+00
9.817117E-02	0.000000E+00
1.004625E-01	0.000000E+00
1.028073E-01	0.000000E+00
1.052069E-01	0.000000E+00
1.076624E-01	0.000000E+00
1.101753E-01	0.000000E+00
1.127468E-01	0.000000E+00
1.153783E-01	0.000000E+00
1.180713E-01	0.000000E+00
1.208271E-01	0.000000E+00
1.236472E-01	0.000000E+00
1.265332E-01	0.000000E+00
1.294865E-01	0.000000E+00
1.325087E-01	0.000000E+00
1.356015E-01	0.000000E+00
1.387665E-01	0.000000E+00
1.420053E-01	0.000000E+00
1.453198E-01	0.000000E+00
1.487115E-01	0.000000E+00
1.521825E-01	0.000000E+00
1.557345E-01	0.000000E+00
1.593694E-01	0.000000E+00
1.630891E-01	0.000000E+00
1.668956E-01	0.000000E+00
1.707910E-01	0.000000E+00
1.747773E-01	0.000000E+00
1.788566E-01	0.000000E+00
1.830312E-01	0.000000E+00
1.873032E-01	0.000000E+00
1.916748E-01	0.000000E+00
1.961486E-01	0.000000E+00
2.007267E-01	0.000000E+00
2.054117E-01	0.000000E+00
2.102061E-01	0.000000E+00
2.151123E-01	0.000000E+00
2.201331E-01	0.000000E+00
2.252711E-01	0.000000E+00
2.305289E-01	0.000000E+00
2.359095E-01	0.000000E+00
2.414157E-01	0.000000E+00
2.470504E-01	0.000000E+00
2.528166E-01	0.000000E+00
2.587174E-01	0.000000E+00
2.647559E-01	0.000000E+00
2.709354E-01	0.000000E+00
2.772591E-01	0.000000E+00
2.837304E-01	0.000000E+00
2.903527E-01	0.000000E+00
2.971296E-01	0.000000E+00
3.040646E-01	0.000000E+00
3.111616E-01	0.000000E+00
3.184242E-01	0.000000E+00
3.258562E-01	0.000000E+00
3.334618E-01	0.000000E+00
3.412449E-01	0.000000E+00
3.492096E-01	0.000000E+00
3.573602E-01	0.000000E+00
3.657011E-01	0.000000E+00
3.742366E-01	0.000000E+00
3.829714E-01	0.000000E+00
3.919100E-01	0.000000E+00
4.010573E-01	0.000000E+00
4.104181E-01	0.000000E+00
4.199973E-01	0.000000E+00
4.298001E-01	0.000000E+00
4.398317E-01	0.000000E+00
4.500975E-01	0.000000E+00
4.606029E-01	0.000000E+00
4.713535E-01	0.000000E+00
4.823549E-01	0.000000E+00
4.936132E-01	0.000000E+00
5.051342E-01	0.000000E+00
5.169242E-01	0.000000E+00
5.289893E-01	0.000000E+00
5.413360E-01	0.000000E+00
5.539709E-01	0.000000E+00
5.669007E-01	0.000000E+00
5.801323E-01	0.000000E+00
5.936727E-01	0.000000E+00
6.075292E-01	0.000000E+00
6.217090E-01	0.000000E+00
6.362198E-01	0.000000E+00
6.510694E-01	0.000000E+00
6.662655E-01	0.000000E+00
6.818162E-01	0.000000E+00
6.977300E-01	0.000000E+00
7.140151E-01	0.000000E+00
7.306804E-01	0.000000E+00
7.477346E-01	0.000000E+00
7.651869E-01	0.000000E+00
7.830465E-01	0.000000E+00
8.013230E-01	0.000000E+00
8.200261E-01	0.000000E+00
8.391656E-01	0.000000E+00
8.587519E-01	0.000000E+00
8.787954E-01	0.000000E+00
8.993067E-01	0.000000E+00
9.202967E-01	0.000000E+00
9.417766E-01	0.000000E+00
9.637579E-01	0.000000E+00
9.862522E-01	0.000000E+00
1.009272E+00	0.000000E+00
1.032828E+00	0.000000E+00
1.056935E+00	0.000000E+00
1.081604E+00	0.000000E+00
1.106848E+00	0.000000E+00
1.132683E+00	0.000000E+00
1.159120E+00	0.000000E+00
1.186174E+00	0.000000E+00
1.213859E+00	0.000000E+00
1.242191E+00	0.000000E+00
1.271184E+00	0.000000E+00
1.300854E+00	0.000000E+00
1.331216E+00	0.000000E+00
1.362287E+00	0.000000E+00
1.394083E+00	0.000000E+00
1.426621E+00	0.000000E+00
1.459919E+00	0.000000E+00
1.493993E+00	0.000000E+00
1.528864E+00	0.000000E+00
1.564548E+00	0.000000E+00
1.601064E+00	0.000000E+00
1.638434E+00	0.000000E+00
1.676675E+00	0.000000E+00
1.715809E+00	0.000000E+00
1.755856E+00	0.000000E+00
1.796838E+00	0.000000E+00
1.838777E+00	0.000000E+00
1.881694E+00	0.000000E+00
1.925614E+00	0.000000E+00
1.970558E+00	0.000000E+00
2.016551E+00	0.000000E+00
2.063618E+00	0.000000E+00
2.111783E+00	0.000000E+00
2.161073E+00	0.000000E+00
2.211512E+00	0.000000E+00
2.263130E+00	0.000000E+00
2.315951E+00	0.000000E+00
2.370006E+00	0.000000E+00
2.425323E+00	0.000000E+00
2.481930E+00	0.000000E+00
2.539859E+00	0.000000E+00
2.599140E+00	0.000000E+00
2.659804E+00	0.000000E+00
2.721885E+00	0.000000E+00
2.785414E+00	0.000000E+00
2.850426E+00	0.000000E+00
2.916956E+00	0.000000E+00
2.985038E+00	0.000000E+00
3.054710E+00	0.000000E+00
3.126007E+00	0.000000E+00
3.198969E+00	0.000000E+00
3.273634E+00	0.000000E+00
3.350041E+00	0.000000E+00
3.428231E+00	0.000000E+00
3.508247E+00	0.000000E+00
3.590130E+00	0.000000E+00
3.673925E+00	0.000000E+00
3.759675E+00	0.000000E+00
3.847427E+00	0.000000E+00
3.937226E+00	0.000000E+00
4.029122E+00	0.000000E+00
4.123163E+00	0.000000E+00
4.219398E+00	2.169433E-21
4.317880E+00	4.935191E-21
4.418660E+00	7.803012E-21
4.521792E+00	1.072334E-20
4.627332E+00	1.366913E-20
4.735335E+00	1.662206E-20
4.845859E+00	1.956829E-20
4.958962E+00	2.249675E-20
5.074705E+00	2.539825E-20
5.193150E+00	2.826499E-20
5.314359E+00	3.109022E-20
5.438397E+00	3.386808E-20
5.565331E+00	3.659346E-20
5.695227E+00	3.926185E-20
5.828155E+00	4.186932E-20
5.964185E+00	4.441243E-20
6.103390E+00	4.688820E-20
6.245845E+00	4.929403E-20
6.391624E+00	5.162772E-20
6.540806E+00	5.388738E-20
6.693470E+00	5.607146E-20
6.849697E+00	5.817869E-20
7.009570E+00	6.020807E-20
7.173175E+00	6.215885E-20
7.340598E+00	6.403050E-20
7.511929E+00	6.582273E-20
7.687260E+00	6.753541E-20
7.866682E+00	6.916864E-20
8.050292E+00	7.072265E-20
8.238187E+00	7.219784E-20
8.430468E+00	7.359476E-20
8.627237E+00	7.491409E-20
8.828599E+00	7.615663E-20
9.034660E+00	7.732330E-20
9.245531E+00	7.841511E-20
9.461324E+00	7.943317E-20
9.682153E+00	8.037866E-20
9.908137E+00	8.125287E-20
1.013939E+01	8.205712E-20
1.037605E+01	8.279282E-20
1.061823E+01	8.346141E-20
1.086606E+01	8.406439E-20
1.111968E+01	8.460330E-20
1.137921E+01	8.507971E-20
1.164481E+01	8.549523E-20
1.191660E+01	8.585148E-20
1.219473E+01	8.615010E-20
1.247936E+01	8.639276E-20
1.277063E+01	8.658113E-20
1.306870E+01	8.671688E-20
1.337373E+01	8.680170E-20
1.368587E+01	8.683725E-20
1.400531E+01	8.682522E-20
1.433219E+01	8.676727E-20
1.466671E+01	8.666505E-20
1.500903E+01	8.652021E-20
1.535935E+01	8.633437E-20
1.571784E+01	8.610915E-20
1.608469E+01	8.584613E-20
1.646012E+01	8.554689E-20
1.684430E+01	8.521296E-20
1.723745E+01	8.484588E-20
1.763977E+01	8.444714E-20
1.805149E+01	8.401820E-20
1.847281E+01	8.356051E-20
1.890397E+01	8.307547E-20
1.934520E+01	8.256448E-20
1.979672E+01	8.202888E-20
2.025878E+01	8.146999E-20
2.073162E+01	8.088910E-20
2.121550E+01	8.028747E-20
2.171068E+01	7.966632E-20
2.221741E+01	7.902683E-20
2.273597E+01	7.837018E-20
2.326663E+01	7.769748E-20
2.380968E+01	7.700984E-20
2.436540E+01	7.630830E-20
2.493409E+01	7.559390E-20
2.551606E+01	7.486764E-20
2.611161E+01	7.413047E-20
2.672106E+01	7.338334E-20
2.734474E+01	7.262713E-20
2.798297E+01	7.186272E-20
2.863610E+01	7.109095E-20
2.930447E+01	7.031263E-20
2.998844E+01	6.952854E-20
3.068838E+01	6.873942E-20
3.140465E+01	6.794600E-20
3.213764E+01	6.714896E-20
3.288774E+01	6.634898E-20
3.365535E+01	6.554669E-20
3.444087E+01	6.474270E-20
3.524473E+01	6.393760E-20
3.606735E+01	6.313195E-20
3.690917E+01	6.232628E-20
3.777064E+01	6.152110E-20
3.865221E+01	6.071690E-20
3.955436E+01	5.991415E-20
4.047757E+01	5.911329E-20
4.142232E+01	5.831474E-20
4.238913E+01	5.751890E-20
4.337850E+01	5.672614E-20
4.439097E+01	5.593683E-20
4.542706E+01	5.515131E-20
4.648734E+01	5.436991E-20
4.757236E+01	5.359291E-20
4.868271E+01	5.282062E-20
4.981898E+01	5.205329E-20
5.098176E+01	5.129119E-20
5.217169E+01	5.053455E-20
5.338938E+01	4.978360E-20
5.463550E+01	4.903853E-20
5.591071E+01	4.829955E-20
5.721568E+01	4.756683E-20
5.855110E+01	4.684054E-20
5.991770E+01	4.612084E-20
6.131619E+01	4.540787E-20
6.274732E+01	4.470175E-20
6.421186E+01	4.400262E-20
6.571058E+01	4.331057E-20
6.724427E+01	4.262570E-20
6.881377E+01	4.194811E-20
7.041990E+01	4.127788E-20
7.206351E+01	4.061506E-20
7.374549E+01	3.995973E-20
7.546673E+01	3.931194E-20
7.722814E+01	3.867173E-20
7.903066E+01	3.803915E-20
8.087525E+01	3.741421E-20
8.276289E+01	3.679695E-20
8.469460E+01	3.618739E-20
8.667139E+01	3.558553E-20
8.869432E+01	3.499137E-20
9.076446E+01	3.440493E-20
9.288292E+01	3.382619E-20
9.505083E+01	3.325515E-20
9.726934E+01	3.269178E-20
9.953962E+01	3.213606E-20
1.018629E+02	3.158798E-20
1.042404E+02	3.104751E-20
1.066734E+02	3.051460E-20
1.091632E+02	2.998924E-20
1.117111E+02	2.947137E-20
1.143184E+02	2.896095E-20
1.169866E+02	2.845795E-20
1.197171E+02	2.796230E-20
1.225114E+02	2.747397E-20
1.253708E+02	2.699290E-20
1.282970E+02	2.651902E-20
1.312915E+02	2.605230E-20
1.343558E+02	2.559265E-20
1.374917E+02	2.514004E-20
1.407008E+02	2.469438E-20
1.439848E+02	2.425562E-20
1.473454E+02	2.382369E-20
1.507845E+02	2.339853E-20
1.543038E+02	2.298006E-20
1.579053E+02	2.256822E-20
1.615909E+02	2.216293E-20
1.653624E+02	2.176413E-20
1.692220E+02	2.137174E-20
1.731717E+02	2.098569E-20
1.772136E+02	2.060591E-20
1.813498E+02	2.023232E-20
1.855825E+02	1.986485E-20
1.899141E+02	1.950343E-20
1.943467E+02	1.914798E-20
1.988828E+02	1.879842E-20
2.035248E+02	1.845468E-20
2.082751E+02	1.811669E-20
2.131362E+02	1.778438E-20
2.181109E+02	1.745765E-20
2.232016E+02	1.713645E-20
2.284112E+02	1.682070E-20
2.337424E+02	1.651032E-20
2.391980E+02	1.620523E-20
2.447809E+02	1.590537E-20
2.504942E+02	1.561066E-20
2.563407E+02	1.532103E-20
2.623238E+02	1.503640E-20
2.684465E+02	1.475671E-20
2.747121E+02	1.448187E-20
2.811239E+02	1.421182E-20
2.876854E+02	1.394649E-20
2.944000E+02	1.368581E-20
3.012714E+02	1.342970E-20
3.083031E+02	1.317810E-20
3.154990E+02	1.293094E-20
3.228628E+02	1.268815E-20
3.303985E+02	1.244966E-20
3.381101E+02	1.221541E-20
3.460016E+02	1.198533E-20
3.540774E+02	1.175936E-20
3.623416E+02	1.153742E-20
3.707988E+02	1.131946E-20
3.794533E+02	1.110541E-20
3.883098E+02	1.089520E-20
3.973730E+02	1.068879E-20
4.066478E+02	1.048610E-20
4.161391E+02	1.028708E-20
4.258518E+02	1.009166E-20
4.357913E+02	9.899783E-21
4.459628E+02	9.711395E-21
4.563716E+02	9.526438E-21
4.670234E+02	9.344852E-21
4.779239E+02	9.166582E-21
4.890787E+02	8.991573E-21
5.004939E+02	8.819770E-21
5.121755E+02	8.651118E-21
5.241298E+02	8.485564E-21
5.363631E+02	8.323055E-21
5.488820E+02	8.163541E-21
5.616930E+02	8.006969E-21
5.748030E+02	7.853289E-21
5.882190E+02	7.702451E-21
6.019482E+02	7.554406E-21
6.159978E+02	7.409107E-21
6.303753E+02	7.266505E-21
6.450884E+02	7.126553E-21
6.601449E+02	6.989206E-21
6.755528E+02	6.854418E-21
6.913204E+02	6.722143E-21
7.074559E+02	6.592339E-21
7.239681E+02	6.464961E-21
7.408657E+02	6.339966E-21
7.581576E+02	6.217313E-21
7.758532E+02	6.096960E-21
7.939618E+02	5.978866E-21
8.124930E+02	5.862990E-21
8.314568E+02	5.749294E-21
8.508632E+02	5.637739E-21
8.707225E+02	5.528286E-21
8.910453E+02	5.420897E-21
9.118425E+02	5.315535E-21
9.331251E+02	5.212165E-21
9.549045E+02	5.110749E-21
9.771921E+02	5.011253E-21
1.000000E+03	4.913642E-21
------------------------------

IONIZATION
Ar3 -> Ar(+)
4.037000E+00
SPECIES: e / Ar3
PROCESS: E + Ar3 -> E + E + Ar(+), Ionization
PARAM.: E = 4.0 eV
COMMENT: Semi-empirical formula for step-wise ionization from Deutsch et al, 2003.
COLUMNS: Energy (eV) | Cross section (m2)
------------------------------
1.000000E-02	0.000000E+00
1.023340E-02	0.000000E+00
1.047225E-02	0.000000E+00
1.071668E-02	0.000000E+00
1.096681E-02	0.000000E+00
1.122277E-02	0.000000E+00
1.148472E-02	0.000000E+00
1.175277E-02	0.000000E+00
1.202708E-02	0.000000E+00
1.230780E-02	0.000000E+00
1.259506E-02	0.000000E+00
1.288904E-02	0.000000E+00
1.318987E-02	0.000000E+00
1.349772E-02	0.000000E+00
1.381276E-02	0.000000E+00
1.413516E-02	0.000000E+00
1.446507E-02	0.000000E+00
1.480269E-02	0.000000E+00
1.514819E-02	0.000000E+00
1.550175E-02	0.000000E+00
1.586357E-02	0.000000E+00
1.623382E-02	0.000000E+00
1.661273E-02	0.000000E+00
1.700047E-02	0.000000E+00
1.739726E-02	0.000000E+00
1.780332E-02	0.000000E+00
1.821885E-02	0.000000E+00
1.864409E-02	0.000000E+00
1.907924E-02	0.000000E+00
1.952456E-02	0.000000E+00
1.998026E-02	0.000000E+00
2.044661E-02	0.000000E+00
2.092383E-02	0.000000E+00
2.141220E-02	0.000000E+00
2.191197E-02	0.000000E+00
2.242340E-02	0.000000E+00
2.294676E-02	0.000000E+00
2.348235E-02	0.000000E+00
2.403043E-02	0.000000E+00
2.459130E-02	0.000000E+00
2.516527E-02	0.000000E+00
2.575263E-02	0.000000E+00
2.635371E-02	0.000000E+00
2.696881E-02	0.000000E+00
2.759826E-02	0.000000E+00
2.824241E-02	0.000000E+00
2.890160E-02	0.000000E+00
2.957617E-02	0.000000E+00
3.026648E-02	0.000000E+00
3.097291E-02	0.000000E+00
3.169582E-02	0.000000E+00
3.243561E-02	0.000000E+00
3.319266E-02	0.000000E+00
3.396739E-02	0.000000E+00
3.476019E-02	0.000000E+00
3.557150E-02	0.000000E+00
3.640175E-02	0.000000E+00
3.725137E-02	0.000000E+00
3.812083E-02	0.000000E+00
3.901058E-02	0.000000E+00
3.992109E-02	0.000000E+00
4.085286E-02	0.000000E+00
4.180637E-02	0.000000E+00
4.278214E-02	0.000000E+00
4.378069E-02	0.000000E+00
4.480254E-02	0.000000E+00
4.584824E-02	0.000000E+00
4.691835E-02	0.000000E+00
4.801343E-02	0.000000E+00
4.913407E-02	0.000000E+00
5.028087E-02	0.000000E+00
5.145444E-02	0.000000E+00
5.265540E-02	0.000000E+00
5.388438E-02	0.000000E+00
5.514206E-02	0.000000E+00
5.642908E-02	0.000000E+00
5.774615E-02	0.000000E+00
5.909396E-02	0.000000E+00
6.047322E-02	0.000000E+00
6.188468E-02	0.000000E+00
6.332908E-02	0.000000E+00
6.480720E-02	0.000000E+00
6.631981E-02	0.000000E+00
6.786773E-02	0.000000E+00
6.945178E-02	0.000000E+00
7.107280E-02	0.000000E+00
7.273165E-02	0.000000E+00
7.442922E-02	0.000000E+00
7.616642E-02	0.000000E+00
7.794416E-02	0.000000E+00
7.976339E-02	0.000000E+00
8.162509E-02	0.000000E+00
8.353023E-02	0.000000E+00
8.547985E-02	0.000000E+00
8.747496E-02	0.000000E+00
8.951665E-02	0.000000E+00
9.160598E-02	0.000000E+00
9.374409E-02	0.000000E+00
9.593209E-02	0.000000E+00
9.817117E-02	0.000000E+00
1.004625E-01	0.000000E+00
1.028073E-01	0.000000E+00
1.052069E-01	0.000000E+00
1.076624E-01	0.000000E+00
1.101753E-01	0.000000E+00
1.127468E-01	0.000000E+00
1.153783E-01	0.000000E+00
1.180713E-01	0.000000E+00
1.208271E-01	0.000000E+00
1.236472E-01	0.000000E+00
1.265332E-01	0.000000E+00
1.294865E-01	0.000000E+00
1.325087E-01	0.000000E+00
1.356015E-01	0.000000E+00
1.387665E-01	0.000000E+00
1.420053E-01	0.000000E+00
1.453198E-01	0.000000E+00
1.487115E-01	0.000000E+00
1.521825E-01	0.000000E+00
1.557345E-01	0.000000E+00
1.593694E-01	0.000000E+00
1.630891E-01	0.000000E+00
1.668956E-01	0.000000E+00
1.707910E-01	0.000000E+00
1.747773E-01	0.000000E+00
1.788566E-01	0.000000E+00
1.830312E-01	0.000000E+00
1.873032E-01	0.000000E+00
1.916748E-01	0.000000E+00
1.961486E-01	0.000000E+00
2.007267E-01	0.000000E+00
2.054117E-01	0.000000E+00
2.102061E-01	0.000000E+00
2.151123E-01	0.000000E+00
2.201331E-01	0.000000E+00
2.252711E-01	0.000000E+00
2.305289E-01	0.000000E+00
2.359095E-01	0.000000E+00
2.414157E-01	0.000000E+00
2.470504E-01	0.000000E+00
2.528166E-01	0.000000E+00
2.587174E-01	0.000000E+00
2.647559E-01	0.000000E+00
2.709354E-01	0.000000E+00
2.772591E-01	0.000000E+00
2.837304E-01	0.000000E+00
2.903527E-01	0.000000E+00
2.971296E-01	0.000000E+00
3.040646E-01	0.000000E+00
3.111616E-01	0.000000E+00
3.184242E-01	0.000000E+00
3.258562E-01	0.000000E+00
3.334618E-01	0.000000E+00
3.412449E-01	0.000000E+00
3.492096E-01	0.000000E+00
3.573602E-01	0.000000E+00
3.657011E-01	0.000000E+00
3.742366E-01	0.000000E+00
3.829714E-01	0.000000E+00
3.919100E-01	0.000000E+00
4.010573E-01	0.000000E+00
4.104181E-01	0.000000E+00
4.199973E-01	0.000000E+00
4.298001E-01	0.000000E+00
4.398317E-01	0.000000E+00
4.500975E-01	0.000000E+00
4.606029E-01	0.000000E+00
4.713535E-01	0.000000E+00
4.823549E-01	0.000000E+00
4.936132E-01	0.000000E+00
5.051342E-01	0.000000E+00
5.169242E-01	0.000000E+00
5.289893E-01	0.000000E+00
5.413360E-01	0.000000E+00
5.539709E-01	0.000000E+00
5.669007E-01	0.000000E+00
5.801323E-01	0.000000E+00
5.936727E-01	0.000000E+00
6.075292E-01	0.000000E+00
6.217090E-01	0.000000E+00
6.362198E-01	0.000000E+00
6.510694E-01	0.000000E+00
6.662655E-01	0.000000E+00
6.818162E-01	0.000000E+00
6.977300E-01	0.000000E+00
7.140151E-01	0.000000E+00
7.306804E-01	0.000000E+00
7.477346E-01	0.000000E+00
7.651869E-01	0.000000E+00
7.830465E-01	0.000000E+00
8.013230E-01	0.000000E+00
8.200261E-01	0.000000E+00
8.391656E-01	0.000000E+00
8.587519E-01	0.000000E+00
8.787954E-01	0.000000E+00
8.993067E-01	0.000000E+00
9.202967E-01	0.000000E+00
9.417766E-01	0.000000E+00
9.637579E-01	0.000000E+00
9.862522E-01	0.000000E+00
1.009272E+00	0.000000E+00
1.032828E+00	0.000000E+00
1.056935E+00	0.000000E+00
1.081604E+00	0.000000E+00
1.106848E+00	0.000000E+00
1.132683E+00	0.000000E+00
1.159120E+00	0.000000E+00
1.186174E+00	0.000000E+00
1.213859E+00	0.000000E+00
1.242191E+00	0.000000E+00
1.271184E+00	0.000000E+00
1.300854E+00	0.000000E+00
1.331216E+00	0.000000E+00
1.362287E+00	0.000000E+00
1.394083E+00	0.000000E+00
1.426621E+00	0.000000E+00
1.459919E+00	0.000000E+00
1.493993E+00	0.000000E+00
1.528864E+00	0.000000E+00
1.564548E+00	0.000000E+00
1.601064E+00	0.000000E+00
1.638434E+00	0.000000E+00
1.676675E+00	0.000000E+00
1.715809E+00	0.000000E+00
1.755856E+00	0.000000E+00
1.796838E+00	0.000000E+00
1.838777E+00	0.000000E+00
1.881694E+00	0.000000E+00
1.925614E+00	0.000000E+00
1.970558E+00	0.000000E+00
2.016551E+00	0.000000E+00
2.063618E+00	0.000000E+00
2.111783E+00	0.000000E+00
2.161073E+00	0.000000E+00
2.211512E+00	0.000000E+00
2.263130E+00	0.000000E+00
2.315951E+00	0.000000E+00
2.370006E+00	0.000000E+00
2.425323E+00	0.000000E+00
2.481930E+00	0.000000E+00
2.539859E+00	0.000000E+00
2.599140E+00	0.000000E+00
2.659804E+00	0.000000E+00
2.721885E+00	0.000000E+00
2.785414E+00	0.000000E+00
2.850426E+00	0.000000E+00
2.916956E+00	0.000000E+00
2.985038E+00	0.000000E+00
3.054710E+00	0.000000E+00
3.126007E+00	0.000000E+00
3.198969E+00	0.000000E+00
3.273634E+00	0.000000E+00
3.350041E+00	0.000000E+00
3.428231E+00	0.000000E+00
3.508247E+00	0.000000E+00
3.590130E+00	0.000000E+00
3.673925E+00	0.000000E+00
3.759675E+00	0.000000E+00
3.847427E+00	0.000000E+00
3.937226E+00	0.000000E+00
4.029122E+00	0.000000E+00
4.123163E+00	2.360573E-21
4.219398E+00	5.201445E-21
4.317880E+00	8.143189E-21
4.418660E+00	1.113700E-20
4.521792E+00	1.415579E-20
4.627332E+00	1.718110E-20
4.735335E+00	2.019891E-20
4.845859E+00	2.319802E-20
4.958962E+00	2.616907E-20
5.074705E+00	2.910414E-20
5.193150E+00	3.199636E-20
5.314359E+00	3.483977E-20
5.438397E+00	3.762916E-20
5.565331E+00	4.035995E-20
5.695227E+00	4.302815E-20
5.828155E+00	4.563024E-20
5.964185E+00	4.816319E-20
6.103390E+00	5.062437E-20
6.245845E+00	5.301153E-20
6.391624E+00	5.532277E-20
6.540806E+00	5.755649E-20
6.693470E+00	5.971143E-20
6.849697E+00	6.178656E-20
7.009570E+00	6.378113E-20
7.173175E+00	6.569461E-20
7.340598E+00	6.752671E-20
7.511929E+00	6.927732E-20
7.687260E+00	7.094652E-20
7.866682E+00	7.253459E-20
8.050292E+00	7.404192E-20
8.238187E+00	7.546910E-20
8.430468E+00	7.681683E-20
8.627237E+00	7.808593E-20
8.828599E+00	7.927734E-20
9.034660E+00	8.039211E-20
9.245531E+00	8.143138E-20
9.461324E+00	8.239638E-20
9.682153E+00	8.328840E-20
9.908137E+00	8.410882E-20
1.013939E+01	8.485908E-20
1.037605E+01	8.554067E-20
1.061823E+01	8.615511E-20
1.086606E+01	8.670399E-20
1.111968E+01	8.718892E-20
1.137921E+01	8.761155E-20
1.164481E+01	8.797354E-20
1.191660E+01	8.827657E-20
1.219473E+01	8.852236E-20
1.247936E+01	8.871261E-20
1.277063E+01	8.884903E-20
1.306870E+01	8.893336E-20
1.337373E+01	8.896731E-20
1.368587E+01	8.895258E-20
1.400531E+01	8.889090E-20
1.433219E+01	8.878394E-20
1.466671E+01	8.863341E-20
1.500903E+01	8.844095E-20
1.535935E+01	8.820823E-20
1.571784E+01	8.793687E-20
1.608469E+01	8.762847E-20
1.646012E+01	8.728462E-20
1.684430E+01	8.690687E-20
1.723745E+01	8.649676E-20
1.763977E+01	8.605580E-20
1.805149E+01	8.558545E-20
1.847281E+01	8.508715E-20
1.890397E+01	8.456234E-20
1.934520E+01	8.401237E-20
1.979672E+01	8.343862E-20
2.025878E+01	8.284239E-20
2.073162E+01	8.222497E-20
2.121550E+01	8.158762E-20
2.171068E+01	8.093154E-20
2.221741E+01	8.025794E-20
2.273597E+01	7.956795E-20
2.326663E+01	7.886270E-20
2.380968E+01	7.814328E-20
2.436540E+01	7.741073E-20
2.493409E+01	7.666607E-20
2.551606E+01	7.591029E-20
2.611161E+01	7.514435E-20
2.672106E+01	7.436915E-20
2.734474E+01	7.358560E-20
2.798297E+01	7.279455E-20
2.863610E+01	7.199683E-20
2.930447E+01	7.119323E-20
2.998844E+01	7.038452E-20
3.068838E+01	6.957144E-20
3.140465E+01	6.875469E-20
3.213764E+01	6.793496E-20
3.288774E+01	6.711289E-20
3.365535E+01	6.628912E-20
3.444087E+01	6.546423E-20
3.524473E+01	6.463881E-20
3.606735E+01	6.381339E-20
3.690917E+01	6.298851E-20
3.777064E+01	6.216465E-20
3.865221E+01	6.134230E-20
3.955436E+01	6.052191E-20
4.047757E+01	5.970390E-20
4.142232E+01	5.888869E-20
4.238913E+01	5.807666E-20
4.337850E+01	5.726819E-20
4.439097E+01	5.646361E-20
4.542706E+01	5.566326E-20
4.648734E+01	5.486744E-20
4.757236E+01	5.407646E-20
4.868271E+01	5.329058E-20
4.981898E+01	5.251006E-20
5.098176E+01	5.173515E-20
5.217169E+01	5.096608E-20
5.338938E+01	5.020305E-20
5.463550E+01	4.944626E-20
5.591071E+01	4.869590E-20
5.721568E+01	4.795214E-20
5.855110E+01	4.721513E-20
5.991770E+01	4.648502E-20
6.131619E+01	4.576194E-20
6.274732E+01	4.504602E-20
6.421186E+01	4.433737E-20
6.571058E+01	4.363608E-20
6.724427E+01	4.294225E-20
6.881377E+01	4.225595E-20
7.041990E+01	4.157727E-20
7.206351E+01	4.090625E-20
7.374549E+01	4.024296E-20
7.546673E+01	3.958745E-20
7.722814E+01	3.893974E-20
7.903066E+01	3.829987E-20
8.087525E+01	3.766787E-20
8.276289E+01	3.704375E-20
8.469460E+01	3.642753E-20
8.667139E+01	3.581920E-20
8.869432E+01	3.521877E-20
9.076446E+01	3.462623E-20
9.288292E+01	3.404158E-20
9.505083E+01	3.346479E-20
9.726934E+01	3.289584E-20
9.953962E+01	3.233471E-20
1.018629E+02	3.178137E-20
1.042404E+02	3.123578E-20
1.066734E+02	3.069792E-20
1.091632E+02	3.016773E-20
1.117111E+02	2.964518E-20
1.143184E+02	2.913022E-20
1.169866E+02	2.862280E-20
1.197171E+02	2.812286E-20
1.225114E+02	2.763036E-20
1.253708E+02	2.714524E-20
1.282970E+02	2.666743E-20
1.312915E+02	2.619688E-20
1.343558E+02	2.573352E-20
1.374917E+02	2.527729E-20
1.407008E+02	2.482812E-20
1.439848E+02	2.438595E-20
1.473454E+02	2.395070E-20
1.507845E+02	2.352231E-20
1.543038E+02	2.310071E-20
1.579053E+02	2.268582E-20
1.615909E+02	2.227757E-20
1.653624E+02	2.187588E-20
1.692220E+02	2.148069E-20
1.731717E+02	2.109191E-20
1.772136E+02	2.070948E-20
1.813498E+02	2.033331E-20
1.855825E+02	1.996333E-20
1.899141E+02	1.959947E-20
1.943467E+02	1.924164E-20
1.988828E+02	1.888977E-20
2.035248E+02	1.854379E-20
2.082751E+02	1.820361E-20
2.131362E+02	1.786916E-20
2.181109E+02	1.754036E-20
2.232016E+02	1.721714E-20
2.284112E+02	1.689942E-20
2.337424E+02	1.658713E-20
2.391980E+02	1.628018E-20
2.447809E+02	1.597851E-20
2.504942E+02	1.568203E-20
2.563407E+02	1.539068E-20
2.623238E+02	1.510437E-20
2.684465E+02	1.482304E-20
2.747121E+02	1.454662E-20
2.811239E+02	1.427502E-20
2.876854E+02	1.400818E-20
2.944000E+02	1.374602E-20
3.012714E+02	1.348848E-20
3.083031E+02	1.323549E-20
3.154990E+02	1.298697E-20
3.228628E+02	1.274285E-20
3.303985E+02	1.250307E-20
3.381101E+02	1.226756E-20
3.460016E+02	1.203625E-20
3.540774E+02	1.180907E-20
3.623416E+02	1.158597E-20
3.707988E+02	1.136687E-20
3.794533E+02	1.115171E-20
3.883098E+02	1.094042E-20
3.973730E+02	1.073295E-20
4.066478E+02	1.052924E-20
4.161391E+02	1.032921E-20
4.258518E+02	1.013281E-20
4.357913E+02	9.939978E-21
4.459628E+02	9.750659E-21
4.563716E+02	9.564791E-21
4.670234E+02	9.382319E-21
4.779239E+02	9.203184E-21
4.890787E+02	9.027330E-21
5.004939E+02	8.854702E-21
5.121755E+02	8.685246E-21
5.241298E+02	8.518907E-21
5.363631E+02	8.355633E-21
5.488820E+02	8.195371E-21
5.616930E+02	8.038069E-21
5.748030E+02	7.883677E-21
5.882190E+02	7.732144E-21
6.019482E+02	7.583421E-21
6.159978E+02	7.437459E-21
6.303753E+02	7.294210E-21
6.450884E+02	7.153627E-21
6.601449E+02	7.015663E-21
6.755528E+02	6.880273E-21
6.913204E+02	6.747410E-21
7.074559E+02	6.617032E-21
7.239681E+02	6.489093E-21
7.408657E+02	6.363551E-21
7.581576E+02	6.240363E-21
7.758532E+02	6.119488E-21
7.939618E+02	6.000884E-21
8.124930E+02	5.884511E-21
8.314568E+02	5.770328E-21
8.508632E+02	5.658298E-21
8.707225E+02	5.548380E-21
8.910453E+02	5.440538E-21
9.118425E+02	5.334733E-21
9.331251E+02	5.230930E-21
9.549045E+02	5.129091E-21
9.771921E+02	5.029182E-21
1.000000E+03	4.931168E-21
------------------------------

IONIZATION
Ar2 -> Ar(+)
3.932000E+00
SPECIES: e / Ar2
PROCESS: E + Ar2 -> E + E + Ar(+), Ionization
PARAM.: E = 3.9 eV
COMMENT: Semi-empirical formula for step-wise ionization from Deutsch et al, 2003.
COLUMNS: Energy (eV) | Cross section (m2)
------------------------------
1.000000E-02	0.000000E+00
1.023340E-02	0.000000E+00
1.047225E-02	0.000000E+00
1.071668E-02	0.000000E+00
1.096681E-02	0.000000E+00
1.122277E-02	0.000000E+00
1.148472E-02	0.000000E+00
1.175277E-02	0.000000E+00
1.202708E-02	0.000000E+00
1.230780E-02	0.000000E+00
1.259506E-02	0.000000E+00
1.288904E-02	0.000000E+00
1.318987E-02	0.000000E+00
1.349772E-02	0.000000E+00
1.381276E-02	0.000000E+00
1.413516E-02	0.000000E+00
1.446507E-02	0.000000E+00
1.480269E-02	0.000000E+00
1.514819E-02	0.000000E+00
1.550175E-02	0.000000E+00
1.586357E-02	0.000000E+00
1.623382E-02	0.000000E+00
1.661273E-02	0.000000E+00
1.700047E-02	0.000000E+00
1.739726E-02	0.000000E+00
1.780332E-02	0.000000E+00
1.821885E-02	0.000000E+00
1.864409E-02	0.000000E+00
1.907924E-02	0.000000E+00
1.952456E-02	0.000000E+00
1.998026E-02	0.000000E+00
2.044661E-02	0.000000E+00
2.092383E-02	0.000000E+00
2.141220E-02	0.000000E+00
2.191197E-02	0.000000E+00
2.242340E-02	0.000000E+00
2.294676E-02	0.000000E+00
2.348235E-02	0.000000E+00
2.403043E-02	0.000000E+00
2.459130E-02	0.000000E+00
2.516527E-02	0.000000E+00
2.575263E-02	0.000000E+00
2.635371E-02	0.000000E+00
2.696881E-02	0.000000E+00
2.759826E-02	0.000000E+00
2.824241E-02	0.000000E+00
2.890160E-02	0.000000E+00
2.957617E-02	0.000000E+00
3.026648E-02	0.000000E+00
3.097291E-02	0.000000E+00
3.169582E-02	0.000000E+00
3.243561E-02	0.000000E+00
3.319266E-02	0.000000E+00
3.396739E-02	0.000000E+00
3.476019E-02	0.000000E+00
3.557150E-02	0.000000E+00
3.640175E-02	0.000000E+00
3.725137E-02	0.000000E+00
3.812083E-02	0.000000E+00
3.901058E-02	0.000000E+00
3.992109E-02	0.000000E+00
4.085286E-02	0.000000E+00
4.180637E-02	0.000000E+00
4.278214E-02	0.000000E+00
4.378069E-02	0.000000E+00
4.480254E-02	0.000000E+00
4.584824E-02	0.000000E+00
4.691835E-02	0.000000E+00
4.801343E-02	0.000000E+00
4.913407E-02	0.000000E+00
5.028087E-02	0.000000E+00
5.145444E-02	0.000000E+00
5.265540E-02	0.000000E+00
5.388438E-02	0.000000E+00
5.514206E-02	0.000000E+00
5.642908E-02	0.000000E+00
5.774615E-02	0.000000E+00
5.909396E-02	0.000000E+00
6.047322E-02	0.000000E+00
6.188468E-02	0.000000E+00
6.332908E-02	0.000000E+00
6.480720E-02	0.000000E+00
6.631981E-02	0.000000E+00
6.786773E-02	0.000000E+00
6.945178E-02	0.000000E+00
7.107280E-02	0.000000E+00
7.273165E-02	0.000000E+00
7.442922E-02	0.000000E+00
7.616642E-02	0.000000E+00
7.794416E-02	0.000000E+00
7.976339E-02	0.000000E+00
8.162509E-02	0.000000E+00
8.353023E-02	0.000000E+00
8.547985E-02	0.000000E+00
8.747496E-02	0.000000E+00
8.951665E-02	0.000000E+00
9.160598E-02	0.000000E+00
9.374409E-02	0.000000E+00
9.593209E-02	0.000000E+00
9.817117E-02	0.000000E+00
1.004625E-01	0.000000E+00
1.028073E-01	0.000000E+00
1.052069E-01	0.000000E+00
1.076624E-01	0.000000E+00
1.101753E-01	0.000000E+00
1.127468E-01	0.000000E+00
1.153783E-01	0.000000E+00
1.180713E-01	0.000000E+00
1.208271E-01	0.000000E+00
1.236472E-01	0.000000E+00
1.265332E-01	0.000000E+00
1.294865E-01	0.000000E+00
1.325087E-01	0.000000E+00
1.356015E-01	0.000000E+00
1.387665E-01	0.000000E+00
1.420053E-01	0.000000E+00
1.453198E-01	0.000000E+00
1.487115E-01	0.000000E+00
1.521825E-01	0.000000E+00
1.557345E-01	0.000000E+00
1.593694E-01	0.000000E+00
1.630891E-01	0.000000E+00
1.668956E-01	0.000000E+00
1.707910E-01	0.000000E+00
1.747773E-01	0.000000E+00
1.788566E-01	0.000000E+00
1.830312E-01	0.000000E+00
1.873032E-01	0.000000E+00
1.916748E-01	0.000000E+00
1.961486E-01	0.000000E+00
2.007267E-01	0.000000E+00
2.054117E-01	0.000000E+00
2.102061E-01	0.000000E+00
2.151123E-01	0.000000E+00
2.201331E-01	0.000000E+00
2.252711E-01	0.000000E+00
2.305289E-01	0.000000E+00
2.359095E-01	0.000000E+00
2.414157E-01	0.000000E+00
2.470504E-01	0.000000E+00
2.528166E-01	0.000000E+00
2.587174E-01	0.000000E+00
2.647559E-01	0.000000E+00
2.709354E-01	0.000000E+00
2.772591E-01	0.000000E+00
2.837304E-01	0.000000E+00
2.903527E-01	0.000000E+00
2.971296E-01	0.000000E+00
3.040646E-01	0.000000E+00
3.111616E-01	0.000000E+00
3.184242E-01	0.000000E+00
3.258562E-01	0.000000E+00
3.334618E-01	0.000000E+00
3.412449E-01	0.000000E+00
3.492096E-01	0.000000E+00
3.573602E-01	0.000000E+00
3.657011E-01	0.000000E+00
3.742366E-01	0.000000E+00
3.829714E-01	0.000000E+00
3.919100E-01	0.000000E+00
4.010573E-01	0.000000E+00
4.104181E-01	0.000000E+00
4.199973E-01	0.000000E+00
4.298001E-01	0.000000E+00
4.398317E-01	0.000000E+00
4.500975E-01	0.000000E+00
4.606029E-01	0.000000E+00
4.713535E-01	0.000000E+00
4.823549E-01	0.000000E+00
4.936132E-01	0.000000E+00
5.051342E-01	0.000000E+00
5.169242E-01	0.000000E+00
5.289893E-01	0.000000E+00
5.413360E-01	0.000000E+00
5.539709E-01	0.000000E+00
5.669007E-01	0.000000E+00
5.801323E-01	0.000000E+00
5.936727E-01	0.000000E+00
6.075292E-01	0.000000E+00
6.217090E-01	0.000000E+00
6.362198E-01	0.000000E+00
6.510694E-01	0.000000E+00
6.662655E-01	0.000000E+00
6.818162E-01	0.000000E+00
6.977300E-01	0.000000E+00
7.140151E-01	0.000000E+00
7.306804E-01	0.000000E+00
7.477346E-01	0.000000E+00
7.651869E-01	0.000000E+00
7.830465E-01	0.000000E+00
8.013230E-01	0.000000E+00
8.200261E-01	0.000000E+00
8.391656E-01	0.000000E+00
8.587519E-01	0.000000E+00
8.787954E-01	0.000000E+00
8.993067E-01	0.000000E+00
9.202967E-01	0.000000E+00
9.417766E-01	0.000000E+00
9.637579E-01	0.000000E+00
9.862522E-01	0.000000E+00
1.009272E+00	0.000000E+00
1.032828E+00	0.000000E+00
1.056935E+00	0.000000E+00
1.081604E+00	0.000000E+00
1.106848E+00	0.000000E+00
1.132683E+00	0.000000E+00
1.159120E+00	0.000000E+00
1.186174E+00	0.000000E+00
1.213859E+00	0.000000E+00
1.242191E+00	0.000000E+00
1.271184E+00	0.000000E+00
1.300854E+00	0.000000E+00
1.331216E+00	0.000000E+00
1.362287E+00	0.000000E+00
1.394083E+00	0.000000E+00
1.426621E+00	0.000000E+00
1.459919E+00	0.000000E+00
1.493993E+00	0.000000E+00
1.528864E+00	0.000000E+00
1.564548E+00	0.000000E+00
1.601064E+00	0.000000E+00
1.638434E+00	0.000000E+00
1.676675E+00	0.000000E+00
1.715809E+00	0.000000E+00
1.755856E+00	0.000000E+00
1.796838E+00	0.000000E+00
1.838777E+00	0.000000E+00
1.881694E+00	0.000000E+00
1.925614E+00	0.000000E+00
1.970558E+00	0.000000E+00
2.016551E+00	0.000000E+00
2.063618E+00	0.000000E+00
2.111783E+00	0.000000E+00
2.161073E+00	0.000000E+00
2.211512E+00	0.000000E+00
2.263130E+00	0.000000E+00
2.315951E+00	0.000000E+00
2.370006E+00	0.000000E+00
2.425323E+00	0.000000E+00
2.481930E+00	0.000000E+00
2.539859E+00	0.000000E+00
2.599140E+00	0.000000E+00
2.659804E+00	0.000000E+00
2.721885E+00	0.000000E+00
2.785414E+00	0.000000E+00
2.850426E+00	0.000000E+00
2.916956E+00	0.000000E+00
2.985038E+00	0.000000E+00
3.054710E+00	0.000000E+00
3.126007E+00	0.000000E+00
3.198969E+00	0.000000E+00
3.273634E+00	0.000000E+00
3.350041E+00	0.000000E+00
3.428231E+00	0.000000E+00
3.508247E+00	0.000000E+00
3.590130E+00	0.000000E+00
3.673925E+00	0.000000E+00
3.759675E+00	0.000000E+00
3.847427E+00	0.000000E+00
3.937226E+00	1.265551E-22
4.029122E+00	2.828807E-21
4.123163E+00	5.765197E-21
4.219398E+00	8.795365E-21
4.317880E+00	1.187418E-20
4.418660E+00	1.497557E-20
4.521792E+00	1.808136E-20
4.627332E+00	2.117769E-20
4.735335E+00	2.425333E-20
4.845859E+00	2.729894E-20
4.958962E+00	3.030653E-20
5.074705E+00	3.326921E-20
5.193150E+00	3.618098E-20
5.314359E+00	3.903657E-20
5.438397E+00	4.183138E-20
5.565331E+00	4.456138E-20
5.695227E+00	4.722304E-20
5.828155E+00	4.981331E-20
5.964185E+00	5.232954E-20
6.103390E+00	5.476946E-20
6.245845E+00	5.713119E-20
6.391624E+00	5.941313E-20
6.540806E+00	6.161402E-20
6.693470E+00	6.373284E-20
6.849697E+00	6.576886E-20
7.009570E+00	6.772157E-20
7.173175E+00	6.959069E-20
7.340598E+00	7.137615E-20
7.511929E+00	7.307806E-20
7.687260E+00	7.469671E-20
7.866682E+00	7.623256E-20
8.050292E+00	7.768620E-20
8.238187E+00	7.905838E-20
8.430468E+00	8.034996E-20
8.627237E+00	8.156193E-20
8.828599E+00	8.269537E-20
9.034660E+00	8.375147E-20
9.245531E+00	8.473149E-20
9.461324E+00	8.563679E-20
9.682153E+00	8.646879E-20
9.908137E+00	8.722896E-20
1.013939E+01	8.791884E-20
1.037605E+01	8.854001E-20
1.061823E+01	8.909411E-20
1.086606E+01	8.958279E-20
1.111968E+01	9.000774E-20
1.137921E+01	9.037068E-20
1.164481E+01	9.067335E-20
1.191660E+01	9.091748E-20
1.219473E+01	9.110484E-20
1.247936E+01	9.123719E-20
1.277063E+01	9.131631E-20
1.306870E+01	9.134394E-20
1.337373E+01	9.132186E-20
1.368587E+01	9.125181E-20
1.400531E+01	9.113553E-20
1.433219E+01	9.097475E-20
1.466671E+01	9.077118E-20
1.500903E+01	9.052649E-20
1.535935E+01	9.024237E-20
1.571784E+01	8.992046E-20
1.608469E+01	8.956238E-20
1.646012E+01	8.916973E-20
1.684430E+01	8.874407E-20
1.723745E+01	8.828695E-20
1.763977E+01	8.779987E-20
1.805149E+01	8.728431E-20
1.847281E+01	8.674172E-20
1.890397E+01	8.617351E-20
1.934520E+01	8.558107E-20
1.979672E+01	8.496574E-20
2.025878E+01	8.432885E-20
2.073162E+01	8.367166E-20
2.121550E+01	8.299544E-20
2.171068E+01	8.230138E-20
2.221741E+01	8.159067E-20
2.273597E+01	8.086445E-20
2.326663E+01	8.012383E-20
2.380968E+01	7.936989E-20
2.436540E+01	7.860366E-20
2.493409E+01	7.782616E-20
2.551606E+01	7.703835E-20
2.611161E+01	7.624118E-20
2.672106E+01	7.543556E-20
2.734474E+01	7.462236E-20
2.798297E+01	7.380243E-20
2.863610E+01	7.297658E-20
2.930447E+01	7.214559E-20
2.998844E+01	7.131021E-20
3.068838E+01	7.047118E-20
3.140465E+01	6.962917E-20
3.213764E+01	6.878487E-20
3.288774E+01	6.793889E-20
3.365535E+01	6.709187E-20
3.444087E+01	6.624437E-20
3.524473E+01	6.539695E-20
3.606735E+01	6.455016E-20
3.690917E+01	6.370450E-20
3.777064E+01	6.286045E-20
3.865221E+01	6.201847E-20
3.955436E+01	6.117900E-20
4.047757E+01	6.034246E-20
4.142232E+01	5.950925E-20
4.238913E+01	5.867973E-20
4.337850E+01	5.785426E-20
4.439097E+01	5.703318E-20
4.542706E+01	5.621680E-20
4.648734E+01	5.540542E-20
4.757236E+01	5.459933E-20
4.868271E+01	5.379877E-20
4.981898E+01	5.300401E-20
5.098176E+01	5.221526E-20
5.217169E+01	5.143276E-20
5.338938E+01	5.065669E-20
5.463550E+01	4.988724E-20
5.591071E+01	4.912459E-20
5.721568E+01	4.836890E-20
5.855110E+01	4.762032E-20
5.991770E+01	4.687897E-20
6.131619E+01	4.614499E-20
6.274732E+01	4.541848E-20
6.421186E+01	4.469955E-20
6.571058E+01	4.398828E-20
6.724427E+01	4.328477E-20
6.881377E+01	4.258907E-20
7.041990E+01	4.190127E-20
7.206351E+01	4.122140E-20
7.374549E+01	4.054951E-20
7.546673E+01	3.988565E-20
7.722814E+01	3.922985E-20
7.903066E+01	3.858212E-20
8.087525E+01	3.794248E-20
8.276289E+01	3.731096E-20
8.469460E+01	3.668754E-20
8.667139E+01	3.607223E-20
8.869432E+01	3.546502E-20
9.076446E+01	3.486590E-20
9.288292E+01	3.427485E-20
9.505083E+01	3.369185E-20
9.726934E+01	3.311688E-20
9.953962E+01	3.254990E-20
1.018629E+02	3.199087E-20
1.042404E+02	3.143977E-20
1.066734E+02	3.089654E-20
1.091632E+02	3.036115E-20
1.117111E+02	2.983354E-20
1.143184E+02	2.931366E-20
1.169866E+02	2.880147E-20
1.197171E+02	2.829690E-20
1.225114E+02	2.779989E-20
1.253708E+02	2.731038E-20
1.282970E+02	2.682832E-20
1.312915E+02	2.635363E-20
1.343558E+02	2.588626E-20
1.374917E+02	2.542612E-20
1.407008E+02	2.497316E-20
1.439848E+02	2.452729E-20
1.473454E+02	2.408846E-20
1.507845E+02	2.365658E-20
1.543038E+02	2.323159E-20
1.579053E+02	2.281340E-20
1.615909E+02	2.240194E-20
1.653624E+02	2.199713E-20
1.692220E+02	2.159891E-20
1.731717E+02	2.120718E-20
1.772136E+02	2.082188E-20
1.813498E+02	2.044292E-20
1.855825E+02	2.007022E-20
1.899141E+02	1.970371E-20
1.943467E+02	1.934331E-20
1.988828E+02	1.898894E-20
2.035248E+02	1.864052E-20
2.082751E+02	1.829797E-20
2.131362E+02	1.796121E-20
2.181109E+02	1.763017E-20
2.232016E+02	1.730476E-20
2.284112E+02	1.698491E-20
2.337424E+02	1.667054E-20
2.391980E+02	1.636158E-20
2.447809E+02	1.605793E-20
2.504942E+02	1.575954E-20
2.563407E+02	1.546632E-20
2.623238E+02	1.517820E-20
2.684465E+02	1.489511E-20
2.747121E+02	1.461695E-20
2.811239E+02	1.434368E-20
2.876854E+02	1.407520E-20
2.944000E+02	1.381145E-20
3.012714E+02	1.355236E-20
3.083031E+02	1.329785E-20
3.154990E+02	1.304785E-20
3.228628E+02	1.280229E-20
3.303985E+02	1.256111E-20
3.381101E+02	1.232423E-20
3.460016E+02	1.209159E-20
3.540774E+02	1.186312E-20
3.623416E+02	1.163874E-20
3.707988E+02	1.141841E-20
3.794533E+02	1.120204E-20
3.883098E+02	1.098958E-20
3.973730E+02	1.078097E-20
4.066478E+02	1.057613E-20
4.161391E+02	1.037501E-20
4.258518E+02	1.017755E-20
4.357913E+02	9.983682E-21
4.459628E+02	9.793351E-21
4.563716E+02	9.606496E-21
4.670234E+02	9.423060E-21
4.779239E+02	9.242985E-21
4.890787E+02	9.066214E-21
5.004939E+02	8.892691E-21
5.121755E+02	8.722362E-21
5.241298E+02	8.555170E-21
5.363631E+02	8.391064E-21
5.488820E+02	8.229990E-21
5.616930E+02	8.071895E-21
5.748030E+02	7.916729E-21
5.882190E+02	7.764441E-21
6.019482E+02	7.614980E-21
6.159978E+02	7.468299E-21
6.303753E+02	7.324347E-21
6.450884E+02	7.183078E-21
6.601449E+02	7.044444E-21
6.755528E+02	6.908399E-21
6.913204E+02	6.774898E-21
7.074559E+02	6.643895E-21
7.239681E+02	6.515347E-21
7.408657E+02	6.389210E-21
7.581576E+02	6.265441E-21
7.758532E+02	6.143998E-21
7.939618E+02	6.024840E-21
8.124930E+02	5.907925E-21
8.314568E+02	5.793213E-21
8.508632E+02	5.680666E-21
8.707225E+02	5.570244E-21
8.910453E+02	5.461909E-21
9.118425E+02	5.355622E-21
9.331251E+02	5.251348E-21
9.549045E+02	5.149050E-21
9.771921E+02	5.048692E-21
1.000000E+03	4.950239E-21
------------------------------

IONIZATION
Ar(2p10) -> Ar(+)
2.853000E+00
SPECIES: e / Ar(2p10)
PROCESS: E + Ar(2p10) -> E + E + Ar(+), Ionization
PARAM.: E = 2.9 eV
COMMENT: Semi-empirical formula for step-wise ionization from Deutsch et al, 2003.
COLUMNS: Energy (eV) | Cross section (m2)
------------------------------
1.000000E-02	0.000000E+00
1.023340E-02	0.000000E+00
1.047225E-02	0.000000E+00
1.071668E-02	0.000000E+00
1.096681E-02	0.000000E+00
1.122277E-02	0.000000E+00
1.148472E-02	0.000000E+00
1.175277E-02	0.000000E+00
1.202708E-02	0.000000E+00
1.230780E-02	0.000000E+00
1.259506E-02	0.000000E+00
1.288904E-02	0.000000E+00
1.318987E-02	0.000000E+00
1.349772E-02	0.000000E+00
1.381276E-02	0.000000E+00
1.413516E-02	0.000000E+00
1.446507E-02	0.000000E+00
1.480269E-02	0.000000E+00
1.514819E-02	0.000000E+00
1.550175E-02	0.000000E+00
1.586357E-02	0.000000E+00
1.623382E-02	0.000000E+00
1.661273E-02	0.000000E+00
1.700047E-02	0.000000E+00
1.739726E-02	0.000000E+00
1.780332E-02	0.000000E+00
1.821885E-02	0.000000E+00
1.864409E-02	0.000000E+00
1.907924E-02	0.000000E+00
1.952456E-02	0.000000E+00
1.998026E-02	0.000000E+00
2.044661E-02	0.000000E+00
2.092383E-02	0.000000E+00
2.141220E-02	0.000000E+00
2.191197E-02	0.000000E+00
2.242340E-02	0.000000E+00
2.294676E-02	0.000000E+00
2.348235E-02	0.000000E+00
2.403043E-02	0.000000E+00
2.459130E-02	0.000000E+00
2.516527E-02	0.000000E+00
2.575263E-02	0.000000E+00
2.635371E-02	0.000000E+00
2.696881E-02	0.000000E+00
2.759826E-02	0.000000E+00
2.824241E-02	0.000000E+00
2.890160E-02	0.000000E+00
2.957617E-02	0.000000E+00
3.026648E-02	0.000000E+00
3.097291E-02	0.000000E+00
3.169582E-02	0.000000E+00
3.243561E-02	0.000000E+00
3.319266E-02	0.000000E+00
3.396739E-02	0.000000E+00
3.476019E-02	0.000000E+00
3.557150E-02	0.000000E+00
3.640175E-02	0.000000E+00
3.725137E-02	0.000000E+00
3.812083E-02	0.000000E+00
3.901058E-02	0.000000E+00
3.992109E-02	0.000000E+00
4.085286E-02	0.000000E+00
4.180637E-02	0.000000E+00
4.278214E-02	0.000000E+00
4.378069E-02	0.000000E+00
4.480254E-02	0.000000E+00
4.584824E-02	0.000000E+00
4.691835E-02	0.000000E+00
4.801343E-02	0.000000E+00
4.913407E-02	0.000000E+00
5.028087E-02	0.000000E+00
5.145444E-02	0.000000E+00
5.265540E-02	0.000000E+00
5.388438E-02	0.000000E+00
5.514206E-02	0.000000E+00
5.642908E-02	0.000000E+00
5.774615E-02	0.000000E+00
5.909396E-02	0.000000E+00
6.047322E-02	0.000000E+00
6.188468E-02	0.000000E+00
6.332908E-02	0.000000E+00
6.480720E-02	0.000000E+00
6.631981E-02	0.000000E+00
6.786773E-02	0.000000E+00
6.945178E-02	0.000000E+00
7.107280E-02	0.000000E+00
7.273165E-02	0.000000E+00
7.442922E-02	0.000000E+00
7.616642E-02	0.000000E+00
7.794416E-02	0.000000E+00
7.976339E-02	0.000000E+00
8.162509E-02	0.000000E+00
8.353023E-02	0.000000E+00
8.547985E-02	0.000000E+00
8.747496E-02	0.000000E+00
8.951665E-02	0.000000E+00
9.160598E-02	0.000000E+00
9.374409E-02	0.000000E+00
9.593209E-02	0.000000E+00
9.817117E-02	0.000000E+00
1.004625E-01	0.000000E+00
1.028073E-01	0.000000E+00
1.052069E-01	0.000000E+00
1.076624E-01	0.000000E+00
1.101753E-01	0.000000E+00
1.127468E-01	0.000000E+00
1.153783E-01	0.000000E+00
1.180713E-01	0.000000E+00
1.208271E-01	0.000000E+00
1.236472E-01	0.000000E+00
1.265332E-01	0.000000E+00
1.294865E-01	0.000000E+00
1.325087E-01	0.000000E+00
1.356015E-01	0.000000E+00
1.387665E-01	0.000000E+00
1.420053E-01	0.000000E+00
1.453198E-01	0.000000E+00
1.487115E-01	0.000000E+00
1.521825E-01	0.000000E+00
1.557345E-01	0.000000E+00
1.593694E-01	0.000000E+00
1.630891E-01	0.000000E+00
1.668956E-01	0.000000E+00
1.707910E-01	0.000000E+00
1.747773E-01	0.000000E+00
1.788566E-01	0.000000E+00
1.830312E-01	0.000000E+00
1.873032E-01	0.000000E+00
1.916748E-01	0.000000E+00
1.961486E-01	0.000000E+00
2.007267E-01	0.000000E+00
2.054117E-01	0.000000E+00
2.102061E-01	0.000000E+00
2.151123E-01	0.000000E+00
2.201331E-01	0.000000E+00
2.252711E-01	0.000000E+00
2.305289E-01	0.000000E+00
2.359095E-01	0.000000E+00
2.414157E-01	0.000000E+00
2.470504E-01	0.000000E+00
2.528166E-01	0.000000E+00
2.587174E-01	0.000000E+00
2.647559E-01	0.000000E+00
2.709354E-01	0.000000E+00
2.772591E-01	0.000000E+00
2.837304E-01	0.000000E+00
2.903527E-01	0.000000E+00
2.971296E-01	0.000000E+00
3.040646E-01	0.000000E+00
3.111616E-01	0.000000E+00
3.184242E-01	0.000000E+00
3.258562E-01	0.000000E+00
3.334618E-01	0.000000E+00
3.412449E-01	0.000000E+00
3.492096E-01	0.000000E+00
3.573602E-01	0.000000E+00
3.657011E-01	0.000000E+00
3.742366E-01	0.000000E+00
3.829714E-01	0.000000E+00
3.919100E-01	0.000000E+00
4.010573E-01	0.000000E+00
4.104181E-01	0.000000E+00
4.199973E-01	0.000000E+00
4.298001E-01	0.000000E+00
4.398317E-01	0.000000E+00
4.500975E-01	0.000000E+00
4.606029E-01	0.000000E+00
4.713535E-01	0.000000E+00
4.823549E-01	0.000000E+00
4.936132E-01	0.000000E+00
5.051342E-01	0.000000E+00
5.169242E-01	0.000000E+00
5.289893E-01	0.000000E+00
5.413360E-01	0.000000E+00
5.539709E-01	0.000000E+00
5.669007E-01	0.000000E+00
5.801323E-01	0.000000E+00
5.936727E-01	0.000000E+00
6.075292E-01	0.000000E+00
6.217090E-01	0.000000E+00
6.362198E-01	0.000000E+00
6.510694E-01	0.000000E+00
6.662655E-01	0.000000E+00
6.818162E-01	0.000000E+00
6.977300E-01	0.000000E+00
7.140151E-01	0.000000E+00
7.306804E-01	0.000000E+00
7.477346E-01	0.000000E+00
7.651869E-01	0.000000E+00
7.830465E-01	0.000000E+00
8.013230E-01	0.000000E+00
8.200261E-01	0.000000E+00
8.391656E-01	0.000000E+00
8.587519E-01	0.000000E+00
8.787954E-01	0.000000E+00
8.993067E-01	0.000000E+00
9.202967E-01	0.000000E+00
9.417766E-01	0.000000E+00
9.637579E-01	0.000000E+00
9.862522E-01	0.000000E+00
1.009272E+00	0.000000E+00
1.032828E+00	0.000000E+00
1.056935E+00	0.000000E+00
1.081604E+00	0.000000E+00
1.106848E+00	0.000000E+00
1.132683E+00	0.000000E+00
1.159120E+00	0.000000E+00
1.186174E+00	0.000000E+00
1.213859E+00	0.000000E+00
1.242191E+00	0.000000E+00
1.271184E+00	0.000000E+00
1.300854E+00	0.000000E+00
1.331216E+00	0.000000E+00
1.362287E+00	0.000000E+00
1.394083E+00	0.000000E+00
1.426621E+00	0.000000E+00
1.459919E+00	0.000000E+00
1.493993E+00	0.000000E+00
1.528864E+00	0.000000E+00
1.564548E+00	0.000000E+00
1.601064E+00	0.000000E+00
1.638434E+00	0.000000E+00
1.676675E+00	0.000000E+00
1.715809E+00	0.000000E+00
1.755856E+00	0.000000E+00
1.796838E+00	0.000000E+00
1.838777E+00	0.000000E+00
1.881694E+00	0.000000E+00
1.925614E+00	0.000000E+00
1.970558E+00	0.000000E+00
2.016551E+00	0.000000E+00
2.063618E+00	0.000000E+00
2.111783E+00	0.000000E+00
2.161073E+00	0.000000E+00
2.211512E+00	0.000000E+00
2.263130E+00	0.000000E+00
2.315951E+00	0.000000E+00
2.370006E+00	0.000000E+00
2.425323E+00	0.000000E+00
2.481930E+00	0.000000E+00
2.539859E+00	0.000000E+00
2.599140E+00	0.000000E+00
2.659804E+00	0.000000E+00
2.721885E+00	0.000000E+00
2.785414E+00	0.000000E+00
2.850426E+00	0.000000E+00
2.916956E+00	7.279301E-22
2.985038E+00	3.006944E-21
3.054710E+00	6.786251E-21
3.126007E+00	1.200632E-20
3.198969E+00	1.860365E-20
3.273634E+00	2.651211E-20
3.350041E+00	3.566371E-20
3.428231E+00	4.598912E-20
3.508247E+00	5.741813E-20
3.590130E+00	6.988001E-20
3.673925E+00	8.330385E-20
3.759675E+00	9.761881E-20
3.847427E+00	1.127544E-19
3.937226E+00	1.286407E-19
4.029122E+00	1.452085E-19
4.123163E+00	1.623898E-19
4.219398E+00	1.801176E-19
4.317880E+00	1.983262E-19
4.418660E+00	2.169513E-19
4.521792E+00	2.359305E-19
4.627332E+00	2.552027E-19
4.735335E+00	2.747090E-19
4.845859E+00	2.943922E-19
4.958962E+00	3.141970E-19
5.074705E+00	3.340705E-19
5.193150E+00	3.539614E-19
5.314359E+00	3.738210E-19
5.438397E+00	3.936027E-19
5.565331E+00	4.132618E-19
5.695227E+00	4.327562E-19
5.828155E+00	4.520460E-19
5.964185E+00	4.710933E-19
6.103390E+00	4.898626E-19
6.245845E+00	5.083207E-19
6.391624E+00	5.264365E-19
6.540806E+00	5.441811E-19
6.693470E+00	5.615276E-19
6.849697E+00	5.784515E-19
7.009570E+00	5.949302E-19
7.173175E+00	6.109430E-19
7.340598E+00	6.264715E-19
7.511929E+00	6.414990E-19
7.687260E+00	6.560106E-19
7.866682E+00	6.699933E-19
8.050292E+00	6.834360E-19
8.238187E+00	6.963291E-19
8.430468E+00	7.086647E-19
8.627237E+00	7.204363E-19
8.828599E+00	7.316392E-19
9.034660E+00	7.422698E-19
9.245531E+00	7.523262E-19
9.461324E+00	7.618075E-19
9.682153E+00	7.707141E-19
9.908137E+00	7.790477E-19
1.013939E+01	7.868110E-19
1.037605E+01	7.940077E-19
1.061823E+01	8.006426E-19
1.086606E+01	8.067211E-19
1.111968E+01	8.122499E-19
1.137921E+01	8.172360E-19
1.164481E+01	8.216875E-19
1.191660E+01	8.256131E-19
1.219473E+01	8.290218E-19
1.247936E+01	8.319236E-19
1.277063E+01	8.343288E-19
1.306870E+01	8.362480E-19
1.337373E+01	8.376924E-19
1.368587E+01	8.386736E-19
1.400531E+01	8.392034E-19
1.433219E+01	8.392939E-19
1.466671E+01	8.389573E-19
1.500903E+01	8.382062E-19
1.535935E+01	8.370533E-19
1.571784E+01	8.355114E-19
1.608469E+01	8.335932E-19
1.646012E+01	8.313118E-19
1.684430E+01	8.286801E-19
1.723745E+01	8.257109E-19
1.763977E+01	8.224172E-19
1.805149E+01	8.188118E-19
1.847281E+01	8.149075E-19
1.890397E+01	8.107170E-19
1.934520E+01	8.062527E-19
1.979672E+01	8.015270E-19
2.025878E+01	7.965523E-19
2.073162E+01	7.913405E-19
2.121550E+01	7.859036E-19
2.171068E+01	7.802532E-19
2.221741E+01	7.744008E-19
2.273597E+01	7.683577E-19
2.326663E+01	7.621349E-19
2.380968E+01	7.557431E-19
2.436540E+01	7.491930E-19
2.493409E+01	7.424947E-19
2.551606E+01	7.356585E-19
2.611161E+01	7.286940E-19
2.672106E+01	7.216107E-19
2.734474E+01	7.144180E-19
2.798297E+01	7.071248E-19
2.863610E+01	6.997399E-19
2.930447E+01	6.922716E-19
2.998844E+01	6.847283E-19
3.068838E+01	6.771178E-19
3.140465E+01	6.694478E-19
3.213764E+01	6.617257E-19
3.288774E+01	6.539587E-19
3.365535E+01	6.461535E-19
3.444087E+01	6.383169E-19
3.524473E+01	6.304552E-19
3.606735E+01	6.225746E-19
3.690917E+01	6.146809E-19
3.777064E+01	6.067797E-19
3.865221E+01	5.988765E-19
3.955436E+01	5.909765E-19
4.047757E+01	5.830845E-19
4.142232E+01	5.752053E-19
4.238913E+01	5.673435E-19
4.337850E+01	5.595033E-19
4.439097E+01	5.516888E-19
4.542706E+01	5.439038E-19
4.648734E+01	5.361522E-19
4.757236E+01	5.284373E-19
4.868271E+01	5.207625E-19
4.981898E+01	5.131309E-19
5.098176E+01	5.055455E-19
5.217169E+01	4.980090E-19
5.338938E+01	4.905241E-19
5.463550E+01	4.830933E-19
5.591071E+01	4.757188E-19
5.721568E+01	4.684029E-19
5.855110E+01	4.611474E-19
5.991770E+01	4.539543E-19
6.131619E+01	4.468254E-19
6.274732E+01	4.397622E-19
6.421186E+01	4.327663E-19
6.571058E+01	4.258389E-19
6.724427E+01	4.189814E-19
6.881377E+01	4.121949E-19
7.041990E+01	4.054804E-19
7.206351E+01	3.988389E-19
7.374549E+01	3.922711E-19
7.546673E+01	3.857779E-19
7.722814E+01	3.793598E-19
7.903066E+01	3.730174E-19
8.087525E+01	3.667513E-19
8.276289E+01	3.605618E-19
8.469460E+01	3.544492E-19
8.667139E+01	3.484138E-19
8.869432E+01	3.424557E-19
9.076446E+01	3.365752E-19
9.288292E+01	3.307722E-19
9.505083E+01	3.250468E-19
9.726934E+01	3.193988E-19
9.953962E+01	3.138283E-19
1.018629E+02	3.083350E-19
1.042404E+02	3.029187E-19
1.066734E+02	2.975792E-19
1.091632E+02	2.923161E-19
1.117111E+02	2.871293E-19
1.143184E+02	2.820181E-19
1.169866E+02	2.769824E-19
1.197171E+02	2.720216E-19
1.225114E+02	2.671352E-19
1.253708E+02	2.623228E-19
1.282970E+02	2.575838E-19
1.312915E+02	2.529177E-19
1.343558E+02	2.483238E-19
1.374917E+02	2.438017E-19
1.407008E+02	2.393507E-19
1.439848E+02	2.349700E-19
1.473454E+02	2.306592E-19
1.507845E+02	2.264175E-19
1.543038E+02	2.222442E-19
1.579053E+02	2.181387E-19
1.615909E+02	2.141001E-19
1.653624E+02	2.101279E-19
1.692220E+02	2.062212E-19
1.731717E+02	2.023793E-19
1.772136E+02	1.986015E-19
1.813498E+02	1.948870E-19
1.855825E+02	1.912351E-19
1.899141E+02	1.876450E-19
1.943467E+02	1.841159E-19
1.988828E+02	1.806470E-19
2.035248E+02	1.772376E-19
2.082751E+02	1.738869E-19
2.131362E+02	1.705942E-19
2.181109E+02	1.673586E-19
2.232016E+02	1.641793E-19
2.284112E+02	1.610557E-19
2.337424E+02	1.579868E-19
2.391980E+02	1.549720E-19
2.447809E+02	1.520105E-19
2.504942E+02	1.491015E-19
2.563407E+02	1.462443E-19
2.623238E+02	1.434380E-19
2.684465E+02	1.406819E-19
2.747121E+02	1.379753E-19
2.811239E+02	1.353175E-19
2.876854E+02	1.327076E-19
2.944000E+02	1.301450E-19
3.012714E+02	1.276288E-19
3.083031E+02	1.251585E-19
3.154990E+02	1.227333E-19
3.228628E+02	1.203524E-19
3.303985E+02	1.180151E-19
3.381101E+02	1.157209E-19
3.460016E+02	1.134688E-19
3.540774E+02	1.112584E-19
3.623416E+02	1.090888E-19
3.707988E+02	1.069595E-19
3.794533E+02	1.048697E-19
3.883098E+02	1.028189E-19
3.973730E+02	1.008062E-19
4.066478E+02	9.883124E-20
4.161391E+02	9.689322E-20
4.258518E+02	9.499155E-20
4.357913E+02	9.312562E-20
4.459628E+02	9.129481E-20
4.563716E+02	8.949853E-20
4.670234E+02	8.773618E-20
4.779239E+02	8.600716E-20
4.890787E+02	8.431091E-20
5.004939E+02	8.264685E-20
5.121755E+02	8.101442E-20
5.241298E+02	7.941306E-20
5.363631E+02	7.784223E-20
5.488820E+02	7.630138E-20
5.616930E+02	7.478999E-20
5.748030E+02	7.330752E-20
5.882190E+02	7.185347E-20
6.019482E+02	7.042733E-20
6.159978E+02	6.902859E-20
6.303753E+02	6.765676E-20
6.450884E+02	6.631136E-20
6.601449E+02	6.499190E-20
6.755528E+02	6.369792E-20
6.913204E+02	6.242895E-20
7.074559E+02	6.118454E-20
7.239681E+02	5.996423E-20
7.408657E+02	5.876759E-20
7.581576E+02	5.759417E-20
7.758532E+02	5.644356E-20
7.939618E+02	5.531533E-20
8.124930E+02	5.420907E-20
8.314568E+02	5.312437E-20
8.508632E+02	5.206083E-20
8.707225E+02	5.101805E-20
8.910453E+02	4.999566E-20
9.118425E+02	4.899326E-20
9.331251E+02	4.801048E-20
9.549045E+02	4.704696E-20
9.771921E+02	4.610234E-20
1.000000E+03	4.517626E-20
------------------------------

IONIZATION
Ar(2p9) -> Ar(+)
2.685000E+00
SPECIES: e / Ar(2p9)
PROCESS: E + Ar(2p9) -> E + E + Ar(+), Ionization
PARAM.: E = 2.7 eV
COMMENT: Semi-empirical formula for step-wise ionization from Deutsch et al, 2003.
COLUMNS: Energy (eV) | Cross section (m2)
------------------------------
1.000000E-02	0.000000E+00
1.023340E-02	0.000000E+00
1.047225E-02	0.000000E+00
1.071668E-02	0.000000E+00
1.096681E-02	0.000000E+00
1.122277E-02	0.000000E+00
1.148472E-02	0.000000E+00
1.175277E-02	0.000000E+00
1.202708E-02	0.000000E+00
1.230780E-02	0.000000E+00
1.259506E-02	0.000000E+00
1.288904E-02	0.000000E+00
1.318987E-02	0.000000E+00
1.349772E-02	0.000000E+00
1.381276E-02	0.000000E+00
1.413516E-02	0.000000E+00
1.446507E-02	0.000000E+00
1.480269E-02	0.000000E+00
1.514819E-02	0.000000E+00
1.550175E-02	0.000000E+00
1.586357E-02	0.000000E+00
1.623382E-02	0.000000E+00
1.661273E-02	0.000000E+00
1.700047E-02	0.000000E+00
1.739726E-02	0.000000E+00
1.780332E-02	0.000000E+00
1.821885E-02	0.000000E+00
1.864409E-02	0.000000E+00
1.907924E-02	0.000000E+00
1.952456E-02	0.000000E+00
1.998026E-02	0.000000E+00
2.044661E-02	0.000000E+00
2.092383E-02	0.000000E+00
2.141220E-02	0.000000E+00
2.191197E-02	0.000000E+00
2.242340E-02	0.000000E+00
2.294676E-02	0.000000E+00
2.348235E-02	0.000000E+00
2.403043E-02	0.000000E+00
2.459130E-02	0.000000E+00
2.516527E-02	0.000000E+00
2.575263E-02	0.000000E+00
2.635371E-02	0.000000E+00
2.696881E-02	0.000000E+00
2.759826E-02	0.000000E+00
2.824241E-02	0.000000E+00
2.890160E-02	0.000000E+00
2.957617E-02	0.000000E+00
3.026648E-02	0.000000E+00
3.097291E-02	0.000000E+00
3.169582E-02	0.000000E+00
3.243561E-02	0.000000E+00
3.319266E-02	0.000000E+00
3.396739E-02	0.000000E+00
3.476019E-02	0.000000E+00
3.557150E-02	0.000000E+00
3.640175E-02	0.000000E+00
3.725137E-02	0.000000E+00
3.812083E-02	0.000000E+00
3.901058E-02	0.000000E+00
3.992109E-02	0.000000E+00
4.085286E-02	0.000000E+00
4.180637E-02	0.000000E+00
4.278214E-02	0.000000E+00
4.378069E-02	0.000000E+00
4.480254E-02	0.000000E+00
4.584824E-02	0.000000E+00
4.691835E-02	0.000000E+00
4.801343E-02	0.000000E+00
4.913407E-02	0.000000E+00
5.028087E-02	0.000000E+00
5.145444E-02	0.000000E+00
5.265540E-02	0.000000E+00
5.388438E-02	0.000000E+00
5.514206E-02	0.000000E+00
5.642908E-02	0.000000E+00
5.774615E-02	0.000000E+00
5.909396E-02	0.000000E+00
6.047322E-02	0.000000E+00
6.188468E-02	0.000000E+00
6.332908E-02	0.000000E+00
6.480720E-02	0.000000E+00
6.631981E-02	0.000000E+00
6.786773E-02	0.000000E+00
6.945178E-02	0.000000E+00
7.107280E-02	0.000000E+00
7.273165E-02	0.000000E+00
7.442922E-02	0.000000E+00
7.616642E-02	0.000000E+00
7.794416E-02	0.000000E+00
7.976339E-02	0.000000E+00
8.162509E-02	0.000000E+00
8.353023E-02	0.000000E+00
8.547985E-02	0.000000E+00
8.747496E-02	0.000000E+00
8.951665E-02	0.000000E+00
9.160598E-02	0.000000E+00
9.374409E-02	0.000000E+00
9.593209E-02	0.000000E+00
9.817117E-02	0.000000E+00
1.004625E-01	0.000000E+00
1.028073E-01	0.000000E+00
1.052069E-01	0.000000E+00
1.076624E-01	0.000000E+00
1.101753E-01	0.000000E+00
1.127468E-01	0.000000E+00
1.153783E-01	0.000000E+00
1.180713E-01	0.000000E+00
1.208271E-01	0.000000E+00
1.236472E-01	0.000000E+00
1.265332E-01	0.000000E+00
1.294865E-01	0.000000E+00
1.325087E-01	0.000000E+00
1.356015E-01	0.000000E+00
1.387665E-01	0.000000E+00
1.420053E-01	0.000000E+00
1.453198E-01	0.000000E+00
1.487115E-01	0.000000E+00
1.521825E-01	0.000000E+00
1.557345E-01	0.000000E+00
1.593694E-01	0.000000E+00
1.630891E-01	0.000000E+00
1.668956E-01	0.000000E+00
1.707910E-01	0.000000E+00
1.747773E-01	0.000000E+00
1.788566E-01	0.000000E+00
1.830312E-01	0.000000E+00
1.873032E-01	0.000000E+00
1.916748E-01	0.000000E+00
1.961486E-01	0.000000E+00
2.007267E-01	0.000000E+00
2.054117E-01	0.000000E+00
2.102061E-01	0.000000E+00
2.151123E-01	0.000000E+00
2.201331E-01	0.000000E+00
2.252711E-01	0.000000E+00
2.305289E-01	0.000000E+00
2.359095E-01	0.000000E+00
2.414157E-01	0.000000E+00
2.470504E-01	0.000000E+00
2.528166E-01	0.000000E+00
2.587174E-01	0.000000E+00
2.647559E-01	0.000000E+00
2.709354E-01	0.000000E+00
2.772591E-01	0.000000E+00
2.837304E-01	0.000000E+00
2.903527E-01	0.000000E+00
2.971296E-01	0.000000E+00
3.040646E-01	0.000000E+00
3.111616E-01	0.000000E+00
3.184242E-01	0.000000E+00
3.258562E-01	0.000000E+00
3.334618E-01	0.000000E+00
3.412449E-01	0.000000E+00
3.492096E-01	0.000000E+00
3.573602E-01	0.000000E+00
3.657011E-01	0.000000E+00
3.742366E-01	0.000000E+00
3.829714E-01	0.000000E+00
3.919100E-01	0.000000E+00
4.010573E-01	0.000000E+00
4.104181E-01	0.000000E+00
4.199973E-01	0.000000E+00
4.298001E-01	0.000000E+00
4.398317E-01	0.000000E+00
4.500975E-01	0.000000E+00
4.606029E-01	0.000000E+00
4.713535E-01	0.000000E+00
4.823549E-01	0.000000E+00
4.936132E-01	0.000000E+00
5.051342E-01	0.000000E+00
5.169242E-01	0.000000E+00
5.289893E-01	0.000000E+00
5.413360E-01	0.000000E+00
5.539709E-01	0.000000E+00
5.669007E-01	0.000000E+00
5.801323E-01	0.000000E+00
5.936727E-01	0.000000E+00
6.075292E-01	0.000000E+00
6.217090E-01	0.000000E+00
6.362198E-01	0.000000E+00
6.510694E-01	0.000000E+00
6.662655E-01	0.000000E+00
6.818162E-01	0.000000E+00
6.977300E-01	0.000000E+00
7.140151E-01	0.000000E+00
7.306804E-01	0.000000E+00
7.477346E-01	0.000000E+00
7.651869E-01	0.000000E+00
7.830465E-01	0.000000E+00
8.013230E-01	0.000000E+00
8.200261E-01	0.000000E+00
8.391656E-01	0.000000E+00
8.587519E-01	0.000000E+00
8.787954E-01	0.000000E+00
8.993067E-01	0.000000E+00
9.202967E-01	0.000000E+00
9.417766E-01	0.000000E+00
9.637579E-01	0.000000E+00
9.862522E-01	0.000000E+00
1.009272E+00	0.000000E+00
1.032828E+00	0.000000E+00
1.056935E+00	0.000000E+00
1.081604E+00	0.000000E+00
1.106848E+00	0.000000E+00
1.132683E+00	0.000000E+00
1.159120E+00	0.000000E+00
1.186174E+00	0.000000E+00
1.213859E+00	0.000000E+00
1.242191E+00	0.000000E+00
1.271184E+00	0.000000E+00
1.300854E+00	0.000000E+00
1.331216E+00	0.000000E+00
1.362287E+00	0.000000E+00
1.394083E+00	0.000000E+00
1.426621E+00	0.000000E+00
1.459919E+00	0.000000E+00
1.493993E+00	0.000000E+00
1.528864E+00	0.000000E+00
1.564548E+00	0.000000E+00
1.601064E+00	0.000000E+00
1.638434E+00	0.000000E+00
1.676675E+00	0.000000E+00
1.715809E+00	0.000000E+00
1.755856E+00	0.000000E+00
1.796838E+00	0.000000E+00
1.838777E+00	0.000000E+00
1.881694E+00	0.000000E+00
1.925614E+00	0.000000E+00
1.970558E+00	0.000000E+00
2.016551E+00	0.000000E+00
2.063618E+00	0.000000E+00
2.111783E+00	0.000000E+00
2.161073E+00	0.000000E+00
2.211512E+00	0.000000E+00
2.263130E+00	0.000000E+00
2.315951E+00	0.000000E+00
2.370006E+00	0.000000E+00
2.425323E+00	0.000000E+00
2.481930E+00	0.000000E+00
2.539859E+00	0.000000E+00
2.599140E+00	0.000000E+00
2.659804E+00	0.000000E+00
2.721885E+00	2.935208E-22
2.785414E+00	2.111363E-21
2.850426E+00	5.545134E-21
2.916956E+00	1.053379E-20
2.985038E+00	1.701119E-20
3.054710E+00	2.490801E-20
3.126007E+00	3.415263E-20
3.198969E+00	4.467185E-20
3.273634E+00	5.639138E-20
3.350041E+00	6.923623E-20
3.428231E+00	8.313107E-20
3.508247E+00	9.800057E-20
3.590130E+00	1.137697E-19
3.673925E+00	1.303638E-19
3.759675E+00	1.477092E-19
3.847427E+00	1.657330E-19
3.937226E+00	1.843636E-19
4.029122E+00	2.035308E-19
4.123163E+00	2.231655E-19
4.219398E+00	2.432009E-19
4.317880E+00	2.635713E-19
4.418660E+00	2.842134E-19
4.521792E+00	3.050656E-19
4.627332E+00	3.260686E-19
4.735335E+00	3.471650E-19
4.845859E+00	3.682998E-19
4.958962E+00	3.894203E-19
5.074705E+00	4.104759E-19
5.193150E+00	4.314185E-19
5.314359E+00	4.522025E-19
5.438397E+00	4.727843E-19
5.565331E+00	4.931231E-19
5.695227E+00	5.131803E-19
5.828155E+00	5.329195E-19
5.964185E+00	5.523069E-19
6.103390E+00	5.713109E-19
6.245845E+00	5.899022E-19
6.391624E+00	6.080539E-19
6.540806E+00	6.257411E-19
6.693470E+00	6.429412E-19
6.849697E+00	6.596337E-19
7.009570E+00	6.758001E-19
7.173175E+00	6.914239E-19
7.340598E+00	7.064907E-19
7.511929E+00	7.209878E-19
7.687260E+00	7.349045E-19
7.866682E+00	7.482317E-19
8.050292E+00	7.609620E-19
8.238187E+00	7.730896E-19
8.430468E+00	7.846105E-19
8.627237E+00	7.955217E-19
8.828599E+00	8.058220E-19
9.034660E+00	8.155115E-19
9.245531E+00	8.245912E-19
9.461324E+00	8.330638E-19
9.682153E+00	8.409328E-19
9.908137E+00	8.482027E-19
1.013939E+01	8.548793E-19
1.037605E+01	8.609690E-19
1.061823E+01	8.664792E-19
1.086606E+01	8.714181E-19
1.111968E+01	8.757947E-19
1.137921E+01	8.796185E-19
1.164481E+01	8.828997E-19
1.191660E+01	8.856490E-19
1.219473E+01	8.878777E-19
1.247936E+01	8.895976E-19
1.277063E+01	8.908206E-19
1.306870E+01	8.915593E-19
1.337373E+01	8.918264E-19
1.368587E+01	8.916349E-19
1.400531E+01	8.909980E-19
1.433219E+01	8.899292E-19
1.466671E+01	8.884419E-19
1.500903E+01	8.865499E-19
1.535935E+01	8.842667E-19
1.571784E+01	8.816063E-19
1.608469E+01	8.785822E-19
1.646012E+01	8.752083E-19
1.684430E+01	8.714981E-19
1.723745E+01	8.674653E-19
1.763977E+01	8.631234E-19
1.805149E+01	8.584857E-19
1.847281E+01	8.535655E-19
1.890397E+01	8.483758E-19
1.934520E+01	8.429295E-19
1.979672E+01	8.372393E-19
2.025878E+01	8.313178E-19
2.073162E+01	8.251771E-19
2.121550E+01	8.188294E-19
2.171068E+01	8.122864E-19
2.221741E+01	8.055597E-19
2.273597E+01	7.986606E-19
2.326663E+01	7.916002E-19
2.380968E+01	7.843892E-19
2.436540E+01	7.770380E-19
2.493409E+01	7.695571E-19
2.551606E+01	7.619561E-19
2.611161E+01	7.542450E-19
2.672106E+01	7.464329E-19
2.734474E+01	7.385291E-19
2.798297E+01	7.305423E-19
2.863610E+01	7.224810E-19
2.930447E+01	7.143535E-19
2.998844E+01	7.061678E-19
3.068838E+01	6.979315E-19
3.140465E+01	6.896521E-19
3.213764E+01	6.813368E-19
3.288774E+01	6.729922E-19
3.365535E+01	6.646252E-19
3.444087E+01	6.562420E-19
3.524473E+01	6.478487E-19
3.606735E+01	6.394512E-19
3.690917E+01	6.310549E-19
3.777064E+01	6.226654E-19
3.865221E+01	6.142877E-19
3.955436E+01	6.059266E-19
4.047757E+01	5.975868E-19
4.142232E+01	5.892727E-19
4.238913E+01	5.809886E-19
4.337850E+01	5.727384E-19
4.439097E+01	5.645259E-19
4.542706E+01	5.563548E-19
4.648734E+01	5.482283E-19
4.757236E+01	5.401498E-19
4.868271E+01	5.321223E-19
4.981898E+01	5.241485E-19
5.098176E+01	5.162312E-19
5.217169E+01	5.083729E-19
5.338938E+01	5.005759E-19
5.463550E+01	4.928425E-19
5.591071E+01	4.851747E-19
5.721568E+01	4.775743E-19
5.855110E+01	4.700432E-19
5.991770E+01	4.625829E-19
6.131619E+01	4.551950E-19
6.274732E+01	4.478809E-19
6.421186E+01	4.406417E-19
6.571058E+01	4.334787E-19
6.724427E+01	4.263928E-19
6.881377E+01	4.193851E-19
7.041990E+01	4.124562E-19
7.206351E+01	4.056069E-19
7.374549E+01	3.988379E-19
7.546673E+01	3.921498E-19
7.722814E+01	3.855428E-19
7.903066E+01	3.790175E-19
8.087525E+01	3.725741E-19
8.276289E+01	3.662129E-19
8.469460E+01	3.599340E-19
8.667139E+01	3.537375E-19
8.869432E+01	3.476234E-19
9.076446E+01	3.415916E-19
9.288292E+01	3.356422E-19
9.505083E+01	3.297748E-19
9.726934E+01	3.239894E-19
9.953962E+01	3.182857E-19
1.018629E+02	3.126634E-19
1.042404E+02	3.071221E-19
1.066734E+02	3.016615E-19
1.091632E+02	2.962811E-19
1.117111E+02	2.909805E-19
1.143184E+02	2.857592E-19
1.169866E+02	2.806167E-19
1.197171E+02	2.755524E-19
1.225114E+02	2.705658E-19
1.253708E+02	2.656562E-19
1.282970E+02	2.608231E-19
1.312915E+02	2.560657E-19
1.343558E+02	2.513834E-19
1.374917E+02	2.467756E-19
1.407008E+02	2.422414E-19
1.439848E+02	2.377802E-19
1.473454E+02	2.333913E-19
1.507845E+02	2.290738E-19
1.543038E+02	2.248271E-19
1.579053E+02	2.206503E-19
1.615909E+02	2.165427E-19
1.653624E+02	2.125034E-19
1.692220E+02	2.085318E-19
1.731717E+02	2.046269E-19
1.772136E+02	2.007879E-19
1.813498E+02	1.970141E-19
1.855825E+02	1.933047E-19
1.899141E+02	1.896587E-19
1.943467E+02	1.860754E-19
1.988828E+02	1.825540E-19
2.035248E+02	1.790936E-19
2.082751E+02	1.756934E-19
2.131362E+02	1.723525E-19
2.181109E+02	1.690703E-19
2.232016E+02	1.658457E-19
2.284112E+02	1.626781E-19
2.337424E+02	1.595665E-19
2.391980E+02	1.565103E-19
2.447809E+02	1.535085E-19
2.504942E+02	1.505603E-19
2.563407E+02	1.476651E-19
2.623238E+02	1.448219E-19
2.684465E+02	1.420299E-19
2.747121E+02	1.392885E-19
2.811239E+02	1.365968E-19
2.876854E+02	1.339540E-19
2.944000E+02	1.313594E-19
3.012714E+02	1.288122E-19
3.083031E+02	1.263117E-19
3.154990E+02	1.238571E-19
3.228628E+02	1.214476E-19
3.303985E+02	1.190826E-19
3.381101E+02	1.167613E-19
3.460016E+02	1.144831E-19
3.540774E+02	1.122471E-19
3.623416E+02	1.100527E-19
3.707988E+02	1.078992E-19
3.794533E+02	1.057860E-19
3.883098E+02	1.037122E-19
3.973730E+02	1.016774E-19
4.066478E+02	9.968074E-20
4.161391E+02	9.772166E-20
4.258518E+02	9.579951E-20
4.357913E+02	9.391363E-20
4.459628E+02	9.206342E-20
4.563716E+02	9.024824E-20
4.670234E+02	8.846749E-20
4.779239E+02	8.672056E-20
4.890787E+02	8.500688E-20
5.004939E+02	8.332584E-20
5.121755E+02	8.167687E-20
5.241298E+02	8.005941E-20
5.363631E+02	7.847290E-20
5.488820E+02	7.691677E-20
5.616930E+02	7.539050E-20
5.748030E+02	7.389355E-20
5.882190E+02	7.242538E-20
6.019482E+02	7.098548E-20
6.159978E+02	6.957333E-20
6.303753E+02	6.818844E-20
6.450884E+02	6.683031E-20
6.601449E+02	6.549845E-20
6.755528E+02	6.419237E-20
6.913204E+02	6.291162E-20
7.074559E+02	6.165572E-20
7.239681E+02	6.042421E-20
7.408657E+02	5.921666E-20
7.581576E+02	5.803260E-20
7.758532E+02	5.687161E-20
7.939618E+02	5.573327E-20
8.124930E+02	5.461714E-20
8.314568E+02	5.352282E-20
8.508632E+02	5.244989E-20
8.707225E+02	5.139797E-20
8.910453E+02	5.036665E-20
9.118425E+02	4.935554E-20
9.331251E+02	4.836428E-20
9.549045E+02	4.739248E-20
9.771921E+02	4.643977E-20
1.000000E+03	4.550581E-20
------------------------------

IONIZATION
Ar(2p8) -> Ar(+)
2.665000E+00
SPECIES: e / Ar(2p8)
PROCESS: E + Ar(2p8) -> E + E + Ar(+), Ionization
PARAM.: E = 2.7 eV
COMMENT: Semi-empirical formula for step-wise ionization from Deutsch et al, 2003.
COLUMNS: Energy (eV) | Cross section (m2)
------------------------------
1.000000E-02	0.000000E+00
1.023340E-02	0.000000E+00
1.047225E-02	0.000000E+00
1.071668E-02	0.000000E+00
1.096681E-02	0.000000E+00
1.122277E-02	0.000000E+00
1.148472E-02	0.000000E+00
1.175277E-02	0.000000E+00
1.202708E-02	0.000000E+00
1.230780E-02	0.000000E+00
1.259506E-02	0.000000E+00
1.288904E-02	0.000000E+00
1.318987E-02	0.000000E+00
1.349772E-02	0.000000E+00
1.381276E-02	0.000000E+00
1.413516E-02	0.000000E+00
1.446507E-02	0.000000E+00
1.480269E-02	0.000000E+00
1.514819E-02	0.000000E+00
1.550175E-02	0.000000E+00
1.586357E-02	0.000000E+00
1.623382E-02	0.000000E+00
1.661273E-02	0.000000E+00
1.700047E-02	0.000000E+00
1.739726E-02	0.000000E+00
1.780332E-02	0.000000E+00
1.821885E-02	0.000000E+00
1.864409E-02	0.000000E+00
1.907924E-02	0.000000E+00
1.952456E-02	0.000000E+00
1.998026E-02	0.000000E+00
2.044661E-02	0.000000E+00
2.092383E-02	0.000000E+00
2.141220E-02	0.000000E+00
2.191197E-02	0.000000E+00
2.242340E-02	0.000000E+00
2.294676E-02	0.000000E+00
2.348235E-02	0.000000E+00
2.403043E-02	0.000000E+00
2.459130E-02	0.000000E+00
2.516527E-02	0.000000E+00
2.575263E-02	0.000000E+00
2.635371E-02	0.000000E+00
2.696881E-02	0.000000E+00
2.759826E-02	0.000000E+00
2.824241E-02	0.000000E+00
2.890160E-02	0.000000E+00
2.957617E-02	0.000000E+00
3.026648E-02	0.000000E+00
3.097291E-02	0.000000E+00
3.169582E-02	0.000000E+00
3.243561E-02	0.000000E+00
3.319266E-02	0.000000E+00
3.396739E-02	0.000000E+00
3.476019E-02	0.000000E+00
3.557150E-02	0.000000E+00
3.640175E-02	0.000000E+00
3.725137E-02	0.000000E+00
3.812083E-02	0.000000E+00
3.901058E-02	0.000000E+00
3.992109E-02	0.000000E+00
4.085286E-02	0.000000E+00
4.180637E-02	0.000000E+00
4.278214E-02	0.000000E+00
4.378069E-02	0.000000E+00
4.480254E-02	0.000000E+00
4.584824E-02	0.000000E+00
4.691835E-02	0.000000E+00
4.801343E-02	0.000000E+00
4.913407E-02	0.000000E+00
5.028087E-02	0.000000E+00
5.145444E-02	0.000000E+00
5.265540E-02	0.000000E+00
5.388438E-02	0.000000E+00
5.514206E-02	0.000000E+00
5.642908E-02	0.000000E+00
5.774615E-02	0.000000E+00
5.909396E-02	0.000000E+00
6.047322E-02	0.000000E+00
6.188468E-02	0.000000E+00
6.332908E-02	0.000000E+00
6.480720E-02	0.000000E+00
6.631981E-02	0.000000E+00
6.786773E-02	0.000000E+00
6.945178E-02	0.000000E+00
7.107280E-02	0.000000E+00
7.273165E-02	0.000000E+00
7.442922E-02	0.000000E+00
7.616642E-02	0.000000E+00
7.794416E-02	0.000000E+00
7.976339E-02	0.000000E+00
8.162509E-02	0.000000E+00
8.353023E-02	0.000000E+00
8.547985E-02	0.000000E+00
8.747496E-02	0.000000E+00
8.951665E-02	0.000000E+00
9.160598E-02	0.000000E+00
9.374409E-02	0.000000E+00
9.593209E-02	0.000000E+00
9.817117E-02	0.000000E+00
1.004625E-01	0.000000E+00
1.028073E-01	0.000000E+00
1.052069E-01	0.000000E+00
1.076624E-01	0.000000E+00
1.101753E-01	0.000000E+00
1.127468E-01	0.000000E+00
1.153783E-01	0.000000E+00
1.180713E-01	0.000000E+00
1.208271E-01	0.000000E+00
1.236472E-01	0.000000E+00
1.265332E-01	0.000000E+00
1.294865E-01	0.000000E+00
1.325087E-01	0.000000E+00
1.356015E-01	0.000000E+00
1.387665E-01	0.000000E+00
1.420053E-01	0.000000E+00
1.453198E-01	0.000000E+00
1.487115E-01	0.000000E+00
1.521825E-01	0.000000E+00
1.557345E-01	0.000000E+00
1.593694E-01	0.000000E+00
1.630891E-01	0.000000E+00
1.668956E-01	0.000000E+00
1.707910E-01	0.000000E+00
1.747773E-01	0.000000E+00
1.788566E-01	0.000000E+00
1.830312E-01	0.000000E+00
1.873032E-01	0.000000E+00
1.916748E-01	0.000000E+00
1.961486E-01	0.000000E+00
2.007267E-01	0.000000E+00
2.054117E-01	0.000000E+00
2.102061E-01	0.000000E+00
2.151123E-01	0.000000E+00
2.201331E-01	0.000000E+00
2.252711E-01	0.000000E+00
2.305289E-01	0.000000E+00
2.359095E-01	0.000000E+00
2.414157E-01	0.000000E+00
2.470504E-01	0.000000E+00
2.528166E-01	0.000000E+00
2.587174E-01	0.000000E+00
2.647559E-01	0.000000E+00
2.709354E-01	0.000000E+00
2.772591E-01	0.000000E+00
2.837304E-01	0.000000E+00
2.903527E-01	0.000000E+00
2.971296E-01	0.000000E+00
3.040646E-01	0.000000E+00
3.111616E-01	0.000000E+00
3.184242E-01	0.000000E+00
3.258562E-01	0.000000E+00
3.334618E-01	0.000000E+00
3.412449E-01	0.000000E+00
3.492096E-01	0.000000E+00
3.573602E-01	0.000000E+00
3.657011E-01	0.000000E+00
3.742366E-01	0.000000E+00
3.829714E-01	0.000000E+00
3.919100E-01	0.000000E+00
4.010573E-01	0.000000E+00
4.104181E-01	0.000000E+00
4.199973E-01	0.000000E+00
4.298001E-01	0.000000E+00
4.398317E-01	0.000000E+00
4.500975E-01	0.000000E+00
4.606029E-01	0.000000E+00
4.713535E-01	0.000000E+00
4.823549E-01	0.000000E+00
4.936132E-01	0.000000E+00
5.051342E-01	0.000000E+00
5.169242E-01	0.000000E+00
5.289893E-01	0.000000E+00
5.413360E-01	0.000000E+00
5.539709E-01	0.000000E+00
5.669007E-01	0.000000E+00
5.801323E-01	0.000000E+00
5.936727E-01	0.000000E+00
6.075292E-01	0.000000E+00
6.217090E-01	0.000000E+00
6.362198E-01	0.000000E+00
6.510694E-01	0.000000E+00
6.662655E-01	0.000000E+00
6.818162E-01	0.000000E+00
6.977300E-01	0.000000E+00
7.140151E-01	0.000000E+00
7.306804E-01	0.000000E+00
7.477346E-01	0.000000E+00
7.651869E-01	0.000000E+00
7.830465E-01	0.000000E+00
8.013230E-01	0.000000E+00
8.200261E-01	0.000000E+00
8.391656E-01	0.000000E+00
8.587519E-01	0.000000E+00
8.787954E-01	0.000000E+00
8.993067E-01	0.000000E+00
9.202967E-01	0.000000E+00
9.417766E-01	0.000000E+00
9.637579E-01	0.000000E+00
9.862522E-01	0.000000E+00
1.009272E+00	0.000000E+00
1.032828E+00	0.000000E+00
1.056935E+00	0.000000E+00
1.081604E+00	0.000000E+00
1.106848E+00	0.000000E+00
1.132683E+00	0.000000E+00
1.159120E+00	0.000000E+00
1.186174E+00	0.000000E+00
1.213859E+00	0.000000E+00
1.242191E+00	0.000000E+00
1.271184E+00	0.000000E+00
1.300854E+00	0.000000E+00
1.331216E+00	0.000000E+00
1.362287E+00	0.000000E+00
1.394083E+00	0.000000E+00
1.426621E+00	0.000000E+00
1.459919E+00	0.000000E+00
1.493993E+00	0.000000E+00
1.528864E+00	0.000000E+00
1.564548E+00	0.000000E+00
1.601064E+00	0.000000E+00
1.638434E+00	0.000000E+00
1.676675E+00	0.000000E+00
1.715809E+00	0.000000E+00
1.755856E+00	0.000000E+00
1.796838E+00	0.000000E+00
1.838777E+00	0.000000E+00
1.881694E+00	0.000000E+00
1.925614E+00	0.000000E+00
1.970558E+00	0.000000E+00
2.016551E+00	0.000000E+00
2.063618E+00	0.000000E+00
2.111783E+00	0.000000E+00
2.161073E+00	0.000000E+00
2.211512E+00	0.000000E+00
2.263130E+00	0.000000E+00
2.315951E+00	0.000000E+00
2.370006E+00	0.000000E+00
2.425323E+00	0.000000E+00
2.481930E+00	0.000000E+00
2.539859E+00	0.000000E+00
2.599140E+00	0.000000E+00
2.659804E+00	0.000000E+00
2.721885E+00	7.074813E-22
2.785414E+00	3.072829E-21
2.850426E+00	7.047064E-21
2.916956E+00	1.256670E-20
2.985038E+00	1.956391E-20
3.054710E+00	2.796803E-20
3.126007E+00	3.770631E-20
3.198969E+00	4.870461E-20
3.273634E+00	6.088779E-20
3.350041E+00	7.418016E-20
3.428231E+00	8.850580E-20
3.508247E+00	1.037889E-19
3.590130E+00	1.199539E-19
3.673925E+00	1.369259E-19
3.759675E+00	1.546310E-19
3.847427E+00	1.729960E-19
3.937226E+00	1.919493E-19
4.029122E+00	2.114205E-19
4.123163E+00	2.313407E-19
4.219398E+00	2.516429E-19
4.317880E+00	2.722618E-19
4.418660E+00	2.931341E-19
4.521792E+00	3.141985E-19
4.627332E+00	3.353958E-19
4.735335E+00	3.566691E-19
4.845859E+00	3.779635E-19
4.958962E+00	3.992267E-19
5.074705E+00	4.204087E-19
5.193150E+00	4.414616E-19
5.314359E+00	4.623402E-19
5.438397E+00	4.830016E-19
5.565331E+00	5.034052E-19
5.695227E+00	5.235130E-19
5.828155E+00	5.432891E-19
5.964185E+00	5.627002E-19
6.103390E+00	5.817152E-19
6.245845E+00	6.003054E-19
6.391624E+00	6.184443E-19
6.540806E+00	6.361076E-19
6.693470E+00	6.532732E-19
6.849697E+00	6.699211E-19
7.009570E+00	6.860334E-19
7.173175E+00	7.015941E-19
7.340598E+00	7.165893E-19
7.511929E+00	7.310068E-19
7.687260E+00	7.448364E-19
7.866682E+00	7.580694E-19
8.050292E+00	7.706991E-19
8.238187E+00	7.827200E-19
8.430468E+00	7.941285E-19
8.627237E+00	8.049222E-19
8.828599E+00	8.151004E-19
9.034660E+00	8.246633E-19
9.245531E+00	8.336126E-19
9.461324E+00	8.419512E-19
9.682153E+00	8.496831E-19
9.908137E+00	8.568132E-19
1.013939E+01	8.633475E-19
1.037605E+01	8.692929E-19
1.061823E+01	8.746570E-19
1.086606E+01	8.794484E-19
1.111968E+01	8.836762E-19
1.137921E+01	8.873504E-19
1.164481E+01	8.904813E-19
1.191660E+01	8.930800E-19
1.219473E+01	8.951580E-19
1.247936E+01	8.967272E-19
1.277063E+01	8.977999E-19
1.306870E+01	8.983888E-19
1.337373E+01	8.985067E-19
1.368587E+01	8.981669E-19
1.400531E+01	8.973827E-19
1.433219E+01	8.961678E-19
1.466671E+01	8.945357E-19
1.500903E+01	8.925002E-19
1.535935E+01	8.900752E-19
1.571784E+01	8.872746E-19
1.608469E+01	8.841121E-19
1.646012E+01	8.806015E-19
1.684430E+01	8.767567E-19
1.723745E+01	8.725912E-19
1.763977E+01	8.681187E-19
1.805149E+01	8.633525E-19
1.847281E+01	8.583059E-19
1.890397E+01	8.529921E-19
1.934520E+01	8.474239E-19
1.979672E+01	8.416141E-19
2.025878E+01	8.355753E-19
2.073162E+01	8.293196E-19
2.121550E+01	8.228592E-19
2.171068E+01	8.162059E-19
2.221741E+01	8.093712E-19
2.273597E+01	8.023664E-19
2.326663E+01	7.952027E-19
2.380968E+01	7.878906E-19
2.436540E+01	7.804408E-19
2.493409E+01	7.728635E-19
2.551606E+01	7.651685E-19
2.611161E+01	7.573655E-19
2.672106E+01	7.494638E-19
2.734474E+01	7.414726E-19
2.798297E+01	7.334006E-19
2.863610E+01	7.252563E-19
2.930447E+01	7.170480E-19
2.998844E+01	7.087835E-19
3.068838E+01	7.004706E-19
3.140465E+01	6.921165E-19
3.213764E+01	6.837285E-19
3.288774E+01	6.753133E-19
3.365535E+01	6.668775E-19
3.444087E+01	6.584274E-19
3.524473E+01	6.499691E-19
3.606735E+01	6.415083E-19
3.690917E+01	6.330507E-19
3.777064E+01	6.246015E-19
3.865221E+01	6.161658E-19
3.955436E+01	6.077484E-19
4.047757E+01	5.993540E-19
4.142232E+01	5.909868E-19
4.238913E+01	5.826512E-19
4.337850E+01	5.743510E-19
4.439097E+01	5.660900E-19
4.542706E+01	5.578718E-19
4.648734E+01	5.496996E-19
4.757236E+01	5.415768E-19
4.868271E+01	5.335062E-19
4.981898E+01	5.254908E-19
5.098176E+01	5.175331E-19
5.217169E+01	5.096356E-19
5.338938E+01	5.018006E-19
5.463550E+01	4.940303E-19
5.591071E+01	4.863268E-19
5.721568E+01	4.786918E-19
5.855110E+01	4.711271E-19
5.991770E+01	4.636343E-19
6.131619E+01	4.562149E-19
6.274732E+01	4.488702E-19
6.421186E+01	4.416015E-19
6.571058E+01	4.344098E-19
6.724427E+01	4.272961E-19
6.881377E+01	4.202615E-19
7.041990E+01	4.133065E-19
7.206351E+01	4.064320E-19
7.374549E+01	3.996385E-19
7.546673E+01	3.929266E-19
7.722814E+01	3.862967E-19
7.903066E+01	3.797492E-19
8.087525E+01	3.732843E-19
8.276289E+01	3.669021E-19
8.469460E+01	3.606030E-19
8.667139E+01	3.543869E-19
8.869432E+01	3.482538E-19
9.076446E+01	3.422036E-19
9.288292E+01	3.362364E-19
9.505083E+01	3.303518E-19
9.726934E+01	3.245497E-19
9.953962E+01	3.188297E-19
1.018629E+02	3.131917E-19
1.042404E+02	3.076352E-19
1.066734E+02	3.021599E-19
1.091632E+02	2.967652E-19
1.117111E+02	2.914508E-19
1.143184E+02	2.862161E-19
1.169866E+02	2.810606E-19
1.197171E+02	2.759837E-19
1.225114E+02	2.709849E-19
1.253708E+02	2.660635E-19
1.282970E+02	2.612189E-19
1.312915E+02	2.564504E-19
1.343558E+02	2.517574E-19
1.374917E+02	2.471391E-19
1.407008E+02	2.425948E-19
1.439848E+02	2.381238E-19
1.473454E+02	2.337253E-19
1.507845E+02	2.293986E-19
1.543038E+02	2.251430E-19
1.579053E+02	2.209575E-19
1.615909E+02	2.168415E-19
1.653624E+02	2.127941E-19
1.692220E+02	2.088145E-19
1.731717E+02	2.049019E-19
1.772136E+02	2.010555E-19
1.813498E+02	1.972745E-19
1.855825E+02	1.935580E-19
1.899141E+02	1.899053E-19
1.943467E+02	1.863154E-19
1.988828E+02	1.827875E-19
2.035248E+02	1.793209E-19
2.082751E+02	1.759146E-19
2.131362E+02	1.725679E-19
2.181109E+02	1.692800E-19
2.232016E+02	1.660499E-19
2.284112E+02	1.628769E-19
2.337424E+02	1.597601E-19
2.391980E+02	1.566988E-19
2.447809E+02	1.536921E-19
2.504942E+02	1.507392E-19
2.563407E+02	1.478393E-19
2.623238E+02	1.449916E-19
2.684465E+02	1.421953E-19
2.747121E+02	1.394496E-19
2.811239E+02	1.367537E-19
2.876854E+02	1.341069E-19
2.944000E+02	1.315084E-19
3.012714E+02	1.289574E-19
3.083031E+02	1.264532E-19
3.154990E+02	1.239950E-19
3.228628E+02	1.215820E-19
3.303985E+02	1.192136E-19
3.381101E+02	1.168891E-19
3.460016E+02	1.146076E-19
3.540774E+02	1.123685E-19
3.623416E+02	1.101710E-19
3.707988E+02	1.080146E-19
3.794533E+02	1.058985E-19
3.883098E+02	1.038219E-19
3.973730E+02	1.017844E-19
4.066478E+02	9.978508E-20
4.161391E+02	9.782343E-20
4.258518E+02	9.589876E-20
4.357913E+02	9.401044E-20
4.459628E+02	9.215785E-20
4.563716E+02	9.034035E-20
4.670234E+02	8.855735E-20
4.779239E+02	8.680823E-20
4.890787E+02	8.509241E-20
5.004939E+02	8.340929E-20
5.121755E+02	8.175830E-20
5.241298E+02	8.013886E-20
5.363631E+02	7.855043E-20
5.488820E+02	7.699243E-20
5.616930E+02	7.546433E-20
5.748030E+02	7.396560E-20
5.882190E+02	7.249570E-20
6.019482E+02	7.105411E-20
6.159978E+02	6.964032E-20
6.303753E+02	6.825383E-20
6.450884E+02	6.689413E-20
6.601449E+02	6.556075E-20
6.755528E+02	6.425319E-20
6.913204E+02	6.297099E-20
7.074559E+02	6.171368E-20
7.239681E+02	6.048080E-20
7.408657E+02	5.927190E-20
7.581576E+02	5.808654E-20
7.758532E+02	5.692428E-20
7.939618E+02	5.578469E-20
8.124930E+02	5.466735E-20
8.314568E+02	5.357185E-20
8.508632E+02	5.249777E-20
8.707225E+02	5.144472E-20
8.910453E+02	5.041231E-20
9.118425E+02	4.940013E-20
9.331251E+02	4.840782E-20
9.549045E+02	4.743501E-20
9.771921E+02	4.648131E-20
1.000000E+03	4.554637E-20
------------------------------

IONIZATION
Ar(2p7) -> Ar(+)
2.607000E+00
SPECIES: e / Ar(2p7)
PROCESS: E + Ar(2p7) -> E + E + Ar(+), Ionization
PARAM.: E = 2.6 eV
COMMENT: Semi-empirical formula for step-wise ionization from Deutsch et al, 2003.
COLUMNS: Energy (eV) | Cross section (m2)
------------------------------
1.000000E-02	0.000000E+00
1.023340E-02	0.000000E+00
1.047225E-02	0.000000E+00
1.071668E-02	0.000000E+00
1.096681E-02	0.000000E+00
1.122277E-02	0.000000E+00
1.148472E-02	0.000000E+00
1.175277E-02	0.000000E+00
1.202708E-02	0.000000E+00
1.230780E-02	0.000000E+00
1.259506E-02	0.000000E+00
1.288904E-02	0.000000E+00
1.318987E-02	0.000000E+00
1.349772E-02	0.000000E+00
1.381276E-02	0.000000E+00
1.413516E-02	0.000000E+00
1.446507E-02	0.000000E+00
1.480269E-02	0.000000E+00
1.514819E-02	0.000000E+00
1.550175E-02	0.000000E+00
1.586357E-02	0.000000E+00
1.623382E-02	0.000000E+00
1.661273E-02	0.000000E+00
1.700047E-02	0.000000E+00
1.739726E-02	0.000000E+00
1.780332E-02	0.000000E+00
1.821885E-02	0.000000E+00
1.864409E-02	0.000000E+00
1.907924E-02	0.000000E+00
1.952456E-02	0.000000E+00
1.998026E-02	0.000000E+00
2.044661E-02	0.000000E+00
2.092383E-02	0.000000E+00
2.141220E-02	0.000000E+00
2.191197E-02	0.000000E+00
2.242340E-02	0.000000E+00
2.294676E-02	0.000000E+00
2.348235E-02	0.000000E+00
2.403043E-02	0.000000E+00
2.459130E-02	0.000000E+00
2.516527E-02	0.000000E+00
2.575263E-02	0.000000E+00
2.635371E-02	0.000000E+00
2.696881E-02	0.000000E+00
2.759826E-02	0.000000E+00
2.824241E-02	0.000000E+00
2.890160E-02	0.000000E+00
2.957617E-02	0.000000E+00
3.026648E-02	0.000000E+00
3.097291E-02	0.000000E+00
3.169582E-02	0.000000E+00
3.243561E-02	0.000000E+00
3.319266E-02	0.000000E+00
3.396739E-02	0.000000E+00
3.476019E-02	0.000000E+00
3.557150E-02	0.000000E+00
3.640175E-02	0.000000E+00
3.725137E-02	0.000000E+00
3.812083E-02	0.000000E+00
3.901058E-02	0.000000E+00
3.992109E-02	0.000000E+00
4.085286E-02	0.000000E+00
4.180637E-02	0.000000E+00
4.278214E-02	0.000000E+00
4.378069E-02	0.000000E+00
4.480254E-02	0.000000E+00
4.584824E-02	0.000000E+00
4.691835E-02	0.000000E+00
4.801343E-02	0.000000E+00
4.913407E-02	0.000000E+00
5.028087E-02	0.000000E+00
5.145444E-02	0.000000E+00
5.265540E-02	0.000000E+00
5.388438E-02	0.000000E+00
5.514206E-02	0.000000E+00
5.642908E-02	0.000000E+00
5.774615E-02	0.000000E+00
5.909396E-02	0.000000E+00
6.047322E-02	0.000000E+00
6.188468E-02	0.000000E+00
6.332908E-02	0.000000E+00
6.480720E-02	0.000000E+00
6.631981E-02	0.000000E+00
6.786773E-02	0.000000E+00
6.945178E-02	0.000000E+00
7.107280E-02	0.000000E+00
7.273165E-02	0.000000E+00
7.442922E-02	0.000000E+00
7.616642E-02	0.000000E+00
7.794416E-02	0.000000E+00
7.976339E-02	0.000000E+00
8.162509E-02	0.000000E+00
8.353023E-02	0.000000E+00
8.547985E-02	0.000000E+00
8.747496E-02	0.000000E+00
8.951665E-02	0.000000E+00
9.160598E-02	0.000000E+00
9.374409E-02	0.000000E+00
9.593209E-02	0.000000E+00
9.817117E-02	0.000000E+00
1.004625E-01	0.000000E+00
1.028073E-01	0.000000E+00
1.052069E-01	0.000000E+00
1.076624E-01	0.000000E+00
1.101753E-01	0.000000E+00
1.127468E-01	0.000000E+00
1.153783E-01	0.000000E+00
1.180713E-01	0.000000E+00
1.208271E-01	0.000000E+00
1.236472E-01	0.000000E+00
1.265332E-01	0.000000E+00
1.294865E-01	0.000000E+00
1.325087E-01	0.000000E+00
1.356015E-01	0.000000E+00
1.387665E-01	0.000000E+00
1.420053E-01	0.000000E+00
1.453198E-01	0.000000E+00
1.487115E-01	0.000000E+00
1.521825E-01	0.000000E+00
1.557345E-01	0.000000E+00
1.593694E-01	0.000000E+00
1.630891E-01	0.000000E+00
1.668956E-01	0.000000E+00
1.707910E-01	0.000000E+00
1.747773E-01	0.000000E+00
1.788566E-01	0.000000E+00
1.830312E-01	0.000000E+00
1.873032E-01	0.000000E+00
1.916748E-01	0.000000E+00
1.961486E-01	0.000000E+00
2.007267E-01	0.000000E+00
2.054117E-01	0.000000E+00
2.102061E-01	0.000000E+00
2.151123E-01	0.000000E+00
2.201331E-01	0.000000E+00
2.252711E-01	0.000000E+00
2.305289E-01	0.000000E+00
2.359095E-01	0.000000E+00
2.414157E-01	0.000000E+00
2.470504E-01	0.000000E+00
2.528166E-01	0.000000E+00
2.587174E-01	0.000000E+00
2.647559E-01	0.000000E+00
2.709354E-01	0.000000E+00
2.772591E-01	0.000000E+00
2.837304E-01	0.000000E+00
2.903527E-01	0.000000E+00
2.971296E-01	0.000000E+00
3.040646E-01	0.000000E+00
3.111616E-01	0.000000E+00
3.184242E-01	0.000000E+00
3.258562E-01	0.000000E+00
3.334618E-01	0.000000E+00
3.412449E-01	0.000000E+00
3.492096E-01	0.000000E+00
3.573602E-01	0.000000E+00
3.657011E-01	0.000000E+00
3.742366E-01	0.000000E+00
3.829714E-01	0.000000E+00
3.919100E-01	0.000000E+00
4.010573E-01	0.000000E+00
4.104181E-01	0.000000E+00
4.199973E-01	0.000000E+00
4.298001E-01	0.000000E+00
4.398317E-01	0.000000E+00
4.500975E-01	0.000000E+00
4.606029E-01	0.000000E+00
4.713535E-01	0.000000E+00
4.823549E-01	0.000000E+00
4.936132E-01	0.000000E+00
5.051342E-01	0.000000E+00
5.169242E-01	0.000000E+00
5.289893E-01	0.000000E+00
5.413360E-01	0.000000E+00
5.539709E-01	0.000000E+00
5.669007E-01	0.000000E+00
5.801323E-01	0.000000E+00
5.936727E-01	0.000000E+00
6.075292E-01	0.000000E+00
6.217090E-01	0.000000E+00
6.362198E-01	0.000000E+00
6.510694E-01	0.000000E+00
6.662655E-01	0.000000E+00
6.818162E-01	0.000000E+00
6.977300E-01	0.000000E+00
7.140151E-01	0.000000E+00
7.306804E-01	0.000000E+00
7.477346E-01	0.000000E+00
7.651869E-01	0.000000E+00
7.830465E-01	0.000000E+00
8.013230E-01	0.000000E+00
8.200261E-01	0.000000E+00
8.391656E-01	0.000000E+00
8.587519E-01	0.000000E+00
8.787954E-01	0.000000E+00
8.993067E-01	0.000000E+00
9.202967E-01	0.000000E+00
9.417766E-01	0.000000E+00
9.637579E-01	0.000000E+00
9.862522E-01	0.000000E+00
1.009272E+00	0.000000E+00
1.032828E+00	0.000000E+00
1.056935E+00	0.000000E+00
1.081604E+00	0.000000E+00
1.106848E+00	0.000000E+00
1.132683E+00	0.000000E+00
1.159120E+00	0.000000E+00
1.186174E+00	0.000000E+00
1.213859E+00	0.000000E+00
1.242191E+00	0.000000E+00
1.271184E+00	0.000000E+00
1.300854E+00	0.000000E+00
1.331216E+00	0.000000E+00
1.362287E+00	0.000000E+00
1.394083E+00	0.000000E+00
1.426621E+00	0.000000E+00
1.459919E+00	0.000000E+00
1.493993E+00	0.000000E+00
1.528864E+00	0.000000E+00
1.564548E+00	0.000000E+00
1.601064E+00	0.000000E+00
1.638434E+00	0.000000E+00
1.676675E+00	0.000000E+00
1.715809E+00	0.000000E+00
1.755856E+00	0.000000E+00
1.796838E+00	0.000000E+00
1.838777E+00	0.000000E+00
1.881694E+00	0.000000E+00
1.925614E+00	0.000000E+00
1.970558E+00	0.000000E+00
2.016551E+00	0.000000E+00
2.063618E+00	0.000000E+00
2.111783E+00	0.000000E+00
2.161073E+00	0.000000E+00
2.211512E+00	0.000000E+00
2.263130E+00	0.000000E+00
2.315951E+00	0.000000E+00
2.370006E+00	0.000000E+00
2.425323E+00	0.000000E+00
2.481930E+00	0.000000E+00
2.539859E+00	0.000000E+00
2.599140E+00	0.000000E+00
2.659804E+00	6.521039E-22
2.721885E+00	2.992475E-21
2.785414E+00	6.980380E-21
2.850426E+00	1.255118E-20
2.916956E+00	1.963573E-20
2.985038E+00	2.816186E-20
3.054710E+00	3.805533E-20
3.126007E+00	4.924037E-20
3.198969E+00	6.164024E-20
3.273634E+00	7.517756E-20
3.350041E+00	8.977473E-20
3.428231E+00	1.053542E-19
3.508247E+00	1.218388E-19
3.590130E+00	1.391519E-19
3.673925E+00	1.572178E-19
3.759675E+00	1.759619E-19
3.847427E+00	1.953106E-19
3.937226E+00	2.151920E-19
4.029122E+00	2.355357E-19
4.123163E+00	2.562730E-19
4.219398E+00	2.773371E-19
4.317880E+00	2.986632E-19
4.418660E+00	3.201885E-19
4.521792E+00	3.418524E-19
4.627332E+00	3.635966E-19
4.735335E+00	3.853649E-19
4.845859E+00	4.071039E-19
4.958962E+00	4.287620E-19
5.074705E+00	4.502905E-19
5.193150E+00	4.716428E-19
5.314359E+00	4.927751E-19
5.438397E+00	5.136457E-19
5.565331E+00	5.342156E-19
5.695227E+00	5.544482E-19
5.828155E+00	5.743091E-19
5.964185E+00	5.937666E-19
6.103390E+00	6.127911E-19
6.245845E+00	6.313555E-19
6.391624E+00	6.494348E-19
6.540806E+00	6.670063E-19
6.693470E+00	6.840495E-19
6.849697E+00	7.005459E-19
7.009570E+00	7.164793E-19
7.173175E+00	7.318351E-19
7.340598E+00	7.466010E-19
7.511929E+00	7.607663E-19
7.687260E+00	7.743221E-19
7.866682E+00	7.872614E-19
8.050292E+00	7.995787E-19
8.238187E+00	8.112701E-19
8.430468E+00	8.223331E-19
8.627237E+00	8.327668E-19
8.828599E+00	8.425715E-19
9.034660E+00	8.517490E-19
9.245531E+00	8.603019E-19
9.461324E+00	8.682344E-19
9.682153E+00	8.755515E-19
9.908137E+00	8.822592E-19
1.013939E+01	8.883645E-19
1.037605E+01	8.938753E-19
1.061823E+01	8.988002E-19
1.086606E+01	9.031485E-19
1.111968E+01	9.069304E-19
1.137921E+01	9.101565E-19
1.164481E+01	9.128380E-19
1.191660E+01	9.149866E-19
1.219473E+01	9.166145E-19
1.247936E+01	9.177343E-19
1.277063E+01	9.183588E-19
1.306870E+01	9.185013E-19
1.337373E+01	9.181753E-19
1.368587E+01	9.173944E-19
1.400531E+01	9.161725E-19
1.433219E+01	9.145236E-19
1.466671E+01	9.124616E-19
1.500903E+01	9.100008E-19
1.535935E+01	9.071553E-19
1.571784E+01	9.039392E-19
1.608469E+01	9.003667E-19
1.646012E+01	8.964519E-19
1.684430E+01	8.922086E-19
1.723745E+01	8.876508E-19
1.763977E+01	8.827922E-19
1.805149E+01	8.776463E-19
1.847281E+01	8.722266E-19
1.890397E+01	8.665463E-19
1.934520E+01	8.606184E-19
1.979672E+01	8.544557E-19
2.025878E+01	8.480709E-19
2.073162E+01	8.414762E-19
2.121550E+01	8.346837E-19
2.171068E+01	8.277053E-19
2.221741E+01	8.205525E-19
2.273597E+01	8.132366E-19
2.326663E+01	8.057687E-19
2.380968E+01	7.981594E-19
2.436540E+01	7.904193E-19
2.493409E+01	7.825584E-19
2.551606E+01	7.745867E-19
2.611161E+01	7.665138E-19
2.672106E+01	7.583488E-19
2.734474E+01	7.501009E-19
2.798297E+01	7.417786E-19
2.863610E+01	7.333905E-19
2.930447E+01	7.249446E-19
2.998844E+01	7.164489E-19
3.068838E+01	7.079107E-19
3.140465E+01	6.993375E-19
3.213764E+01	6.907362E-19
3.288774E+01	6.821136E-19
3.365535E+01	6.734761E-19
3.444087E+01	6.648298E-19
3.524473E+01	6.561808E-19
3.606735E+01	6.475348E-19
3.690917E+01	6.388971E-19
3.777064E+01	6.302730E-19
3.865221E+01	6.216673E-19
3.955436E+01	6.130849E-19
4.047757E+01	6.045303E-19
4.142232E+01	5.960076E-19
4.238913E+01	5.875210E-19
4.337850E+01	5.790742E-19
4.439097E+01	5.706711E-19
4.542706E+01	5.623149E-19
4.648734E+01	5.540089E-19
4.757236E+01	5.457563E-19
4.868271E+01	5.375598E-19
4.981898E+01	5.294223E-19
5.098176E+01	5.213462E-19
5.217169E+01	5.133339E-19
5.338938E+01	5.053876E-19
5.463550E+01	4.975095E-19
5.591071E+01	4.897013E-19
5.721568E+01	4.819650E-19
5.855110E+01	4.743021E-19
5.991770E+01	4.667141E-19
6.131619E+01	4.592025E-19
6.274732E+01	4.517684E-19
6.421186E+01	4.444130E-19
6.571058E+01	4.371374E-19
6.724427E+01	4.299425E-19
6.881377E+01	4.228290E-19
7.041990E+01	4.157977E-19
7.206351E+01	4.088493E-19
7.374549E+01	4.019842E-19
7.546673E+01	3.952029E-19
7.722814E+01	3.885057E-19
7.903066E+01	3.818931E-19
8.087525E+01	3.753651E-19
8.276289E+01	3.689218E-19
8.469460E+01	3.625635E-19
8.667139E+01	3.562900E-19
8.869432E+01	3.501014E-19
9.076446E+01	3.439974E-19
9.288292E+01	3.379780E-19
9.505083E+01	3.320429E-19
9.726934E+01	3.261918E-19
9.953962E+01	3.204245E-19
1.018629E+02	3.147405E-19
1.042404E+02	3.091395E-19
1.066734E+02	3.036211E-19
1.091632E+02	2.981846E-19
1.117111E+02	2.928297E-19
1.143184E+02	2.875558E-19
1.169866E+02	2.823623E-19
1.197171E+02	2.772485E-19
1.225114E+02	2.722140E-19
1.253708E+02	2.672580E-19
1.282970E+02	2.623798E-19
1.312915E+02	2.575788E-19
1.343558E+02	2.528543E-19
1.374917E+02	2.482054E-19
1.407008E+02	2.436315E-19
1.439848E+02	2.391317E-19
1.473454E+02	2.347054E-19
1.507845E+02	2.303517E-19
1.543038E+02	2.260698E-19
1.579053E+02	2.218589E-19
1.615909E+02	2.177183E-19
1.653624E+02	2.136469E-19
1.692220E+02	2.096442E-19
1.731717E+02	2.057091E-19
1.772136E+02	2.018409E-19
1.813498E+02	1.980387E-19
1.855825E+02	1.943017E-19
1.899141E+02	1.906289E-19
1.943467E+02	1.870197E-19
1.988828E+02	1.834731E-19
2.035248E+02	1.799882E-19
2.082751E+02	1.765642E-19
2.131362E+02	1.732004E-19
2.181109E+02	1.698957E-19
2.232016E+02	1.666494E-19
2.284112E+02	1.634607E-19
2.337424E+02	1.603286E-19
2.391980E+02	1.572525E-19
2.447809E+02	1.542313E-19
2.504942E+02	1.512644E-19
2.563407E+02	1.483509E-19
2.623238E+02	1.454900E-19
2.684465E+02	1.426808E-19
2.747121E+02	1.399226E-19
2.811239E+02	1.372146E-19
2.876854E+02	1.345561E-19
2.944000E+02	1.319461E-19
3.012714E+02	1.293839E-19
3.083031E+02	1.268689E-19
3.154990E+02	1.244001E-19
3.228628E+02	1.219770E-19
3.303985E+02	1.195986E-19
3.381101E+02	1.172643E-19
3.460016E+02	1.149734E-19
3.540774E+02	1.127252E-19
3.623416E+02	1.105188E-19
3.707988E+02	1.083537E-19
3.794533E+02	1.062291E-19
3.883098E+02	1.041444E-19
3.973730E+02	1.020988E-19
4.066478E+02	1.000918E-19
4.161391E+02	9.812255E-20
4.258518E+02	9.619052E-20
4.357913E+02	9.429503E-20
4.459628E+02	9.243545E-20
4.563716E+02	9.061116E-20
4.670234E+02	8.882154E-20
4.779239E+02	8.706598E-20
4.890787E+02	8.534388E-20
5.004939E+02	8.365465E-20
5.121755E+02	8.199771E-20
5.241298E+02	8.037248E-20
5.363631E+02	7.877839E-20
5.488820E+02	7.721490E-20
5.616930E+02	7.568144E-20
5.748030E+02	7.417749E-20
5.882190E+02	7.270250E-20
6.019482E+02	7.125595E-20
6.159978E+02	6.983733E-20
6.303753E+02	6.844613E-20
6.450884E+02	6.708184E-20
6.601449E+02	6.574399E-20
6.755528E+02	6.443207E-20
6.913204E+02	6.314562E-20
7.074559E+02	6.188417E-20
7.239681E+02	6.064725E-20
7.408657E+02	5.943441E-20
7.581576E+02	5.824521E-20
7.758532E+02	5.707920E-20
7.939618E+02	5.593596E-20
8.124930E+02	5.481506E-20
8.314568E+02	5.371608E-20
8.508632E+02	5.263862E-20
8.707225E+02	5.158226E-20
8.910453E+02	5.054662E-20
9.118425E+02	4.953131E-20
9.331251E+02	4.853593E-20
9.549045E+02	4.756012E-20
9.771921E+02	4.660351E-20
1.000000E+03	4.566572E-20
------------------------------

IONIZATION
Ar(2p6) -> Ar(+)
2.589000E+00
SPECIES: e / Ar(2p6)
PROCESS: E + Ar(2p6) -> E + E + Ar(+), Ionization
PARAM.: E = 2.6 eV
COMMENT: Semi-empirical formula for step-wise ionization from Deutsch et al, 2003.
COLUMNS: Energy (eV) | Cross section (m2)
------------------------------
1.000000E-02	0.000000E+00
1.023340E-02	0.000000E+00
1.047225E-02	0.000000E+00
1.071668E-02	0.000000E+00
1.096681E-02	0.000000E+00
1.122277E-02	0.000000E+00
1.148472E-02	0.000000E+00
1.175277E-02	0.000000E+00
1.202708E-02	0.000000E+00
1.230780E-02	0.000000E+00
1.259506E-02	0.000000E+00
1.288904E-02	0.000000E+00
1.318987E-02	0.000000E+00
1.349772E-02	0.000000E+00
1.381276E-02	0.000000E+00
1.413516E-02	0.000000E+00
1.446507E-02	0.000000E+00
1.480269E-02	0.000000E+00
1.514819E-02	0.000000E+00
1.550175E-02	0.000000E+00
1.586357E-02	0.000000E+00
1.623382E-02	0.000000E+00
1.661273E-02	0.000000E+00
1.700047E-02	0.000000E+00
1.739726E-02	0.000000E+00
1.780332E-02	0.000000E+00
1.821885E-02	0.000000E+00
1.864409E-02	0.000000E+00
1.907924E-02	0.000000E+00
1.952456E-02	0.000000E+00
1.998026E-02	0.000000E+00
2.044661E-02	0.000000E+00
2.092383E-02	0.000000E+00
2.141220E-02	0.000000E+00
2.191197E-02	0.000000E+00
2.242340E-02	0.000000E+00
2.294676E-02	0.000000E+00
2.348235E-02	0.000000E+00
2.403043E-02	0.000000E+00
2.459130E-02	0.000000E+00
2.516527E-02	0.000000E+00
2.575263E-02	0.000000E+00
2.635371E-02	0.000000E+00
2.696881E-02	0.000000E+00
2.759826E-02	0.000000E+00
2.824241E-02	0.000000E+00
2.890160E-02	0.000000E+00
2.957617E-02	0.000000E+00
3.026648E-02	0.000000E+00
3.097291E-02	0.000000E+00
3.169582E-02	0.000000E+00
3.243561E-02	0.000000E+00
3.319266E-02	0.000000E+00
3.396739E-02	0.000000E+00
3.476019E-02	0.000000E+00
3.557150E-02	0.000000E+00
3.640175E-02	0.000000E+00
3.725137E-02	0.000000E+00
3.812083E-02	0.000000E+00
3.901058E-02	0.000000E+00
3.992109E-02	0.000000E+00
4.085286E-02	0.000000E+00
4.180637E-02	0.000000E+00
4.278214E-02	0.000000E+00
4.378069E-02	0.000000E+00
4.480254E-02	0.000000E+00
4.584824E-02	0.000000E+00
4.691835E-02	0.000000E+00
4.801343E-02	0.000000E+00
4.913407E-02	0.000000E+00
5.028087E-02	0.000000E+00
5.145444E-02	0.000000E+00
5.265540E-02	0.000000E+00
5.388438E-02	0.000000E+00
5.514206E-02	0.000000E+00
5.642908E-02	0.000000E+00
5.774615E-02	0.000000E+00
5.909396E-02	0.000000E+00
6.047322E-02	0.000000E+00
6.188468E-02	0.000000E+00
6.332908E-02	0.000000E+00
6.480720E-02	0.000000E+00
6.631981E-02	0.000000E+00
6.786773E-02	0.000000E+00
6.945178E-02	0.000000E+00
7.107280E-02	0.000000E+00
7.273165E-02	0.000000E+00
7.442922E-02	0.000000E+00
7.616642E-02	0.000000E+00
7.794416E-02	0.000000E+00
7.976339E-02	0.000000E+00
8.162509E-02	0.000000E+00
8.353023E-02	0.000000E+00
8.547985E-02	0.000000E+00
8.747496E-02	0.000000E+00
8.951665E-02	0.000000E+00
9.160598E-02	0.000000E+00
9.374409E-02	0.000000E+00
9.593209E-02	0.000000E+00
9.817117E-02	0.000000E+00
1.004625E-01	0.000000E+00
1.028073E-01	0.000000E+00
1.052069E-01	0.000000E+00
1.076624E-01	0.000000E+00
1.101753E-01	0.000000E+00
1.127468E-01	0.000000E+00
1.153783E-01	0.000000E+00
1.180713E-01	0.000000E+00
1.208271E-01	0.000000E+00
1.236472E-01	0.000000E+00
1.265332E-01	0.000000E+00
1.294865E-01	0.000000E+00
1.325087E-01	0.000000E+00
1.356015E-01	0.000000E+00
1.387665E-01	0.000000E+00
1.420053E-01	0.000000E+00
1.453198E-01	0.000000E+00
1.487115E-01	0.000000E+00
1.521825E-01	0.000000E+00
1.557345E-01	0.000000E+00
1.593694E-01	0.000000E+00
1.630891E-01	0.000000E+00
1.668956E-01	0.000000E+00
1.707910E-01	0.000000E+00
1.747773E-01	0.000000E+00
1.788566E-01	0.000000E+00
1.830312E-01	0.000000E+00
1.873032E-01	0.000000E+00
1.916748E-01	0.000000E+00
1.961486E-01	0.000000E+00
2.007267E-01	0.000000E+00
2.054117E-01	0.000000E+00
2.102061E-01	0.000000E+00
2.151123E-01	0.000000E+00
2.201331E-01	0.000000E+00
2.252711E-01	0.000000E+00
2.305289E-01	0.000000E+00
2.359095E-01	0.000000E+00
2.414157E-01	0.000000E+00
2.470504E-01	0.000000E+00
2.528166E-01	0.000000E+00
2.587174E-01	0.000000E+00
2.647559E-01	0.000000E+00
2.709354E-01	0.000000E+00
2.772591E-01	0.000000E+00
2.837304E-01	0.000000E+00
2.903527E-01	0.000000E+00
2.971296E-01	0.000000E+00
3.040646E-01	0.000000E+00
3.111616E-01	0.000000E+00
3.184242E-01	0.000000E+00
3.258562E-01	0.000000E+00
3.334618E-01	0.000000E+00
3.412449E-01	0.000000E+00
3.492096E-01	0.000000E+00
3.573602E-01	0.000000E+00
3.657011E-01	0.000000E+00
3.742366E-01	0.000000E+00
3.829714E-01	0.000000E+00
3.919100E-01	0.000000E+00
4.010573E-01	0.000000E+00
4.104181E-01	0.000000E+00
4.199973E-01	0.000000E+00
4.298001E-01	0.000000E+00
4.398317E-01	0.000000E+00
4.500975E-01	0.000000E+00
4.606029E-01	0.000000E+00
4.713535E-01	0.000000E+00
4.823549E-01	0.000000E+00
4.936132E-01	0.000000E+00
5.051342E-01	0.000000E+00
5.169242E-01	0.000000E+00
5.289893E-01	0.000000E+00
5.413360E-01	0.000000E+00
5.539709E-01	0.000000E+00
5.669007E-01	0.000000E+00
5.801323E-01	0.000000E+00
5.936727E-01	0.000000E+00
6.075292E-01	0.000000E+00
6.217090E-01	0.000000E+00
6.362198E-01	0.000000E+00
6.510694E-01	0.000000E+00
6.662655E-01	0.000000E+00
6.818162E-01	0.000000E+00
6.977300E-01	0.000000E+00
7.140151E-01	0.000000E+00
7.306804E-01	0.000000E+00
7.477346E-01	0.000000E+00
7.651869E-01	0.000000E+00
7.830465E-01	0.000000E+00
8.013230E-01	0.000000E+00
8.200261E-01	0.000000E+00
8.391656E-01	0.000000E+00
8.587519E-01	0.000000E+00
8.787954E-01	0.000000E+00
8.993067E-01	0.000000E+00
9.202967E-01	0.000000E+00
9.417766E-01	0.000000E+00
9.637579E-01	0.000000E+00
9.862522E-01	0.000000E+00
1.009272E+00	0.000000E+00
1.032828E+00	0.000000E+00
1.056935E+00	0.000000E+00
1.081604E+00	0.000000E+00
1.106848E+00	0.000000E+00
1.132683E+00	0.000000E+00
1.159120E+00	0.000000E+00
1.186174E+00	0.000000E+00
1.213859E+00	0.000000E+00
1.242191E+00	0.000000E+00
1.271184E+00	0.000000E+00
1.300854E+00	0.000000E+00
1.331216E+00	0.000000E+00
1.362287E+00	0.000000E+00
1.394083E+00	0.000000E+00
1.426621E+00	0.000000E+00
1.459919E+00	0.000000E+00
1.493993E+00	0.000000E+00
1.528864E+00	0.000000E+00
1.564548E+00	0.000000E+00
1.601064E+00	0.000000E+00
1.638434E+00	0.000000E+00
1.676675E+00	0.000000E+00
1.715809E+00	0.000000E+00
1.755856E+00	0.000000E+00
1.796838E+00	0.000000E+00
1.838777E+00	0.000000E+00
1.881694E+00	0.000000E+00
1.925614E+00	0.000000E+00
1.970558E+00	0.000000E+00
2.016551E+00	0.000000E+00
2.063618E+00	0.000000E+00
2.111783E+00	0.000000E+00
2.161073E+00	0.000000E+00
2.211512E+00	0.000000E+00
2.263130E+00	0.000000E+00
2.315951E+00	0.000000E+00
2.370006E+00	0.000000E+00
2.425323E+00	0.000000E+00
2.481930E+00	0.000000E+00
2.539859E+00	0.000000E+00
2.599140E+00	2.498509E-23
2.659804E+00	1.186429E-21
2.721885E+00	4.047718E-21
2.785414E+00	8.549080E-21
2.850426E+00	1.462382E-20
2.916956E+00	2.220128E-20
2.985038E+00	3.120808E-20
3.054710E+00	4.156895E-20
3.126007E+00	5.320726E-20
3.198969E+00	6.604549E-20
3.273634E+00	8.000562E-20
3.350041E+00	9.500950E-20
3.428231E+00	1.109791E-19
3.508247E+00	1.278369E-19
3.590130E+00	1.455060E-19
3.673925E+00	1.639104E-19
3.759675E+00	1.829753E-19
3.847427E+00	2.026272E-19
3.937226E+00	2.227940E-19
4.029122E+00	2.434053E-19
4.123163E+00	2.643926E-19
4.219398E+00	2.856892E-19
4.317880E+00	3.072303E-19
4.418660E+00	3.289535E-19
4.521792E+00	3.507983E-19
4.627332E+00	3.727068E-19
4.735335E+00	3.946232E-19
4.845859E+00	4.164942E-19
4.958962E+00	4.382687E-19
5.074705E+00	4.598984E-19
5.193150E+00	4.813372E-19
5.314359E+00	5.025416E-19
5.438397E+00	5.234704E-19
5.565331E+00	5.440851E-19
5.695227E+00	5.643494E-19
5.828155E+00	5.842297E-19
5.964185E+00	6.036946E-19
6.103390E+00	6.227150E-19
6.245845E+00	6.412643E-19
6.391624E+00	6.593180E-19
6.540806E+00	6.768540E-19
6.693470E+00	6.938522E-19
6.849697E+00	7.102947E-19
7.009570E+00	7.261657E-19
7.173175E+00	7.414511E-19
7.340598E+00	7.561391E-19
7.511929E+00	7.702194E-19
7.687260E+00	7.836837E-19
7.866682E+00	7.965254E-19
8.050292E+00	8.087394E-19
8.238187E+00	8.203222E-19
8.430468E+00	8.312719E-19
8.627237E+00	8.415879E-19
8.828599E+00	8.512709E-19
9.034660E+00	8.603229E-19
9.245531E+00	8.687472E-19
9.461324E+00	8.765482E-19
9.682153E+00	8.837312E-19
9.908137E+00	8.903026E-19
1.013939E+01	8.962698E-19
1.037605E+01	9.016407E-19
1.061823E+01	9.064245E-19
1.086606E+01	9.106307E-19
1.111968E+01	9.142697E-19
1.137921E+01	9.173523E-19
1.164481E+01	9.198900E-19
1.191660E+01	9.218948E-19
1.219473E+01	9.233790E-19
1.247936E+01	9.243554E-19
1.277063E+01	9.248372E-19
1.306870E+01	9.248376E-19
1.337373E+01	9.243703E-19
1.368587E+01	9.234492E-19
1.400531E+01	9.220881E-19
1.433219E+01	9.203013E-19
1.466671E+01	9.181029E-19
1.500903E+01	9.155072E-19
1.535935E+01	9.125284E-19
1.571784E+01	9.091807E-19
1.608469E+01	9.054783E-19
1.646012E+01	9.014355E-19
1.684430E+01	8.970661E-19
1.723745E+01	8.923842E-19
1.763977E+01	8.874035E-19
1.805149E+01	8.821376E-19
1.847281E+01	8.766001E-19
1.890397E+01	8.708040E-19
1.934520E+01	8.647626E-19
1.979672E+01	8.584886E-19
2.025878E+01	8.519946E-19
2.073162E+01	8.452930E-19
2.121550E+01	8.383958E-19
2.171068E+01	8.313149E-19
2.221741E+01	8.240619E-19
2.273597E+01	8.166480E-19
2.326663E+01	8.090843E-19
2.380968E+01	8.013815E-19
2.436540E+01	7.935500E-19
2.493409E+01	7.855999E-19
2.551606E+01	7.775412E-19
2.611161E+01	7.693833E-19
2.672106E+01	7.611355E-19
2.734474E+01	7.528069E-19
2.798297E+01	7.444060E-19
2.863610E+01	7.359413E-19
2.930447E+01	7.274208E-19
2.998844E+01	7.188523E-19
3.068838E+01	7.102435E-19
3.140465E+01	7.016014E-19
3.213764E+01	6.929332E-19
3.288774E+01	6.842454E-19
3.365535E+01	6.755446E-19
3.444087E+01	6.668368E-19
3.524473E+01	6.581279E-19
3.606735E+01	6.494237E-19
3.690917E+01	6.407296E-19
3.777064E+01	6.320506E-19
3.865221E+01	6.233916E-19
3.955436E+01	6.147575E-19
4.047757E+01	6.061526E-19
4.142232E+01	5.975811E-19
4.238913E+01	5.890472E-19
4.337850E+01	5.805545E-19
4.439097E+01	5.721068E-19
4.542706E+01	5.637073E-19
4.648734E+01	5.553594E-19
4.757236E+01	5.470661E-19
4.868271E+01	5.388302E-19
4.981898E+01	5.306544E-19
5.098176E+01	5.225412E-19
5.217169E+01	5.144929E-19
5.338938E+01	5.065118E-19
5.463550E+01	4.985999E-19
5.591071E+01	4.907590E-19
5.721568E+01	4.829909E-19
5.855110E+01	4.752972E-19
5.991770E+01	4.676794E-19
6.131619E+01	4.601389E-19
6.274732E+01	4.526768E-19
6.421186E+01	4.452943E-19
6.571058E+01	4.379924E-19
6.724427E+01	4.307720E-19
6.881377E+01	4.236338E-19
7.041990E+01	4.165787E-19
7.206351E+01	4.096070E-19
7.374549E+01	4.027195E-19
7.546673E+01	3.959165E-19
7.722814E+01	3.891983E-19
7.903066E+01	3.825652E-19
8.087525E+01	3.760175E-19
8.276289E+01	3.695551E-19
8.469460E+01	3.631782E-19
8.667139E+01	3.568868E-19
8.869432E+01	3.506807E-19
9.076446E+01	3.445599E-19
9.288292E+01	3.385242E-19
9.505083E+01	3.325733E-19
9.726934E+01	3.267069E-19
9.953962E+01	3.209247E-19
1.018629E+02	3.152264E-19
1.042404E+02	3.096114E-19
1.066734E+02	3.040794E-19
1.091632E+02	2.986299E-19
1.117111E+02	2.932623E-19
1.143184E+02	2.879761E-19
1.169866E+02	2.827707E-19
1.197171E+02	2.776454E-19
1.225114E+02	2.725997E-19
1.253708E+02	2.676328E-19
1.282970E+02	2.627442E-19
1.312915E+02	2.579330E-19
1.343558E+02	2.531985E-19
1.374917E+02	2.485400E-19
1.407008E+02	2.439568E-19
1.439848E+02	2.394481E-19
1.473454E+02	2.350130E-19
1.507845E+02	2.306509E-19
1.543038E+02	2.263608E-19
1.579053E+02	2.221419E-19
1.615909E+02	2.179935E-19
1.653624E+02	2.139147E-19
1.692220E+02	2.099047E-19
1.731717E+02	2.059626E-19
1.772136E+02	2.020875E-19
1.813498E+02	1.982787E-19
1.855825E+02	1.945352E-19
1.899141E+02	1.908562E-19
1.943467E+02	1.872409E-19
1.988828E+02	1.836884E-19
2.035248E+02	1.801978E-19
2.082751E+02	1.767683E-19
2.131362E+02	1.733990E-19
2.181109E+02	1.700891E-19
2.232016E+02	1.668378E-19
2.284112E+02	1.636441E-19
2.337424E+02	1.605073E-19
2.391980E+02	1.574264E-19
2.447809E+02	1.544008E-19
2.504942E+02	1.514295E-19
2.563407E+02	1.485117E-19
2.623238E+02	1.456466E-19
2.684465E+02	1.428334E-19
2.747121E+02	1.400713E-19
2.811239E+02	1.373595E-19
2.876854E+02	1.346972E-19
2.944000E+02	1.320837E-19
3.012714E+02	1.295180E-19
3.083031E+02	1.269996E-19
3.154990E+02	1.245275E-19
3.228628E+02	1.221011E-19
3.303985E+02	1.197196E-19
3.381101E+02	1.173823E-19
3.460016E+02	1.150885E-19
3.540774E+02	1.128373E-19
3.623416E+02	1.106282E-19
3.707988E+02	1.084603E-19
3.794533E+02	1.063331E-19
3.883098E+02	1.042458E-19
3.973730E+02	1.021977E-19
4.066478E+02	1.001882E-19
4.161391E+02	9.821663E-20
4.258518E+02	9.628228E-20
4.357913E+02	9.438454E-20
4.459628E+02	9.252277E-20
4.563716E+02	9.069635E-20
4.670234E+02	8.890465E-20
4.779239E+02	8.714706E-20
4.890787E+02	8.542299E-20
5.004939E+02	8.373184E-20
5.121755E+02	8.207302E-20
5.241298E+02	8.044597E-20
5.363631E+02	7.885011E-20
5.488820E+02	7.728489E-20
5.616930E+02	7.574975E-20
5.748030E+02	7.424415E-20
5.882190E+02	7.276756E-20
6.019482E+02	7.131946E-20
6.159978E+02	6.989932E-20
6.303753E+02	6.850664E-20
6.450884E+02	6.714091E-20
6.601449E+02	6.580165E-20
6.755528E+02	6.448836E-20
6.913204E+02	6.320057E-20
7.074559E+02	6.193782E-20
7.239681E+02	6.069963E-20
7.408657E+02	5.948555E-20
7.581576E+02	5.829514E-20
7.758532E+02	5.712796E-20
7.939618E+02	5.598357E-20
8.124930E+02	5.486155E-20
8.314568E+02	5.376148E-20
8.508632E+02	5.268295E-20
8.707225E+02	5.162556E-20
8.910453E+02	5.058890E-20
9.118425E+02	4.957260E-20
9.331251E+02	4.857626E-20
9.549045E+02	4.759950E-20
9.771921E+02	4.664197E-20
1.000000E+03	4.570329E-20
------------------------------

IONIZATION
Ar(2p5) -> Ar(+)
2.487000E+00
SPECIES: e / Ar(2p5)
PROCESS: E + Ar(2p5) -> E + E + Ar(+), Ionization
PARAM.: E = 2.5 eV
COMMENT: Semi-empirical formula for step-wise ionization from Deutsch et al, 2003.
COLUMNS: Energy (eV) | Cross section (m2)
------------------------------
1.000000E-02	0.000000E+00
1.023340E-02	0.000000E+00
1.047225E-02	0.000000E+00
1.071668E-02	0.000000E+00
1.096681E-02	0.000000E+00
1.122277E-02	0.000000E+00
1.148472E-02	0.000000E+00
1.175277E-02	0.000000E+00
1.202708E-02	0.000000E+00
1.230780E-02	0.000000E+00
1.259506E-02	0.000000E+00
1.288904E-02	0.000000E+00
1.318987E-02	0.000000E+00
1.349772E-02	0.000000E+00
1.381276E-02	0.000000E+00
1.413516E-02	0.000000E+00
1.446507E-02	0.000000E+00
1.480269E-02	0.000000E+00
1.514819E-02	0.000000E+00
1.550175E-02	0.000000E+00
1.586357E-02	0.000000E+00
1.623382E-02	0.000000E+00
1.661273E-02	0.000000E+00
1.700047E-02	0.000000E+00
1.739726E-02	0.000000E+00
1.780332E-02	0.000000E+00
1.821885E-02	0.000000E+00
1.864409E-02	0.000000E+00
1.907924E-02	0.000000E+00
1.952456E-02	0.000000E+00
1.998026E-02	0.000000E+00
2.044661E-02	0.000000E+00
2.092383E-02	0.000000E+00
2.141220E-02	0.000000E+00
2.191197E-02	0.000000E+00
2.242340E-02	0.000000E+00
2.294676E-02	0.000000E+00
2.348235E-02	0.000000E+00
2.403043E-02	0.000000E+00
2.459130E-02	0.000000E+00
2.516527E-02	0.000000E+00
2.575263E-02	0.000000E+00
2.635371E-02	0.000000E+00
2.696881E-02	0.000000E+00
2.759826E-02	0.000000E+00
2.824241E-02	0.000000E+00
2.890160E-02	0.000000E+00
2.957617E-02	0.000000E+00
3.026648E-02	0.000000E+00
3.097291E-02	0.000000E+00
3.169582E-02	0.000000E+00
3.243561E-02	0.000000E+00
3.319266E-02	0.000000E+00
3.396739E-02	0.000000E+00
3.476019E-02	0.000000E+00
3.557150E-02	0.000000E+00
3.640175E-02	0.000000E+00
3.725137E-02	0.000000E+00
3.812083E-02	0.000000E+00
3.901058E-02	0.000000E+00
3.992109E-02	0.000000E+00
4.085286E-02	0.000000E+00
4.180637E-02	0.000000E+00
4.278214E-02	0.000000E+00
4.378069E-02	0.000000E+00
4.480254E-02	0.000000E+00
4.584824E-02	0.000000E+00
4.691835E-02	0.000000E+00
4.801343E-02	0.000000E+00
4.913407E-02	0.000000E+00
5.028087E-02	0.000000E+00
5.145444E-02	0.000000E+00
5.265540E-02	0.000000E+00
5.388438E-02	0.000000E+00
5.514206E-02	0.000000E+00
5.642908E-02	0.000000E+00
5.774615E-02	0.000000E+00
5.909396E-02	0.000000E+00
6.047322E-02	0.000000E+00
6.188468E-02	0.000000E+00
6.332908E-02	0.000000E+00
6.480720E-02	0.000000E+00
6.631981E-02	0.000000E+00
6.786773E-02	0.000000E+00
6.945178E-02	0.000000E+00
7.107280E-02	0.000000E+00
7.273165E-02	0.000000E+00
7.442922E-02	0.000000E+00
7.616642E-02	0.000000E+00
7.794416E-02	0.000000E+00
7.976339E-02	0.000000E+00
8.162509E-02	0.000000E+00
8.353023E-02	0.000000E+00
8.547985E-02	0.000000E+00
8.747496E-02	0.000000E+00
8.951665E-02	0.000000E+00
9.160598E-02	0.000000E+00
9.374409E-02	0.000000E+00
9.593209E-02	0.000000E+00
9.817117E-02	0.000000E+00
1.004625E-01	0.000000E+00
1.028073E-01	0.000000E+00
1.052069E-01	0.000000E+00
1.076624E-01	0.000000E+00
1.101753E-01	0.000000E+00
1.127468E-01	0.000000E+00
1.153783E-01	0.000000E+00
1.180713E-01	0.000000E+00
1.208271E-01	0.000000E+00
1.236472E-01	0.000000E+00
1.265332E-01	0.000000E+00
1.294865E-01	0.000000E+00
1.325087E-01	0.000000E+00
1.356015E-01	0.000000E+00
1.387665E-01	0.000000E+00
1.420053E-01	0.000000E+00
1.453198E-01	0.000000E+00
1.487115E-01	0.000000E+00
1.521825E-01	0.000000E+00
1.557345E-01	0.000000E+00
1.593694E-01	0.000000E+00
1.630891E-01	0.000000E+00
1.668956E-01	0.000000E+00
1.707910E-01	0.000000E+00
1.747773E-01	0.000000E+00
1.788566E-01	0.000000E+00
1.830312E-01	0.000000E+00
1.873032E-01	0.000000E+00
1.916748E-01	0.000000E+00
1.961486E-01	0.000000E+00
2.007267E-01	0.000000E+00
2.054117E-01	0.000000E+00
2.102061E-01	0.000000E+00
2.151123E-01	0.000000E+00
2.201331E-01	0.000000E+00
2.252711E-01	0.000000E+00
2.305289E-01	0.000000E+00
2.359095E-01	0.000000E+00
2.414157E-01	0.000000E+00
2.470504E-01	0.000000E+00
2.528166E-01	0.000000E+00
2.587174E-01	0.000000E+00
2.647559E-01	0.000000E+00
2.709354E-01	0.000000E+00
2.772591E-01	0.000000E+00
2.837304E-01	0.000000E+00
2.903527E-01	0.000000E+00
2.971296E-01	0.000000E+00
3.040646E-01	0.000000E+00
3.111616E-01	0.000000E+00
3.184242E-01	0.000000E+00
3.258562E-01	0.000000E+00
3.334618E-01	0.000000E+00
3.412449E-01	0.000000E+00
3.492096E-01	0.000000E+00
3.573602E-01	0.000000E+00
3.657011E-01	0.000000E+00
3.742366E-01	0.000000E+00
3.829714E-01	0.000000E+00
3.919100E-01	0.000000E+00
4.010573E-01	0.000000E+00
4.104181E-01	0.000000E+00
4.199973E-01	0.000000E+00
4.298001E-01	0.000000E+00
4.398317E-01	0.000000E+00
4.500975E-01	0.000000E+00
4.606029E-01	0.000000E+00
4.713535E-01	0.000000E+00
4.823549E-01	0.000000E+00
4.936132E-01	0.000000E+00
5.051342E-01	0.000000E+00
5.169242E-01	0.000000E+00
5.289893E-01	0.000000E+00
5.413360E-01	0.000000E+00
5.539709E-01	0.000000E+00
5.669007E-01	0.000000E+00
5.801323E-01	0.000000E+00
5.936727E-01	0.000000E+00
6.075292E-01	0.000000E+00
6.217090E-01	0.000000E+00
6.362198E-01	0.000000E+00
6.510694E-01	0.000000E+00
6.662655E-01	0.000000E+00
6.818162E-01	0.000000E+00
6.977300E-01	0.000000E+00
7.140151E-01	0.000000E+00
7.306804E-01	0.000000E+00
7.477346E-01	0.000000E+00
7.651869E-01	0.000000E+00
7.830465E-01	0.000000E+00
8.013230E-01	0.000000E+00
8.200261E-01	0.000000E+00
8.391656E-01	0.000000E+00
8.587519E-01	0.000000E+00
8.787954E-01	0.000000E+00
8.993067E-01	0.000000E+00
9.202967E-01	0.000000E+00
9.417766E-01	0.000000E+00
9.637579E-01	0.000000E+00
9.862522E-01	0.000000E+00
1.009272E+00	0.000000E+00
1.032828E+00	0.000000E+00
1.056935E+00	0.000000E+00
1.081604E+00	0.000000E+00
1.106848E+00	0.000000E+00
1.132683E+00	0.000000E+00
1.159120E+00	0.000000E+00
1.186174E+00	0.000000E+00
1.213859E+00	0.000000E+00
1.242191E+00	0.000000E+00
1.271184E+00	0.000000E+00
1.300854E+00	0.000000E+00
1.331216E+00	0.000000E+00
1.362287E+00	0.000000E+00
1.394083E+00	0.000000E+00
1.426621E+00	0.000000E+00
1.459919E+00	0.000000E+00
1.493993E+00	0.000000E+00
1.528864E+00	0.000000E+00
1.564548E+00	0.000000E+00
1.601064E+00	0.000000E+00
1.638434E+00	0.000000E+00
1.676675E+00	0.000000E+00
1.715809E+00	0.000000E+00
1.755856E+00	0.000000E+00
1.796838E+00	0.000000E+00
1.838777E+00	0.000000E+00
1.881694E+00	0.000000E+00
1.925614E+00	0.000000E+00
1.970558E+00	0.000000E+00
2.016551E+00	0.000000E+00
2.063618E+00	0.000000E+00
2.111783E+00	0.000000E+00
2.161073E+00	0.000000E+00
2.211512E+00	0.000000E+00
2.263130E+00	0.000000E+00
2.315951E+00	0.000000E+00
2.370006E+00	0.000000E+00
2.425323E+00	0.000000E+00
2.481930E+00	0.000000E+00
2.539859E+00	7.517526E-22
2.599140E+00	3.279613E-21
2.659804E+00	7.531762E-21
2.721885E+00	1.344019E-20
2.785414E+00	2.093224E-20
2.850426E+00	2.993218E-20
2.916956E+00	4.036209E-20
2.985038E+00	5.214250E-20
3.054710E+00	6.519291E-20
3.126007E+00	7.943222E-20
3.198969E+00	9.477905E-20
3.273634E+00	1.111522E-19
3.350041E+00	1.284706E-19
3.428231E+00	1.466542E-19
3.508247E+00	1.656236E-19
3.590130E+00	1.853005E-19
3.673925E+00	2.056080E-19
3.759675E+00	2.264707E-19
3.847427E+00	2.478150E-19
3.937226E+00	2.695688E-19
4.029122E+00	2.916623E-19
4.123163E+00	3.140276E-19
4.219398E+00	3.365989E-19
4.317880E+00	3.593129E-19
4.418660E+00	3.821085E-19
4.521792E+00	4.049271E-19
4.627332E+00	4.277124E-19
4.735335E+00	4.504108E-19
4.845859E+00	4.729712E-19
4.958962E+00	4.953450E-19
5.074705E+00	5.174861E-19
5.193150E+00	5.393512E-19
5.314359E+00	5.608994E-19
5.438397E+00	5.820924E-19
5.565331E+00	6.028943E-19
5.695227E+00	6.232720E-19
5.828155E+00	6.431945E-19
5.964185E+00	6.626336E-19
6.103390E+00	6.815631E-19
6.245845E+00	6.999594E-19
6.391624E+00	7.178010E-19
6.540806E+00	7.350687E-19
6.693470E+00	7.517455E-19
6.849697E+00	7.678163E-19
7.009570E+00	7.832681E-19
7.173175E+00	7.980899E-19
7.340598E+00	8.122726E-19
7.511929E+00	8.258087E-19
7.687260E+00	8.386925E-19
7.866682E+00	8.509201E-19
8.050292E+00	8.624889E-19
8.238187E+00	8.733980E-19
8.430468E+00	8.836479E-19
8.627237E+00	8.932403E-19
8.828599E+00	9.021783E-19
9.034660E+00	9.104660E-19
9.245531E+00	9.181089E-19
9.461324E+00	9.251133E-19
9.682153E+00	9.314866E-19
9.908137E+00	9.372371E-19
1.013939E+01	9.423737E-19
1.037605E+01	9.469065E-19
1.061823E+01	9.508459E-19
1.086606E+01	9.542032E-19
1.111968E+01	9.569901E-19
1.137921E+01	9.592189E-19
1.164481E+01	9.609025E-19
1.191660E+01	9.620540E-19
1.219473E+01	9.626870E-19
1.247936E+01	9.628152E-19
1.277063E+01	9.624530E-19
1.306870E+01	9.616145E-19
1.337373E+01	9.603143E-19
1.368587E+01	9.585671E-19
1.400531E+01	9.563876E-19
1.433219E+01	9.537907E-19
1.466671E+01	9.507911E-19
1.500903E+01	9.474037E-19
1.535935E+01	9.436433E-19
1.571784E+01	9.395247E-19
1.608469E+01	9.350624E-19
1.646012E+01	9.302709E-19
1.684430E+01	9.251648E-19
1.723745E+01	9.197582E-19
1.763977E+01	9.140651E-19
1.805149E+01	9.080994E-19
1.847281E+01	9.018748E-19
1.890397E+01	8.954047E-19
1.934520E+01	8.887021E-19
1.979672E+01	8.817802E-19
2.025878E+01	8.746514E-19
2.073162E+01	8.673283E-19
2.121550E+01	8.598229E-19
2.171068E+01	8.521470E-19
2.221741E+01	8.443122E-19
2.273597E+01	8.363298E-19
2.326663E+01	8.282106E-19
2.380968E+01	8.199653E-19
2.436540E+01	8.116043E-19
2.493409E+01	8.031375E-19
2.551606E+01	7.945747E-19
2.611161E+01	7.859253E-19
2.672106E+01	7.771984E-19
2.734474E+01	7.684028E-19
2.798297E+01	7.595470E-19
2.863610E+01	7.506393E-19
2.930447E+01	7.416874E-19
2.998844E+01	7.326992E-19
3.068838E+01	7.236818E-19
3.140465E+01	7.146423E-19
3.213764E+01	7.055875E-19
3.288774E+01	6.965238E-19
3.365535E+01	6.874575E-19
3.444087E+01	6.783945E-19
3.524473E+01	6.693405E-19
3.606735E+01	6.603010E-19
3.690917E+01	6.512811E-19
3.777064E+01	6.422857E-19
3.865221E+01	6.333196E-19
3.955436E+01	6.243872E-19
4.047757E+01	6.154928E-19
4.142232E+01	6.066404E-19
4.238913E+01	5.978338E-19
4.337850E+01	5.890765E-19
4.439097E+01	5.803721E-19
4.542706E+01	5.717237E-19
4.648734E+01	5.631344E-19
4.757236E+01	5.546068E-19
4.868271E+01	5.461438E-19
4.981898E+01	5.377478E-19
5.098176E+01	5.294212E-19
5.217169E+01	5.211660E-19
5.338938E+01	5.129842E-19
5.463550E+01	5.048778E-19
5.591071E+01	4.968485E-19
5.721568E+01	4.888978E-19
5.855110E+01	4.810271E-19
5.991770E+01	4.732378E-19
6.131619E+01	4.655310E-19
6.274732E+01	4.579079E-19
6.421186E+01	4.503694E-19
6.571058E+01	4.429164E-19
6.724427E+01	4.355495E-19
6.881377E+01	4.282695E-19
7.041990E+01	4.210769E-19
7.206351E+01	4.139721E-19
7.374549E+01	4.069556E-19
7.546673E+01	4.000276E-19
7.722814E+01	3.931884E-19
7.903066E+01	3.864380E-19
8.087525E+01	3.797767E-19
8.276289E+01	3.732043E-19
8.469460E+01	3.667208E-19
8.667139E+01	3.603261E-19
8.869432E+01	3.540200E-19
9.076446E+01	3.478022E-19
9.288292E+01	3.416726E-19
9.505083E+01	3.356307E-19
9.726934E+01	3.296762E-19
9.953962E+01	3.238086E-19
1.018629E+02	3.180275E-19
1.042404E+02	3.123324E-19
1.066734E+02	3.067227E-19
1.091632E+02	3.011979E-19
1.117111E+02	2.957573E-19
1.143184E+02	2.904004E-19
1.169866E+02	2.851265E-19
1.197171E+02	2.799348E-19
1.225114E+02	2.748247E-19
1.253708E+02	2.697955E-19
1.282970E+02	2.648463E-19
1.312915E+02	2.599765E-19
1.343558E+02	2.551852E-19
1.374917E+02	2.504716E-19
1.407008E+02	2.458349E-19
1.439848E+02	2.412744E-19
1.473454E+02	2.367891E-19
1.507845E+02	2.323782E-19
1.543038E+02	2.280408E-19
1.579053E+02	2.237761E-19
1.615909E+02	2.195832E-19
1.653624E+02	2.154613E-19
1.692220E+02	2.114094E-19
1.731717E+02	2.074266E-19
1.772136E+02	2.035122E-19
1.813498E+02	1.996651E-19
1.855825E+02	1.958845E-19
1.899141E+02	1.921695E-19
1.943467E+02	1.885192E-19
1.988828E+02	1.849327E-19
2.035248E+02	1.814092E-19
2.082751E+02	1.779477E-19
2.131362E+02	1.745474E-19
2.181109E+02	1.712073E-19
2.232016E+02	1.679266E-19
2.284112E+02	1.647045E-19
2.337424E+02	1.615400E-19
2.391980E+02	1.584323E-19
2.447809E+02	1.553806E-19
2.504942E+02	1.523839E-19
2.563407E+02	1.494415E-19
2.623238E+02	1.465525E-19
2.684465E+02	1.437161E-19
2.747121E+02	1.409314E-19
2.811239E+02	1.381976E-19
2.876854E+02	1.355140E-19
2.944000E+02	1.328796E-19
3.012714E+02	1.302938E-19
3.083031E+02	1.277557E-19
3.154990E+02	1.252646E-19
3.228628E+02	1.228196E-19
3.303985E+02	1.204201E-19
3.381101E+02	1.180652E-19
3.460016E+02	1.157543E-19
3.540774E+02	1.134865E-19
3.623416E+02	1.112612E-19
3.707988E+02	1.090776E-19
3.794533E+02	1.069351E-19
3.883098E+02	1.048329E-19
3.973730E+02	1.027703E-19
4.066478E+02	1.007467E-19
4.161391E+02	9.876138E-20
4.258518E+02	9.681366E-20
4.357913E+02	9.490290E-20
4.459628E+02	9.302846E-20
4.563716E+02	9.118969E-20
4.670234E+02	8.938597E-20
4.779239E+02	8.761668E-20
4.890787E+02	8.588121E-20
5.004939E+02	8.417896E-20
5.121755E+02	8.250933E-20
5.241298E+02	8.087174E-20
5.363631E+02	7.926562E-20
5.488820E+02	7.769040E-20
5.616930E+02	7.614551E-20
5.748030E+02	7.463042E-20
5.882190E+02	7.314458E-20
6.019482E+02	7.168746E-20
6.159978E+02	7.025854E-20
6.303753E+02	6.885729E-20
6.450884E+02	6.748322E-20
6.601449E+02	6.613582E-20
6.755528E+02	6.481460E-20
6.913204E+02	6.351908E-20
7.074559E+02	6.224878E-20
7.239681E+02	6.100324E-20
7.408657E+02	5.978199E-20
7.581576E+02	5.858459E-20
7.758532E+02	5.741059E-20
7.939618E+02	5.625955E-20
8.124930E+02	5.513105E-20
8.314568E+02	5.402465E-20
8.508632E+02	5.293995E-20
8.707225E+02	5.187654E-20
8.910453E+02	5.083402E-20
9.118425E+02	4.981199E-20
9.331251E+02	4.881006E-20
9.549045E+02	4.782785E-20
9.771921E+02	4.686500E-20
1.000000E+03	4.592113E-20
------------------------------

IONIZATION
Ar(2p4) -> Ar(+)
2.477000E+00
SPECIES: e / Ar(2p4)
PROCESS: E + Ar(2p4) -> E + E + Ar(+), Ionization
PARAM.: E = 2.5 eV
COMMENT: Semi-empirical formula for step-wise ionization from Deutsch et al, 2003.
COLUMNS: Energy (eV) | Cross section (m2)
------------------------------
1.000000E-02	0.000000E+00
1.023340E-02	0.000000E+00
1.047225E-02	0.000000E+00
1.071668E-02	0.000000E+00
1.096681E-02	0.000000E+00
1.122277E-02	0.000000E+00
1.148472E-02	0.000000E+00
1.175277E-02	0.000000E+00
1.202708E-02	0.000000E+00
1.230780E-02	0.000000E+00
1.259506E-02	0.000000E+00
1.288904E-02	0.000000E+00
1.318987E-02	0.000000E+00
1.349772E-02	0.000000E+00
1.381276E-02	0.000000E+00
1.413516E-02	0.000000E+00
1.446507E-02	0.000000E+00
1.480269E-02	0.000000E+00
1.514819E-02	0.000000E+00
1.550175E-02	0.000000E+00
1.586357E-02	0.000000E+00
1.623382E-02	0.000000E+00
1.661273E-02	0.000000E+00
1.700047E-02	0.000000E+00
1.739726E-02	0.000000E+00
1.780332E-02	0.000000E+00
1.821885E-02	0.000000E+00
1.864409E-02	0.000000E+00
1.907924E-02	0.000000E+00
1.952456E-02	0.000000E+00
1.998026E-02	0.000000E+00
2.044661E-02	0.000000E+00
2.092383E-02	0.000000E+00
2.141220E-02	0.000000E+00
2.191197E-02	0.000000E+00
2.242340E-02	0.000000E+00
2.294676E-02	0.000000E+00
2.348235E-02	0.000000E+00
2.403043E-02	0.000000E+00
2.459130E-02	0.000000E+00
2.516527E-02	0.000000E+00
2.575263E-02	0.000000E+00
2.635371E-02	0.000000E+00
2.696881E-02	0.000000E+00
2.759826E-02	0.000000E+00
2.824241E-02	0.000000E+00
2.890160E-02	0.000000E+00
2.957617E-02	0.000000E+00
3.026648E-02	0.000000E+00
3.097291E-02	0.000000E+00
3.169582E-02	0.000000E+00
3.243561E-02	0.000000E+00
3.319266E-02	0.000000E+00
3.396739E-02	0.000000E+00
3.476019E-02	0.000000E+00
3.557150E-02	0.000000E+00
3.640175E-02	0.000000E+00
3.725137E-02	0.000000E+00
3.812083E-02	0.000000E+00
3.901058E-02	0.000000E+00
3.992109E-02	0.000000E+00
4.085286E-02	0.000000E+00
4.180637E-02	0.000000E+00
4.278214E-02	0.000000E+00
4.378069E-02	0.000000E+00
4.480254E-02	0.000000E+00
4.584824E-02	0.000000E+00
4.691835E-02	0.000000E+00
4.801343E-02	0.000000E+00
4.913407E-02	0.000000E+00
5.028087E-02	0.000000E+00
5.145444E-02	0.000000E+00
5.265540E-02	0.000000E+00
5.388438E-02	0.000000E+00
5.514206E-02	0.000000E+00
5.642908E-02	0.000000E+00
5.774615E-02	0.000000E+00
5.909396E-02	0.000000E+00
6.047322E-02	0.000000E+00
6.188468E-02	0.000000E+00
6.332908E-02	0.000000E+00
6.480720E-02	0.000000E+00
6.631981E-02	0.000000E+00
6.786773E-02	0.000000E+00
6.945178E-02	0.000000E+00
7.107280E-02	0.000000E+00
7.273165E-02	0.000000E+00
7.442922E-02	0.000000E+00
7.616642E-02	0.000000E+00
7.794416E-02	0.000000E+00
7.976339E-02	0.000000E+00
8.162509E-02	0.000000E+00
8.353023E-02	0.000000E+00
8.547985E-02	0.000000E+00
8.747496E-02	0.000000E+00
8.951665E-02	0.000000E+00
9.160598E-02	0.000000E+00
9.374409E-02	0.000000E+00
9.593209E-02	0.000000E+00
9.817117E-02	0.000000E+00
1.004625E-01	0.000000E+00
1.028073E-01	0.000000E+00
1.052069E-01	0.000000E+00
1.076624E-01	0.000000E+00
1.101753E-01	0.000000E+00
1.127468E-01	0.000000E+00
1.153783E-01	0.000000E+00
1.180713E-01	0.000000E+00
1.208271E-01	0.000000E+00
1.236472E-01	0.000000E+00
1.265332E-01	0.000000E+00
1.294865E-01	0.000000E+00
1.325087E-01	0.000000E+00
1.356015E-01	0.000000E+00
1.387665E-01	0.000000E+00
1.420053E-01	0.000000E+00
1.453198E-01	0.000000E+00
1.487115E-01	0.000000E+00
1.521825E-01	0.000000E+00
1.557345E-01	0.000000E+00
1.593694E-01	0.000000E+00
1.630891E-01	0.000000E+00
1.668956E-01	0.000000E+00
1.707910E-01	0.000000E+00
1.747773E-01	0.000000E+00
1.788566E-01	0.000000E+00
1.830312E-01	0.000000E+00
1.873032E-01	0.000000E+00
1.916748E-01	0.000000E+00
1.961486E-01	0.000000E+00
2.007267E-01	0.000000E+00
2.054117E-01	0.000000E+00
2.102061E-01	0.000000E+00
2.151123E-01	0.000000E+00
2.201331E-01	0.000000E+00
2.252711E-01	0.000000E+00
2.305289E-01	0.000000E+00
2.359095E-01	0.000000E+00
2.414157E-01	0.000000E+00
2.470504E-01	0.000000E+00
2.528166E-01	0.000000E+00
2.587174E-01	0.000000E+00
2.647559E-01	0.000000E+00
2.709354E-01	0.000000E+00
2.772591E-01	0.000000E+00
2.837304E-01	0.000000E+00
2.903527E-01	0.000000E+00
2.971296E-01	0.000000E+00
3.040646E-01	0.000000E+00
3.111616E-01	0.000000E+00
3.184242E-01	0.000000E+00
3.258562E-01	0.000000E+00
3.334618E-01	0.000000E+00
3.412449E-01	0.000000E+00
3.492096E-01	0.000000E+00
3.573602E-01	0.000000E+00
3.657011E-01	0.000000E+00
3.742366E-01	0.000000E+00
3.829714E-01	0.000000E+00
3.919100E-01	0.000000E+00
4.010573E-01	0.000000E+00
4.104181E-01	0.000000E+00
4.199973E-01	0.000000E+00
4.298001E-01	0.000000E+00
4.398317E-01	0.000000E+00
4.500975E-01	0.000000E+00
4.606029E-01	0.000000E+00
4.713535E-01	0.000000E+00
4.823549E-01	0.000000E+00
4.936132E-01	0.000000E+00
5.051342E-01	0.000000E+00
5.169242E-01	0.000000E+00
5.289893E-01	0.000000E+00
5.413360E-01	0.000000E+00
5.539709E-01	0.000000E+00
5.669007E-01	0.000000E+00
5.801323E-01	0.000000E+00
5.936727E-01	0.000000E+00
6.075292E-01	0.000000E+00
6.217090E-01	0.000000E+00
6.362198E-01	0.000000E+00
6.510694E-01	0.000000E+00
6.662655E-01	0.000000E+00
6.818162E-01	0.000000E+00
6.977300E-01	0.000000E+00
7.140151E-01	0.000000E+00
7.306804E-01	0.000000E+00
7.477346E-01	0.000000E+00
7.651869E-01	0.000000E+00
7.830465E-01	0.000000E+00
8.013230E-01	0.000000E+00
8.200261E-01	0.000000E+00
8.391656E-01	0.000000E+00
8.587519E-01	0.000000E+00
8.787954E-01	0.000000E+00
8.993067E-01	0.000000E+00
9.202967E-01	0.000000E+00
9.417766E-01	0.000000E+00
9.637579E-01	0.000000E+00
9.862522E-01	0.000000E+00
1.009272E+00	0.000000E+00
1.032828E+00	0.000000E+00
1.056935E+00	0.000000E+00
1.081604E+00	0.000000E+00
1.106848E+00	0.000000E+00
1.132683E+00	0.000000E+00
1.159120E+00	0.000000E+00
1.186174E+00	0.000000E+00
1.213859E+00	0.000000E+00
1.242191E+00	0.000000E+00
1.271184E+00	0.000000E+00
1.300854E+00	0.000000E+00
1.331216E+00	0.000000E+00
1.362287E+00	0.000000E+00
1.394083E+00	0.000000E+00
1.426621E+00	0.000000E+00
1.459919E+00	0.000000E+00
1.493993E+00	0.000000E+00
1.528864E+00	0.000000E+00
1.564548E+00	0.000000E+00
1.601064E+00	0.000000E+00
1.638434E+00	0.000000E+00
1.676675E+00	0.000000E+00
1.715809E+00	0.000000E+00
1.755856E+00	0.000000E+00
1.796838E+00	0.000000E+00
1.838777E+00	0.000000E+00
1.881694E+00	0.000000E+00
1.925614E+00	0.000000E+00
1.970558E+00	0.000000E+00
2.016551E+00	0.000000E+00
2.063618E+00	0.000000E+00
2.111783E+00	0.000000E+00
2.161073E+00	0.000000E+00
2.211512E+00	0.000000E+00
2.263130E+00	0.000000E+00
2.315951E+00	0.000000E+00
2.370006E+00	0.000000E+00
2.425323E+00	0.000000E+00
2.481930E+00	6.751846E-24
2.539859E+00	1.070459E-21
2.599140E+00	3.915480E-21
2.659804E+00	8.480277E-21
2.721885E+00	1.469558E-20
2.785414E+00	2.248781E-20
2.850426E+00	3.178050E-20
2.916956E+00	4.249508E-20
2.985038E+00	5.455157E-20
3.054710E+00	6.786900E-20
3.126007E+00	8.236587E-20
3.198969E+00	9.796047E-20
3.273634E+00	1.145713E-19
3.350041E+00	1.321171E-19
3.428231E+00	1.505176E-19
3.508247E+00	1.696932E-19
3.590130E+00	1.895656E-19
3.673925E+00	2.100579E-19
3.759675E+00	2.310946E-19
3.847427E+00	2.526020E-19
3.937226E+00	2.745082E-19
4.029122E+00	2.967434E-19
4.123163E+00	3.192398E-19
4.219398E+00	3.419318E-19
4.317880E+00	3.647561E-19
4.418660E+00	3.876520E-19
4.521792E+00	4.105608E-19
4.627332E+00	4.334267E-19
4.735335E+00	4.561962E-19
4.845859E+00	4.788183E-19
4.958962E+00	5.012449E-19
5.074705E+00	5.234301E-19
5.193150E+00	5.453308E-19
5.314359E+00	5.669064E-19
5.438397E+00	5.881189E-19
5.565331E+00	6.089328E-19
5.695227E+00	6.293151E-19
5.828155E+00	6.492353E-19
5.964185E+00	6.686653E-19
6.103390E+00	6.875794E-19
6.245845E+00	7.059542E-19
6.391624E+00	7.237685E-19
6.540806E+00	7.410035E-19
6.693470E+00	7.576424E-19
6.849697E+00	7.736704E-19
7.009570E+00	7.890749E-19
7.173175E+00	8.038451E-19
7.340598E+00	8.179721E-19
7.511929E+00	8.314489E-19
7.687260E+00	8.442699E-19
7.866682E+00	8.564314E-19
8.050292E+00	8.679314E-19
8.238187E+00	8.787689E-19
8.430468E+00	8.889447E-19
8.627237E+00	8.984608E-19
8.828599E+00	9.073205E-19
9.034660E+00	9.155283E-19
9.245531E+00	9.230896E-19
9.461324E+00	9.300110E-19
9.682153E+00	9.363002E-19
9.908137E+00	9.419656E-19
1.013939E+01	9.470164E-19
1.037605E+01	9.514626E-19
1.061823E+01	9.553150E-19
1.086606E+01	9.585850E-19
1.111968E+01	9.612844E-19
1.137921E+01	9.634257E-19
1.164481E+01	9.650218E-19
1.191660E+01	9.660861E-19
1.219473E+01	9.666321E-19
1.247936E+01	9.666738E-19
1.277063E+01	9.662256E-19
1.306870E+01	9.653017E-19
1.337373E+01	9.639168E-19
1.368587E+01	9.620857E-19
1.400531E+01	9.598232E-19
1.433219E+01	9.571441E-19
1.466671E+01	9.540633E-19
1.500903E+01	9.505958E-19
1.535935E+01	9.467563E-19
1.571784E+01	9.425597E-19
1.608469E+01	9.380206E-19
1.646012E+01	9.331537E-19
1.684430E+01	9.279732E-19
1.723745E+01	9.224935E-19
1.763977E+01	9.167287E-19
1.805149E+01	9.106925E-19
1.847281E+01	9.043988E-19
1.890397E+01	8.978608E-19
1.934520E+01	8.910918E-19
1.979672E+01	8.841047E-19
2.025878E+01	8.769122E-19
2.073162E+01	8.695267E-19
2.121550E+01	8.619603E-19
2.171068E+01	8.542247E-19
2.221741E+01	8.463316E-19
2.273597E+01	8.382922E-19
2.326663E+01	8.301174E-19
2.380968E+01	8.218177E-19
2.436540E+01	8.134037E-19
2.493409E+01	8.048852E-19
2.551606E+01	7.962720E-19
2.611161E+01	7.875734E-19
2.672106E+01	7.787986E-19
2.734474E+01	7.699563E-19
2.798297E+01	7.610551E-19
2.863610E+01	7.521031E-19
2.930447E+01	7.431082E-19
2.998844E+01	7.340780E-19
3.068838E+01	7.250198E-19
3.140465E+01	7.159407E-19
3.213764E+01	7.068473E-19
3.288774E+01	6.977462E-19
3.365535E+01	6.886434E-19
3.444087E+01	6.795450E-19
3.524473E+01	6.704566E-19
3.606735E+01	6.613837E-19
3.690917E+01	6.523313E-19
3.777064E+01	6.433044E-19
3.865221E+01	6.343077E-19
3.955436E+01	6.253456E-19
4.047757E+01	6.164224E-19
4.142232E+01	6.075420E-19
4.238913E+01	5.987082E-19
4.337850E+01	5.899246E-19
4.439097E+01	5.811947E-19
4.542706E+01	5.725215E-19
4.648734E+01	5.639081E-19
4.757236E+01	5.553573E-19
4.868271E+01	5.468717E-19
4.981898E+01	5.384538E-19
5.098176E+01	5.301059E-19
5.217169E+01	5.218301E-19
5.338938E+01	5.136284E-19
5.463550E+01	5.055027E-19
5.591071E+01	4.974546E-19
5.721568E+01	4.894857E-19
5.855110E+01	4.815974E-19
5.991770E+01	4.737911E-19
6.131619E+01	4.660678E-19
6.274732E+01	4.584287E-19
6.421186E+01	4.508747E-19
6.571058E+01	4.434066E-19
6.724427E+01	4.360251E-19
6.881377E+01	4.287310E-19
7.041990E+01	4.215247E-19
7.206351E+01	4.144067E-19
7.374549E+01	4.073774E-19
7.546673E+01	4.004370E-19
7.722814E+01	3.935857E-19
7.903066E+01	3.868237E-19
8.087525E+01	3.801511E-19
8.276289E+01	3.735677E-19
8.469460E+01	3.670736E-19
8.667139E+01	3.606687E-19
8.869432E+01	3.543526E-19
9.076446E+01	3.481253E-19
9.288292E+01	3.419863E-19
9.505083E+01	3.359353E-19
9.726934E+01	3.299721E-19
9.953962E+01	3.240960E-19
1.018629E+02	3.183067E-19
1.042404E+02	3.126036E-19
1.066734E+02	3.069862E-19
1.091632E+02	3.014539E-19
1.117111E+02	2.960061E-19
1.143184E+02	2.906421E-19
1.169866E+02	2.853614E-19
1.197171E+02	2.801631E-19
1.225114E+02	2.750466E-19
1.253708E+02	2.700112E-19
1.282970E+02	2.650560E-19
1.312915E+02	2.601803E-19
1.343558E+02	2.553833E-19
1.374917E+02	2.506643E-19
1.407008E+02	2.460223E-19
1.439848E+02	2.414566E-19
1.473454E+02	2.369663E-19
1.507845E+02	2.325505E-19
1.543038E+02	2.282085E-19
1.579053E+02	2.239392E-19
1.615909E+02	2.197419E-19
1.653624E+02	2.156157E-19
1.692220E+02	2.115596E-19
1.731717E+02	2.075728E-19
1.772136E+02	2.036544E-19
1.813498E+02	1.998035E-19
1.855825E+02	1.960192E-19
1.899141E+02	1.923006E-19
1.943467E+02	1.886469E-19
1.988828E+02	1.850570E-19
2.035248E+02	1.815302E-19
2.082751E+02	1.780655E-19
2.131362E+02	1.746621E-19
2.181109E+02	1.713190E-19
2.232016E+02	1.680354E-19
2.284112E+02	1.648104E-19
2.337424E+02	1.616432E-19
2.391980E+02	1.585329E-19
2.447809E+02	1.554785E-19
2.504942E+02	1.524793E-19
2.563407E+02	1.495345E-19
2.623238E+02	1.466431E-19
2.684465E+02	1.438043E-19
2.747121E+02	1.410174E-19
2.811239E+02	1.382814E-19
2.876854E+02	1.355956E-19
2.944000E+02	1.329592E-19
3.012714E+02	1.303714E-19
3.083031E+02	1.278313E-19
3.154990E+02	1.253383E-19
3.228628E+02	1.228915E-19
3.303985E+02	1.204902E-19
3.381101E+02	1.181335E-19
3.460016E+02	1.158209E-19
3.540774E+02	1.135515E-19
3.623416E+02	1.113245E-19
3.707988E+02	1.091394E-19
3.794533E+02	1.069953E-19
3.883098E+02	1.048916E-19
3.973730E+02	1.028276E-19
4.066478E+02	1.008026E-19
4.161391E+02	9.881589E-20
4.258518E+02	9.686684E-20
4.357913E+02	9.495478E-20
4.459628E+02	9.307907E-20
4.563716E+02	9.123907E-20
4.670234E+02	8.943415E-20
4.779239E+02	8.766369E-20
4.890787E+02	8.592708E-20
5.004939E+02	8.422372E-20
5.121755E+02	8.255301E-20
5.241298E+02	8.091437E-20
5.363631E+02	7.930722E-20
5.488820E+02	7.773100E-20
5.616930E+02	7.618514E-20
5.748030E+02	7.466910E-20
5.882190E+02	7.318233E-20
6.019482E+02	7.172431E-20
6.159978E+02	7.029451E-20
6.303753E+02	6.889241E-20
6.450884E+02	6.751750E-20
6.601449E+02	6.616928E-20
6.755528E+02	6.484727E-20
6.913204E+02	6.355097E-20
7.074559E+02	6.227992E-20
7.239681E+02	6.103365E-20
7.408657E+02	5.981168E-20
7.581576E+02	5.861358E-20
7.758532E+02	5.743890E-20
7.939618E+02	5.628720E-20
8.124930E+02	5.515804E-20
8.314568E+02	5.405102E-20
8.508632E+02	5.296570E-20
8.707225E+02	5.190169E-20
8.910453E+02	5.085857E-20
9.118425E+02	4.983597E-20
9.331251E+02	4.883348E-20
9.549045E+02	4.785073E-20
9.771921E+02	4.688735E-20
1.000000E+03	4.594296E-20
------------------------------

IONIZATION
Ar(2p3) -> Ar(+)
2.458000E+00
SPECIES: e / Ar(2p3)
PROCESS: E + Ar(2p3) -> E + E + Ar(+), Ionization
PARAM.: E = 2.5 eV
COMMENT: Semi-empirical formula for step-wise ionization from Deutsch et al, 2003.
COLUMNS: Energy (eV) | Cross section (m2)
------------------------------
1.000000E-02	0.000000E+00
1.023340E-02	0.000000E+00
1.047225E-02	0.000000E+00
1.071668E-02	0.000000E+00
1.096681E-02	0.000000E+00
1.122277E-02	0.000000E+00
1.148472E-02	0.000000E+00
1.175277E-02	0.000000E+00
1.202708E-02	0.000000E+00
1.230780E-02	0.000000E+00
1.259506E-02	0.000000E+00
1.288904E-02	0.000000E+00
1.318987E-02	0.000000E+00
1.349772E-02	0.000000E+00
1.381276E-02	0.000000E+00
1.413516E-02	0.000000E+00
1.446507E-02	0.000000E+00
1.480269E-02	0.000000E+00
1.514819E-02	0.000000E+00
1.550175E-02	0.000000E+00
1.586357E-02	0.000000E+00
1.623382E-02	0.000000E+00
1.661273E-02	0.000000E+00
1.700047E-02	0.000000E+00
1.739726E-02	0.000000E+00
1.780332E-02	0.000000E+00
1.821885E-02	0.000000E+00
1.864409E-02	0.000000E+00
1.907924E-02	0.000000E+00
1.952456E-02	0.000000E+00
1.998026E-02	0.000000E+00
2.044661E-02	0.000000E+00
2.092383E-02	0.000000E+00
2.141220E-02	0.000000E+00
2.191197E-02	0.000000E+00
2.242340E-02	0.000000E+00
2.294676E-02	0.000000E+00
2.348235E-02	0.000000E+00
2.403043E-02	0.000000E+00
2.459130E-02	0.000000E+00
2.516527E-02	0.000000E+00
2.575263E-02	0.000000E+00
2.635371E-02	0.000000E+00
2.696881E-02	0.000000E+00
2.759826E-02	0.000000E+00
2.824241E-02	0.000000E+00
2.890160E-02	0.000000E+00
2.957617E-02	0.000000E+00
3.026648E-02	0.000000E+00
3.097291E-02	0.000000E+00
3.169582E-02	0.000000E+00
3.243561E-02	0.000000E+00
3.319266E-02	0.000000E+00
3.396739E-02	0.000000E+00
3.476019E-02	0.000000E+00
3.557150E-02	0.000000E+00
3.640175E-02	0.000000E+00
3.725137E-02	0.000000E+00
3.812083E-02	0.000000E+00
3.901058E-02	0.000000E+00
3.992109E-02	0.000000E+00
4.085286E-02	0.000000E+00
4.180637E-02	0.000000E+00
4.278214E-02	0.000000E+00
4.378069E-02	0.000000E+00
4.480254E-02	0.000000E+00
4.584824E-02	0.000000E+00
4.691835E-02	0.000000E+00
4.801343E-02	0.000000E+00
4.913407E-02	0.000000E+00
5.028087E-02	0.000000E+00
5.145444E-02	0.000000E+00
5.265540E-02	0.000000E+00
5.388438E-02	0.000000E+00
5.514206E-02	0.000000E+00
5.642908E-02	0.000000E+00
5.774615E-02	0.000000E+00
5.909396E-02	0.000000E+00
6.047322E-02	0.000000E+00
6.188468E-02	0.000000E+00
6.332908E-02	0.000000E+00
6.480720E-02	0.000000E+00
6.631981E-02	0.000000E+00
6.786773E-02	0.000000E+00
6.945178E-02	0.000000E+00
7.107280E-02	0.000000E+00
7.273165E-02	0.000000E+00
7.442922E-02	0.000000E+00
7.616642E-02	0.000000E+00
7.794416E-02	0.000000E+00
7.976339E-02	0.000000E+00
8.162509E-02	0.000000E+00
8.353023E-02	0.000000E+00
8.547985E-02	0.000000E+00
8.747496E-02	0.000000E+00
8.951665E-02	0.000000E+00
9.160598E-02	0.000000E+00
9.374409E-02	0.000000E+00
9.593209E-02	0.000000E+00
9.817117E-02	0.000000E+00
1.004625E-01	0.000000E+00
1.028073E-01	0.000000E+00
1.052069E-01	0.000000E+00
1.076624E-01	0.000000E+00
1.101753E-01	0.000000E+00
1.127468E-01	0.000000E+00
1.153783E-01	0.000000E+00
1.180713E-01	0.000000E+00
1.208271E-01	0.000000E+00
1.236472E-01	0.000000E+00
1.265332E-01	0.000000E+00
1.294865E-01	0.000000E+00
1.325087E-01	0.000000E+00
1.356015E-01	0.000000E+00
1.387665E-01	0.000000E+00
1.420053E-01	0.000000E+00
1.453198E-01	0.000000E+00
1.487115E-01	0.000000E+00
1.521825E-01	0.000000E+00
1.557345E-01	0.000000E+00
1.593694E-01	0.000000E+00
1.630891E-01	0.000000E+00
1.668956E-01	0.000000E+00
1.707910E-01	0.000000E+00
1.747773E-01	0.000000E+00
1.788566E-01	0.000000E+00
1.830312E-01	0.000000E+00
1.873032E-01	0.000000E+00
1.916748E-01	0.000000E+00
1.961486E-01	0.000000E+00
2.007267E-01	0.000000E+00
2.054117E-01	0.000000E+00
2.102061E-01	0.000000E+00
2.151123E-01	0.000000E+00
2.201331E-01	0.000000E+00
2.252711E-01	0.000000E+00
2.305289E-01	0.000000E+00
2.359095E-01	0.000000E+00
2.414157E-01	0.000000E+00
2.470504E-01	0.000000E+00
2.528166E-01	0.000000E+00
2.587174E-01	0.000000E+00
2.647559E-01	0.000000E+00
2.709354E-01	0.000000E+00
2.772591E-01	0.000000E+00
2.837304E-01	0.000000E+00
2.903527E-01	0.000000E+00
2.971296E-01	0.000000E+00
3.040646E-01	0.000000E+00
3.111616E-01	0.000000E+00
3.184242E-01	0.000000E+00
3.258562E-01	0.000000E+00
3.334618E-01	0.000000E+00
3.412449E-01	0.000000E+00
3.492096E-01	0.000000E+00
3.573602E-01	0.000000E+00
3.657011E-01	0.000000E+00
3.742366E-01	0.000000E+00
3.829714E-01	0.000000E+00
3.919100E-01	0.000000E+00
4.010573E-01	0.000000E+00
4.104181E-01	0.000000E+00
4.199973E-01	0.000000E+00
4.298001E-01	0.000000E+00
4.398317E-01	0.000000E+00
4.500975E-01	0.000000E+00
4.606029E-01	0.000000E+00
4.713535E-01	0.000000E+00
4.823549E-01	0.000000E+00
4.936132E-01	0.000000E+00
5.051342E-01	0.000000E+00
5.169242E-01	0.000000E+00
5.289893E-01	0.000000E+00
5.413360E-01	0.000000E+00
5.539709E-01	0.000000E+00
5.669007E-01	0.000000E+00
5.801323E-01	0.000000E+00
5.936727E-01	0.000000E+00
6.075292E-01	0.000000E+00
6.217090E-01	0.000000E+00
6.362198E-01	0.000000E+00
6.510694E-01	0.000000E+00
6.662655E-01	0.000000E+00
6.818162E-01	0.000000E+00
6.977300E-01	0.000000E+00
7.140151E-01	0.000000E+00
7.306804E-01	0.000000E+00
7.477346E-01	0.000000E+00
7.651869E-01	0.000000E+00
7.830465E-01	0.000000E+00
8.013230E-01	0.000000E+00
8.200261E-01	0.000000E+00
8.391656E-01	0.000000E+00
8.587519E-01	0.000000E+00
8.787954E-01	0.000000E+00
8.993067E-01	0.000000E+00
9.202967E-01	0.000000E+00
9.417766E-01	0.000000E+00
9.637579E-01	0.000000E+00
9.862522E-01	0.000000E+00
1.009272E+00	0.000000E+00
1.032828E+00	0.000000E+00
1.056935E+00	0.000000E+00
1.081604E+00	0.000000E+00
1.106848E+00	0.000000E+00
1.132683E+00	0.000000E+00
1.159120E+00	0.000000E+00
1.186174E+00	0.000000E+00
1.213859E+00	0.000000E+00
1.242191E+00	0.000000E+00
1.271184E+00	0.000000E+00
1.300854E+00	0.000000E+00
1.331216E+00	0.000000E+00
1.362287E+00	0.000000E+00
1.394083E+00	0.000000E+00
1.426621E+00	0.000000E+00
1.459919E+00	0.000000E+00
1.493993E+00	0.000000E+00
1.528864E+00	0.000000E+00
1.564548E+00	0.000000E+00
1.601064E+00	0.000000E+00
1.638434E+00	0.000000E+00
1.676675E+00	0.000000E+00
1.715809E+00	0.000000E+00
1.755856E+00	0.000000E+00
1.796838E+00	0.000000E+00
1.838777E+00	0.000000E+00
1.881694E+00	0.000000E+00
1.925614E+00	0.000000E+00
1.970558E+00	0.000000E+00
2.016551E+00	0.000000E+00
2.063618E+00	0.000000E+00
2.111783E+00	0.000000E+00
2.161073E+00	0.000000E+00
2.211512E+00	0.000000E+00
2.263130E+00	0.000000E+00
2.315951E+00	0.000000E+00
2.370006E+00	0.000000E+00
2.425323E+00	0.000000E+00
2.481930E+00	1.617500E-22
2.539859E+00	1.838839E-21
2.599140E+00	5.291653E-21
2.659804E+00	1.045485E-20
2.721885E+00	1.725697E-20
2.785414E+00	2.562276E-20
2.850426E+00	3.547438E-20
2.916956E+00	4.673212E-20
2.985038E+00	5.931499E-20
3.054710E+00	7.314119E-20
3.126007E+00	8.812846E-20
3.198969E+00	1.041945E-19
3.273634E+00	1.212572E-19
3.350041E+00	1.392351E-19
3.428231E+00	1.580474E-19
3.508247E+00	1.776143E-19
3.590130E+00	1.978573E-19
3.673925E+00	2.186995E-19
3.759675E+00	2.400653E-19
3.847427E+00	2.618810E-19
3.937226E+00	2.840749E-19
4.029122E+00	3.065773E-19
4.123163E+00	3.293206E-19
4.219398E+00	3.522395E-19
4.317880E+00	3.752710E-19
4.418660E+00	3.983546E-19
4.521792E+00	4.214323E-19
4.627332E+00	4.444483E-19
4.735335E+00	4.673498E-19
4.845859E+00	4.900864E-19
4.958962E+00	5.126101E-19
5.074705E+00	5.348758E-19
5.193150E+00	5.568409E-19
5.314359E+00	5.784653E-19
5.438397E+00	5.997115E-19
5.565331E+00	6.205447E-19
5.695227E+00	6.409325E-19
5.828155E+00	6.608448E-19
5.964185E+00	6.802542E-19
6.103390E+00	6.991357E-19
6.245845E+00	7.174663E-19
6.391624E+00	7.352255E-19
6.540806E+00	7.523950E-19
6.693470E+00	7.689585E-19
6.849697E+00	7.849021E-19
7.009570E+00	8.002134E-19
7.173175E+00	8.148824E-19
7.340598E+00	8.289006E-19
7.511929E+00	8.422615E-19
7.687260E+00	8.549602E-19
7.866682E+00	8.669934E-19
8.050292E+00	8.783595E-19
8.238187E+00	8.890581E-19
8.430468E+00	8.990904E-19
8.627237E+00	9.084589E-19
8.828599E+00	9.171672E-19
9.034660E+00	9.252203E-19
9.245531E+00	9.326241E-19
9.461324E+00	9.393855E-19
9.682153E+00	9.455126E-19
9.908137E+00	9.510139E-19
1.013939E+01	9.558993E-19
1.037605E+01	9.601789E-19
1.061823E+01	9.638639E-19
1.086606E+01	9.669659E-19
1.111968E+01	9.694970E-19
1.137921E+01	9.714701E-19
1.164481E+01	9.728981E-19
1.191660E+01	9.737948E-19
1.219473E+01	9.741738E-19
1.247936E+01	9.740495E-19
1.277063E+01	9.734362E-19
1.306870E+01	9.723485E-19
1.337373E+01	9.708012E-19
1.368587E+01	9.688092E-19
1.400531E+01	9.663874E-19
1.433219E+01	9.635508E-19
1.466671E+01	9.603145E-19
1.500903E+01	9.566934E-19
1.535935E+01	9.527025E-19
1.571784E+01	9.483566E-19
1.608469E+01	9.436706E-19
1.646012E+01	9.386589E-19
1.684430E+01	9.333362E-19
1.723745E+01	9.277167E-19
1.763977E+01	9.218145E-19
1.805149E+01	9.156435E-19
1.847281E+01	9.092175E-19
1.890397E+01	9.025498E-19
1.934520E+01	8.956537E-19
1.979672E+01	8.885421E-19
2.025878E+01	8.812277E-19
2.073162E+01	8.737229E-19
2.121550E+01	8.660398E-19
2.171068E+01	8.581902E-19
2.221741E+01	8.501856E-19
2.273597E+01	8.420373E-19
2.326663E+01	8.337562E-19
2.380968E+01	8.253528E-19
2.436540E+01	8.168374E-19
2.493409E+01	8.082201E-19
2.551606E+01	7.995106E-19
2.611161E+01	7.907182E-19
2.672106E+01	7.818519E-19
2.734474E+01	7.729205E-19
2.798297E+01	7.639325E-19
2.863610E+01	7.548960E-19
2.930447E+01	7.458189E-19
2.998844E+01	7.367086E-19
3.068838E+01	7.275726E-19
3.140465E+01	7.184178E-19
3.213764E+01	7.092508E-19
3.288774E+01	7.000780E-19
3.365535E+01	6.909058E-19
3.444087E+01	6.817398E-19
3.524473E+01	6.725857E-19
3.606735E+01	6.634490E-19
3.690917E+01	6.543347E-19
3.777064E+01	6.452477E-19
3.865221E+01	6.361926E-19
3.955436E+01	6.271738E-19
4.047757E+01	6.181955E-19
4.142232E+01	6.092618E-19
4.238913E+01	6.003762E-19
4.337850E+01	5.915424E-19
4.439097E+01	5.827637E-19
4.542706E+01	5.740433E-19
4.648734E+01	5.653840E-19
4.757236E+01	5.567888E-19
4.868271E+01	5.482601E-19
4.981898E+01	5.398004E-19
5.098176E+01	5.314120E-19
5.217169E+01	5.230969E-19
5.338938E+01	5.148572E-19
5.463550E+01	5.066946E-19
5.591071E+01	4.986108E-19
5.721568E+01	4.906072E-19
5.855110E+01	4.826854E-19
5.991770E+01	4.748465E-19
6.131619E+01	4.670917E-19
6.274732E+01	4.594221E-19
6.421186E+01	4.518385E-19
6.571058E+01	4.443418E-19
6.724427E+01	4.369326E-19
6.881377E+01	4.296115E-19
7.041990E+01	4.223792E-19
7.206351E+01	4.152360E-19
7.374549E+01	4.081822E-19
7.546673E+01	4.012181E-19
7.722814E+01	3.943439E-19
7.903066E+01	3.875596E-19
8.087525E+01	3.808655E-19
8.276289E+01	3.742613E-19
8.469460E+01	3.677470E-19
8.667139E+01	3.613224E-19
8.869432E+01	3.549874E-19
9.076446E+01	3.487416E-19
9.288292E+01	3.425849E-19
9.505083E+01	3.365167E-19
9.726934E+01	3.305367E-19
9.953962E+01	3.246444E-19
1.018629E+02	3.188394E-19
1.042404E+02	3.131211E-19
1.066734E+02	3.074890E-19
1.091632E+02	3.019424E-19
1.117111E+02	2.964808E-19
1.143184E+02	2.911034E-19
1.169866E+02	2.858097E-19
1.197171E+02	2.805988E-19
1.225114E+02	2.754701E-19
1.253708E+02	2.704228E-19
1.282970E+02	2.654561E-19
1.312915E+02	2.605694E-19
1.343558E+02	2.557616E-19
1.374917E+02	2.510321E-19
1.407008E+02	2.463800E-19
1.439848E+02	2.418044E-19
1.473454E+02	2.373046E-19
1.507845E+02	2.328796E-19
1.543038E+02	2.285285E-19
1.579053E+02	2.242506E-19
1.615909E+02	2.200448E-19
1.653624E+02	2.159104E-19
1.692220E+02	2.118463E-19
1.731717E+02	2.078518E-19
1.772136E+02	2.039260E-19
1.813498E+02	2.000678E-19
1.855825E+02	1.962765E-19
1.899141E+02	1.925510E-19
1.943467E+02	1.888906E-19
1.988828E+02	1.852943E-19
2.035248E+02	1.817612E-19
2.082751E+02	1.782905E-19
2.131362E+02	1.748811E-19
2.181109E+02	1.715323E-19
2.232016E+02	1.682431E-19
2.284112E+02	1.650128E-19
2.337424E+02	1.618403E-19
2.391980E+02	1.587248E-19
2.447809E+02	1.556655E-19
2.504942E+02	1.526615E-19
2.563407E+02	1.497120E-19
2.623238E+02	1.468160E-19
2.684465E+02	1.439728E-19
2.747121E+02	1.411816E-19
2.811239E+02	1.384414E-19
2.876854E+02	1.357516E-19
2.944000E+02	1.331112E-19
3.012714E+02	1.305195E-19
3.083031E+02	1.279758E-19
3.154990E+02	1.254791E-19
3.228628E+02	1.230287E-19
3.303985E+02	1.206240E-19
3.381101E+02	1.182640E-19
3.460016E+02	1.159481E-19
3.540774E+02	1.136755E-19
3.623416E+02	1.114455E-19
3.707988E+02	1.092574E-19
3.794533E+02	1.071104E-19
3.883098E+02	1.050039E-19
3.973730E+02	1.029371E-19
4.066478E+02	1.009094E-19
4.161391E+02	9.892002E-20
4.258518E+02	9.696842E-20
4.357913E+02	9.505388E-20
4.459628E+02	9.317575E-20
4.563716E+02	9.133340E-20
4.670234E+02	8.952618E-20
4.779239E+02	8.775349E-20
4.890787E+02	8.601471E-20
5.004939E+02	8.430923E-20
5.121755E+02	8.263645E-20
5.241298E+02	8.099580E-20
5.363631E+02	7.938669E-20
5.488820E+02	7.780856E-20
5.616930E+02	7.626085E-20
5.748030E+02	7.474299E-20
5.882190E+02	7.325446E-20
6.019482E+02	7.179472E-20
6.159978E+02	7.036324E-20
6.303753E+02	6.895950E-20
6.450884E+02	6.758299E-20
6.601449E+02	6.623323E-20
6.755528E+02	6.490970E-20
6.913204E+02	6.361193E-20
7.074559E+02	6.233943E-20
7.239681E+02	6.109175E-20
7.408657E+02	5.986842E-20
7.581576E+02	5.866898E-20
7.758532E+02	5.749300E-20
7.939618E+02	5.634002E-20
8.124930E+02	5.520963E-20
8.314568E+02	5.410139E-20
8.508632E+02	5.301490E-20
8.707225E+02	5.194973E-20
8.910453E+02	5.090550E-20
9.118425E+02	4.988180E-20
9.331251E+02	4.887824E-20
9.549045E+02	4.789445E-20
9.771921E+02	4.693005E-20
1.000000E+03	4.598467E-20
------------------------------

IONIZATION
Ar(2p2) -> Ar(+)
2.432000E+00
SPECIES: e / Ar(2p2)
PROCESS: E + Ar(2p2) -> E + E + Ar(+), Ionization
PARAM.: E = 2.4 eV
COMMENT: Semi-empirical formula for step-wise ionization from Deutsch et al, 2003.
COLUMNS: Energy (eV) | Cross section (m2)
------------------------------
1.000000E-02	0.000000E+00
1.023340E-02	0.000000E+00
1.047225E-02	0.000000E+00
1.071668E-02	0.000000E+00
1.096681E-02	0.000000E+00
1.122277E-02	0.000000E+00
1.148472E-02	0.000000E+00
1.175277E-02	0.000000E+00
1.202708E-02	0.000000E+00
1.230780E-02	0.000000E+00
1.259506E-02	0.000000E+00
1.288904E-02	0.000000E+00
1.318987E-02	0.000000E+00
1.349772E-02	0.000000E+00
1.381276E-02	0.000000E+00
1.413516E-02	0.000000E+00
1.446507E-02	0.000000E+00
1.480269E-02	0.000000E+00
1.514819E-02	0.000000E+00
1.550175E-02	0.000000E+00
1.586357E-02	0.000000E+00
1.623382E-02	0.000000E+00
1.661273E-02	0.000000E+00
1.700047E-02	0.000000E+00
1.739726E-02	0.000000E+00
1.780332E-02	0.000000E+00
1.821885E-02	0.000000E+00
1.864409E-02	0.000000E+00
1.907924E-02	0.000000E+00
1.952456E-02	0.000000E+00
1.998026E-02	0.000000E+00
2.044661E-02	0.000000E+00
2.092383E-02	0.000000E+00
2.141220E-02	0.000000E+00
2.191197E-02	0.000000E+00
2.242340E-02	0.000000E+00
2.294676E-02	0.000000E+00
2.348235E-02	0.000000E+00
2.403043E-02	0.000000E+00
2.459130E-02	0.000000E+00
2.516527E-02	0.000000E+00
2.575263E-02	0.000000E+00
2.635371E-02	0.000000E+00
2.696881E-02	0.000000E+00
2.759826E-02	0.000000E+00
2.824241E-02	0.000000E+00
2.890160E-02	0.000000E+00
2.957617E-02	0.000000E+00
3.026648E-02	0.000000E+00
3.097291E-02	0.000000E+00
3.169582E-02	0.000000E+00
3.243561E-02	0.000000E+00
3.319266E-02	0.000000E+00
3.396739E-02	0.000000E+00
3.476019E-02	0.000000E+00
3.557150E-02	0.000000E+00
3.640175E-02	0.000000E+00
3.725137E-02	0.000000E+00
3.812083E-02	0.000000E+00
3.901058E-02	0.000000E+00
3.992109E-02	0.000000E+00
4.085286E-02	0.000000E+00
4.180637E-02	0.000000E+00
4.278214E-02	0.000000E+00
4.378069E-02	0.000000E+00
4.480254E-02	0.000000E+00
4.584824E-02	0.000000E+00
4.691835E-02	0.000000E+00
4.801343E-02	0.000000E+00
4.913407E-02	0.000000E+00
5.028087E-02	0.000000E+00
5.145444E-02	0.000000E+00
5.265540E-02	0.000000E+00
5.388438E-02	0.000000E+00
5.514206E-02	0.000000E+00
5.642908E-02	0.000000E+00
5.774615E-02	0.000000E+00
5.909396E-02	0.000000E+00
6.047322E-02	0.000000E+00
6.188468E-02	0.000000E+00
6.332908E-02	0.000000E+00
6.480720E-02	0.000000E+00
6.631981E-02	0.000000E+00
6.786773E-02	0.000000E+00
6.945178E-02	0.000000E+00
7.107280E-02	0.000000E+00
7.273165E-02	0.000000E+00
7.442922E-02	0.000000E+00
7.616642E-02	0.000000E+00
7.794416E-02	0.000000E+00
7.976339E-02	0.000000E+00
8.162509E-02	0.000000E+00
8.353023E-02	0.000000E+00
8.547985E-02	0.000000E+00
8.747496E-02	0.000000E+00
8.951665E-02	0.000000E+00
9.160598E-02	0.000000E+00
9.374409E-02	0.000000E+00
9.593209E-02	0.000000E+00
9.817117E-02	0.000000E+00
1.004625E-01	0.000000E+00
1.028073E-01	0.000000E+00
1.052069E-01	0.000000E+00
1.076624E-01	0.000000E+00
1.101753E-01	0.000000E+00
1.127468E-01	0.000000E+00
1.153783E-01	0.000000E+00
1.180713E-01	0.000000E+00
1.208271E-01	0.000000E+00
1.236472E-01	0.000000E+00
1.265332E-01	0.000000E+00
1.294865E-01	0.000000E+00
1.325087E-01	0.000000E+00
1.356015E-01	0.000000E+00
1.387665E-01	0.000000E+00
1.420053E-01	0.000000E+00
1.453198E-01	0.000000E+00
1.487115E-01	0.000000E+00
1.521825E-01	0.000000E+00
1.557345E-01	0.000000E+00
1.593694E-01	0.000000E+00
1.630891E-01	0.000000E+00
1.668956E-01	0.000000E+00
1.707910E-01	0.000000E+00
1.747773E-01	0.000000E+00
1.788566E-01	0.000000E+00
1.830312E-01	0.000000E+00
1.873032E-01	0.000000E+00
1.916748E-01	0.000000E+00
1.961486E-01	0.000000E+00
2.007267E-01	0.000000E+00
2.054117E-01	0.000000E+00
2.102061E-01	0.000000E+00
2.151123E-01	0.000000E+00
2.201331E-01	0.000000E+00
2.252711E-01	0.000000E+00
2.305289E-01	0.000000E+00
2.359095E-01	0.000000E+00
2.414157E-01	0.000000E+00
2.470504E-01	0.000000E+00
2.528166E-01	0.000000E+00
2.587174E-01	0.000000E+00
2.647559E-01	0.000000E+00
2.709354E-01	0.000000E+00
2.772591E-01	0.000000E+00
2.837304E-01	0.000000E+00
2.903527E-01	0.000000E+00
2.971296E-01	0.000000E+00
3.040646E-01	0.000000E+00
3.111616E-01	0.000000E+00
3.184242E-01	0.000000E+00
3.258562E-01	0.000000E+00
3.334618E-01	0.000000E+00
3.412449E-01	0.000000E+00
3.492096E-01	0.000000E+00
3.573602E-01	0.000000E+00
3.657011E-01	0.000000E+00
3.742366E-01	0.000000E+00
3.829714E-01	0.000000E+00
3.919100E-01	0.000000E+00
4.010573E-01	0.000000E+00
4.104181E-01	0.000000E+00
4.199973E-01	0.000000E+00
4.298001E-01	0.000000E+00
4.398317E-01	0.000000E+00
4.500975E-01	0.000000E+00
4.606029E-01	0.000000E+00
4.713535E-01	0.000000E+00
4.823549E-01	0.000000E+00
4.936132E-01	0.000000E+00
5.051342E-01	0.000000E+00
5.169242E-01	0.000000E+00
5.289893E-01	0.000000E+00
5.413360E-01	0.000000E+00
5.539709E-01	0.000000E+00
5.669007E-01	0.000000E+00
5.801323E-01	0.000000E+00
5.936727E-01	0.000000E+00
6.075292E-01	0.000000E+00
6.217090E-01	0.000000E+00
6.362198E-01	0.000000E+00
6.510694E-01	0.000000E+00
6.662655E-01	0.000000E+00
6.818162E-01	0.000000E+00
6.977300E-01	0.000000E+00
7.140151E-01	0.000000E+00
7.306804E-01	0.000000E+00
7.477346E-01	0.000000E+00
7.651869E-01	0.000000E+00
7.830465E-01	0.000000E+00
8.013230E-01	0.000000E+00
8.200261E-01	0.000000E+00
8.391656E-01	0.000000E+00
8.587519E-01	0.000000E+00
8.787954E-01	0.000000E+00
8.993067E-01	0.000000E+00
9.202967E-01	0.000000E+00
9.417766E-01	0.000000E+00
9.637579E-01	0.000000E+00
9.862522E-01	0.000000E+00
1.009272E+00	0.000000E+00
1.032828E+00	0.000000E+00
1.056935E+00	0.000000E+00
1.081604E+00	0.000000E+00
1.106848E+00	0.000000E+00
1.132683E+00	0.000000E+00
1.159120E+00	0.000000E+00
1.186174E+00	0.000000E+00
1.213859E+00	0.000000E+00
1.242191E+00	0.000000E+00
1.271184E+00	0.000000E+00
1.300854E+00	0.000000E+00
1.331216E+00	0.000000E+00
1.362287E+00	0.000000E+00
1.394083E+00	0.000000E+00
1.426621E+00	0.000000E+00
1.459919E+00	0.000000E+00
1.493993E+00	0.000000E+00
1.528864E+00	0.000000E+00
1.564548E+00	0.000000E+00
1.601064E+00	0.000000E+00
1.638434E+00	0.000000E+00
1.676675E+00	0.000000E+00
1.715809E+00	0.000000E+00
1.755856E+00	0.000000E+00
1.796838E+00	0.000000E+00
1.838777E+00	0.000000E+00
1.881694E+00	0.000000E+00
1.925614E+00	0.000000E+00
1.970558E+00	0.000000E+00
2.016551E+00	0.000000E+00
2.063618E+00	0.000000E+00
2.111783E+00	0.000000E+00
2.161073E+00	0.000000E+00
2.211512E+00	0.000000E+00
2.263130E+00	0.000000E+00
2.315951E+00	0.000000E+00
2.370006E+00	0.000000E+00
2.425323E+00	0.000000E+00
2.481930E+00	7.179424E-22
2.539859E+00	3.247775E-21
2.599140E+00	7.542922E-21
2.659804E+00	1.353402E-20
2.721885E+00	2.114690E-20
2.785414E+00	3.030418E-20
2.850426E+00	4.092624E-20
2.916956E+00	5.293186E-20
2.985038E+00	6.623874E-20
3.054710E+00	8.076396E-20
3.126007E+00	9.642431E-20
3.198969E+00	1.131367E-19
3.273634E+00	1.308183E-19
3.350041E+00	1.493872E-19
3.428231E+00	1.687620E-19
3.508247E+00	1.888629E-19
3.590130E+00	2.096110E-19
3.673925E+00	2.309293E-19
3.759675E+00	2.527422E-19
3.847427E+00	2.749762E-19
3.937226E+00	2.975597E-19
4.029122E+00	3.204233E-19
4.123163E+00	3.434996E-19
4.219398E+00	3.667237E-19
4.317880E+00	3.900332E-19
4.418660E+00	4.133679E-19
4.521792E+00	4.366704E-19
4.627332E+00	4.598857E-19
4.735335E+00	4.829613E-19
4.845859E+00	5.058477E-19
4.958962E+00	5.284975E-19
5.074705E+00	5.508664E-19
5.193150E+00	5.729125E-19
5.314359E+00	5.945964E-19
5.438397E+00	6.158816E-19
5.565331E+00	6.367340E-19
5.695227E+00	6.571218E-19
5.828155E+00	6.770161E-19
5.964185E+00	6.963901E-19
6.103390E+00	7.152195E-19
6.245845E+00	7.334823E-19
6.391624E+00	7.511588E-19
6.540806E+00	7.682315E-19
6.693470E+00	7.846850E-19
6.849697E+00	8.005059E-19
7.009570E+00	8.156829E-19
7.173175E+00	8.302065E-19
7.340598E+00	8.440691E-19
7.511929E+00	8.572648E-19
7.687260E+00	8.697896E-19
7.866682E+00	8.816408E-19
8.050292E+00	8.928174E-19
8.238187E+00	9.033197E-19
8.430468E+00	9.131497E-19
8.627237E+00	9.223103E-19
8.828599E+00	9.308058E-19
9.034660E+00	9.386417E-19
9.245531E+00	9.458245E-19
9.461324E+00	9.523616E-19
9.682153E+00	9.582615E-19
9.908137E+00	9.635335E-19
1.013939E+01	9.681876E-19
1.037605E+01	9.722346E-19
1.061823E+01	9.756859E-19
1.086606E+01	9.785535E-19
1.111968E+01	9.808501E-19
1.137921E+01	9.825887E-19
1.164481E+01	9.837828E-19
1.191660E+01	9.844461E-19
1.219473E+01	9.845930E-19
1.247936E+01	9.842377E-19
1.277063E+01	9.833950E-19
1.306870E+01	9.820797E-19
1.337373E+01	9.803068E-19
1.368587E+01	9.780914E-19
1.400531E+01	9.754486E-19
1.433219E+01	9.723936E-19
1.466671E+01	9.689415E-19
1.500903E+01	9.651076E-19
1.535935E+01	9.609068E-19
1.571784E+01	9.563542E-19
1.608469E+01	9.514645E-19
1.646012E+01	9.462526E-19
1.684430E+01	9.407329E-19
1.723745E+01	9.349199E-19
1.763977E+01	9.288277E-19
1.805149E+01	9.224702E-19
1.847281E+01	9.158612E-19
1.890397E+01	9.090142E-19
1.934520E+01	9.019424E-19
1.979672E+01	8.946588E-19
2.025878E+01	8.871759E-19
2.073162E+01	8.795063E-19
2.121550E+01	8.716620E-19
2.171068E+01	8.636549E-19
2.221741E+01	8.554964E-19
2.273597E+01	8.471977E-19
2.326663E+01	8.387698E-19
2.380968E+01	8.302231E-19
2.436540E+01	8.215680E-19
2.493409E+01	8.128145E-19
2.551606E+01	8.039720E-19
2.611161E+01	7.950501E-19
2.672106E+01	7.860576E-19
2.734474E+01	7.770033E-19
2.798297E+01	7.678956E-19
2.863610E+01	7.587426E-19
2.930447E+01	7.495521E-19
2.998844E+01	7.403316E-19
3.068838E+01	7.310882E-19
3.140465E+01	7.218290E-19
3.213764E+01	7.125606E-19
3.288774E+01	7.032892E-19
3.365535E+01	6.940211E-19
3.444087E+01	6.847620E-19
3.524473E+01	6.755175E-19
3.606735E+01	6.662929E-19
3.690917E+01	6.570933E-19
3.777064E+01	6.479234E-19
3.865221E+01	6.387879E-19
3.955436E+01	6.296911E-19
4.047757E+01	6.206371E-19
4.142232E+01	6.116298E-19
4.238913E+01	6.026729E-19
4.337850E+01	5.937699E-19
4.439097E+01	5.849242E-19
4.542706E+01	5.761386E-19
4.648734E+01	5.674163E-19
4.757236E+01	5.587598E-19
4.868271E+01	5.501718E-19
4.981898E+01	5.416546E-19
5.098176E+01	5.332104E-19
5.217169E+01	5.248413E-19
5.338938E+01	5.165492E-19
5.463550E+01	5.083358E-19
5.591071E+01	5.002028E-19
5.721568E+01	4.921516E-19
5.855110E+01	4.841836E-19
5.991770E+01	4.762999E-19
6.131619E+01	4.685018E-19
6.274732E+01	4.607901E-19
6.421186E+01	4.531658E-19
6.571058E+01	4.456296E-19
6.724427E+01	4.381822E-19
6.881377E+01	4.308242E-19
7.041990E+01	4.235560E-19
7.206351E+01	4.163780E-19
7.374549E+01	4.092906E-19
7.546673E+01	4.022939E-19
7.722814E+01	3.953881E-19
7.903066E+01	3.885733E-19
8.087525E+01	3.818494E-19
8.276289E+01	3.752165E-19
8.469460E+01	3.686744E-19
8.667139E+01	3.622229E-19
8.869432E+01	3.558618E-19
9.076446E+01	3.495908E-19
9.288292E+01	3.434095E-19
9.505083E+01	3.373176E-19
9.726934E+01	3.313146E-19
9.953962E+01	3.254000E-19
1.018629E+02	3.195734E-19
1.042404E+02	3.138342E-19
1.066734E+02	3.081818E-19
1.091632E+02	3.026156E-19
1.117111E+02	2.971349E-19
1.143184E+02	2.917391E-19
1.169866E+02	2.864274E-19
1.197171E+02	2.811992E-19
1.225114E+02	2.760537E-19
1.253708E+02	2.709901E-19
1.282970E+02	2.660077E-19
1.312915E+02	2.611056E-19
1.343558E+02	2.562830E-19
1.374917E+02	2.515390E-19
1.407008E+02	2.468730E-19
1.439848E+02	2.422839E-19
1.473454E+02	2.377709E-19
1.507845E+02	2.333331E-19
1.543038E+02	2.289697E-19
1.579053E+02	2.246798E-19
1.615909E+02	2.204624E-19
1.653624E+02	2.163167E-19
1.692220E+02	2.122417E-19
1.731717E+02	2.082366E-19
1.772136E+02	2.043004E-19
1.813498E+02	2.004322E-19
1.855825E+02	1.966312E-19
1.899141E+02	1.928963E-19
1.943467E+02	1.892267E-19
1.988828E+02	1.856215E-19
2.035248E+02	1.820798E-19
2.082751E+02	1.786007E-19
2.131362E+02	1.751832E-19
2.181109E+02	1.718265E-19
2.232016E+02	1.685297E-19
2.284112E+02	1.652918E-19
2.337424E+02	1.621121E-19
2.391980E+02	1.589896E-19
2.447809E+02	1.559234E-19
2.504942E+02	1.529128E-19
2.563407E+02	1.499568E-19
2.623238E+02	1.470546E-19
2.684465E+02	1.442053E-19
2.747121E+02	1.414081E-19
2.811239E+02	1.386622E-19
2.876854E+02	1.359667E-19
2.944000E+02	1.333209E-19
3.012714E+02	1.307240E-19
3.083031E+02	1.281750E-19
3.154990E+02	1.256733E-19
3.228628E+02	1.232181E-19
3.303985E+02	1.208086E-19
3.381101E+02	1.184440E-19
3.460016E+02	1.161236E-19
3.540774E+02	1.138467E-19
3.623416E+02	1.116124E-19
3.707988E+02	1.094202E-19
3.794533E+02	1.072691E-19
3.883098E+02	1.051587E-19
3.973730E+02	1.030881E-19
4.066478E+02	1.010567E-19
4.161391E+02	9.906374E-20
4.258518E+02	9.710861E-20
4.357913E+02	9.519065E-20
4.459628E+02	9.330919E-20
4.563716E+02	9.146359E-20
4.670234E+02	8.965321E-20
4.779239E+02	8.787744E-20
4.890787E+02	8.613566E-20
5.004939E+02	8.442725E-20
5.121755E+02	8.275163E-20
5.241298E+02	8.110821E-20
5.363631E+02	7.949640E-20
5.488820E+02	7.791563E-20
5.616930E+02	7.636535E-20
5.748030E+02	7.484500E-20
5.882190E+02	7.335403E-20
6.019482E+02	7.189191E-20
6.159978E+02	7.045811E-20
6.303753E+02	6.905212E-20
6.450884E+02	6.767341E-20
6.601449E+02	6.632150E-20
6.755528E+02	6.499588E-20
6.913204E+02	6.369607E-20
7.074559E+02	6.242159E-20
7.239681E+02	6.117197E-20
7.408657E+02	5.994675E-20
7.581576E+02	5.874547E-20
7.758532E+02	5.756769E-20
7.939618E+02	5.641296E-20
8.124930E+02	5.528085E-20
8.314568E+02	5.417095E-20
8.508632E+02	5.308283E-20
8.707225E+02	5.201607E-20
8.910453E+02	5.097029E-20
9.118425E+02	4.994508E-20
9.331251E+02	4.894005E-20
9.549045E+02	4.795482E-20
9.771921E+02	4.698901E-20
1.000000E+03	4.604226E-20
------------------------------

IONIZATION
Ar(2p1) -> Ar(+)
2.281000E+00
SPECIES: e / Ar(2p1)
PROCESS: E + Ar(2p1) -> E + E + Ar(+), Ionization
PARAM.: E = 2.3 eV
COMMENT: Semi-empirical formula for step-wise ionization from Deutsch et al, 2003.
COLUMNS: Energy (eV) | Cross section (m2)
------------------------------
1.000000E-02	0.000000E+00
1.023340E-02	0.000000E+00
1.047225E-02	0.000000E+00
1.071668E-02	0.000000E+00
1.096681E-02	0.000000E+00
1.122277E-02	0.000000E+00
1.148472E-02	0.000000E+00
1.175277E-02	0.000000E+00
1.202708E-02	0.000000E+00
1.230780E-02	0.000000E+00
1.259506E-02	0.000000E+00
1.288904E-02	0.000000E+00
1.318987E-02	0.000000E+00
1.349772E-02	0.000000E+00
1.381276E-02	0.000000E+00
1.413516E-02	0.000000E+00
1.446507E-02	0.000000E+00
1.480269E-02	0.000000E+00
1.514819E-02	0.000000E+00
1.550175E-02	0.000000E+00
1.586357E-02	0.000000E+00
1.623382E-02	0.000000E+00
1.661273E-02	0.000000E+00
1.700047E-02	0.000000E+00
1.739726E-02	0.000000E+00
1.780332E-02	0.000000E+00
1.821885E-02	0.000000E+00
1.864409E-02	0.000000E+00
1.907924E-02	0.000000E+00
1.952456E-02	0.000000E+00
1.998026E-02	0.000000E+00
2.044661E-02	0.000000E+00
2.092383E-02	0.000000E+00
2.141220E-02	0.000000E+00
2.191197E-02	0.000000E+00
2.242340E-02	0.000000E+00
2.294676E-02	0.000000E+00
2.348235E-02	0.000000E+00
2.403043E-02	0.000000E+00
2.459130E-02	0.000000E+00
2.516527E-02	0.000000E+00
2.575263E-02	0.000000E+00
2.635371E-02	0.000000E+00
2.696881E-02	0.000000E+00
2.759826E-02	0.000000E+00
2.824241E-02	0.000000E+00
2.890160E-02	0.000000E+00
2.957617E-02	0.000000E+00
3.026648E-02	0.000000E+00
3.097291E-02	0.000000E+00
3.169582E-02	0.000000E+00
3.243561E-02	0.000000E+00
3.319266E-02	0.000000E+00
3.396739E-02	0.000000E+00
3.476019E-02	0.000000E+00
3.557150E-02	0.000000E+00
3.640175E-02	0.000000E+00
3.725137E-02	0.000000E+00
3.812083E-02	0.000000E+00
3.901058E-02	0.000000E+00
3.992109E-02	0.000000E+00
4.085286E-02	0.000000E+00
4.180637E-02	0.000000E+00
4.278214E-02	0.000000E+00
4.378069E-02	0.000000E+00
4.480254E-02	0.000000E+00
4.584824E-02	0.000000E+00
4.691835E-02	0.000000E+00
4.801343E-02	0.000000E+00
4.913407E-02	0.000000E+00
5.028087E-02	0.000000E+00
5.145444E-02	0.000000E+00
5.265540E-02	0.000000E+00
5.388438E-02	0.000000E+00
5.514206E-02	0.000000E+00
5.642908E-02	0.000000E+00
5.774615E-02	0.000000E+00
5.909396E-02	0.000000E+00
6.047322E-02	0.000000E+00
6.188468E-02	0.000000E+00
6.332908E-02	0.000000E+00
6.480720E-02	0.000000E+00
6.631981E-02	0.000000E+00
6.786773E-02	0.000000E+00
6.945178E-02	0.000000E+00
7.107280E-02	0.000000E+00
7.273165E-02	0.000000E+00
7.442922E-02	0.000000E+00
7.616642E-02	0.000000E+00
7.794416E-02	0.000000E+00
7.976339E-02	0.000000E+00
8.162509E-02	0.000000E+00
8.353023E-02	0.000000E+00
8.547985E-02	0.000000E+00
8.747496E-02	0.000000E+00
8.951665E-02	0.000000E+00
9.160598E-02	0.000000E+00
9.374409E-02	0.000000E+00
9.593209E-02	0.000000E+00
9.817117E-02	0.000000E+00
1.004625E-01	0.000000E+00
1.028073E-01	0.000000E+00
1.052069E-01	0.000000E+00
1.076624E-01	0.000000E+00
1.101753E-01	0.000000E+00
1.127468E-01	0.000000E+00
1.153783E-01	0.000000E+00
1.180713E-01	0.000000E+00
1.208271E-01	0.000000E+00
1.236472E-01	0.000000E+00
1.265332E-01	0.000000E+00
1.294865E-01	0.000000E+00
1.325087E-01	0.000000E+00
1.356015E-01	0.000000E+00
1.387665E-01	0.000000E+00
1.420053E-01	0.000000E+00
1.453198E-01	0.000000E+00
1.487115E-01	0.000000E+00
1.521825E-01	0.000000E+00
1.557345E-01	0.000000E+00
1.593694E-01	0.000000E+00
1.630891E-01	0.000000E+00
1.668956E-01	0.000000E+00
1.707910E-01	0.000000E+00
1.747773E-01	0.000000E+00
1.788566E-01	0.000000E+00
1.830312E-01	0.000000E+00
1.873032E-01	0.000000E+00
1.916748E-01	0.000000E+00
1.961486E-01	0.000000E+00
2.007267E-01	0.000000E+00
2.054117E-01	0.000000E+00
2.102061E-01	0.000000E+00
2.151123E-01	0.000000E+00
2.201331E-01	0.000000E+00
2.252711E-01	0.000000E+00
2.305289E-01	0.000000E+00
2.359095E-01	0.000000E+00
2.414157E-01	0.000000E+00
2.470504E-01	0.000000E+00
2.528166E-01	0.000000E+00
2.587174E-01	0.000000E+00
2.647559E-01	0.000000E+00
2.709354E-01	0.000000E+00
2.772591E-01	0.000000E+00
2.837304E-01	0.000000E+00
2.903527E-01	0.000000E+00
2.971296E-01	0.000000E+00
3.040646E-01	0.000000E+00
3.111616E-01	0.000000E+00
3.184242E-01	0.000000E+00
3.258562E-01	0.000000E+00
3.334618E-01	0.000000E+00
3.412449E-01	0.000000E+00
3.492096E-01	0.000000E+00
3.573602E-01	0.000000E+00
3.657011E-01	0.000000E+00
3.742366E-01	0.000000E+00
3.829714E-01	0.000000E+00
3.919100E-01	0.000000E+00
4.010573E-01	0.000000E+00
4.104181E-01	0.000000E+00
4.199973E-01	0.000000E+00
4.298001E-01	0.000000E+00
4.398317E-01	0.000000E+00
4.500975E-01	0.000000E+00
4.606029E-01	0.000000E+00
4.713535E-01	0.000000E+00
4.823549E-01	0.000000E+00
4.936132E-01	0.000000E+00
5.051342E-01	0.000000E+00
5.169242E-01	0.000000E+00
5.289893E-01	0.000000E+00
5.413360E-01	0.000000E+00
5.539709E-01	0.000000E+00
5.669007E-01	0.000000E+00
5.801323E-01	0.000000E+00
5.936727E-01	0.000000E+00
6.075292E-01	0.000000E+00
6.217090E-01	0.000000E+00
6.362198E-01	0.000000E+00
6.510694E-01	0.000000E+00
6.662655E-01	0.000000E+00
6.818162E-01	0.000000E+00
6.977300E-01	0.000000E+00
7.140151E-01	0.000000E+00
7.306804E-01	0.000000E+00
7.477346E-01	0.000000E+00
7.651869E-01	0.000000E+00
7.830465E-01	0.000000E+00
8.013230E-01	0.000000E+00
8.200261E-01	0.000000E+00
8.391656E-01	0.000000E+00
8.587519E-01	0.000000E+00
8.787954E-01	0.000000E+00
8.993067E-01	0.000000E+00
9.202967E-01	0.000000E+00
9.417766E-01	0.000000E+00
9.637579E-01	0.000000E+00
9.862522E-01	0.000000E+00
1.009272E+00	0.000000E+00
1.032828E+00	0.000000E+00
1.056935E+00	0.000000E+00
1.081604E+00	0.000000E+00
1.106848E+00	0.000000E+00
1.132683E+00	0.000000E+00
1.159120E+00	0.000000E+00
1.186174E+00	0.000000E+00
1.213859E+00	0.000000E+00
1.242191E+00	0.000000E+00
1.271184E+00	0.000000E+00
1.300854E+00	0.000000E+00
1.331216E+00	0.000000E+00
1.362287E+00	0.000000E+00
1.394083E+00	0.000000E+00
1.426621E+00	0.000000E+00
1.459919E+00	0.000000E+00
1.493993E+00	0.000000E+00
1.528864E+00	0.000000E+00
1.564548E+00	0.000000E+00
1.601064E+00	0.000000E+00
1.638434E+00	0.000000E+00
1.676675E+00	0.000000E+00
1.715809E+00	0.000000E+00
1.755856E+00	0.000000E+00
1.796838E+00	0.000000E+00
1.838777E+00	0.000000E+00
1.881694E+00	0.000000E+00
1.925614E+00	0.000000E+00
1.970558E+00	0.000000E+00
2.016551E+00	0.000000E+00
2.063618E+00	0.000000E+00
2.111783E+00	0.000000E+00
2.161073E+00	0.000000E+00
2.211512E+00	0.000000E+00
2.263130E+00	0.000000E+00
2.315951E+00	4.290761E-22
2.370006E+00	2.699810E-21
2.425323E+00	6.868087E-21
2.481930E+00	1.286152E-20
2.539859E+00	2.060196E-20
2.599140E+00	3.000757E-20
2.659804E+00	4.099392E-20
2.721885E+00	5.347474E-20
2.785414E+00	6.736250E-20
2.850426E+00	8.256889E-20
2.916956E+00	9.900523E-20
2.985038E+00	1.165829E-19
3.054710E+00	1.352134E-19
3.126007E+00	1.548093E-19
3.198969E+00	1.752836E-19
3.273634E+00	1.965507E-19
3.350041E+00	2.185265E-19
3.428231E+00	2.411282E-19
3.508247E+00	2.642751E-19
3.590130E+00	2.878881E-19
3.673925E+00	3.118904E-19
3.759675E+00	3.362076E-19
3.847427E+00	3.607673E-19
3.937226E+00	3.854997E-19
4.029122E+00	4.103377E-19
4.123163E+00	4.352166E-19
4.219398E+00	4.600745E-19
4.317880E+00	4.848521E-19
4.418660E+00	5.094930E-19
4.521792E+00	5.339436E-19
4.627332E+00	5.581529E-19
4.735335E+00	5.820730E-19
4.845859E+00	6.056585E-19
4.958962E+00	6.288670E-19
5.074705E+00	6.516588E-19
5.193150E+00	6.739969E-19
5.314359E+00	6.958469E-19
5.438397E+00	7.171774E-19
5.565331E+00	7.379593E-19
5.695227E+00	7.581660E-19
5.828155E+00	7.777737E-19
5.964185E+00	7.967607E-19
6.103390E+00	8.151079E-19
6.245845E+00	8.327982E-19
6.391624E+00	8.498171E-19
6.540806E+00	8.661520E-19
6.693470E+00	8.817923E-19
6.849697E+00	8.967294E-19
7.009570E+00	9.109568E-19
7.173175E+00	9.244697E-19
7.340598E+00	9.372648E-19
7.511929E+00	9.493407E-19
7.687260E+00	9.606976E-19
7.866682E+00	9.713371E-19
8.050292E+00	9.812620E-19
8.238187E+00	9.904767E-19
8.430468E+00	9.989867E-19
8.627237E+00	1.006799E-18
8.828599E+00	1.013921E-18
9.034660E+00	1.020361E-18
9.245531E+00	1.026129E-18
9.461324E+00	1.031237E-18
9.682153E+00	1.035694E-18
9.908137E+00	1.039514E-18
1.013939E+01	1.042708E-18
1.037605E+01	1.045290E-18
1.061823E+01	1.047275E-18
1.086606E+01	1.048675E-18
1.111968E+01	1.049507E-18
1.137921E+01	1.049784E-18
1.164481E+01	1.049523E-18
1.191660E+01	1.048738E-18
1.219473E+01	1.047446E-18
1.247936E+01	1.045663E-18
1.277063E+01	1.043404E-18
1.306870E+01	1.040686E-18
1.337373E+01	1.037524E-18
1.368587E+01	1.033936E-18
1.400531E+01	1.029938E-18
1.433219E+01	1.025544E-18
1.466671E+01	1.020772E-18
1.500903E+01	1.015637E-18
1.535935E+01	1.010155E-18
1.571784E+01	1.004341E-18
1.608469E+01	9.982112E-19
1.646012E+01	9.917804E-19
1.684430E+01	9.850635E-19
1.723745E+01	9.780752E-19
1.763977E+01	9.708300E-19
1.805149E+01	9.633420E-19
1.847281E+01	9.556251E-19
1.890397E+01	9.476928E-19
1.934520E+01	9.395585E-19
1.979672E+01	9.312352E-19
2.025878E+01	9.227354E-19
2.073162E+01	9.140716E-19
2.121550E+01	9.052557E-19
2.171068E+01	8.962994E-19
2.221741E+01	8.872140E-19
2.273597E+01	8.780107E-19
2.326663E+01	8.687000E-19
2.380968E+01	8.592924E-19
2.436540E+01	8.497977E-19
2.493409E+01	8.402258E-19
2.551606E+01	8.305860E-19
2.611161E+01	8.208873E-19
2.672106E+01	8.111383E-19
2.734474E+01	8.013476E-19
2.798297E+01	7.915231E-19
2.863610E+01	7.816726E-19
2.930447E+01	7.718036E-19
2.998844E+01	7.619231E-19
3.068838E+01	7.520382E-19
3.140465E+01	7.421552E-19
3.213764E+01	7.322805E-19
3.288774E+01	7.224201E-19
3.365535E+01	7.125796E-19
3.444087E+01	7.027646E-19
3.524473E+01	6.929802E-19
3.606735E+01	6.832314E-19
3.690917E+01	6.735229E-19
3.777064E+01	6.638590E-19
3.865221E+01	6.542441E-19
3.955436E+01	6.446820E-19
4.047757E+01	6.351766E-19
4.142232E+01	6.257314E-19
4.238913E+01	6.163498E-19
4.337850E+01	6.070348E-19
4.439097E+01	5.977895E-19
4.542706E+01	5.886166E-19
4.648734E+01	5.795186E-19
4.757236E+01	5.704980E-19
4.868271E+01	5.615569E-19
4.981898E+01	5.526975E-19
5.098176E+01	5.439216E-19
5.217169E+01	5.352311E-19
5.338938E+01	5.266274E-19
5.463550E+01	5.181121E-19
5.591071E+01	5.096865E-19
5.721568E+01	5.013519E-19
5.855110E+01	4.931092E-19
5.991770E+01	4.849594E-19
6.131619E+01	4.769034E-19
6.274732E+01	4.689420E-19
6.421186E+01	4.610757E-19
6.571058E+01	4.533050E-19
6.724427E+01	4.456305E-19
6.881377E+01	4.380525E-19
7.041990E+01	4.305711E-19
7.206351E+01	4.231867E-19
7.374549E+01	4.158992E-19
7.546673E+01	4.087088E-19
7.722814E+01	4.016153E-19
7.903066E+01	3.946186E-19
8.087525E+01	3.877187E-19
8.276289E+01	3.809151E-19
8.469460E+01	3.742077E-19
8.667139E+01	3.675960E-19
8.869432E+01	3.610797E-19
9.076446E+01	3.546583E-19
9.288292E+01	3.483314E-19
9.505083E+01	3.420983E-19
9.726934E+01	3.359586E-19
9.953962E+01	3.299115E-19
1.018629E+02	3.239565E-19
1.042404E+02	3.180928E-19
1.066734E+02	3.123198E-19
1.091632E+02	3.066367E-19
1.117111E+02	3.010427E-19
1.143184E+02	2.955371E-19
1.169866E+02	2.901190E-19
1.197171E+02	2.847876E-19
1.225114E+02	2.795421E-19
1.253708E+02	2.743815E-19
1.282970E+02	2.693050E-19
1.312915E+02	2.643117E-19
1.343558E+02	2.594007E-19
1.374917E+02	2.545711E-19
1.407008E+02	2.498218E-19
1.439848E+02	2.451521E-19
1.473454E+02	2.405609E-19
1.507845E+02	2.360472E-19
1.543038E+02	2.316102E-19
1.579053E+02	2.272488E-19
1.615909E+02	2.229621E-19
1.653624E+02	2.187492E-19
1.692220E+02	2.146089E-19
1.731717E+02	2.105405E-19
1.772136E+02	2.065428E-19
1.813498E+02	2.026149E-19
1.855825E+02	1.987560E-19
1.899141E+02	1.949649E-19
1.943467E+02	1.912407E-19
1.988828E+02	1.875825E-19
2.035248E+02	1.839893E-19
2.082751E+02	1.804601E-19
2.131362E+02	1.769941E-19
2.181109E+02	1.735902E-19
2.232016E+02	1.702475E-19
2.284112E+02	1.669652E-19
2.337424E+02	1.637422E-19
2.391980E+02	1.605776E-19
2.447809E+02	1.574707E-19
2.504942E+02	1.544203E-19
2.563407E+02	1.514257E-19
2.623238E+02	1.484860E-19
2.684465E+02	1.456003E-19
2.747121E+02	1.427676E-19
2.811239E+02	1.399873E-19
2.876854E+02	1.372583E-19
2.944000E+02	1.345799E-19
3.012714E+02	1.319513E-19
3.083031E+02	1.293715E-19
3.154990E+02	1.268398E-19
3.228628E+02	1.243555E-19
3.303985E+02	1.219176E-19
3.381101E+02	1.195254E-19
3.460016E+02	1.171781E-19
3.540774E+02	1.148750E-19
3.623416E+02	1.126154E-19
3.707988E+02	1.103983E-19
3.794533E+02	1.082232E-19
3.883098E+02	1.060893E-19
3.973730E+02	1.039959E-19
4.066478E+02	1.019422E-19
4.161391E+02	9.992765E-20
4.258518E+02	9.795146E-20
4.357913E+02	9.601297E-20
4.459628E+02	9.411152E-20
4.563716E+02	9.224645E-20
4.670234E+02	9.041711E-20
4.779239E+02	8.862287E-20
4.890787E+02	8.686310E-20
5.004939E+02	8.513717E-20
5.121755E+02	8.344447E-20
5.241298E+02	8.178440E-20
5.363631E+02	8.015638E-20
5.488820E+02	7.855981E-20
5.616930E+02	7.699413E-20
5.748030E+02	7.545877E-20
5.882190E+02	7.395317E-20
6.019482E+02	7.247680E-20
6.159978E+02	7.102910E-20
6.303753E+02	6.960955E-20
6.450884E+02	6.821764E-20
6.601449E+02	6.685285E-20
6.755528E+02	6.551467E-20
6.913204E+02	6.420261E-20
7.074559E+02	6.291619E-20
7.239681E+02	6.165492E-20
7.408657E+02	6.041834E-20
7.581576E+02	5.920598E-20
7.758532E+02	5.801740E-20
7.939618E+02	5.685213E-20
8.124930E+02	5.570974E-20
8.314568E+02	5.458981E-20
8.508632E+02	5.349190E-20
8.707225E+02	5.241560E-20
8.910453E+02	5.136051E-20
9.118425E+02	5.032621E-20
9.331251E+02	4.931231E-20
9.549045E+02	4.831842E-20
9.771921E+02	4.734417E-20
1.000000E+03	4.638918E-20
------------------------------



EXCITATION
Ar3 -> Ar2
 1.050000e-1
SPECIES: e / Ar3
PROCESS: E + Ar3 -> E + Ar2, Excitation
PARAM.:  E = 0.105 eV
UPDATED: 2016-05-29 13:48:13
COLUMNS: Energy (eV) | Cross section (m2)
-----------------------------
 1.048130e-1	0.000000e+0
 1.137910e-1	2.110610e-19
 1.273970e-1	4.206610e-19
 1.410020e-1	5.649330e-19
 1.546080e-1	7.032680e-19
 1.682130e-1	7.640270e-19
 1.818190e-1	7.961800e-19
 1.954240e-1	8.087130e-19
 2.090300e-1	8.082190e-19
 2.226360e-1	7.992970e-19
 2.362410e-1	7.852390e-19
 2.498470e-1	7.679430e-19
 2.634520e-1	7.489410e-19
 2.770580e-1	7.291540e-19
 2.906630e-1	7.092160e-19
 3.042690e-1	6.894730e-19
 3.178740e-1	6.702010e-19
 3.314800e-1	6.515280e-19
 3.450850e-1	6.335260e-19
 3.586910e-1	6.162340e-19
 3.722960e-1	5.996880e-19
 3.859020e-1	5.837950e-19
 3.995070e-1	5.685710e-19
 4.131130e-1	5.539820e-19
 4.267180e-1	5.399940e-19
 4.403240e-1	5.265770e-19
 4.539290e-1	5.136930e-19
 4.675350e-1	5.013150e-19
 4.811400e-1	4.894120e-19
 4.947460e-1	4.779560e-19
 5.083510e-1	4.669260e-19
 5.219570e-1	4.562920e-19
 5.355620e-1	4.460480e-19
 5.491680e-1	4.361630e-19
 5.627730e-1	4.266390e-19
 5.763790e-1	4.174230e-19
 5.899840e-1	4.085320e-19
 6.035900e-1	3.999510e-19
 6.171950e-1	3.916640e-19
 6.308010e-1	3.836600e-19
 6.444060e-1	3.759280e-19
 6.580120e-1	3.684600e-19
 6.716170e-1	3.612470e-19
 6.852230e-1	3.542790e-19
 6.988280e-1	3.475480e-19
 7.124340e-1	3.410460e-19
 7.260390e-1	3.347670e-19
 7.396450e-1	3.287000e-19
 7.532500e-1	3.228270e-19
 7.668560e-1	3.171690e-19
 7.804610e-1	3.116940e-19
 7.940670e-1	3.064100e-19
 8.076720e-1	3.013030e-19
 8.212780e-1	2.963680e-19
 8.348830e-1	2.915990e-19
 8.484890e-1	2.869850e-19
 8.620940e-1	2.825250e-19
 8.757000e-1	2.782110e-19
 8.893050e-1	2.740510e-19
 9.029110e-1	2.699920e-19
 9.165160e-1	2.660850e-19
 9.301220e-1	2.622970e-19
 9.437270e-1	2.586260e-19
 9.573330e-1	2.550710e-19
 9.709380e-1	2.516240e-19
 9.845440e-1	2.482700e-19
 9.981490e-1	2.450430e-19
 1.011750e+0	2.418900e-19
 1.025360e+0	2.388300e-19
 1.038970e+0	2.358750e-19
 1.052570e+0	2.329950e-19
 1.066180e+0	2.302010e-19
 1.079780e+0	2.274830e-19
 1.093390e+0	2.248420e-19
 1.106990e+0	2.222760e-19
 1.120600e+0	2.197800e-19
 1.134200e+0	2.173540e-19
 1.147810e+0	2.149930e-19
 1.161420e+0	2.126970e-19
 1.175020e+0	2.104600e-19
 1.188630e+0	2.082810e-19
 1.202230e+0	2.061530e-19
 1.215840e+0	2.040800e-19
 1.229440e+0	2.020160e-19
 1.243050e+0	1.999760e-19
 1.256650e+0	1.978940e-19
 1.270260e+0	1.956370e-19
 1.283870e+0	1.928250e-19
 1.297470e+0	1.878280e-19
 1.311080e+0	2.108580e-19
 1.324680e+0	1.964670e-19
 1.338290e+0	1.928400e-19
 1.351890e+0	1.890070e-19
 1.365500e+0	1.884330e-19
 1.379100e+0	1.868550e-19
 1.392710e+0	1.845240e-19
 1.406310e+0	1.806770e-19
 1.419920e+0	1.784560e-19
 1.433530e+0	1.759810e-19
 1.447130e+0	1.728430e-19
 1.460740e+0	1.690450e-19
 1.474340e+0	1.654060e-19
 1.487950e+0	1.434890e-19
 1.501550e+0	1.422370e-19
 1.515160e+0	1.417570e-19
 1.528760e+0	1.412690e-19
 1.542370e+0	1.402410e-19
 1.555980e+0	1.394360e-19
 1.569580e+0	1.376530e-19
 1.583190e+0	1.380870e-19
 1.596790e+0	1.373760e-19
 1.610400e+0	1.358710e-19
 1.624000e+0	1.337790e-19
 1.637610e+0	1.308090e-19
 1.651210e+0	1.273890e-19
 1.664820e+0	1.244460e-19
 1.678420e+0	1.192340e-19
 1.692030e+0	1.181160e-19
 1.705640e+0	1.202790e-19
 1.719240e+0	1.327760e-19
 1.732850e+0	1.313280e-19
 1.746450e+0	1.321820e-19
 1.760060e+0	1.327900e-19
 1.773660e+0	1.352220e-19
 1.787270e+0	1.358490e-19
 1.800870e+0	1.366990e-19
 1.814480e+0	1.372190e-19
 1.828090e+0	1.403140e-19
 1.841690e+0	1.378820e-19
 1.855300e+0	1.397430e-19
 1.868900e+0	1.388150e-19
 1.882510e+0	1.356790e-19
 1.896110e+0	1.360390e-19
 1.909720e+0	1.370120e-19
 1.923320e+0	1.379110e-19
 1.936930e+0	1.385120e-19
 1.950530e+0	1.390240e-19
 1.964140e+0	1.397200e-19
 1.977750e+0	1.405390e-19
 1.991350e+0	1.421000e-19
 2.004960e+0	1.434540e-19
 2.018560e+0	1.472700e-19
 2.032170e+0	1.519770e-19
 2.045770e+0	1.610050e-19
 2.059380e+0	1.720110e-19
 2.072980e+0	1.797860e-19
 2.086590e+0	1.865160e-19
 2.100200e+0	1.985290e-19
 2.113800e+0	2.077260e-19
 2.127410e+0	2.122230e-19
 2.141010e+0	2.106920e-19
 2.154620e+0	2.040510e-19
 2.168220e+0	1.951620e-19
 2.181830e+0	1.854850e-19
 2.195430e+0	1.753570e-19
 2.209040e+0	1.663640e-19
 2.222650e+0	1.585470e-19
 2.236250e+0	1.519450e-19
 2.249860e+0	1.474350e-19
 2.263460e+0	1.447260e-19
 2.277070e+0	1.412930e-19
 2.290670e+0	1.363900e-19
 2.304280e+0	1.368660e-19
 2.317880e+0	1.370280e-19
 2.331490e+0	1.441390e-19
 2.345090e+0	1.381500e-19
 2.358700e+0	1.374430e-19
 2.372310e+0	1.391550e-19
 2.385910e+0	1.365730e-19
 2.399520e+0	1.379160e-19
 2.413120e+0	1.340120e-19
 2.426730e+0	1.103120e-19
 2.440330e+0	1.247890e-19
 2.453940e+0	1.237220e-19
 2.467540e+0	1.323720e-19
 2.481150e+0	1.227380e-19
 2.494760e+0	1.192130e-19
 2.508360e+0	1.127380e-19
 2.521970e+0	1.057210e-19
 2.535570e+0	9.795600e-20
 2.549180e+0	9.102320e-20
 2.562780e+0	9.386350e-20
 2.576390e+0	9.792650e-20
 2.589990e+0	9.436570e-20
 2.603600e+0	9.191320e-20
 2.617200e+0	8.904340e-20
 2.630810e+0	8.436170e-20
 2.644420e+0	7.977170e-20
 2.658020e+0	7.779280e-20
 2.671630e+0	7.475150e-20
 2.685230e+0	7.346370e-20
 2.698840e+0	7.202280e-20
 2.712440e+0	7.074280e-20
 2.726050e+0	6.702490e-20
 2.739650e+0	6.523610e-20
 2.753260e+0	6.523420e-20
 2.766870e+0	6.462110e-20
 2.780470e+0	6.402950e-20
 2.794080e+0	6.289030e-20
 2.807680e+0	6.179860e-20
 2.821290e+0	6.080880e-20
 2.834890e+0	6.015400e-20
 2.848500e+0	5.946370e-20
 2.862100e+0	5.900410e-20
 2.875710e+0	5.853430e-20
 2.889310e+0	5.789910e-20
 2.902920e+0	5.651100e-20
 2.916530e+0	5.551860e-20
 2.930130e+0	5.463720e-20
 2.943740e+0	5.357380e-20
 2.957340e+0	5.232040e-20
 2.970950e+0	5.108890e-20
 2.984550e+0	4.937380e-20
 2.998160e+0	4.820530e-20
 3.011760e+0	4.652610e-20
 3.025370e+0	4.430810e-20
 3.038980e+0	4.169460e-20
 3.052580e+0	4.248930e-20
 3.066190e+0	4.024710e-20
 3.079790e+0	3.930060e-20
 3.093400e+0	3.759640e-20
 3.107000e+0	3.773830e-20
 3.120610e+0	3.721340e-20
 3.134210e+0	3.699470e-20
 3.147820e+0	3.664320e-20
 3.161430e+0	3.671770e-20
 3.175030e+0	3.603920e-20
 3.188640e+0	3.566640e-20
 3.202240e+0	3.599520e-20
 3.215850e+0	3.614780e-20
 3.243060e+0	3.604550e-20
 3.256660e+0	3.623600e-20
 3.270270e+0	3.603690e-20
 3.283870e+0	3.590810e-20
 3.297480e+0	3.562020e-20
 3.311090e+0	3.534960e-20
 3.324690e+0	3.452670e-20
 3.338300e+0	3.445360e-20
 3.351900e+0	3.428840e-20
 3.365510e+0	3.444580e-20
 3.379110e+0	3.433210e-20
 3.392720e+0	3.455930e-20
 3.406320e+0	3.490680e-20
 3.419930e+0	3.593690e-20
 3.433540e+0	3.708790e-20
 3.460750e+0	3.744690e-20
 3.474350e+0	3.823440e-20
 3.487960e+0	3.757880e-20
 3.501560e+0	3.757390e-20
 3.515170e+0	3.827910e-20
 3.528770e+0	3.812140e-20
 3.542380e+0	3.755520e-20
 3.555980e+0	3.737940e-20
 3.569590e+0	3.685570e-20
 3.583200e+0	3.647760e-20
 3.596800e+0	3.629060e-20
 3.610410e+0	3.523680e-20
 3.624010e+0	3.468270e-20
 3.637620e+0	3.382100e-20
 3.651220e+0	3.348330e-20
 3.664830e+0	3.298390e-20
 3.692040e+0	3.206680e-20
 3.705650e+0	3.174460e-20
 3.719250e+0	3.178630e-20
 3.732860e+0	3.112240e-20
 3.746460e+0	3.031770e-20
 3.760070e+0	2.915200e-20
 3.773670e+0	2.843530e-20
 3.787280e+0	2.771610e-20
 3.800880e+0	2.697940e-20
 3.814490e+0	2.679820e-20
 3.828090e+0	2.642510e-20
 3.841700e+0	2.622610e-20
 3.855310e+0	2.556140e-20
 3.868910e+0	2.480200e-20
 3.882520e+0	2.445290e-20
 3.896120e+0	2.393720e-20
 3.909730e+0	2.348920e-20
 3.923330e+0	2.301060e-20
 3.936940e+0	2.276100e-20
 3.950540e+0	2.260970e-20
 3.964150e+0	2.214800e-20
 3.977760e+0	2.155950e-20
 3.991360e+0	2.121690e-20
 4.004970e+0	2.086820e-20
 4.018570e+0	2.066460e-20
 4.032180e+0	2.021480e-20
 4.045780e+0	1.984770e-20
 4.059390e+0	1.952280e-20
 4.072990e+0	1.922880e-20
 4.086600e+0	1.896230e-20
 4.100210e+0	1.885680e-20
 4.113810e+0	1.863910e-20
 4.277080e+0	1.696720e-20
 5.027080e+0	1.445900e-20
 5.527080e+0	1.214590e-20
 5.777080e+0	1.106410e-20
 6.277090e+0	8.797900e-21
 6.327090e+0	8.675790e-21
 6.377090e+0	8.426690e-21
 6.427090e+0	8.260980e-21
 6.527090e+0	7.853820e-21
 7.527090e+0	6.738050e-21
 8.277100e+0	5.157240e-21
 9.277100e+0	4.171560e-21
 1.027710e+1	3.287080e-21
 1.127710e+1	2.851360e-21
 1.227710e+1	2.293410e-21
 1.327710e+1	2.194410e-21
 1.827710e+1	1.506190e-21
 2.327720e+1	1.031330e-21
 2.827720e+1	6.724570e-22
 3.827720e+1	2.917940e-22
 4.827730e+1	1.522970e-22
 5.827730e+1	9.799600e-23
 6.827740e+1	6.640330e-23
 7.827740e+1	5.455750e-23
 8.827750e+1	3.878400e-23
 1.132780e+2	2.050120e-23
 1.382780e+2	1.214960e-23
 1.632780e+2	7.810680e-24
 1.882780e+2	5.285690e-24
 2.132780e+2	3.726950e-24
 2.382780e+2	2.942780e-24
 2.632780e+2	2.230000e-24
 2.882780e+2	1.750600e-24
-----------------------------

EXCITATION
Ar4 -> Ar3
 9.900000e-2
SPECIES: e / Ar4
PROCESS: E + Ar4 -> E + Ar3, Excitation
PARAM.:  E = 0.099 eV
UPDATED: 2016-05-29 13:48:12
COLUMNS: Energy (eV) | Cross section (m2)
-----------------------------
 9.911660e-2	0.000000e+0
 1.039470e-1	3.070310e-20
 1.175530e-1	1.106420e-19
 1.311580e-1	1.973250e-19
 1.447640e-1	1.063000e-19
 1.583690e-1	7.687560e-20
 1.719750e-1	6.579410e-20
 1.855800e-1	6.215480e-20
 1.991860e-1	6.451880e-20
 2.127910e-1	5.526610e-20
 2.263970e-1	4.433790e-20
 2.400020e-1	4.565010e-20
 2.536080e-1	4.801830e-20
 2.672130e-1	4.976350e-20
 2.808190e-1	5.085600e-20
 2.944240e-1	5.137750e-20
 3.080300e-1	5.146740e-20
 3.216360e-1	5.125060e-20
 3.352410e-1	5.082260e-20
 3.488470e-1	5.025650e-20
 3.624520e-1	4.960140e-20
 3.760580e-1	4.889480e-20
 3.896630e-1	4.815870e-20
 4.032690e-1	4.741180e-20
 4.168740e-1	4.666440e-20
 4.304800e-1	4.592370e-20
 4.440850e-1	4.519360e-20
 4.576910e-1	4.447700e-20
 4.712960e-1	4.377470e-20
 4.849020e-1	4.308720e-20
 4.985070e-1	4.241480e-20
 5.121130e-1	4.175620e-20
 5.257180e-1	4.111150e-20
 5.393240e-1	4.047990e-20
 5.529290e-1	3.986090e-20
 5.665350e-1	3.925340e-20
 5.801400e-1	3.865770e-20
 5.937460e-1	3.807330e-20
 6.073510e-1	3.749960e-20
 6.209570e-1	3.693650e-20
 6.345620e-1	3.638500e-20
 6.481680e-1	3.584430e-20
 6.617730e-1	3.531450e-20
 6.753790e-1	3.479500e-20
 6.889840e-1	3.428660e-20
 7.025900e-1	3.379040e-20
 7.161950e-1	3.330590e-20
 7.298010e-1	3.283270e-20
 7.434060e-1	3.237180e-20
 7.570120e-1	3.192290e-20
 7.706170e-1	3.148620e-20
 7.842230e-1	3.106180e-20
 7.978280e-1	3.064990e-20
 8.114340e-1	3.025030e-20
 8.250390e-1	2.986410e-20
 8.386450e-1	2.948930e-20
 8.522500e-1	2.912750e-20
 8.658560e-1	2.877830e-20
 8.794610e-1	2.843960e-20
 8.930670e-1	2.811370e-20
 9.066720e-1	2.779970e-20
 9.202780e-1	2.749730e-20
 9.338830e-1	2.720640e-20
 9.474890e-1	2.692570e-20
 9.610940e-1	2.665630e-20
 9.747000e-1	2.639720e-20
 9.883050e-1	2.615090e-20
 1.001910e+0	2.590840e-20
 1.015520e+0	2.567940e-20
 1.029120e+0	2.545840e-20
 1.042730e+0	2.524610e-20
 1.056330e+0	2.504220e-20
 1.069940e+0	2.484590e-20
 1.083540e+0	2.465620e-20
 1.097150e+0	2.447720e-20
 1.110750e+0	2.430110e-20
 1.124360e+0	2.413140e-20
 1.137970e+0	2.397050e-20
 1.151570e+0	2.381290e-20
 1.165180e+0	2.366120e-20
 1.178780e+0	2.351370e-20
 1.192390e+0	2.337090e-20
 1.205990e+0	2.323210e-20
 1.219600e+0	2.309660e-20
 1.233200e+0	2.296470e-20
 1.246810e+0	2.283560e-20
 1.260420e+0	2.270930e-20
 1.274020e+0	2.258540e-20
 1.287630e+0	2.246330e-20
 1.301230e+0	2.234290e-20
 1.314840e+0	2.222420e-20
 1.328440e+0	2.210350e-20
 1.342050e+0	2.198210e-20
 1.355650e+0	2.185440e-20
 1.369260e+0	2.170660e-20
 1.382870e+0	2.152420e-20
 1.396470e+0	2.134320e-20
 1.410080e+0	2.384020e-20
 1.423680e+0	2.211070e-20
 1.437290e+0	2.177120e-20
 1.450890e+0	2.089390e-20
 1.464500e+0	2.128430e-20
 1.478100e+0	2.132400e-20
 1.491710e+0	2.137050e-20
 1.505310e+0	2.160920e-20
 1.518920e+0	2.166260e-20
 1.532530e+0	2.174340e-20
 1.546130e+0	2.180310e-20
 1.559740e+0	2.180620e-20
 1.573340e+0	2.187010e-20
 1.586950e+0	1.907150e-20
 1.600550e+0	1.817440e-20
 1.614160e+0	1.808180e-20
 1.627760e+0	1.776800e-20
 1.641370e+0	1.740790e-20
 1.654980e+0	1.699010e-20
 1.668580e+0	1.660350e-20
 1.682190e+0	1.599300e-20
 1.695790e+0	1.558620e-20
 1.709400e+0	1.514600e-20
 1.723000e+0	1.476040e-20
 1.736610e+0	1.429830e-20
 1.750210e+0	1.375620e-20
 1.763820e+0	1.326100e-20
 1.777420e+0	1.210440e-20
 1.791030e+0	1.144180e-20
 1.804640e+0	1.087830e-20
 1.818240e+0	1.142430e-20
 1.831850e+0	1.170420e-20
 1.845450e+0	1.183010e-20
 1.859060e+0	1.189690e-20
 1.872660e+0	1.181580e-20
 1.886270e+0	1.191540e-20
 1.899870e+0	1.204130e-20
 1.913480e+0	1.217470e-20
 1.927090e+0	1.221000e-20
 1.940690e+0	1.261030e-20
 1.954300e+0	1.271620e-20
 1.967900e+0	1.331090e-20
 1.981510e+0	1.352050e-20
 1.995110e+0	1.366790e-20
 2.008720e+0	1.371780e-20
 2.022320e+0	1.345000e-20
 2.035930e+0	1.343400e-20
 2.049530e+0	1.341050e-20
 2.063140e+0	1.340120e-20
 2.076750e+0	1.342070e-20
 2.090350e+0	1.345320e-20
 2.103960e+0	1.348450e-20
 2.117560e+0	1.366350e-20
 2.131170e+0	1.388290e-20
 2.144770e+0	1.473180e-20
 2.158380e+0	1.572770e-20
 2.171980e+0	1.543330e-20
 2.185590e+0	1.557290e-20
 2.199200e+0	1.606010e-20
 2.212800e+0	1.644900e-20
 2.226410e+0	1.662510e-20
 2.240010e+0	1.652320e-20
 2.253620e+0	1.621060e-20
 2.267220e+0	1.580890e-20
 2.280830e+0	1.522710e-20
 2.294430e+0	1.472610e-20
 2.308040e+0	1.426270e-20
 2.321650e+0	1.386050e-20
 2.335250e+0	1.351560e-20
 2.348860e+0	1.319000e-20
 2.362460e+0	1.291480e-20
 2.376070e+0	1.306830e-20
 2.389670e+0	1.274460e-20
 2.403280e+0	1.287130e-20
 2.416880e+0	1.288040e-20
 2.430490e+0	1.307480e-20
 2.444090e+0	1.324600e-20
 2.457700e+0	1.343910e-20
 2.471310e+0	1.366930e-20
 2.484910e+0	1.291420e-20
 2.498520e+0	1.238450e-20
 2.512120e+0	1.195610e-20
 2.525730e+0	1.030020e-20
 2.539330e+0	1.421010e-20
 2.552940e+0	1.154770e-20
 2.566540e+0	1.167380e-20
 2.580150e+0	1.098360e-20
 2.593760e+0	1.115980e-20
 2.607360e+0	1.098160e-20
 2.620970e+0	1.062740e-20
 2.634570e+0	9.963040e-21
 2.648180e+0	9.454580e-21
 2.661780e+0	9.023990e-21
 2.675390e+0	9.358920e-21
 2.688990e+0	9.195970e-21
 2.702600e+0	9.245600e-21
 2.716200e+0	9.122520e-21
 2.729810e+0	8.674320e-21
 2.743420e+0	8.357620e-21
 2.757020e+0	8.111560e-21
 2.770630e+0	7.820710e-21
 2.784230e+0	7.691880e-21
 2.797840e+0	7.614570e-21
 2.811440e+0	7.465250e-21
 2.825050e+0	7.185680e-21
 2.838650e+0	7.076590e-21
 2.852260e+0	7.138810e-21
 2.865870e+0	7.155040e-21
 2.879470e+0	7.177570e-21
 2.893080e+0	7.078910e-21
 2.906680e+0	6.977420e-21
 2.920290e+0	6.891820e-21
 2.933890e+0	6.861850e-21
 2.947500e+0	6.754770e-21
 2.961100e+0	6.767350e-21
 2.974710e+0	6.788120e-21
 2.988310e+0	6.795640e-21
 3.001920e+0	6.653790e-21
 3.015530e+0	6.557450e-21
 3.029130e+0	6.492790e-21
 3.042740e+0	6.420210e-21
 3.056340e+0	6.319540e-21
 3.069950e+0	6.204010e-21
 3.083550e+0	6.085930e-21
 3.097160e+0	5.905630e-21
 3.110760e+0	5.738840e-21
 3.124370e+0	5.528070e-21
 3.137980e+0	5.276250e-21
 3.151580e+0	5.269110e-21
 3.165190e+0	5.017720e-21
 3.178790e+0	4.882590e-21
 3.192400e+0	4.607050e-21
 3.206000e+0	4.626460e-21
 3.219610e+0	4.560760e-21
 3.233210e+0	4.453460e-21
 3.246820e+0	4.354820e-21
 3.260430e+0	4.259480e-21
 3.274030e+0	4.246540e-21
 3.287640e+0	4.168300e-21
 3.301240e+0	4.153830e-21
 3.314850e+0	4.156900e-21
 3.342060e+0	4.202820e-21
 3.355660e+0	4.292580e-21
 3.369270e+0	4.296750e-21
 3.382870e+0	4.109700e-21
 3.396480e+0	4.034300e-21
 3.410090e+0	4.051620e-21
 3.423690e+0	3.906860e-21
 3.437300e+0	3.828230e-21
 3.450900e+0	3.792300e-21
 3.464510e+0	3.804620e-21
 3.478110e+0	3.765870e-21
 3.491720e+0	3.744430e-21
 3.505320e+0	3.697130e-21
 3.518930e+0	3.721220e-21
 3.532540e+0	3.822390e-21
 3.559750e+0	3.753820e-21
 3.573350e+0	3.876090e-21
 3.586960e+0	3.817060e-21
 3.600560e+0	3.770790e-21
 3.614170e+0	3.802240e-21
 3.627770e+0	3.903880e-21
 3.641380e+0	3.935280e-21
 3.654980e+0	3.960770e-21
 3.668590e+0	3.946630e-21
 3.682200e+0	3.876670e-21
 3.695800e+0	3.829890e-21
 3.709410e+0	3.757170e-21
 3.723010e+0	3.720480e-21
 3.736620e+0	3.691720e-21
 3.750220e+0	3.678800e-21
 3.763830e+0	3.655600e-21
 3.791040e+0	3.585620e-21
 3.804650e+0	3.592520e-21
 3.818250e+0	3.590400e-21
 3.831860e+0	3.589070e-21
 3.845460e+0	3.551530e-21
 3.859070e+0	3.520040e-21
 3.872670e+0	3.428890e-21
 3.886280e+0	3.374120e-21
 3.899880e+0	3.308180e-21
 3.913490e+0	3.263090e-21
 3.927090e+0	3.238170e-21
 3.940700e+0	3.341240e-21
 3.954310e+0	3.153690e-21
 3.967910e+0	3.247380e-21
 3.981520e+0	3.074630e-21
 3.995120e+0	3.068370e-21
 4.008730e+0	3.004190e-21
 4.022330e+0	2.968850e-21
 4.035940e+0	2.949990e-21
 4.049540e+0	2.907130e-21
 4.063150e+0	2.862870e-21
 4.076760e+0	2.806970e-21
 4.090360e+0	2.795210e-21
 4.103970e+0	2.751040e-21
 4.117570e+0	2.778700e-21
 4.131180e+0	2.678140e-21
 4.144780e+0	2.627560e-21
 4.158390e+0	2.592420e-21
 4.171990e+0	2.579300e-21
 4.185600e+0	2.571540e-21
 4.199210e+0	2.541580e-21
 4.212810e+0	2.536100e-21
 4.376080e+0	2.400670e-21
 5.126080e+0	1.948180e-21
 5.626080e+0	2.044640e-21
 5.876080e+0	2.001550e-21
 6.376090e+0	1.682030e-21
 6.426090e+0	1.627150e-21
 6.476090e+0	1.620670e-21
 6.526090e+0	1.580750e-21
 6.626090e+0	1.503030e-21
 7.626090e+0	1.606210e-21
 8.376100e+0	1.473550e-21
 9.376100e+0	1.386870e-21
 1.037610e+1	1.196570e-21
 1.137610e+1	1.145030e-21
 1.237610e+1	1.013670e-21
 1.337610e+1	9.598180e-22
 1.837610e+1	6.787410e-22
 2.337620e+1	4.668860e-22
 2.837620e+1	2.955900e-22
 3.837620e+1	1.155200e-22
 4.837630e+1	5.771640e-23
 5.837630e+1	3.789030e-23
 6.837640e+1	2.840960e-23
 7.837640e+1	2.584580e-23
 8.837650e+1	1.912030e-23
 1.133770e+2	1.087610e-23
 1.383770e+2	6.967140e-24
 1.633770e+2	4.666260e-24
 1.883770e+2	3.311710e-24
 2.133770e+2	2.467670e-24
 2.383770e+2	1.917570e-24
 2.633770e+2	1.531710e-24
 2.883770e+2	1.266840e-24
-----------------------------

EXCITATION
Ar4 -> Ar2
 2.040000e-1
SPECIES: e / Ar4
PROCESS: E + Ar4 -> E + Ar2, Excitation
PARAM.:  E = 0.204 eV
UPDATED: 2016-05-29 13:48:12
COLUMNS: Energy (eV) | Cross section (m2)
-----------------------------
 2.038130e-1	0.000000e+0
 2.127910e-1	1.476110e-19
 2.263970e-1	2.484890e-19
 2.400020e-1	2.709700e-19
 2.536080e-1	2.633240e-19
 2.672130e-1	2.510730e-19
 2.808190e-1	2.416640e-19
 2.944240e-1	2.340420e-19
 3.080300e-1	2.274400e-19
 3.216360e-1	2.214850e-19
 3.352410e-1	2.172960e-19
 3.488470e-1	2.123440e-19
 3.624520e-1	2.077030e-19
 3.760580e-1	2.033400e-19
 3.896630e-1	1.992280e-19
 4.032690e-1	1.953410e-19
 4.168740e-1	1.916610e-19
 4.304800e-1	1.881660e-19
 4.440850e-1	1.848370e-19
 4.576910e-1	1.816590e-19
 4.712960e-1	1.786510e-19
 4.849020e-1	1.757340e-19
 4.985070e-1	1.729300e-19
 5.121130e-1	1.702270e-19
 5.257180e-1	1.676170e-19
 5.393240e-1	1.650940e-19
 5.529290e-1	1.626500e-19
 5.665350e-1	1.602790e-19
 5.801400e-1	1.579790e-19
 5.937460e-1	1.557430e-19
 6.073510e-1	1.535700e-19
 6.209570e-1	1.514560e-19
 6.345620e-1	1.494040e-19
 6.481680e-1	1.474010e-19
 6.617730e-1	1.454450e-19
 6.753790e-1	1.435440e-19
 6.889840e-1	1.416860e-19
 7.025900e-1	1.398770e-19
 7.161950e-1	1.381100e-19
 7.298010e-1	1.363850e-19
 7.434060e-1	1.347010e-19
 7.570120e-1	1.330560e-19
 7.706170e-1	1.314480e-19
 7.842230e-1	1.298780e-19
 7.978280e-1	1.283410e-19
 8.114340e-1	1.268400e-19
 8.250390e-1	1.256510e-19
 8.386450e-1	1.242130e-19
 8.522500e-1	1.227790e-19
 8.658560e-1	1.213980e-19
 8.794610e-1	1.200430e-19
 8.930670e-1	1.187140e-19
 9.066720e-1	1.174120e-19
 9.202780e-1	1.161340e-19
 9.338830e-1	1.148830e-19
 9.474890e-1	1.136630e-19
 9.610940e-1	1.124550e-19
 9.747000e-1	1.112780e-19
 9.883050e-1	1.101320e-19
 1.001910e+0	1.090010e-19
 1.015520e+0	1.079020e-19
 1.029120e+0	1.068270e-19
 1.042730e+0	1.057790e-19
 1.056330e+0	1.047570e-19
 1.069940e+0	1.037610e-19
 1.083540e+0	1.027890e-19
 1.097150e+0	1.018730e-19
 1.110750e+0	1.009270e-19
 1.124360e+0	1.001460e-19
 1.137970e+0	9.929190e-20
 1.151570e+0	9.846220e-20
 1.165180e+0	9.766170e-20
 1.178780e+0	9.689000e-20
 1.192390e+0	9.614740e-20
 1.205990e+0	9.543590e-20
 1.219600e+0	9.475530e-20
 1.233200e+0	9.410800e-20
 1.246810e+0	9.349430e-20
 1.260420e+0	9.291790e-20
 1.274020e+0	9.237930e-20
 1.287630e+0	9.188140e-20
 1.301230e+0	9.142780e-20
 1.314840e+0	9.101990e-20
 1.328440e+0	9.066210e-20
 1.342050e+0	9.035380e-20
 1.355650e+0	9.009150e-20
 1.369260e+0	8.983330e-20
 1.382870e+0	8.952920e-20
 1.396470e+0	8.858180e-20
 1.410080e+0	9.522140e-20
 1.423680e+0	9.244430e-20
 1.437290e+0	9.240430e-20
 1.450890e+0	9.222020e-20
 1.464500e+0	9.402440e-20
 1.478100e+0	9.281020e-20
 1.491710e+0	9.497100e-20
 1.505310e+0	9.354070e-20
 1.518920e+0	9.467980e-20
 1.532530e+0	9.573140e-20
 1.546130e+0	9.626260e-20
 1.559740e+0	9.600370e-20
 1.573340e+0	9.553870e-20
 1.586950e+0	9.278070e-20
 1.600550e+0	8.616520e-20
 1.614160e+0	7.940070e-20
 1.627760e+0	7.290710e-20
 1.641370e+0	6.958220e-20
 1.654980e+0	6.791540e-20
 1.668580e+0	6.743410e-20
 1.682190e+0	6.681220e-20
 1.695790e+0	6.624560e-20
 1.709400e+0	6.633420e-20
 1.723000e+0	6.657000e-20
 1.736610e+0	6.714370e-20
 1.750210e+0	6.759430e-20
 1.763820e+0	6.884420e-20
 1.777420e+0	6.606630e-20
 1.791030e+0	6.528980e-20
 1.804640e+0	6.490220e-20
 1.818240e+0	6.639360e-20
 1.831850e+0	6.605020e-20
 1.845450e+0	6.557640e-20
 1.859060e+0	6.477680e-20
 1.872660e+0	6.347860e-20
 1.886270e+0	6.411660e-20
 1.899870e+0	6.463060e-20
 1.913480e+0	6.144660e-20
 1.927090e+0	6.463940e-20
 1.940690e+0	6.122620e-20
 1.954300e+0	5.745350e-20
 1.967900e+0	5.590720e-20
 1.981510e+0	5.461680e-20
 1.995110e+0	5.363040e-20
 2.008720e+0	5.279950e-20
 2.022320e+0	5.210480e-20
 2.035930e+0	5.149770e-20
 2.049530e+0	5.099470e-20
 2.063140e+0	5.057170e-20
 2.076750e+0	5.022960e-20
 2.090350e+0	4.997220e-20
 2.103960e+0	4.979200e-20
 2.117560e+0	4.964530e-20
 2.131170e+0	4.963380e-20
 2.144770e+0	4.937660e-20
 2.158380e+0	4.909390e-20
 2.171980e+0	5.030760e-20
 2.185590e+0	5.059540e-20
 2.199200e+0	5.077000e-20
 2.212800e+0	5.078580e-20
 2.226410e+0	5.040280e-20
 2.240010e+0	4.967540e-20
 2.253620e+0	4.866590e-20
 2.267220e+0	4.740960e-20
 2.280830e+0	4.779560e-20
 2.294430e+0	4.626880e-20
 2.308040e+0	4.521530e-20
 2.321650e+0	4.438100e-20
 2.335250e+0	4.346790e-20
 2.348860e+0	4.471650e-20
 2.362460e+0	4.614150e-20
 2.376070e+0	4.181180e-20
 2.389670e+0	3.925560e-20
 2.403280e+0	4.154660e-20
 2.416880e+0	4.011240e-20
 2.430490e+0	3.937840e-20
 2.444090e+0	3.840370e-20
 2.457700e+0	3.755110e-20
 2.471310e+0	3.661180e-20
 2.484910e+0	3.677860e-20
 2.498520e+0	3.655010e-20
 2.512120e+0	3.732760e-20
 2.525730e+0	4.009730e-20
 2.539330e+0	4.046900e-20
 2.552940e+0	4.060010e-20
 2.566540e+0	4.145830e-20
 2.580150e+0	4.087050e-20
 2.593760e+0	4.393180e-20
 2.607360e+0	4.273670e-20
 2.620970e+0	4.101420e-20
 2.634570e+0	4.044580e-20
 2.648180e+0	3.885220e-20
 2.661780e+0	3.699710e-20
 2.675390e+0	3.637560e-20
 2.688990e+0	3.475490e-20
 2.702600e+0	3.300500e-20
 2.716200e+0	3.285800e-20
 2.729810e+0	3.264150e-20
 2.743420e+0	3.383660e-20
 2.757020e+0	3.350290e-20
 2.770630e+0	3.288230e-20
 2.784230e+0	3.259260e-20
 2.797840e+0	3.241010e-20
 2.811440e+0	3.208930e-20
 2.825050e+0	3.178090e-20
 2.838650e+0	3.136990e-20
 2.852260e+0	3.132580e-20
 2.865870e+0	3.130550e-20
 2.879470e+0	3.081020e-20
 2.893080e+0	3.050180e-20
 2.906680e+0	3.011460e-20
 2.920290e+0	2.957610e-20
 2.933890e+0	2.915580e-20
 2.947500e+0	2.913840e-20
 2.961100e+0	2.877630e-20
 2.974710e+0	2.854560e-20
 2.988310e+0	2.832050e-20
 3.001920e+0	2.806910e-20
 3.015530e+0	2.756700e-20
 3.029130e+0	2.714730e-20
 3.042740e+0	2.684120e-20
 3.056340e+0	2.660620e-20
 3.069950e+0	2.591400e-20
 3.083550e+0	2.559870e-20
 3.097160e+0	2.528960e-20
 3.110760e+0	2.486230e-20
 3.124370e+0	2.426470e-20
 3.137980e+0	2.362420e-20
 3.151580e+0	2.378570e-20
 3.165190e+0	2.355240e-20
 3.178790e+0	2.342310e-20
 3.192400e+0	2.335040e-20
 3.206000e+0	2.358530e-20
 3.219610e+0	2.373360e-20
 3.233210e+0	2.346310e-20
 3.246820e+0	2.320930e-20
 3.260430e+0	2.297080e-20
 3.274030e+0	2.281940e-20
 3.287640e+0	2.279440e-20
 3.301240e+0	2.270460e-20
 3.314850e+0	2.250680e-20
 3.342060e+0	2.261210e-20
 3.355660e+0	2.238340e-20
 3.369270e+0	2.214700e-20
 3.382870e+0	2.182780e-20
 3.396480e+0	2.180190e-20
 3.410090e+0	2.144340e-20
 3.423690e+0	2.049670e-20
 3.437300e+0	1.985940e-20
 3.450900e+0	1.970880e-20
 3.464510e+0	1.994200e-20
 3.478110e+0	1.983200e-20
 3.491720e+0	1.980280e-20
 3.505320e+0	1.950500e-20
 3.518930e+0	1.934790e-20
 3.532540e+0	1.950630e-20
 3.559750e+0	1.901910e-20
 3.573350e+0	1.960630e-20
 3.586960e+0	1.928470e-20
 3.600560e+0	1.906240e-20
 3.614170e+0	1.918860e-20
 3.627770e+0	1.908610e-20
 3.641380e+0	1.866040e-20
 3.654980e+0	1.848390e-20
 3.668590e+0	1.855170e-20
 3.682200e+0	1.833410e-20
 3.695800e+0	1.817560e-20
 3.709410e+0	1.784200e-20
 3.723010e+0	1.752520e-20
 3.736620e+0	1.738560e-20
 3.750220e+0	1.706700e-20
 3.763830e+0	1.671840e-20
 3.791040e+0	1.576650e-20
 3.804650e+0	1.676250e-20
 3.818250e+0	1.655670e-20
 3.831860e+0	1.634650e-20
 3.845460e+0	1.598870e-20
 3.859070e+0	1.572770e-20
 3.872670e+0	1.556150e-20
 3.886280e+0	1.545450e-20
 3.899880e+0	1.520190e-20
 3.913490e+0	1.508910e-20
 3.927090e+0	1.497460e-20
 3.940700e+0	1.477390e-20
 3.954310e+0	1.486860e-20
 3.967910e+0	1.524290e-20
 3.981520e+0	1.466050e-20
 3.995120e+0	1.464840e-20
 4.008730e+0	1.448940e-20
 4.022330e+0	1.418420e-20
 4.035940e+0	1.406870e-20
 4.049540e+0	1.405320e-20
 4.063150e+0	1.397860e-20
 4.076760e+0	1.389780e-20
 4.090360e+0	1.387160e-20
 4.103970e+0	1.386270e-20
 4.117570e+0	1.406010e-20
 4.131180e+0	1.375670e-20
 4.144780e+0	1.357510e-20
 4.158390e+0	1.352370e-20
 4.171990e+0	1.336480e-20
 4.185600e+0	1.334680e-20
 4.199210e+0	1.326040e-20
 4.212810e+0	1.328270e-20
 4.376080e+0	1.298350e-20
 5.126080e+0	1.119930e-20
 5.626080e+0	9.289590e-21
 5.876080e+0	8.477250e-21
 6.376090e+0	7.147410e-21
 6.426090e+0	7.134590e-21
 6.476090e+0	7.082810e-21
 6.526090e+0	6.961760e-21
 6.626090e+0	6.863200e-21
 7.626090e+0	6.430100e-21
 8.376100e+0	5.265800e-21
 9.376100e+0	4.538040e-21
 1.037610e+1	3.797990e-21
 1.137610e+1	3.370810e-21
 1.237610e+1	2.898790e-21
 1.337610e+1	2.668330e-21
 1.837610e+1	1.711510e-21
 2.337620e+1	1.273440e-21
 2.837620e+1	8.690250e-22
 3.837620e+1	4.711940e-22
 4.837630e+1	3.184330e-22
 5.837630e+1	2.651350e-22
 6.837640e+1	2.332650e-22
 7.837640e+1	2.200550e-22
 8.837650e+1	1.974350e-22
 1.133770e+2	1.656580e-22
 1.383770e+2	1.476770e-22
 1.633770e+2	1.396830e-22
 1.883770e+2	1.399860e-22
 2.133770e+2	1.474780e-22
 2.383770e+2	1.611870e-22
 2.633770e+2	1.792970e-22
 2.883770e+2	2.038710e-22
-----------------------------


EXCITATION
Ar5 -> Ar4
 7.500000e-2
SPECIES: e / Ar5
PROCESS: E + Ar5 -> E + Ar4, Excitation
PARAM.:  E = 0.075 eV
UPDATED: 2016-05-29 13:48:10
COLUMNS: Energy (eV) | Cross section (m2)
-----------------------------
 7.466990e-2	0.000000e+0
 8.370880e-2	5.012450e-19
 9.731430e-2	8.134810e-19
 1.109200e-1	8.254200e-19
 1.245250e-1	8.810380e-19
 1.381310e-1	8.741230e-19
 1.517360e-1	8.510370e-19
 1.653420e-1	8.200930e-19
 1.789470e-1	7.856020e-19
 1.925530e-1	7.458660e-19
 2.061580e-1	7.032430e-19
 2.197640e-1	6.726690e-19
 2.333690e-1	6.390730e-19
 2.469750e-1	5.998050e-19
 2.605800e-1	5.303960e-19
 2.741860e-1	3.669940e-19
 2.877910e-1	2.422710e-19
 3.013970e-1	2.669430e-19
 3.150020e-1	2.819660e-19
 3.286080e-1	3.013970e-19
 3.422130e-1	3.071370e-19
 3.558190e-1	3.069270e-19
 3.694240e-1	3.034510e-19
 3.830300e-1	2.982550e-19
 3.966360e-1	2.921820e-19
 4.102410e-1	2.856900e-19
 4.238470e-1	2.790590e-19
 4.374520e-1	2.724630e-19
 4.510580e-1	2.659460e-19
 4.646630e-1	2.595820e-19
 4.782690e-1	2.534010e-19
 4.918740e-1	2.474180e-19
 5.054800e-1	2.416380e-19
 5.190850e-1	2.360590e-19
 5.326910e-1	2.306790e-19
 5.462960e-1	2.254920e-19
 5.599020e-1	2.204940e-19
 5.735070e-1	2.156760e-19
 5.871130e-1	2.110320e-19
 6.007180e-1	2.065550e-19
 6.143240e-1	2.022380e-19
 6.279290e-1	1.980750e-19
 6.415350e-1	1.940610e-19
 6.551400e-1	1.901870e-19
 6.687460e-1	1.864480e-19
 6.823510e-1	1.828390e-19
 6.959570e-1	1.793540e-19
 7.095620e-1	1.759880e-19
 7.231680e-1	1.727370e-19
 7.367730e-1	1.695920e-19
 7.503790e-1	1.665540e-19
 7.639840e-1	1.636120e-19
 7.775900e-1	1.607680e-19
 7.911950e-1	1.580110e-19
 8.048010e-1	1.553390e-19
 8.184060e-1	1.527480e-19
 8.320120e-1	1.502340e-19
 8.456170e-1	1.477900e-19
 8.592230e-1	1.454150e-19
 8.728280e-1	1.431050e-19
 8.864340e-1	1.408540e-19
 9.000390e-1	1.385260e-19
 9.136450e-1	1.363640e-19
 9.272500e-1	1.342570e-19
 9.408560e-1	1.321990e-19
 9.544610e-1	1.301870e-19
 9.680670e-1	1.282210e-19
 9.816720e-1	1.263000e-19
 9.952780e-1	1.244140e-19
 1.008880e+0	1.225810e-19
 1.022490e+0	1.207960e-19
 1.036090e+0	1.189980e-19
 1.049700e+0	1.172590e-19
 1.063310e+0	1.155570e-19
 1.076910e+0	1.138860e-19
 1.090520e+0	1.122430e-19
 1.104120e+0	1.106290e-19
 1.117730e+0	1.090430e-19
 1.131330e+0	1.074820e-19
 1.144940e+0	1.059470e-19
 1.158540e+0	1.044370e-19
 1.172150e+0	1.030460e-19
 1.185750e+0	1.014850e-19
 1.199360e+0	1.000500e-19
 1.212970e+0	9.863270e-20
 1.226570e+0	9.723500e-20
 1.240180e+0	9.585940e-20
 1.253780e+0	9.450730e-20
 1.267390e+0	9.317750e-20
 1.280990e+0	9.187240e-20
 1.294600e+0	9.059130e-20
 1.308200e+0	8.933790e-20
 1.321810e+0	8.811230e-20
 1.335420e+0	8.691780e-20
 1.349020e+0	8.575890e-20
 1.362630e+0	8.463820e-20
 1.376230e+0	8.356160e-20
 1.389840e+0	8.253480e-20
 1.403440e+0	8.156930e-20
 1.417050e+0	8.067130e-20
 1.430650e+0	7.985570e-20
 1.444260e+0	7.911130e-20
 1.457870e+0	7.852620e-20
 1.471470e+0	7.797400e-20
 1.485080e+0	7.846460e-20
 1.498680e+0	7.823510e-20
 1.512290e+0	7.871830e-20
 1.525890e+0	7.973850e-20
 1.539500e+0	8.025040e-20
 1.553100e+0	7.893640e-20
 1.566710e+0	7.914150e-20
 1.580310e+0	7.870390e-20
 1.593920e+0	8.051940e-20
 1.607530e+0	8.308750e-20
 1.621130e+0	8.559300e-20
 1.634740e+0	8.731810e-20
 1.648340e+0	8.834910e-20
 1.661950e+0	9.211580e-20
 1.675550e+0	8.579950e-20
 1.689160e+0	7.524920e-20
 1.702760e+0	6.435560e-20
 1.716370e+0	5.647710e-20
 1.729980e+0	5.210040e-20
 1.743580e+0	4.902830e-20
 1.757190e+0	4.959960e-20
 1.770790e+0	4.725160e-20
 1.784400e+0	4.562170e-20
 1.798000e+0	4.470990e-20
 1.811610e+0	4.398920e-20
 1.825210e+0	4.395410e-20
 1.838820e+0	4.585690e-20
 1.852420e+0	4.440580e-20
 1.866030e+0	4.405800e-20
 1.879640e+0	4.380190e-20
 1.893240e+0	4.404900e-20
 1.906850e+0	4.360810e-20
 1.920450e+0	4.349060e-20
 1.934060e+0	4.352090e-20
 1.947660e+0	4.443520e-20
 1.961270e+0	4.309380e-20
 1.974870e+0	4.336630e-20
 1.988480e+0	4.235050e-20
 2.002090e+0	4.419970e-20
 2.015690e+0	4.726820e-20
 2.029300e+0	4.074930e-20
 2.042900e+0	3.973090e-20
 2.056510e+0	3.910580e-20
 2.070110e+0	3.837230e-20
 2.083720e+0	3.768270e-20
 2.097320e+0	3.690650e-20
 2.110930e+0	3.637450e-20
 2.124530e+0	3.585180e-20
 2.138140e+0	3.534360e-20
 2.151750e+0	3.489160e-20
 2.165350e+0	3.445490e-20
 2.178960e+0	3.402040e-20
 2.192560e+0	3.370770e-20
 2.206170e+0	3.341640e-20
 2.219770e+0	3.290260e-20
 2.233380e+0	3.299160e-20
 2.246980e+0	3.251750e-20
 2.260590e+0	3.181250e-20
 2.274200e+0	3.159550e-20
 2.287800e+0	3.134940e-20
 2.301410e+0	3.106980e-20
 2.315010e+0	3.077990e-20
 2.328620e+0	3.056120e-20
 2.342220e+0	3.008800e-20
 2.355830e+0	2.972500e-20
 2.369430e+0	2.945490e-20
 2.383040e+0	2.913680e-20
 2.396650e+0	2.877580e-20
 2.410250e+0	2.833180e-20
 2.423860e+0	2.822380e-20
 2.437460e+0	2.918900e-20
 2.451070e+0	2.770040e-20
 2.464670e+0	2.725960e-20
 2.478280e+0	2.647550e-20
 2.491880e+0	2.550540e-20
 2.505490e+0	2.408200e-20
 2.519090e+0	2.214490e-20
 2.532700e+0	2.159750e-20
 2.546310e+0	2.001170e-20
 2.559910e+0	2.032580e-20
 2.573520e+0	2.095590e-20
 2.587120e+0	2.218000e-20
 2.600730e+0	2.359800e-20
 2.614330e+0	2.395080e-20
 2.627940e+0	2.424090e-20
 2.641540e+0	2.405770e-20
 2.655150e+0	2.409470e-20
 2.668760e+0	2.493800e-20
 2.682360e+0	2.224720e-20
 2.695970e+0	2.144690e-20
 2.709570e+0	2.062050e-20
 2.723180e+0	2.041390e-20
 2.736780e+0	2.062690e-20
 2.750390e+0	2.044100e-20
 2.763990e+0	2.033450e-20
 2.777600e+0	2.069660e-20
 2.791200e+0	2.037530e-20
 2.804810e+0	2.047010e-20
 2.818420e+0	2.056130e-20
 2.832020e+0	2.054390e-20
 2.845630e+0	2.038460e-20
 2.859230e+0	2.001500e-20
 2.872840e+0	2.006840e-20
 2.886440e+0	1.977850e-20
 2.900050e+0	1.964710e-20
 2.913650e+0	1.946360e-20
 2.927260e+0	1.939400e-20
 2.940870e+0	1.917440e-20
 2.954470e+0	1.904920e-20
 2.968080e+0	1.908770e-20
 2.981680e+0	1.872740e-20
 2.995290e+0	1.798110e-20
 3.008890e+0	1.741340e-20
 3.022500e+0	1.702540e-20
 3.036100e+0	1.651740e-20
 3.049710e+0	1.585960e-20
 3.063310e+0	1.599070e-20
 3.076920e+0	1.592640e-20
 3.090530e+0	1.529710e-20
 3.104130e+0	1.530560e-20
 3.117740e+0	1.509820e-20
 3.131340e+0	1.479330e-20
 3.144950e+0	1.458050e-20
 3.158550e+0	1.425100e-20
 3.172160e+0	1.417700e-20
 3.185760e+0	1.401530e-20
 3.199370e+0	1.392540e-20
 3.212980e+0	1.383680e-20
 3.226580e+0	1.380580e-20
 3.240190e+0	1.377730e-20
 3.253790e+0	1.383350e-20
 3.267400e+0	1.393790e-20
 3.281000e+0	1.385470e-20
 3.294610e+0	1.383410e-20
 3.308210e+0	1.378640e-20
 3.321820e+0	1.361370e-20
 3.335430e+0	1.350240e-20
 3.349030e+0	1.342220e-20
 3.362640e+0	1.326440e-20
 3.376240e+0	1.318440e-20
 3.389850e+0	1.306330e-20
 3.417060e+0	1.285940e-20
 3.430660e+0	1.299570e-20
 3.444270e+0	1.285870e-20
 3.457870e+0	1.304070e-20
 3.471480e+0	1.327860e-20
 3.485090e+0	1.283750e-20
 3.498690e+0	1.227320e-20
 3.512300e+0	1.185530e-20
 3.525900e+0	1.187740e-20
 3.539510e+0	1.199500e-20
 3.553110e+0	1.207120e-20
 3.566720e+0	1.191770e-20
 3.580320e+0	1.182580e-20
 3.593930e+0	1.181570e-20
 3.607540e+0	1.175730e-20
 3.634750e+0	1.169400e-20
 3.648350e+0	1.175460e-20
 3.661960e+0	1.175100e-20
 3.675560e+0	1.181900e-20
 3.689170e+0	1.186730e-20
 3.702770e+0	1.189120e-20
 3.716380e+0	1.216840e-20
 3.729980e+0	1.211520e-20
 3.743590e+0	1.230520e-20
 3.757200e+0	1.196640e-20
 3.770800e+0	1.185610e-20
 3.784410e+0	1.170070e-20
 3.798010e+0	1.152310e-20
 3.811620e+0	1.156520e-20
 3.825220e+0	1.134300e-20
 3.838830e+0	1.130350e-20
 3.866040e+0	1.130710e-20
 3.879650e+0	1.120150e-20
 3.893250e+0	1.117650e-20
 3.906860e+0	1.100670e-20
 3.920460e+0	1.081270e-20
 3.934070e+0	1.068780e-20
 3.947670e+0	1.055440e-20
 3.961280e+0	1.046590e-20
 3.974880e+0	1.037300e-20
 3.988490e+0	1.026420e-20
 4.002090e+0	1.020460e-20
 4.015700e+0	1.010440e-20
 4.029310e+0	1.019830e-20
 4.042910e+0	1.005200e-20
 4.056520e+0	9.997450e-21
 4.070120e+0	9.838870e-21
 4.083730e+0	9.773090e-21
 4.097330e+0	9.635030e-21
 4.110940e+0	9.463650e-21
 4.124540e+0	9.394360e-21
 4.138150e+0	9.326580e-21
 4.151760e+0	9.249860e-21
 4.165360e+0	9.145200e-21
 4.178970e+0	9.127980e-21
 4.192570e+0	9.077740e-21
 4.206180e+0	9.305250e-21
 4.219780e+0	9.230670e-21
 4.233390e+0	9.179170e-21
 4.246990e+0	9.034420e-21
 4.260600e+0	9.079310e-21
 4.274210e+0	9.133330e-21
 4.287810e+0	9.207240e-21
 4.451080e+0	8.637150e-21
 5.201080e+0	6.872200e-21
 5.701080e+0	6.956400e-21
 5.951080e+0	6.891800e-21
 6.451090e+0	5.258740e-21
 6.501090e+0	5.144110e-21
 6.551090e+0	5.011700e-21
 6.601090e+0	4.956400e-21
 6.701090e+0	4.934000e-21
 7.701090e+0	4.629860e-21
 8.451100e+0	3.925050e-21
 9.451100e+0	3.659590e-21
 1.045110e+1	3.026080e-21
 1.145110e+1	2.627150e-21
 1.245110e+1	2.247240e-21
 1.345110e+1	2.133610e-21
 1.845110e+1	1.402890e-21
 2.345120e+1	1.088320e-21
 2.845120e+1	7.226830e-22
 3.845120e+1	4.052370e-22
 4.845130e+1	3.021630e-22
 5.845130e+1	2.633320e-22
 6.845140e+1	2.373720e-22
 7.845140e+1	2.269400e-22
 8.845150e+1	2.099560e-22
 1.134520e+2	1.854270e-22
 1.384520e+2	1.679450e-22
 1.634520e+2	1.539590e-22
 1.884520e+2	1.432860e-22
 2.134520e+2	1.368150e-22
 2.384520e+2	1.354330e-22
 2.634520e+2	1.393700e-22
 2.884520e+2	1.498890e-22
-----------------------------

EXCITATION
Ar5 -> Ar3
 1.740000e-1
SPECIES: e / Ar5
PROCESS: E + Ar5 -> E + Ar3, Excitation
PARAM.:  E = 0.174 eV
UPDATED: 2016-05-29 13:48:10
COLUMNS: Energy (eV) | Cross section (m2)
-----------------------------
 1.741170e-1	0.000000e+0
 1.789470e-1	1.372210e-21
 1.925530e-1	1.499590e-20
 2.061580e-1	4.530510e-20
 2.197640e-1	7.682990e-20
 2.333690e-1	9.452750e-20
 2.469750e-1	8.882230e-20
 2.605800e-1	7.332800e-20
 2.741860e-1	5.991180e-20
 2.877910e-1	5.973090e-20
 3.013970e-1	5.085740e-20
 3.150020e-1	4.011460e-20
 3.286080e-1	3.217850e-20
 3.422130e-1	2.705990e-20
 3.558190e-1	2.326010e-20
 3.694240e-1	2.033570e-20
 3.830300e-1	1.802250e-20
 3.966360e-1	1.615120e-20
 4.102410e-1	1.460930e-20
 4.238470e-1	1.331920e-20
 4.374520e-1	1.223150e-20
 4.510580e-1	1.129460e-20
 4.646630e-1	1.048440e-20
 4.782690e-1	9.778210e-21
 4.918740e-1	9.158570e-21
 5.054800e-1	8.611700e-21
 5.190850e-1	8.126900e-21
 5.326910e-1	7.695110e-21
 5.462960e-1	7.309280e-21
 5.599020e-1	6.963330e-21
 5.735070e-1	6.652230e-21
 5.871130e-1	6.371810e-21
 6.007180e-1	6.118620e-21
 6.143240e-1	5.889550e-21
 6.279290e-1	5.681990e-21
 6.415350e-1	5.494960e-21
 6.551400e-1	5.323980e-21
 6.687460e-1	5.168580e-21
 6.823510e-1	5.027210e-21
 6.959570e-1	4.898350e-21
 7.095620e-1	4.781320e-21
 7.231680e-1	4.674410e-21
 7.367730e-1	4.577390e-21
 7.503790e-1	4.488540e-21
 7.639840e-1	4.407860e-21
 7.775900e-1	4.334370e-21
 7.911950e-1	4.267420e-21
 8.048010e-1	4.206530e-21
 8.184060e-1	4.151180e-21
 8.320120e-1	4.100910e-21
 8.456170e-1	4.055280e-21
 8.592230e-1	4.013980e-21
 8.728280e-1	3.976590e-21
 8.864340e-1	3.942850e-21
 9.000390e-1	3.912790e-21
 9.136450e-1	3.885540e-21
 9.272500e-1	3.861630e-21
 9.408560e-1	3.840360e-21
 9.544610e-1	3.821090e-21
 9.680670e-1	3.804280e-21
 9.816720e-1	3.789550e-21
 9.952780e-1	3.776940e-21
 1.008880e+0	3.766160e-21
 1.022490e+0	3.756750e-21
 1.036090e+0	3.749110e-21
 1.049700e+0	3.742840e-21
 1.063310e+0	3.738060e-21
 1.076910e+0	3.734020e-21
 1.090520e+0	3.731360e-21
 1.104120e+0	3.729680e-21
 1.117730e+0	3.728890e-21
 1.131330e+0	3.728870e-21
 1.144940e+0	3.729510e-21
 1.158540e+0	3.730870e-21
 1.172150e+0	3.733570e-21
 1.185750e+0	3.735130e-21
 1.199360e+0	3.737790e-21
 1.212970e+0	3.740900e-21
 1.226570e+0	3.744420e-21
 1.240180e+0	3.748260e-21
 1.253780e+0	3.752440e-21
 1.267390e+0	3.757030e-21
 1.280990e+0	3.762070e-21
 1.294600e+0	3.767660e-21
 1.308200e+0	3.773980e-21
 1.321810e+0	3.781220e-21
 1.335420e+0	3.789670e-21
 1.349020e+0	3.799790e-21
 1.362630e+0	3.812110e-21
 1.376230e+0	3.827300e-21
 1.389840e+0	3.846450e-21
 1.403440e+0	3.871190e-21
 1.417050e+0	3.903850e-21
 1.430650e+0	3.948600e-21
 1.444260e+0	4.014690e-21
 1.457870e+0	4.131160e-21
 1.471470e+0	4.560040e-21
 1.485080e+0	3.830590e-21
 1.498680e+0	4.121790e-21
 1.512290e+0	4.369540e-21
 1.525890e+0	4.754110e-21
 1.539500e+0	4.943740e-21
 1.553100e+0	5.004360e-21
 1.566710e+0	5.111590e-21
 1.580310e+0	5.235940e-21
 1.593920e+0	5.485490e-21
 1.607530e+0	5.803200e-21
 1.621130e+0	6.123560e-21
 1.634740e+0	6.368650e-21
 1.648340e+0	6.540520e-21
 1.661950e+0	6.182960e-21
 1.675550e+0	5.673560e-21
 1.689160e+0	5.362420e-21
 1.702760e+0	5.031140e-21
 1.716370e+0	4.788670e-21
 1.729980e+0	4.491140e-21
 1.743580e+0	4.373570e-21
 1.757190e+0	4.260880e-21
 1.770790e+0	4.072870e-21
 1.784400e+0	3.962500e-21
 1.798000e+0	3.864590e-21
 1.811610e+0	3.810560e-21
 1.825210e+0	3.770220e-21
 1.838820e+0	3.570030e-21
 1.852420e+0	3.622590e-21
 1.866030e+0	3.610410e-21
 1.879640e+0	3.587030e-21
 1.893240e+0	3.434620e-21
 1.906850e+0	3.269770e-21
 1.920450e+0	3.217300e-21
 1.934060e+0	3.145550e-21
 1.947660e+0	3.108980e-21
 1.961270e+0	2.992490e-21
 1.974870e+0	2.967720e-21
 1.988480e+0	2.912520e-21
 2.002090e+0	3.612060e-21
 2.015690e+0	3.919290e-21
 2.029300e+0	3.002140e-21
 2.042900e+0	2.806590e-21
 2.056510e+0	2.693310e-21
 2.070110e+0	2.619890e-21
 2.083720e+0	2.568920e-21
 2.097320e+0	2.518140e-21
 2.110930e+0	2.507400e-21
 2.124530e+0	2.502350e-21
 2.138140e+0	2.506650e-21
 2.151750e+0	2.513910e-21
 2.165350e+0	2.535730e-21
 2.178960e+0	2.566740e-21
 2.192560e+0	2.592750e-21
 2.206170e+0	2.634580e-21
 2.219770e+0	2.630950e-21
 2.233380e+0	2.782930e-21
 2.246980e+0	2.642940e-21
 2.260590e+0	2.593750e-21
 2.274200e+0	2.545270e-21
 2.287800e+0	2.527240e-21
 2.301410e+0	2.517350e-21
 2.315010e+0	2.507420e-21
 2.328620e+0	2.509580e-21
 2.342220e+0	2.489580e-21
 2.355830e+0	2.452300e-21
 2.369430e+0	2.452150e-21
 2.383040e+0	2.446840e-21
 2.396650e+0	2.442740e-21
 2.410250e+0	2.441760e-21
 2.423860e+0	2.458440e-21
 2.437460e+0	2.690850e-21
 2.451070e+0	2.416470e-21
 2.464670e+0	2.434640e-21
 2.478280e+0	2.475630e-21
 2.491880e+0	2.505030e-21
 2.505490e+0	2.546580e-21
 2.519090e+0	2.577220e-21
 2.532700e+0	2.682530e-21
 2.546310e+0	2.605370e-21
 2.559910e+0	2.397590e-21
 2.573520e+0	2.400380e-21
 2.587120e+0	2.447220e-21
 2.600730e+0	3.589390e-21
 2.614330e+0	2.472570e-21
 2.627940e+0	2.160720e-21
 2.641540e+0	2.142920e-21
 2.655150e+0	2.062440e-21
 2.668760e+0	2.060940e-21
 2.682360e+0	2.026330e-21
 2.695970e+0	1.970460e-21
 2.709570e+0	1.897080e-21
 2.723180e+0	1.920370e-21
 2.736780e+0	2.102390e-21
 2.750390e+0	2.184840e-21
 2.763990e+0	2.226020e-21
 2.777600e+0	2.268910e-21
 2.791200e+0	2.176100e-21
 2.804810e+0	2.077160e-21
 2.818420e+0	1.988320e-21
 2.832020e+0	1.916780e-21
 2.845630e+0	1.902460e-21
 2.859230e+0	1.892290e-21
 2.872840e+0	1.888510e-21
 2.886440e+0	1.887060e-21
 2.900050e+0	1.893910e-21
 2.913650e+0	1.870070e-21
 2.927260e+0	1.867200e-21
 2.940870e+0	1.888200e-21
 2.954470e+0	1.856280e-21
 2.968080e+0	1.835830e-21
 2.981680e+0	1.857330e-21
 2.995290e+0	1.872100e-21
 3.008890e+0	1.878370e-21
 3.022500e+0	1.848710e-21
 3.036100e+0	1.854960e-21
 3.049710e+0	1.845800e-21
 3.063310e+0	1.807050e-21
 3.076920e+0	1.791220e-21
 3.090530e+0	1.801820e-21
 3.104130e+0	1.787240e-21
 3.117740e+0	1.763070e-21
 3.131340e+0	1.757660e-21
 3.144950e+0	1.760580e-21
 3.158550e+0	1.732610e-21
 3.172160e+0	1.730000e-21
 3.185760e+0	1.728760e-21
 3.199370e+0	1.716240e-21
 3.212980e+0	1.690000e-21
 3.226580e+0	1.718840e-21
 3.240190e+0	1.742680e-21
 3.253790e+0	1.739720e-21
 3.267400e+0	1.725030e-21
 3.281000e+0	1.726530e-21
 3.294610e+0	1.759170e-21
 3.308210e+0	1.777340e-21
 3.321820e+0	1.748160e-21
 3.335430e+0	1.746290e-21
 3.349030e+0	1.746680e-21
 3.362640e+0	1.765920e-21
 3.376240e+0	1.765190e-21
 3.389850e+0	1.777570e-21
 3.417060e+0	1.797270e-21
 3.430660e+0	1.732970e-21
 3.444270e+0	1.796230e-21
 3.457870e+0	1.789670e-21
 3.471480e+0	1.937350e-21
 3.485090e+0	1.847840e-21
 3.498690e+0	1.824640e-21
 3.512300e+0	1.808230e-21
 3.525900e+0	1.882960e-21
 3.539510e+0	1.898770e-21
 3.553110e+0	1.874890e-21
 3.566720e+0	1.859040e-21
 3.580320e+0	1.871280e-21
 3.593930e+0	1.856770e-21
 3.607540e+0	1.789370e-21
 3.634750e+0	1.878050e-21
 3.648350e+0	1.881850e-21
 3.661960e+0	1.872760e-21
 3.675560e+0	1.907470e-21
 3.689170e+0	1.875900e-21
 3.702770e+0	1.896380e-21
 3.716380e+0	1.911080e-21
 3.729980e+0	1.909230e-21
 3.743590e+0	1.890380e-21
 3.757200e+0	1.859230e-21
 3.770800e+0	1.824500e-21
 3.784410e+0	1.786830e-21
 3.798010e+0	1.769120e-21
 3.811620e+0	1.741080e-21
 3.825220e+0	1.729620e-21
 3.838830e+0	1.745130e-21
 3.866040e+0	1.817730e-21
 3.879650e+0	1.735840e-21
 3.893250e+0	1.740670e-21
 3.906860e+0	1.725070e-21
 3.920460e+0	1.669080e-21
 3.934070e+0	1.635410e-21
 3.947670e+0	1.586530e-21
 3.961280e+0	1.575320e-21
 3.974880e+0	1.599790e-21
 3.988490e+0	1.574390e-21
 4.002090e+0	1.577110e-21
 4.015700e+0	1.587860e-21
 4.029310e+0	1.563040e-21
 4.042910e+0	1.540200e-21
 4.056520e+0	1.548880e-21
 4.070120e+0	1.553180e-21
 4.083730e+0	1.530660e-21
 4.097330e+0	1.502590e-21
 4.110940e+0	1.484340e-21
 4.124540e+0	1.497450e-21
 4.138150e+0	1.509050e-21
 4.151760e+0	1.531360e-21
 4.165360e+0	1.530320e-21
 4.178970e+0	1.546390e-21
 4.192570e+0	1.616880e-21
 4.206180e+0	1.536770e-21
 4.219780e+0	1.559000e-21
 4.233390e+0	1.596490e-21
 4.246990e+0	1.601300e-21
 4.260600e+0	1.613160e-21
 4.274210e+0	1.638680e-21
 4.287810e+0	1.677600e-21
 4.451080e+0	1.674820e-21
 5.201080e+0	1.358850e-21
 5.701080e+0	1.543770e-21
 5.951080e+0	1.562150e-21
 6.451090e+0	1.315550e-21
 6.501090e+0	1.270100e-21
 6.551090e+0	1.272180e-21
 6.601090e+0	1.255850e-21
 6.701090e+0	1.238180e-21
 7.701090e+0	1.290500e-21
 8.451100e+0	1.068200e-21
 9.451100e+0	1.076090e-21
 1.045110e+1	8.474520e-22
 1.145110e+1	8.103790e-22
 1.245110e+1	6.709100e-22
 1.345110e+1	6.700100e-22
 1.845110e+1	4.477670e-22
 2.345120e+1	3.572180e-22
 2.845120e+1	2.321860e-22
 3.845120e+1	1.261850e-22
 4.845130e+1	1.055530e-22
 5.845130e+1	9.393800e-23
 6.845140e+1	8.563120e-23
 7.845140e+1	8.038640e-23
 8.845150e+1	7.457860e-23
 1.134520e+2	6.480870e-23
 1.384520e+2	5.769870e-23
 1.634520e+2	5.212380e-23
 1.884520e+2	4.778070e-23
 2.134520e+2	4.472690e-23
 2.384520e+2	4.308400e-23
 2.634520e+2	4.273050e-23
 2.884520e+2	4.413770e-23
-----------------------------

EXCITATION
Ar5 -> Ar2
 2.790000e-1
SPECIES: e / Ar5
PROCESS: E + Ar5 -> E + Ar2, Excitation
PARAM.:  E = 0.279 eV
UPDATED: 2016-05-29 13:48:10
COLUMNS: Energy (eV) | Cross section (m2)
-----------------------------
 2.788130e-1	0.000000e+0
 2.877910e-1	1.086970e-19
 3.013970e-1	1.789070e-19
 3.150020e-1	1.839830e-19
 3.286080e-1	1.669180e-19
 3.422130e-1	1.507660e-19
 3.558190e-1	1.383560e-19
 3.694240e-1	1.286340e-19
 3.830300e-1	1.207080e-19
 3.966360e-1	1.140170e-19
 4.102410e-1	1.082330e-19
 4.238470e-1	1.031000e-19
 4.374520e-1	9.849220e-20
 4.510580e-1	9.429740e-20
 4.646630e-1	9.044900e-20
 4.782690e-1	8.689420e-20
 4.918740e-1	8.359400e-20
 5.054800e-1	8.051810e-20
 5.190850e-1	7.764180e-20
 5.326910e-1	7.494690e-20
 5.462960e-1	7.241930e-20
 5.599020e-1	7.004060e-20
 5.735070e-1	6.780140e-20
 5.871130e-1	6.569200e-20
 6.007180e-1	6.370240e-20
 6.143240e-1	6.182580e-20
 6.279290e-1	6.005370e-20
 6.415350e-1	5.838010e-20
 6.551400e-1	5.679850e-20
 6.687460e-1	5.530290e-20
 6.823510e-1	5.388840e-20
 6.959570e-1	5.254930e-20
 7.095620e-1	5.128120e-20
 7.231680e-1	5.008050e-20
 7.367730e-1	4.894100e-20
 7.503790e-1	4.786060e-20
 7.639840e-1	4.683380e-20
 7.775900e-1	4.586130e-20
 7.911950e-1	4.493460e-20
 8.048010e-1	4.405320e-20
 8.184060e-1	4.321320e-20
 8.320120e-1	4.241210e-20
 8.456170e-1	4.164750e-20
 8.592230e-1	4.091670e-20
 8.728280e-1	4.021680e-20
 8.864340e-1	3.954640e-20
 9.000390e-1	3.888840e-20
 9.136450e-1	3.827000e-20
 9.272500e-1	3.767280e-20
 9.408560e-1	3.709950e-20
 9.544610e-1	3.654650e-20
 9.680670e-1	3.601250e-20
 9.816720e-1	3.549620e-20
 9.952780e-1	3.499550e-20
 1.008880e+0	3.450960e-20
 1.022490e+0	3.404100e-20
 1.036090e+0	3.358280e-20
 1.049700e+0	3.313780e-20
 1.063310e+0	3.270640e-20
 1.076910e+0	3.228550e-20
 1.090520e+0	3.187600e-20
 1.104120e+0	3.147780e-20
 1.117730e+0	3.108990e-20
 1.131330e+0	3.071230e-20
 1.144940e+0	3.034520e-20
 1.158540e+0	2.998820e-20
 1.172150e+0	2.966480e-20
 1.185750e+0	2.930660e-20
 1.199360e+0	2.898880e-20
 1.212970e+0	2.867580e-20
 1.226570e+0	2.837360e-20
 1.240180e+0	2.808400e-20
 1.253780e+0	2.780750e-20
 1.267390e+0	2.754480e-20
 1.280990e+0	2.729720e-20
 1.294600e+0	2.706610e-20
 1.308200e+0	2.685310e-20
 1.321810e+0	2.666010e-20
 1.335420e+0	2.648970e-20
 1.349020e+0	2.634510e-20
 1.362630e+0	2.622990e-20
 1.376230e+0	2.614900e-20
 1.389840e+0	2.610890e-20
 1.403440e+0	2.611700e-20
 1.417050e+0	2.618500e-20
 1.430650e+0	2.632890e-20
 1.444260e+0	2.658030e-20
 1.457870e+0	2.700160e-20
 1.471470e+0	2.809320e-20
 1.485080e+0	2.706340e-20
 1.498680e+0	2.829310e-20
 1.512290e+0	2.958880e-20
 1.525890e+0	3.086340e-20
 1.539500e+0	3.279850e-20
 1.553100e+0	3.345920e-20
 1.566710e+0	3.671180e-20
 1.580310e+0	3.239610e-20
 1.593920e+0	3.450280e-20
 1.607530e+0	3.674240e-20
 1.621130e+0	3.883310e-20
 1.634740e+0	4.039080e-20
 1.648340e+0	4.159110e-20
 1.661950e+0	4.186870e-20
 1.675550e+0	3.872050e-20
 1.689160e+0	3.513860e-20
 1.702760e+0	3.014980e-20
 1.716370e+0	2.660500e-20
 1.729980e+0	2.389690e-20
 1.743580e+0	2.324260e-20
 1.757190e+0	2.126600e-20
 1.770790e+0	1.931520e-20
 1.784400e+0	1.823170e-20
 1.798000e+0	1.812170e-20
 1.811610e+0	1.793450e-20
 1.825210e+0	1.808410e-20
 1.838820e+0	1.884200e-20
 1.852420e+0	1.833850e-20
 1.866030e+0	1.855240e-20
 1.879640e+0	1.866440e-20
 1.893240e+0	1.869440e-20
 1.906850e+0	1.870570e-20
 1.920450e+0	1.870040e-20
 1.934060e+0	1.869820e-20
 1.947660e+0	1.893270e-20
 1.961270e+0	1.823560e-20
 1.974870e+0	1.764770e-20
 1.988480e+0	1.787370e-20
 2.002090e+0	2.046290e-20
 2.015690e+0	1.844460e-20
 2.029300e+0	1.698360e-20
 2.042900e+0	1.597340e-20
 2.056510e+0	1.554950e-20
 2.070110e+0	1.521220e-20
 2.083720e+0	1.492840e-20
 2.097320e+0	1.487210e-20
 2.110930e+0	1.468060e-20
 2.124530e+0	1.449240e-20
 2.138140e+0	1.432170e-20
 2.151750e+0	1.415260e-20
 2.165350e+0	1.396880e-20
 2.178960e+0	1.374880e-20
 2.192560e+0	1.352780e-20
 2.206170e+0	1.332640e-20
 2.219770e+0	1.311830e-20
 2.233380e+0	1.279070e-20
 2.246980e+0	1.287900e-20
 2.260590e+0	1.276010e-20
 2.274200e+0	1.254050e-20
 2.287800e+0	1.239560e-20
 2.301410e+0	1.228790e-20
 2.315010e+0	1.217780e-20
 2.328620e+0	1.206970e-20
 2.342220e+0	1.187690e-20
 2.355830e+0	1.170090e-20
 2.369430e+0	1.168420e-20
 2.383040e+0	1.155580e-20
 2.396650e+0	1.144790e-20
 2.410250e+0	1.139680e-20
 2.423860e+0	1.174170e-20
 2.437460e+0	1.225780e-20
 2.451070e+0	1.091380e-20
 2.464670e+0	1.090250e-20
 2.478280e+0	1.063670e-20
 2.491880e+0	1.043930e-20
 2.505490e+0	1.039970e-20
 2.519090e+0	1.054360e-20
 2.532700e+0	1.060550e-20
 2.546310e+0	9.974900e-21
 2.559910e+0	9.949420e-21
 2.573520e+0	9.822220e-21
 2.587120e+0	9.768950e-21
 2.600730e+0	1.279810e-20
 2.614330e+0	1.011410e-20
 2.627940e+0	9.567600e-21
 2.641540e+0	9.710320e-21
 2.655150e+0	1.053410e-20
 2.668760e+0	1.099410e-20
 2.682360e+0	1.086900e-20
 2.695970e+0	1.049510e-20
 2.709570e+0	9.867870e-21
 2.723180e+0	9.554070e-21
 2.736780e+0	9.179940e-21
 2.750390e+0	9.096330e-21
 2.763990e+0	8.994210e-21
 2.777600e+0	8.897330e-21
 2.791200e+0	8.778840e-21
 2.804810e+0	8.592530e-21
 2.818420e+0	8.414500e-21
 2.832020e+0	8.285780e-21
 2.845630e+0	8.195640e-21
 2.859230e+0	8.100810e-21
 2.872840e+0	8.021780e-21
 2.886440e+0	7.909760e-21
 2.900050e+0	7.803820e-21
 2.913650e+0	7.762490e-21
 2.927260e+0	7.767200e-21
 2.940870e+0	7.752270e-21
 2.954470e+0	7.754940e-21
 2.968080e+0	7.695850e-21
 2.981680e+0	7.600700e-21
 2.995290e+0	7.453170e-21
 3.008890e+0	7.264400e-21
 3.022500e+0	7.160170e-21
 3.036100e+0	7.018610e-21
 3.049710e+0	6.871630e-21
 3.063310e+0	6.854320e-21
 3.076920e+0	6.807800e-21
 3.090530e+0	6.626150e-21
 3.104130e+0	6.634290e-21
 3.117740e+0	6.610090e-21
 3.131340e+0	6.651730e-21
 3.144950e+0	6.662240e-21
 3.158550e+0	6.603960e-21
 3.172160e+0	6.643080e-21
 3.185760e+0	6.650820e-21
 3.199370e+0	6.641990e-21
 3.212980e+0	6.624150e-21
 3.226580e+0	6.668950e-21
 3.240190e+0	6.648510e-21
 3.253790e+0	6.714830e-21
 3.267400e+0	6.853470e-21
 3.281000e+0	7.032660e-21
 3.294610e+0	7.017430e-21
 3.308210e+0	6.939070e-21
 3.321820e+0	6.857160e-21
 3.335430e+0	6.827440e-21
 3.349030e+0	6.818430e-21
 3.362640e+0	6.739080e-21
 3.376240e+0	6.724360e-21
 3.389850e+0	6.715040e-21
 3.417060e+0	6.977300e-21
 3.430660e+0	6.810800e-21
 3.444270e+0	6.731750e-21
 3.457870e+0	6.774740e-21
 3.471480e+0	7.022340e-21
 3.485090e+0	6.777410e-21
 3.498690e+0	6.469270e-21
 3.512300e+0	6.104470e-21
 3.525900e+0	6.114190e-21
 3.539510e+0	6.013420e-21
 3.553110e+0	5.967710e-21
 3.566720e+0	6.049190e-21
 3.580320e+0	5.998170e-21
 3.593930e+0	5.901390e-21
 3.607540e+0	5.886960e-21
 3.634750e+0	5.899190e-21
 3.648350e+0	6.043090e-21
 3.661960e+0	5.960940e-21
 3.675560e+0	6.003580e-21
 3.689170e+0	6.001550e-21
 3.702770e+0	6.128810e-21
 3.716380e+0	6.197050e-21
 3.729980e+0	6.237870e-21
 3.743590e+0	6.269040e-21
 3.757200e+0	6.161750e-21
 3.770800e+0	6.154870e-21
 3.784410e+0	6.141540e-21
 3.798010e+0	6.106330e-21
 3.811620e+0	6.066230e-21
 3.825220e+0	6.036660e-21
 3.838830e+0	5.965480e-21
 3.866040e+0	5.873400e-21
 3.879650e+0	6.003690e-21
 3.893250e+0	6.008280e-21
 3.906860e+0	5.979430e-21
 3.920460e+0	5.877170e-21
 3.934070e+0	5.795600e-21
 3.947670e+0	5.775680e-21
 3.961280e+0	5.687170e-21
 3.974880e+0	5.727120e-21
 3.988490e+0	5.704750e-21
 4.002090e+0	5.689800e-21
 4.015700e+0	5.708560e-21
 4.029310e+0	5.704080e-21
 4.042910e+0	5.793370e-21
 4.056520e+0	5.752990e-21
 4.070120e+0	5.716510e-21
 4.083730e+0	5.734170e-21
 4.097330e+0	5.696030e-21
 4.110940e+0	5.695740e-21
 4.124540e+0	5.687910e-21
 4.138150e+0	5.697990e-21
 4.151760e+0	5.684370e-21
 4.165360e+0	5.684050e-21
 4.178970e+0	5.676400e-21
 4.192570e+0	5.631870e-21
 4.206180e+0	5.747550e-21
 4.219780e+0	5.714470e-21
 4.233390e+0	5.729850e-21
 4.246990e+0	5.752200e-21
 4.260600e+0	5.723390e-21
 4.274210e+0	5.710190e-21
 4.287810e+0	5.723840e-21
 4.451080e+0	5.225150e-21
 5.201080e+0	4.844580e-21
 5.701080e+0	5.106420e-21
 5.951080e+0	5.073460e-21
 6.451090e+0	4.197380e-21
 6.501090e+0	4.164860e-21
 6.551090e+0	4.141200e-21
 6.601090e+0	4.071920e-21
 6.701090e+0	4.027550e-21
 7.701090e+0	3.843650e-21
 8.451100e+0	3.290160e-21
 9.451100e+0	3.199330e-21
 1.045110e+1	2.636890e-21
 1.145110e+1	2.436950e-21
 1.245110e+1	2.093720e-21
 1.345110e+1	2.004340e-21
 1.845110e+1	1.382800e-21
 2.345120e+1	1.043640e-21
 2.845120e+1	6.647930e-22
 3.845120e+1	2.928240e-22
 4.845130e+1	1.722110e-22
 5.845130e+1	1.216390e-22
 6.845140e+1	9.235440e-23
 7.845140e+1	8.057740e-23
 8.845150e+1	6.479530e-23
 1.134520e+2	4.376410e-23
 1.384520e+2	3.279900e-23
 1.634520e+2	2.626380e-23
 1.884520e+2	2.203970e-23
 2.134520e+2	1.923570e-23
 2.384520e+2	1.744230e-23
 2.634520e+2	1.630940e-23
 2.884520e+2	1.607310e-23
-----------------------------
