IONIZATION
Ar5 -> Ar(+)
4.212000E+00
SPECIES: e / Ar5
PROCESS: E + Ar5 -> E + E + Ar(+), Ionization
PARAM.: E = 4.2 eV
COMMENT: Semi-empirical formula for step-wise ionization from Deutsch et al, 2003.
COLUMNS: Energy (eV) | Cross section (m2)
------------------------------
1.000000E-02	0.000000E+00
1.023340E-02	0.000000E+00
1.047225E-02	0.000000E+00
1.071668E-02	0.000000E+00
1.096681E-02	0.000000E+00
1.122277E-02	0.000000E+00
1.148472E-02	0.000000E+00
1.175277E-02	0.000000E+00
1.202708E-02	0.000000E+00
1.230780E-02	0.000000E+00
1.259506E-02	0.000000E+00
1.288904E-02	0.000000E+00
1.318987E-02	0.000000E+00
1.349772E-02	0.000000E+00
1.381276E-02	0.000000E+00
1.413516E-02	0.000000E+00
1.446507E-02	0.000000E+00
1.480269E-02	0.000000E+00
1.514819E-02	0.000000E+00
1.550175E-02	0.000000E+00
1.586357E-02	0.000000E+00
1.623382E-02	0.000000E+00
1.661273E-02	0.000000E+00
1.700047E-02	0.000000E+00
1.739726E-02	0.000000E+00
1.780332E-02	0.000000E+00
1.821885E-02	0.000000E+00
1.864409E-02	0.000000E+00
1.907924E-02	0.000000E+00
1.952456E-02	0.000000E+00
1.998026E-02	0.000000E+00
2.044661E-02	0.000000E+00
2.092383E-02	0.000000E+00
2.141220E-02	0.000000E+00
2.191197E-02	0.000000E+00
2.242340E-02	0.000000E+00
2.294676E-02	0.000000E+00
2.348235E-02	0.000000E+00
2.403043E-02	0.000000E+00
2.459130E-02	0.000000E+00
2.516527E-02	0.000000E+00
2.575263E-02	0.000000E+00
2.635371E-02	0.000000E+00
2.696881E-02	0.000000E+00
2.759826E-02	0.000000E+00
2.824241E-02	0.000000E+00
2.890160E-02	0.000000E+00
2.957617E-02	0.000000E+00
3.026648E-02	0.000000E+00
3.097291E-02	0.000000E+00
3.169582E-02	0.000000E+00
3.243561E-02	0.000000E+00
3.319266E-02	0.000000E+00
3.396739E-02	0.000000E+00
3.476019E-02	0.000000E+00
3.557150E-02	0.000000E+00
3.640175E-02	0.000000E+00
3.725137E-02	0.000000E+00
3.812083E-02	0.000000E+00
3.901058E-02	0.000000E+00
3.992109E-02	0.000000E+00
4.085286E-02	0.000000E+00
4.180637E-02	0.000000E+00
4.278214E-02	0.000000E+00
4.378069E-02	0.000000E+00
4.480254E-02	0.000000E+00
4.584824E-02	0.000000E+00
4.691835E-02	0.000000E+00
4.801343E-02	0.000000E+00
4.913407E-02	0.000000E+00
5.028087E-02	0.000000E+00
5.145444E-02	0.000000E+00
5.265540E-02	0.000000E+00
5.388438E-02	0.000000E+00
5.514206E-02	0.000000E+00
5.642908E-02	0.000000E+00
5.774615E-02	0.000000E+00
5.909396E-02	0.000000E+00
6.047322E-02	0.000000E+00
6.188468E-02	0.000000E+00
6.332908E-02	0.000000E+00
6.480720E-02	0.000000E+00
6.631981E-02	0.000000E+00
6.786773E-02	0.000000E+00
6.945178E-02	0.000000E+00
7.107280E-02	0.000000E+00
7.273165E-02	0.000000E+00
7.442922E-02	0.000000E+00
7.616642E-02	0.000000E+00
7.794416E-02	0.000000E+00
7.976339E-02	0.000000E+00
8.162509E-02	0.000000E+00
8.353023E-02	0.000000E+00
8.547985E-02	0.000000E+00
8.747496E-02	0.000000E+00
8.951665E-02	0.000000E+00
9.160598E-02	0.000000E+00
9.374409E-02	0.000000E+00
9.593209E-02	0.000000E+00
9.817117E-02	0.000000E+00
1.004625E-01	0.000000E+00
1.028073E-01	0.000000E+00
1.052069E-01	0.000000E+00
1.076624E-01	0.000000E+00
1.101753E-01	0.000000E+00
1.127468E-01	0.000000E+00
1.153783E-01	0.000000E+00
1.180713E-01	0.000000E+00
1.208271E-01	0.000000E+00
1.236472E-01	0.000000E+00
1.265332E-01	0.000000E+00
1.294865E-01	0.000000E+00
1.325087E-01	0.000000E+00
1.356015E-01	0.000000E+00
1.387665E-01	0.000000E+00
1.420053E-01	0.000000E+00
1.453198E-01	0.000000E+00
1.487115E-01	0.000000E+00
1.521825E-01	0.000000E+00
1.557345E-01	0.000000E+00
1.593694E-01	0.000000E+00
1.630891E-01	0.000000E+00
1.668956E-01	0.000000E+00
1.707910E-01	0.000000E+00
1.747773E-01	0.000000E+00
1.788566E-01	0.000000E+00
1.830312E-01	0.000000E+00
1.873032E-01	0.000000E+00
1.916748E-01	0.000000E+00
1.961486E-01	0.000000E+00
2.007267E-01	0.000000E+00
2.054117E-01	0.000000E+00
2.102061E-01	0.000000E+00
2.151123E-01	0.000000E+00
2.201331E-01	0.000000E+00
2.252711E-01	0.000000E+00
2.305289E-01	0.000000E+00
2.359095E-01	0.000000E+00
2.414157E-01	0.000000E+00
2.470504E-01	0.000000E+00
2.528166E-01	0.000000E+00
2.587174E-01	0.000000E+00
2.647559E-01	0.000000E+00
2.709354E-01	0.000000E+00
2.772591E-01	0.000000E+00
2.837304E-01	0.000000E+00
2.903527E-01	0.000000E+00
2.971296E-01	0.000000E+00
3.040646E-01	0.000000E+00
3.111616E-01	0.000000E+00
3.184242E-01	0.000000E+00
3.258562E-01	0.000000E+00
3.334618E-01	0.000000E+00
3.412449E-01	0.000000E+00
3.492096E-01	0.000000E+00
3.573602E-01	0.000000E+00
3.657011E-01	0.000000E+00
3.742366E-01	0.000000E+00
3.829714E-01	0.000000E+00
3.919100E-01	0.000000E+00
4.010573E-01	0.000000E+00
4.104181E-01	0.000000E+00
4.199973E-01	0.000000E+00
4.298001E-01	0.000000E+00
4.398317E-01	0.000000E+00
4.500975E-01	0.000000E+00
4.606029E-01	0.000000E+00
4.713535E-01	0.000000E+00
4.823549E-01	0.000000E+00
4.936132E-01	0.000000E+00
5.051342E-01	0.000000E+00
5.169242E-01	0.000000E+00
5.289893E-01	0.000000E+00
5.413360E-01	0.000000E+00
5.539709E-01	0.000000E+00
5.669007E-01	0.000000E+00
5.801323E-01	0.000000E+00
5.936727E-01	0.000000E+00
6.075292E-01	0.000000E+00
6.217090E-01	0.000000E+00
6.362198E-01	0.000000E+00
6.510694E-01	0.000000E+00
6.662655E-01	0.000000E+00
6.818162E-01	0.000000E+00
6.977300E-01	0.000000E+00
7.140151E-01	0.000000E+00
7.306804E-01	0.000000E+00
7.477346E-01	0.000000E+00
7.651869E-01	0.000000E+00
7.830465E-01	0.000000E+00
8.013230E-01	0.000000E+00
8.200261E-01	0.000000E+00
8.391656E-01	0.000000E+00
8.587519E-01	0.000000E+00
8.787954E-01	0.000000E+00
8.993067E-01	0.000000E+00
9.202967E-01	0.000000E+00
9.417766E-01	0.000000E+00
9.637579E-01	0.000000E+00
9.862522E-01	0.000000E+00
1.009272E+00	0.000000E+00
1.032828E+00	0.000000E+00
1.056935E+00	0.000000E+00
1.081604E+00	0.000000E+00
1.106848E+00	0.000000E+00
1.132683E+00	0.000000E+00
1.159120E+00	0.000000E+00
1.186174E+00	0.000000E+00
1.213859E+00	0.000000E+00
1.242191E+00	0.000000E+00
1.271184E+00	0.000000E+00
1.300854E+00	0.000000E+00
1.331216E+00	0.000000E+00
1.362287E+00	0.000000E+00
1.394083E+00	0.000000E+00
1.426621E+00	0.000000E+00
1.459919E+00	0.000000E+00
1.493993E+00	0.000000E+00
1.528864E+00	0.000000E+00
1.564548E+00	0.000000E+00
1.601064E+00	0.000000E+00
1.638434E+00	0.000000E+00
1.676675E+00	0.000000E+00
1.715809E+00	0.000000E+00
1.755856E+00	0.000000E+00
1.796838E+00	0.000000E+00
1.838777E+00	0.000000E+00
1.881694E+00	0.000000E+00
1.925614E+00	0.000000E+00
1.970558E+00	0.000000E+00
2.016551E+00	0.000000E+00
2.063618E+00	0.000000E+00
2.111783E+00	0.000000E+00
2.161073E+00	0.000000E+00
2.211512E+00	0.000000E+00
2.263130E+00	0.000000E+00
2.315951E+00	0.000000E+00
2.370006E+00	0.000000E+00
2.425323E+00	0.000000E+00
2.481930E+00	0.000000E+00
2.539859E+00	0.000000E+00
2.599140E+00	0.000000E+00
2.659804E+00	0.000000E+00
2.721885E+00	0.000000E+00
2.785414E+00	0.000000E+00
2.850426E+00	0.000000E+00
2.916956E+00	0.000000E+00
2.985038E+00	0.000000E+00
3.054710E+00	0.000000E+00
3.126007E+00	0.000000E+00
3.198969E+00	0.000000E+00
3.273634E+00	0.000000E+00
3.350041E+00	0.000000E+00
3.428231E+00	0.000000E+00
3.508247E+00	0.000000E+00
3.590130E+00	0.000000E+00
3.673925E+00	0.000000E+00
3.759675E+00	0.000000E+00
3.847427E+00	0.000000E+00
3.937226E+00	0.000000E+00
4.029122E+00	0.000000E+00
4.123163E+00	0.000000E+00
4.219398E+00	1.589086E-22
4.317880E+00	2.690204E-21
4.418660E+00	5.433630E-21
4.521792E+00	8.263499E-21
4.627332E+00	1.113823E-20
4.735335E+00	1.403366E-20
4.845859E+00	1.693293E-20
4.958962E+00	1.982316E-20
5.074705E+00	2.269390E-20
5.193150E+00	2.553645E-20
5.314359E+00	2.834339E-20
5.438397E+00	3.110829E-20
5.565331E+00	3.382556E-20
5.695227E+00	3.649031E-20
5.828155E+00	3.909825E-20
5.964185E+00	4.164561E-20
6.103390E+00	4.412913E-20
6.245845E+00	4.654595E-20
6.391624E+00	4.889361E-20
6.540806E+00	5.117000E-20
6.693470E+00	5.337336E-20
6.849697E+00	5.550222E-20
7.009570E+00	5.755539E-20
7.173175E+00	5.953193E-20
7.340598E+00	6.143117E-20
7.511929E+00	6.325263E-20
7.687260E+00	6.499606E-20
7.866682E+00	6.666138E-20
8.050292E+00	6.824871E-20
8.238187E+00	6.975833E-20
8.430468E+00	7.119065E-20
8.627237E+00	7.254625E-20
8.828599E+00	7.382581E-20
9.034660E+00	7.503015E-20
9.245531E+00	7.616018E-20
9.461324E+00	7.721693E-20
9.682153E+00	7.820150E-20
9.908137E+00	7.911507E-20
1.013939E+01	7.995891E-20
1.037605E+01	8.073435E-20
1.061823E+01	8.144276E-20
1.086606E+01	8.208558E-20
1.111968E+01	8.266429E-20
1.137921E+01	8.318041E-20
1.164481E+01	8.363549E-20
1.191660E+01	8.403111E-20
1.219473E+01	8.436887E-20
1.247936E+01	8.465038E-20
1.277063E+01	8.487729E-20
1.306870E+01	8.505123E-20
1.337373E+01	8.517385E-20
1.368587E+01	8.524680E-20
1.400531E+01	8.527173E-20
1.433219E+01	8.525027E-20
1.466671E+01	8.518407E-20
1.500903E+01	8.507474E-20
1.535935E+01	8.492389E-20
1.571784E+01	8.473312E-20
1.608469E+01	8.450401E-20
1.646012E+01	8.423811E-20
1.684430E+01	8.393697E-20
1.723745E+01	8.360208E-20
1.763977E+01	8.323495E-20
1.805149E+01	8.283703E-20
1.847281E+01	8.240976E-20
1.890397E+01	8.195456E-20
1.934520E+01	8.147279E-20
1.979672E+01	8.096581E-20
2.025878E+01	8.043495E-20
2.073162E+01	7.988149E-20
2.121550E+01	7.930668E-20
2.171068E+01	7.871177E-20
2.221741E+01	7.809793E-20
2.273597E+01	7.746634E-20
2.326663E+01	7.681812E-20
2.380968E+01	7.615438E-20
2.436540E+01	7.547618E-20
2.493409E+01	7.478456E-20
2.551606E+01	7.408051E-20
2.611161E+01	7.336502E-20
2.672106E+01	7.263902E-20
2.734474E+01	7.190341E-20
2.798297E+01	7.115908E-20
2.863610E+01	7.040688E-20
2.930447E+01	6.964761E-20
2.998844E+01	6.888208E-20
3.068838E+01	6.811103E-20
3.140465E+01	6.733520E-20
3.213764E+01	6.655529E-20
3.288774E+01	6.577197E-20
3.365535E+01	6.498590E-20
3.444087E+01	6.419768E-20
3.524473E+01	6.340792E-20
3.606735E+01	6.261719E-20
3.690917E+01	6.182603E-20
3.777064E+01	6.103496E-20
3.865221E+01	6.024447E-20
3.955436E+01	5.945505E-20
4.047757E+01	5.866714E-20
4.142232E+01	5.788117E-20
4.238913E+01	5.709756E-20
4.337850E+01	5.631668E-20
4.439097E+01	5.553892E-20
4.542706E+01	5.476461E-20
4.648734E+01	5.399409E-20
4.757236E+01	5.322767E-20
4.868271E+01	5.246564E-20
4.981898E+01	5.170829E-20
5.098176E+01	5.095588E-20
5.217169E+01	5.020864E-20
5.338938E+01	4.946681E-20
5.463550E+01	4.873060E-20
5.591071E+01	4.800022E-20
5.721568E+01	4.727586E-20
5.855110E+01	4.655768E-20
5.991770E+01	4.584585E-20
6.131619E+01	4.514052E-20
6.274732E+01	4.444182E-20
6.421186E+01	4.374988E-20
6.571058E+01	4.306481E-20
6.724427E+01	4.238673E-20
6.881377E+01	4.171572E-20
7.041990E+01	4.105188E-20
7.206351E+01	4.039526E-20
7.374549E+01	3.974595E-20
7.546673E+01	3.910400E-20
7.722814E+01	3.846947E-20
7.903066E+01	3.784239E-20
8.087525E+01	3.722280E-20
8.276289E+01	3.661072E-20
8.469460E+01	3.600619E-20
8.667139E+01	3.540922E-20
8.869432E+01	3.481982E-20
9.076446E+01	3.423798E-20
9.288292E+01	3.366371E-20
9.505083E+01	3.309701E-20
9.726934E+01	3.253786E-20
9.953962E+01	3.198624E-20
1.018629E+02	3.144214E-20
1.042404E+02	3.090552E-20
1.066734E+02	3.037637E-20
1.091632E+02	2.985465E-20
1.117111E+02	2.934031E-20
1.143184E+02	2.883333E-20
1.169866E+02	2.833367E-20
1.197171E+02	2.784127E-20
1.225114E+02	2.735608E-20
1.253708E+02	2.687807E-20
1.282970E+02	2.640717E-20
1.312915E+02	2.594333E-20
1.343558E+02	2.548650E-20
1.374917E+02	2.503661E-20
1.407008E+02	2.459360E-20
1.439848E+02	2.415742E-20
1.473454E+02	2.372800E-20
1.507845E+02	2.330527E-20
1.543038E+02	2.288917E-20
1.579053E+02	2.247963E-20
1.615909E+02	2.207658E-20
1.653624E+02	2.167995E-20
1.692220E+02	2.128968E-20
1.731717E+02	2.090569E-20
1.772136E+02	2.052791E-20
1.813498E+02	2.015627E-20
1.855825E+02	1.979069E-20
1.899141E+02	1.943111E-20
1.943467E+02	1.907745E-20
1.988828E+02	1.872964E-20
2.035248E+02	1.838760E-20
2.082751E+02	1.805126E-20
2.131362E+02	1.772055E-20
2.181109E+02	1.739540E-20
2.232016E+02	1.707572E-20
2.284112E+02	1.676145E-20
2.337424E+02	1.645251E-20
2.391980E+02	1.614883E-20
2.447809E+02	1.585034E-20
2.504942E+02	1.555696E-20
2.563407E+02	1.526863E-20
2.623238E+02	1.498526E-20
2.684465E+02	1.470680E-20
2.747121E+02	1.443316E-20
2.811239E+02	1.416428E-20
2.876854E+02	1.390008E-20
2.944000E+02	1.364051E-20
3.012714E+02	1.338548E-20
3.083031E+02	1.313493E-20
3.154990E+02	1.288880E-20
3.228628E+02	1.264701E-20
3.303985E+02	1.240950E-20
3.381101E+02	1.217619E-20
3.460016E+02	1.194704E-20
3.540774E+02	1.172196E-20
3.623416E+02	1.150091E-20
3.707988E+02	1.128380E-20
3.794533E+02	1.107059E-20
3.883098E+02	1.086120E-20
3.973730E+02	1.065558E-20
4.066478E+02	1.045367E-20
4.161391E+02	1.025540E-20
4.258518E+02	1.006072E-20
4.357913E+02	9.869562E-21
4.459628E+02	9.681876E-21
4.563716E+02	9.497603E-21
4.670234E+02	9.316685E-21
4.779239E+02	9.139067E-21
4.890787E+02	8.964693E-21
5.004939E+02	8.793510E-21
5.121755E+02	8.625463E-21
5.241298E+02	8.460499E-21
5.363631E+02	8.298567E-21
5.488820E+02	8.139615E-21
5.616930E+02	7.983592E-21
5.748030E+02	7.830448E-21
5.882190E+02	7.680133E-21
6.019482E+02	7.532599E-21
6.159978E+02	7.387798E-21
6.303753E+02	7.245683E-21
6.450884E+02	7.106206E-21
6.601449E+02	6.969323E-21
6.755528E+02	6.834987E-21
6.913204E+02	6.703155E-21
7.074559E+02	6.573782E-21
7.239681E+02	6.446825E-21
7.408657E+02	6.322242E-21
7.581576E+02	6.199991E-21
7.758532E+02	6.080031E-21
7.939618E+02	5.962320E-21
8.124930E+02	5.846819E-21
8.314568E+02	5.733489E-21
8.508632E+02	5.622291E-21
8.707225E+02	5.513187E-21
8.910453E+02	5.406139E-21
9.118425E+02	5.301110E-21
9.331251E+02	5.198065E-21
9.549045E+02	5.096967E-21
9.771921E+02	4.997781E-21
1.000000E+03	4.900474E-21
------------------------------

IONIZATION
Ar4 -> Ar(+)
4.136000E+00
SPECIES: e / Ar4
PROCESS: E + Ar4 -> E + E + Ar(+), Ionization
PARAM.: E = 4.1 eV
COMMENT: Semi-empirical formula for step-wise ionization from Deutsch et al, 2003.
COLUMNS: Energy (eV) | Cross section (m2)
------------------------------
1.000000E-02	0.000000E+00
1.023340E-02	0.000000E+00
1.047225E-02	0.000000E+00
1.071668E-02	0.000000E+00
1.096681E-02	0.000000E+00
1.122277E-02	0.000000E+00
1.148472E-02	0.000000E+00
1.175277E-02	0.000000E+00
1.202708E-02	0.000000E+00
1.230780E-02	0.000000E+00
1.259506E-02	0.000000E+00
1.288904E-02	0.000000E+00
1.318987E-02	0.000000E+00
1.349772E-02	0.000000E+00
1.381276E-02	0.000000E+00
1.413516E-02	0.000000E+00
1.446507E-02	0.000000E+00
1.480269E-02	0.000000E+00
1.514819E-02	0.000000E+00
1.550175E-02	0.000000E+00
1.586357E-02	0.000000E+00
1.623382E-02	0.000000E+00
1.661273E-02	0.000000E+00
1.700047E-02	0.000000E+00
1.739726E-02	0.000000E+00
1.780332E-02	0.000000E+00
1.821885E-02	0.000000E+00
1.864409E-02	0.000000E+00
1.907924E-02	0.000000E+00
1.952456E-02	0.000000E+00
1.998026E-02	0.000000E+00
2.044661E-02	0.000000E+00
2.092383E-02	0.000000E+00
2.141220E-02	0.000000E+00
2.191197E-02	0.000000E+00
2.242340E-02	0.000000E+00
2.294676E-02	0.000000E+00
2.348235E-02	0.000000E+00
2.403043E-02	0.000000E+00
2.459130E-02	0.000000E+00
2.516527E-02	0.000000E+00
2.575263E-02	0.000000E+00
2.635371E-02	0.000000E+00
2.696881E-02	0.000000E+00
2.759826E-02	0.000000E+00
2.824241E-02	0.000000E+00
2.890160E-02	0.000000E+00
2.957617E-02	0.000000E+00
3.026648E-02	0.000000E+00
3.097291E-02	0.000000E+00
3.169582E-02	0.000000E+00
3.243561E-02	0.000000E+00
3.319266E-02	0.000000E+00
3.396739E-02	0.000000E+00
3.476019E-02	0.000000E+00
3.557150E-02	0.000000E+00
3.640175E-02	0.000000E+00
3.725137E-02	0.000000E+00
3.812083E-02	0.000000E+00
3.901058E-02	0.000000E+00
3.992109E-02	0.000000E+00
4.085286E-02	0.000000E+00
4.180637E-02	0.000000E+00
4.278214E-02	0.000000E+00
4.378069E-02	0.000000E+00
4.480254E-02	0.000000E+00
4.584824E-02	0.000000E+00
4.691835E-02	0.000000E+00
4.801343E-02	0.000000E+00
4.913407E-02	0.000000E+00
5.028087E-02	0.000000E+00
5.145444E-02	0.000000E+00
5.265540E-02	0.000000E+00
5.388438E-02	0.000000E+00
5.514206E-02	0.000000E+00
5.642908E-02	0.000000E+00
5.774615E-02	0.000000E+00
5.909396E-02	0.000000E+00
6.047322E-02	0.000000E+00
6.188468E-02	0.000000E+00
6.332908E-02	0.000000E+00
6.480720E-02	0.000000E+00
6.631981E-02	0.000000E+00
6.786773E-02	0.000000E+00
6.945178E-02	0.000000E+00
7.107280E-02	0.000000E+00
7.273165E-02	0.000000E+00
7.442922E-02	0.000000E+00
7.616642E-02	0.000000E+00
7.794416E-02	0.000000E+00
7.976339E-02	0.000000E+00
8.162509E-02	0.000000E+00
8.353023E-02	0.000000E+00
8.547985E-02	0.000000E+00
8.747496E-02	0.000000E+00
8.951665E-02	0.000000E+00
9.160598E-02	0.000000E+00
9.374409E-02	0.000000E+00
9.593209E-02	0.000000E+00
9.817117E-02	0.000000E+00
1.004625E-01	0.000000E+00
1.028073E-01	0.000000E+00
1.052069E-01	0.000000E+00
1.076624E-01	0.000000E+00
1.101753E-01	0.000000E+00
1.127468E-01	0.000000E+00
1.153783E-01	0.000000E+00
1.180713E-01	0.000000E+00
1.208271E-01	0.000000E+00
1.236472E-01	0.000000E+00
1.265332E-01	0.000000E+00
1.294865E-01	0.000000E+00
1.325087E-01	0.000000E+00
1.356015E-01	0.000000E+00
1.387665E-01	0.000000E+00
1.420053E-01	0.000000E+00
1.453198E-01	0.000000E+00
1.487115E-01	0.000000E+00
1.521825E-01	0.000000E+00
1.557345E-01	0.000000E+00
1.593694E-01	0.000000E+00
1.630891E-01	0.000000E+00
1.668956E-01	0.000000E+00
1.707910E-01	0.000000E+00
1.747773E-01	0.000000E+00
1.788566E-01	0.000000E+00
1.830312E-01	0.000000E+00
1.873032E-01	0.000000E+00
1.916748E-01	0.000000E+00
1.961486E-01	0.000000E+00
2.007267E-01	0.000000E+00
2.054117E-01	0.000000E+00
2.102061E-01	0.000000E+00
2.151123E-01	0.000000E+00
2.201331E-01	0.000000E+00
2.252711E-01	0.000000E+00
2.305289E-01	0.000000E+00
2.359095E-01	0.000000E+00
2.414157E-01	0.000000E+00
2.470504E-01	0.000000E+00
2.528166E-01	0.000000E+00
2.587174E-01	0.000000E+00
2.647559E-01	0.000000E+00
2.709354E-01	0.000000E+00
2.772591E-01	0.000000E+00
2.837304E-01	0.000000E+00
2.903527E-01	0.000000E+00
2.971296E-01	0.000000E+00
3.040646E-01	0.000000E+00
3.111616E-01	0.000000E+00
3.184242E-01	0.000000E+00
3.258562E-01	0.000000E+00
3.334618E-01	0.000000E+00
3.412449E-01	0.000000E+00
3.492096E-01	0.000000E+00
3.573602E-01	0.000000E+00
3.657011E-01	0.000000E+00
3.742366E-01	0.000000E+00
3.829714E-01	0.000000E+00
3.919100E-01	0.000000E+00
4.010573E-01	0.000000E+00
4.104181E-01	0.000000E+00
4.199973E-01	0.000000E+00
4.298001E-01	0.000000E+00
4.398317E-01	0.000000E+00
4.500975E-01	0.000000E+00
4.606029E-01	0.000000E+00
4.713535E-01	0.000000E+00
4.823549E-01	0.000000E+00
4.936132E-01	0.000000E+00
5.051342E-01	0.000000E+00
5.169242E-01	0.000000E+00
5.289893E-01	0.000000E+00
5.413360E-01	0.000000E+00
5.539709E-01	0.000000E+00
5.669007E-01	0.000000E+00
5.801323E-01	0.000000E+00
5.936727E-01	0.000000E+00
6.075292E-01	0.000000E+00
6.217090E-01	0.000000E+00
6.362198E-01	0.000000E+00
6.510694E-01	0.000000E+00
6.662655E-01	0.000000E+00
6.818162E-01	0.000000E+00
6.977300E-01	0.000000E+00
7.140151E-01	0.000000E+00
7.306804E-01	0.000000E+00
7.477346E-01	0.000000E+00
7.651869E-01	0.000000E+00
7.830465E-01	0.000000E+00
8.013230E-01	0.000000E+00
8.200261E-01	0.000000E+00
8.391656E-01	0.000000E+00
8.587519E-01	0.000000E+00
8.787954E-01	0.000000E+00
8.993067E-01	0.000000E+00
9.202967E-01	0.000000E+00
9.417766E-01	0.000000E+00
9.637579E-01	0.000000E+00
9.862522E-01	0.000000E+00
1.009272E+00	0.000000E+00
1.032828E+00	0.000000E+00
1.056935E+00	0.000000E+00
1.081604E+00	0.000000E+00
1.106848E+00	0.000000E+00
1.132683E+00	0.000000E+00
1.159120E+00	0.000000E+00
1.186174E+00	0.000000E+00
1.213859E+00	0.000000E+00
1.242191E+00	0.000000E+00
1.271184E+00	0.000000E+00
1.300854E+00	0.000000E+00
1.331216E+00	0.000000E+00
1.362287E+00	0.000000E+00
1.394083E+00	0.000000E+00
1.426621E+00	0.000000E+00
1.459919E+00	0.000000E+00
1.493993E+00	0.000000E+00
1.528864E+00	0.000000E+00
1.564548E+00	0.000000E+00
1.601064E+00	0.000000E+00
1.638434E+00	0.000000E+00
1.676675E+00	0.000000E+00
1.715809E+00	0.000000E+00
1.755856E+00	0.000000E+00
1.796838E+00	0.000000E+00
1.838777E+00	0.000000E+00
1.881694E+00	0.000000E+00
1.925614E+00	0.000000E+00
1.970558E+00	0.000000E+00
2.016551E+00	0.000000E+00
2.063618E+00	0.000000E+00
2.111783E+00	0.000000E+00
2.161073E+00	0.000000E+00
2.211512E+00	0.000000E+00
2.263130E+00	0.000000E+00
2.315951E+00	0.000000E+00
2.370006E+00	0.000000E+00
2.425323E+00	0.000000E+00
2.481930E+00	0.000000E+00
2.539859E+00	0.000000E+00
2.599140E+00	0.000000E+00
2.659804E+00	0.000000E+00
2.721885E+00	0.000000E+00
2.785414E+00	0.000000E+00
2.850426E+00	0.000000E+00
2.916956E+00	0.000000E+00
2.985038E+00	0.000000E+00
3.054710E+00	0.000000E+00
3.126007E+00	0.000000E+00
3.198969E+00	0.000000E+00
3.273634E+00	0.000000E+00
3.350041E+00	0.000000E+00
3.428231E+00	0.000000E+00
3.508247E+00	0.000000E+00
3.590130E+00	0.000000E+00
3.673925E+00	0.000000E+00
3.759675E+00	0.000000E+00
3.847427E+00	0.000000E+00
3.937226E+00	0.000000E+00
4.029122E+00	0.000000E+00
4.123163E+00	0.000000E+00
4.219398E+00	2.169433E-21
4.317880E+00	4.935191E-21
4.418660E+00	7.803012E-21
4.521792E+00	1.072334E-20
4.627332E+00	1.366913E-20
4.735335E+00	1.662206E-20
4.845859E+00	1.956829E-20
4.958962E+00	2.249675E-20
5.074705E+00	2.539825E-20
5.193150E+00	2.826499E-20
5.314359E+00	3.109022E-20
5.438397E+00	3.386808E-20
5.565331E+00	3.659346E-20
5.695227E+00	3.926185E-20
5.828155E+00	4.186932E-20
5.964185E+00	4.441243E-20
6.103390E+00	4.688820E-20
6.245845E+00	4.929403E-20
6.391624E+00	5.162772E-20
6.540806E+00	5.388738E-20
6.693470E+00	5.607146E-20
6.849697E+00	5.817869E-20
7.009570E+00	6.020807E-20
7.173175E+00	6.215885E-20
7.340598E+00	6.403050E-20
7.511929E+00	6.582273E-20
7.687260E+00	6.753541E-20
7.866682E+00	6.916864E-20
8.050292E+00	7.072265E-20
8.238187E+00	7.219784E-20
8.430468E+00	7.359476E-20
8.627237E+00	7.491409E-20
8.828599E+00	7.615663E-20
9.034660E+00	7.732330E-20
9.245531E+00	7.841511E-20
9.461324E+00	7.943317E-20
9.682153E+00	8.037866E-20
9.908137E+00	8.125287E-20
1.013939E+01	8.205712E-20
1.037605E+01	8.279282E-20
1.061823E+01	8.346141E-20
1.086606E+01	8.406439E-20
1.111968E+01	8.460330E-20
1.137921E+01	8.507971E-20
1.164481E+01	8.549523E-20
1.191660E+01	8.585148E-20
1.219473E+01	8.615010E-20
1.247936E+01	8.639276E-20
1.277063E+01	8.658113E-20
1.306870E+01	8.671688E-20
1.337373E+01	8.680170E-20
1.368587E+01	8.683725E-20
1.400531E+01	8.682522E-20
1.433219E+01	8.676727E-20
1.466671E+01	8.666505E-20
1.500903E+01	8.652021E-20
1.535935E+01	8.633437E-20
1.571784E+01	8.610915E-20
1.608469E+01	8.584613E-20
1.646012E+01	8.554689E-20
1.684430E+01	8.521296E-20
1.723745E+01	8.484588E-20
1.763977E+01	8.444714E-20
1.805149E+01	8.401820E-20
1.847281E+01	8.356051E-20
1.890397E+01	8.307547E-20
1.934520E+01	8.256448E-20
1.979672E+01	8.202888E-20
2.025878E+01	8.146999E-20
2.073162E+01	8.088910E-20
2.121550E+01	8.028747E-20
2.171068E+01	7.966632E-20
2.221741E+01	7.902683E-20
2.273597E+01	7.837018E-20
2.326663E+01	7.769748E-20
2.380968E+01	7.700984E-20
2.436540E+01	7.630830E-20
2.493409E+01	7.559390E-20
2.551606E+01	7.486764E-20
2.611161E+01	7.413047E-20
2.672106E+01	7.338334E-20
2.734474E+01	7.262713E-20
2.798297E+01	7.186272E-20
2.863610E+01	7.109095E-20
2.930447E+01	7.031263E-20
2.998844E+01	6.952854E-20
3.068838E+01	6.873942E-20
3.140465E+01	6.794600E-20
3.213764E+01	6.714896E-20
3.288774E+01	6.634898E-20
3.365535E+01	6.554669E-20
3.444087E+01	6.474270E-20
3.524473E+01	6.393760E-20
3.606735E+01	6.313195E-20
3.690917E+01	6.232628E-20
3.777064E+01	6.152110E-20
3.865221E+01	6.071690E-20
3.955436E+01	5.991415E-20
4.047757E+01	5.911329E-20
4.142232E+01	5.831474E-20
4.238913E+01	5.751890E-20
4.337850E+01	5.672614E-20
4.439097E+01	5.593683E-20
4.542706E+01	5.515131E-20
4.648734E+01	5.436991E-20
4.757236E+01	5.359291E-20
4.868271E+01	5.282062E-20
4.981898E+01	5.205329E-20
5.098176E+01	5.129119E-20
5.217169E+01	5.053455E-20
5.338938E+01	4.978360E-20
5.463550E+01	4.903853E-20
5.591071E+01	4.829955E-20
5.721568E+01	4.756683E-20
5.855110E+01	4.684054E-20
5.991770E+01	4.612084E-20
6.131619E+01	4.540787E-20
6.274732E+01	4.470175E-20
6.421186E+01	4.400262E-20
6.571058E+01	4.331057E-20
6.724427E+01	4.262570E-20
6.881377E+01	4.194811E-20
7.041990E+01	4.127788E-20
7.206351E+01	4.061506E-20
7.374549E+01	3.995973E-20
7.546673E+01	3.931194E-20
7.722814E+01	3.867173E-20
7.903066E+01	3.803915E-20
8.087525E+01	3.741421E-20
8.276289E+01	3.679695E-20
8.469460E+01	3.618739E-20
8.667139E+01	3.558553E-20
8.869432E+01	3.499137E-20
9.076446E+01	3.440493E-20
9.288292E+01	3.382619E-20
9.505083E+01	3.325515E-20
9.726934E+01	3.269178E-20
9.953962E+01	3.213606E-20
1.018629E+02	3.158798E-20
1.042404E+02	3.104751E-20
1.066734E+02	3.051460E-20
1.091632E+02	2.998924E-20
1.117111E+02	2.947137E-20
1.143184E+02	2.896095E-20
1.169866E+02	2.845795E-20
1.197171E+02	2.796230E-20
1.225114E+02	2.747397E-20
1.253708E+02	2.699290E-20
1.282970E+02	2.651902E-20
1.312915E+02	2.605230E-20
1.343558E+02	2.559265E-20
1.374917E+02	2.514004E-20
1.407008E+02	2.469438E-20
1.439848E+02	2.425562E-20
1.473454E+02	2.382369E-20
1.507845E+02	2.339853E-20
1.543038E+02	2.298006E-20
1.579053E+02	2.256822E-20
1.615909E+02	2.216293E-20
1.653624E+02	2.176413E-20
1.692220E+02	2.137174E-20
1.731717E+02	2.098569E-20
1.772136E+02	2.060591E-20
1.813498E+02	2.023232E-20
1.855825E+02	1.986485E-20
1.899141E+02	1.950343E-20
1.943467E+02	1.914798E-20
1.988828E+02	1.879842E-20
2.035248E+02	1.845468E-20
2.082751E+02	1.811669E-20
2.131362E+02	1.778438E-20
2.181109E+02	1.745765E-20
2.232016E+02	1.713645E-20
2.284112E+02	1.682070E-20
2.337424E+02	1.651032E-20
2.391980E+02	1.620523E-20
2.447809E+02	1.590537E-20
2.504942E+02	1.561066E-20
2.563407E+02	1.532103E-20
2.623238E+02	1.503640E-20
2.684465E+02	1.475671E-20
2.747121E+02	1.448187E-20
2.811239E+02	1.421182E-20
2.876854E+02	1.394649E-20
2.944000E+02	1.368581E-20
3.012714E+02	1.342970E-20
3.083031E+02	1.317810E-20
3.154990E+02	1.293094E-20
3.228628E+02	1.268815E-20
3.303985E+02	1.244966E-20
3.381101E+02	1.221541E-20
3.460016E+02	1.198533E-20
3.540774E+02	1.175936E-20
3.623416E+02	1.153742E-20
3.707988E+02	1.131946E-20
3.794533E+02	1.110541E-20
3.883098E+02	1.089520E-20
3.973730E+02	1.068879E-20
4.066478E+02	1.048610E-20
4.161391E+02	1.028708E-20
4.258518E+02	1.009166E-20
4.357913E+02	9.899783E-21
4.459628E+02	9.711395E-21
4.563716E+02	9.526438E-21
4.670234E+02	9.344852E-21
4.779239E+02	9.166582E-21
4.890787E+02	8.991573E-21
5.004939E+02	8.819770E-21
5.121755E+02	8.651118E-21
5.241298E+02	8.485564E-21
5.363631E+02	8.323055E-21
5.488820E+02	8.163541E-21
5.616930E+02	8.006969E-21
5.748030E+02	7.853289E-21
5.882190E+02	7.702451E-21
6.019482E+02	7.554406E-21
6.159978E+02	7.409107E-21
6.303753E+02	7.266505E-21
6.450884E+02	7.126553E-21
6.601449E+02	6.989206E-21
6.755528E+02	6.854418E-21
6.913204E+02	6.722143E-21
7.074559E+02	6.592339E-21
7.239681E+02	6.464961E-21
7.408657E+02	6.339966E-21
7.581576E+02	6.217313E-21
7.758532E+02	6.096960E-21
7.939618E+02	5.978866E-21
8.124930E+02	5.862990E-21
8.314568E+02	5.749294E-21
8.508632E+02	5.637739E-21
8.707225E+02	5.528286E-21
8.910453E+02	5.420897E-21
9.118425E+02	5.315535E-21
9.331251E+02	5.212165E-21
9.549045E+02	5.110749E-21
9.771921E+02	5.011253E-21
1.000000E+03	4.913642E-21
------------------------------

IONIZATION
Ar3 -> Ar(+)
4.037000E+00
SPECIES: e / Ar3
PROCESS: E + Ar3 -> E + E + Ar(+), Ionization
PARAM.: E = 4.0 eV
COMMENT: Semi-empirical formula for step-wise ionization from Deutsch et al, 2003.
COLUMNS: Energy (eV) | Cross section (m2)
------------------------------
1.000000E-02	0.000000E+00
1.023340E-02	0.000000E+00
1.047225E-02	0.000000E+00
1.071668E-02	0.000000E+00
1.096681E-02	0.000000E+00
1.122277E-02	0.000000E+00
1.148472E-02	0.000000E+00
1.175277E-02	0.000000E+00
1.202708E-02	0.000000E+00
1.230780E-02	0.000000E+00
1.259506E-02	0.000000E+00
1.288904E-02	0.000000E+00
1.318987E-02	0.000000E+00
1.349772E-02	0.000000E+00
1.381276E-02	0.000000E+00
1.413516E-02	0.000000E+00
1.446507E-02	0.000000E+00
1.480269E-02	0.000000E+00
1.514819E-02	0.000000E+00
1.550175E-02	0.000000E+00
1.586357E-02	0.000000E+00
1.623382E-02	0.000000E+00
1.661273E-02	0.000000E+00
1.700047E-02	0.000000E+00
1.739726E-02	0.000000E+00
1.780332E-02	0.000000E+00
1.821885E-02	0.000000E+00
1.864409E-02	0.000000E+00
1.907924E-02	0.000000E+00
1.952456E-02	0.000000E+00
1.998026E-02	0.000000E+00
2.044661E-02	0.000000E+00
2.092383E-02	0.000000E+00
2.141220E-02	0.000000E+00
2.191197E-02	0.000000E+00
2.242340E-02	0.000000E+00
2.294676E-02	0.000000E+00
2.348235E-02	0.000000E+00
2.403043E-02	0.000000E+00
2.459130E-02	0.000000E+00
2.516527E-02	0.000000E+00
2.575263E-02	0.000000E+00
2.635371E-02	0.000000E+00
2.696881E-02	0.000000E+00
2.759826E-02	0.000000E+00
2.824241E-02	0.000000E+00
2.890160E-02	0.000000E+00
2.957617E-02	0.000000E+00
3.026648E-02	0.000000E+00
3.097291E-02	0.000000E+00
3.169582E-02	0.000000E+00
3.243561E-02	0.000000E+00
3.319266E-02	0.000000E+00
3.396739E-02	0.000000E+00
3.476019E-02	0.000000E+00
3.557150E-02	0.000000E+00
3.640175E-02	0.000000E+00
3.725137E-02	0.000000E+00
3.812083E-02	0.000000E+00
3.901058E-02	0.000000E+00
3.992109E-02	0.000000E+00
4.085286E-02	0.000000E+00
4.180637E-02	0.000000E+00
4.278214E-02	0.000000E+00
4.378069E-02	0.000000E+00
4.480254E-02	0.000000E+00
4.584824E-02	0.000000E+00
4.691835E-02	0.000000E+00
4.801343E-02	0.000000E+00
4.913407E-02	0.000000E+00
5.028087E-02	0.000000E+00
5.145444E-02	0.000000E+00
5.265540E-02	0.000000E+00
5.388438E-02	0.000000E+00
5.514206E-02	0.000000E+00
5.642908E-02	0.000000E+00
5.774615E-02	0.000000E+00
5.909396E-02	0.000000E+00
6.047322E-02	0.000000E+00
6.188468E-02	0.000000E+00
6.332908E-02	0.000000E+00
6.480720E-02	0.000000E+00
6.631981E-02	0.000000E+00
6.786773E-02	0.000000E+00
6.945178E-02	0.000000E+00
7.107280E-02	0.000000E+00
7.273165E-02	0.000000E+00
7.442922E-02	0.000000E+00
7.616642E-02	0.000000E+00
7.794416E-02	0.000000E+00
7.976339E-02	0.000000E+00
8.162509E-02	0.000000E+00
8.353023E-02	0.000000E+00
8.547985E-02	0.000000E+00
8.747496E-02	0.000000E+00
8.951665E-02	0.000000E+00
9.160598E-02	0.000000E+00
9.374409E-02	0.000000E+00
9.593209E-02	0.000000E+00
9.817117E-02	0.000000E+00
1.004625E-01	0.000000E+00
1.028073E-01	0.000000E+00
1.052069E-01	0.000000E+00
1.076624E-01	0.000000E+00
1.101753E-01	0.000000E+00
1.127468E-01	0.000000E+00
1.153783E-01	0.000000E+00
1.180713E-01	0.000000E+00
1.208271E-01	0.000000E+00
1.236472E-01	0.000000E+00
1.265332E-01	0.000000E+00
1.294865E-01	0.000000E+00
1.325087E-01	0.000000E+00
1.356015E-01	0.000000E+00
1.387665E-01	0.000000E+00
1.420053E-01	0.000000E+00
1.453198E-01	0.000000E+00
1.487115E-01	0.000000E+00
1.521825E-01	0.000000E+00
1.557345E-01	0.000000E+00
1.593694E-01	0.000000E+00
1.630891E-01	0.000000E+00
1.668956E-01	0.000000E+00
1.707910E-01	0.000000E+00
1.747773E-01	0.000000E+00
1.788566E-01	0.000000E+00
1.830312E-01	0.000000E+00
1.873032E-01	0.000000E+00
1.916748E-01	0.000000E+00
1.961486E-01	0.000000E+00
2.007267E-01	0.000000E+00
2.054117E-01	0.000000E+00
2.102061E-01	0.000000E+00
2.151123E-01	0.000000E+00
2.201331E-01	0.000000E+00
2.252711E-01	0.000000E+00
2.305289E-01	0.000000E+00
2.359095E-01	0.000000E+00
2.414157E-01	0.000000E+00
2.470504E-01	0.000000E+00
2.528166E-01	0.000000E+00
2.587174E-01	0.000000E+00
2.647559E-01	0.000000E+00
2.709354E-01	0.000000E+00
2.772591E-01	0.000000E+00
2.837304E-01	0.000000E+00
2.903527E-01	0.000000E+00
2.971296E-01	0.000000E+00
3.040646E-01	0.000000E+00
3.111616E-01	0.000000E+00
3.184242E-01	0.000000E+00
3.258562E-01	0.000000E+00
3.334618E-01	0.000000E+00
3.412449E-01	0.000000E+00
3.492096E-01	0.000000E+00
3.573602E-01	0.000000E+00
3.657011E-01	0.000000E+00
3.742366E-01	0.000000E+00
3.829714E-01	0.000000E+00
3.919100E-01	0.000000E+00
4.010573E-01	0.000000E+00
4.104181E-01	0.000000E+00
4.199973E-01	0.000000E+00
4.298001E-01	0.000000E+00
4.398317E-01	0.000000E+00
4.500975E-01	0.000000E+00
4.606029E-01	0.000000E+00
4.713535E-01	0.000000E+00
4.823549E-01	0.000000E+00
4.936132E-01	0.000000E+00
5.051342E-01	0.000000E+00
5.169242E-01	0.000000E+00
5.289893E-01	0.000000E+00
5.413360E-01	0.000000E+00
5.539709E-01	0.000000E+00
5.669007E-01	0.000000E+00
5.801323E-01	0.000000E+00
5.936727E-01	0.000000E+00
6.075292E-01	0.000000E+00
6.217090E-01	0.000000E+00
6.362198E-01	0.000000E+00
6.510694E-01	0.000000E+00
6.662655E-01	0.000000E+00
6.818162E-01	0.000000E+00
6.977300E-01	0.000000E+00
7.140151E-01	0.000000E+00
7.306804E-01	0.000000E+00
7.477346E-01	0.000000E+00
7.651869E-01	0.000000E+00
7.830465E-01	0.000000E+00
8.013230E-01	0.000000E+00
8.200261E-01	0.000000E+00
8.391656E-01	0.000000E+00
8.587519E-01	0.000000E+00
8.787954E-01	0.000000E+00
8.993067E-01	0.000000E+00
9.202967E-01	0.000000E+00
9.417766E-01	0.000000E+00
9.637579E-01	0.000000E+00
9.862522E-01	0.000000E+00
1.009272E+00	0.000000E+00
1.032828E+00	0.000000E+00
1.056935E+00	0.000000E+00
1.081604E+00	0.000000E+00
1.106848E+00	0.000000E+00
1.132683E+00	0.000000E+00
1.159120E+00	0.000000E+00
1.186174E+00	0.000000E+00
1.213859E+00	0.000000E+00
1.242191E+00	0.000000E+00
1.271184E+00	0.000000E+00
1.300854E+00	0.000000E+00
1.331216E+00	0.000000E+00
1.362287E+00	0.000000E+00
1.394083E+00	0.000000E+00
1.426621E+00	0.000000E+00
1.459919E+00	0.000000E+00
1.493993E+00	0.000000E+00
1.528864E+00	0.000000E+00
1.564548E+00	0.000000E+00
1.601064E+00	0.000000E+00
1.638434E+00	0.000000E+00
1.676675E+00	0.000000E+00
1.715809E+00	0.000000E+00
1.755856E+00	0.000000E+00
1.796838E+00	0.000000E+00
1.838777E+00	0.000000E+00
1.881694E+00	0.000000E+00
1.925614E+00	0.000000E+00
1.970558E+00	0.000000E+00
2.016551E+00	0.000000E+00
2.063618E+00	0.000000E+00
2.111783E+00	0.000000E+00
2.161073E+00	0.000000E+00
2.211512E+00	0.000000E+00
2.263130E+00	0.000000E+00
2.315951E+00	0.000000E+00
2.370006E+00	0.000000E+00
2.425323E+00	0.000000E+00
2.481930E+00	0.000000E+00
2.539859E+00	0.000000E+00
2.599140E+00	0.000000E+00
2.659804E+00	0.000000E+00
2.721885E+00	0.000000E+00
2.785414E+00	0.000000E+00
2.850426E+00	0.000000E+00
2.916956E+00	0.000000E+00
2.985038E+00	0.000000E+00
3.054710E+00	0.000000E+00
3.126007E+00	0.000000E+00
3.198969E+00	0.000000E+00
3.273634E+00	0.000000E+00
3.350041E+00	0.000000E+00
3.428231E+00	0.000000E+00
3.508247E+00	0.000000E+00
3.590130E+00	0.000000E+00
3.673925E+00	0.000000E+00
3.759675E+00	0.000000E+00
3.847427E+00	0.000000E+00
3.937226E+00	0.000000E+00
4.029122E+00	0.000000E+00
4.123163E+00	2.360573E-21
4.219398E+00	5.201445E-21
4.317880E+00	8.143189E-21
4.418660E+00	1.113700E-20
4.521792E+00	1.415579E-20
4.627332E+00	1.718110E-20
4.735335E+00	2.019891E-20
4.845859E+00	2.319802E-20
4.958962E+00	2.616907E-20
5.074705E+00	2.910414E-20
5.193150E+00	3.199636E-20
5.314359E+00	3.483977E-20
5.438397E+00	3.762916E-20
5.565331E+00	4.035995E-20
5.695227E+00	4.302815E-20
5.828155E+00	4.563024E-20
5.964185E+00	4.816319E-20
6.103390E+00	5.062437E-20
6.245845E+00	5.301153E-20
6.391624E+00	5.532277E-20
6.540806E+00	5.755649E-20
6.693470E+00	5.971143E-20
6.849697E+00	6.178656E-20
7.009570E+00	6.378113E-20
7.173175E+00	6.569461E-20
7.340598E+00	6.752671E-20
7.511929E+00	6.927732E-20
7.687260E+00	7.094652E-20
7.866682E+00	7.253459E-20
8.050292E+00	7.404192E-20
8.238187E+00	7.546910E-20
8.430468E+00	7.681683E-20
8.627237E+00	7.808593E-20
8.828599E+00	7.927734E-20
9.034660E+00	8.039211E-20
9.245531E+00	8.143138E-20
9.461324E+00	8.239638E-20
9.682153E+00	8.328840E-20
9.908137E+00	8.410882E-20
1.013939E+01	8.485908E-20
1.037605E+01	8.554067E-20
1.061823E+01	8.615511E-20
1.086606E+01	8.670399E-20
1.111968E+01	8.718892E-20
1.137921E+01	8.761155E-20
1.164481E+01	8.797354E-20
1.191660E+01	8.827657E-20
1.219473E+01	8.852236E-20
1.247936E+01	8.871261E-20
1.277063E+01	8.884903E-20
1.306870E+01	8.893336E-20
1.337373E+01	8.896731E-20
1.368587E+01	8.895258E-20
1.400531E+01	8.889090E-20
1.433219E+01	8.878394E-20
1.466671E+01	8.863341E-20
1.500903E+01	8.844095E-20
1.535935E+01	8.820823E-20
1.571784E+01	8.793687E-20
1.608469E+01	8.762847E-20
1.646012E+01	8.728462E-20
1.684430E+01	8.690687E-20
1.723745E+01	8.649676E-20
1.763977E+01	8.605580E-20
1.805149E+01	8.558545E-20
1.847281E+01	8.508715E-20
1.890397E+01	8.456234E-20
1.934520E+01	8.401237E-20
1.979672E+01	8.343862E-20
2.025878E+01	8.284239E-20
2.073162E+01	8.222497E-20
2.121550E+01	8.158762E-20
2.171068E+01	8.093154E-20
2.221741E+01	8.025794E-20
2.273597E+01	7.956795E-20
2.326663E+01	7.886270E-20
2.380968E+01	7.814328E-20
2.436540E+01	7.741073E-20
2.493409E+01	7.666607E-20
2.551606E+01	7.591029E-20
2.611161E+01	7.514435E-20
2.672106E+01	7.436915E-20
2.734474E+01	7.358560E-20
2.798297E+01	7.279455E-20
2.863610E+01	7.199683E-20
2.930447E+01	7.119323E-20
2.998844E+01	7.038452E-20
3.068838E+01	6.957144E-20
3.140465E+01	6.875469E-20
3.213764E+01	6.793496E-20
3.288774E+01	6.711289E-20
3.365535E+01	6.628912E-20
3.444087E+01	6.546423E-20
3.524473E+01	6.463881E-20
3.606735E+01	6.381339E-20
3.690917E+01	6.298851E-20
3.777064E+01	6.216465E-20
3.865221E+01	6.134230E-20
3.955436E+01	6.052191E-20
4.047757E+01	5.970390E-20
4.142232E+01	5.888869E-20
4.238913E+01	5.807666E-20
4.337850E+01	5.726819E-20
4.439097E+01	5.646361E-20
4.542706E+01	5.566326E-20
4.648734E+01	5.486744E-20
4.757236E+01	5.407646E-20
4.868271E+01	5.329058E-20
4.981898E+01	5.251006E-20
5.098176E+01	5.173515E-20
5.217169E+01	5.096608E-20
5.338938E+01	5.020305E-20
5.463550E+01	4.944626E-20
5.591071E+01	4.869590E-20
5.721568E+01	4.795214E-20
5.855110E+01	4.721513E-20
5.991770E+01	4.648502E-20
6.131619E+01	4.576194E-20
6.274732E+01	4.504602E-20
6.421186E+01	4.433737E-20
6.571058E+01	4.363608E-20
6.724427E+01	4.294225E-20
6.881377E+01	4.225595E-20
7.041990E+01	4.157727E-20
7.206351E+01	4.090625E-20
7.374549E+01	4.024296E-20
7.546673E+01	3.958745E-20
7.722814E+01	3.893974E-20
7.903066E+01	3.829987E-20
8.087525E+01	3.766787E-20
8.276289E+01	3.704375E-20
8.469460E+01	3.642753E-20
8.667139E+01	3.581920E-20
8.869432E+01	3.521877E-20
9.076446E+01	3.462623E-20
9.288292E+01	3.404158E-20
9.505083E+01	3.346479E-20
9.726934E+01	3.289584E-20
9.953962E+01	3.233471E-20
1.018629E+02	3.178137E-20
1.042404E+02	3.123578E-20
1.066734E+02	3.069792E-20
1.091632E+02	3.016773E-20
1.117111E+02	2.964518E-20
1.143184E+02	2.913022E-20
1.169866E+02	2.862280E-20
1.197171E+02	2.812286E-20
1.225114E+02	2.763036E-20
1.253708E+02	2.714524E-20
1.282970E+02	2.666743E-20
1.312915E+02	2.619688E-20
1.343558E+02	2.573352E-20
1.374917E+02	2.527729E-20
1.407008E+02	2.482812E-20
1.439848E+02	2.438595E-20
1.473454E+02	2.395070E-20
1.507845E+02	2.352231E-20
1.543038E+02	2.310071E-20
1.579053E+02	2.268582E-20
1.615909E+02	2.227757E-20
1.653624E+02	2.187588E-20
1.692220E+02	2.148069E-20
1.731717E+02	2.109191E-20
1.772136E+02	2.070948E-20
1.813498E+02	2.033331E-20
1.855825E+02	1.996333E-20
1.899141E+02	1.959947E-20
1.943467E+02	1.924164E-20
1.988828E+02	1.888977E-20
2.035248E+02	1.854379E-20
2.082751E+02	1.820361E-20
2.131362E+02	1.786916E-20
2.181109E+02	1.754036E-20
2.232016E+02	1.721714E-20
2.284112E+02	1.689942E-20
2.337424E+02	1.658713E-20
2.391980E+02	1.628018E-20
2.447809E+02	1.597851E-20
2.504942E+02	1.568203E-20
2.563407E+02	1.539068E-20
2.623238E+02	1.510437E-20
2.684465E+02	1.482304E-20
2.747121E+02	1.454662E-20
2.811239E+02	1.427502E-20
2.876854E+02	1.400818E-20
2.944000E+02	1.374602E-20
3.012714E+02	1.348848E-20
3.083031E+02	1.323549E-20
3.154990E+02	1.298697E-20
3.228628E+02	1.274285E-20
3.303985E+02	1.250307E-20
3.381101E+02	1.226756E-20
3.460016E+02	1.203625E-20
3.540774E+02	1.180907E-20
3.623416E+02	1.158597E-20
3.707988E+02	1.136687E-20
3.794533E+02	1.115171E-20
3.883098E+02	1.094042E-20
3.973730E+02	1.073295E-20
4.066478E+02	1.052924E-20
4.161391E+02	1.032921E-20
4.258518E+02	1.013281E-20
4.357913E+02	9.939978E-21
4.459628E+02	9.750659E-21
4.563716E+02	9.564791E-21
4.670234E+02	9.382319E-21
4.779239E+02	9.203184E-21
4.890787E+02	9.027330E-21
5.004939E+02	8.854702E-21
5.121755E+02	8.685246E-21
5.241298E+02	8.518907E-21
5.363631E+02	8.355633E-21
5.488820E+02	8.195371E-21
5.616930E+02	8.038069E-21
5.748030E+02	7.883677E-21
5.882190E+02	7.732144E-21
6.019482E+02	7.583421E-21
6.159978E+02	7.437459E-21
6.303753E+02	7.294210E-21
6.450884E+02	7.153627E-21
6.601449E+02	7.015663E-21
6.755528E+02	6.880273E-21
6.913204E+02	6.747410E-21
7.074559E+02	6.617032E-21
7.239681E+02	6.489093E-21
7.408657E+02	6.363551E-21
7.581576E+02	6.240363E-21
7.758532E+02	6.119488E-21
7.939618E+02	6.000884E-21
8.124930E+02	5.884511E-21
8.314568E+02	5.770328E-21
8.508632E+02	5.658298E-21
8.707225E+02	5.548380E-21
8.910453E+02	5.440538E-21
9.118425E+02	5.334733E-21
9.331251E+02	5.230930E-21
9.549045E+02	5.129091E-21
9.771921E+02	5.029182E-21
1.000000E+03	4.931168E-21
------------------------------

IONIZATION
Ar2 -> Ar(+)
3.932000E+00
SPECIES: e / Ar2
PROCESS: E + Ar2 -> E + E + Ar(+), Ionization
PARAM.: E = 3.9 eV
COMMENT: Semi-empirical formula for step-wise ionization from Deutsch et al, 2003.
COLUMNS: Energy (eV) | Cross section (m2)
------------------------------
1.000000E-02	0.000000E+00
1.023340E-02	0.000000E+00
1.047225E-02	0.000000E+00
1.071668E-02	0.000000E+00
1.096681E-02	0.000000E+00
1.122277E-02	0.000000E+00
1.148472E-02	0.000000E+00
1.175277E-02	0.000000E+00
1.202708E-02	0.000000E+00
1.230780E-02	0.000000E+00
1.259506E-02	0.000000E+00
1.288904E-02	0.000000E+00
1.318987E-02	0.000000E+00
1.349772E-02	0.000000E+00
1.381276E-02	0.000000E+00
1.413516E-02	0.000000E+00
1.446507E-02	0.000000E+00
1.480269E-02	0.000000E+00
1.514819E-02	0.000000E+00
1.550175E-02	0.000000E+00
1.586357E-02	0.000000E+00
1.623382E-02	0.000000E+00
1.661273E-02	0.000000E+00
1.700047E-02	0.000000E+00
1.739726E-02	0.000000E+00
1.780332E-02	0.000000E+00
1.821885E-02	0.000000E+00
1.864409E-02	0.000000E+00
1.907924E-02	0.000000E+00
1.952456E-02	0.000000E+00
1.998026E-02	0.000000E+00
2.044661E-02	0.000000E+00
2.092383E-02	0.000000E+00
2.141220E-02	0.000000E+00
2.191197E-02	0.000000E+00
2.242340E-02	0.000000E+00
2.294676E-02	0.000000E+00
2.348235E-02	0.000000E+00
2.403043E-02	0.000000E+00
2.459130E-02	0.000000E+00
2.516527E-02	0.000000E+00
2.575263E-02	0.000000E+00
2.635371E-02	0.000000E+00
2.696881E-02	0.000000E+00
2.759826E-02	0.000000E+00
2.824241E-02	0.000000E+00
2.890160E-02	0.000000E+00
2.957617E-02	0.000000E+00
3.026648E-02	0.000000E+00
3.097291E-02	0.000000E+00
3.169582E-02	0.000000E+00
3.243561E-02	0.000000E+00
3.319266E-02	0.000000E+00
3.396739E-02	0.000000E+00
3.476019E-02	0.000000E+00
3.557150E-02	0.000000E+00
3.640175E-02	0.000000E+00
3.725137E-02	0.000000E+00
3.812083E-02	0.000000E+00
3.901058E-02	0.000000E+00
3.992109E-02	0.000000E+00
4.085286E-02	0.000000E+00
4.180637E-02	0.000000E+00
4.278214E-02	0.000000E+00
4.378069E-02	0.000000E+00
4.480254E-02	0.000000E+00
4.584824E-02	0.000000E+00
4.691835E-02	0.000000E+00
4.801343E-02	0.000000E+00
4.913407E-02	0.000000E+00
5.028087E-02	0.000000E+00
5.145444E-02	0.000000E+00
5.265540E-02	0.000000E+00
5.388438E-02	0.000000E+00
5.514206E-02	0.000000E+00
5.642908E-02	0.000000E+00
5.774615E-02	0.000000E+00
5.909396E-02	0.000000E+00
6.047322E-02	0.000000E+00
6.188468E-02	0.000000E+00
6.332908E-02	0.000000E+00
6.480720E-02	0.000000E+00
6.631981E-02	0.000000E+00
6.786773E-02	0.000000E+00
6.945178E-02	0.000000E+00
7.107280E-02	0.000000E+00
7.273165E-02	0.000000E+00
7.442922E-02	0.000000E+00
7.616642E-02	0.000000E+00
7.794416E-02	0.000000E+00
7.976339E-02	0.000000E+00
8.162509E-02	0.000000E+00
8.353023E-02	0.000000E+00
8.547985E-02	0.000000E+00
8.747496E-02	0.000000E+00
8.951665E-02	0.000000E+00
9.160598E-02	0.000000E+00
9.374409E-02	0.000000E+00
9.593209E-02	0.000000E+00
9.817117E-02	0.000000E+00
1.004625E-01	0.000000E+00
1.028073E-01	0.000000E+00
1.052069E-01	0.000000E+00
1.076624E-01	0.000000E+00
1.101753E-01	0.000000E+00
1.127468E-01	0.000000E+00
1.153783E-01	0.000000E+00
1.180713E-01	0.000000E+00
1.208271E-01	0.000000E+00
1.236472E-01	0.000000E+00
1.265332E-01	0.000000E+00
1.294865E-01	0.000000E+00
1.325087E-01	0.000000E+00
1.356015E-01	0.000000E+00
1.387665E-01	0.000000E+00
1.420053E-01	0.000000E+00
1.453198E-01	0.000000E+00
1.487115E-01	0.000000E+00
1.521825E-01	0.000000E+00
1.557345E-01	0.000000E+00
1.593694E-01	0.000000E+00
1.630891E-01	0.000000E+00
1.668956E-01	0.000000E+00
1.707910E-01	0.000000E+00
1.747773E-01	0.000000E+00
1.788566E-01	0.000000E+00
1.830312E-01	0.000000E+00
1.873032E-01	0.000000E+00
1.916748E-01	0.000000E+00
1.961486E-01	0.000000E+00
2.007267E-01	0.000000E+00
2.054117E-01	0.000000E+00
2.102061E-01	0.000000E+00
2.151123E-01	0.000000E+00
2.201331E-01	0.000000E+00
2.252711E-01	0.000000E+00
2.305289E-01	0.000000E+00
2.359095E-01	0.000000E+00
2.414157E-01	0.000000E+00
2.470504E-01	0.000000E+00
2.528166E-01	0.000000E+00
2.587174E-01	0.000000E+00
2.647559E-01	0.000000E+00
2.709354E-01	0.000000E+00
2.772591E-01	0.000000E+00
2.837304E-01	0.000000E+00
2.903527E-01	0.000000E+00
2.971296E-01	0.000000E+00
3.040646E-01	0.000000E+00
3.111616E-01	0.000000E+00
3.184242E-01	0.000000E+00
3.258562E-01	0.000000E+00
3.334618E-01	0.000000E+00
3.412449E-01	0.000000E+00
3.492096E-01	0.000000E+00
3.573602E-01	0.000000E+00
3.657011E-01	0.000000E+00
3.742366E-01	0.000000E+00
3.829714E-01	0.000000E+00
3.919100E-01	0.000000E+00
4.010573E-01	0.000000E+00
4.104181E-01	0.000000E+00
4.199973E-01	0.000000E+00
4.298001E-01	0.000000E+00
4.398317E-01	0.000000E+00
4.500975E-01	0.000000E+00
4.606029E-01	0.000000E+00
4.713535E-01	0.000000E+00
4.823549E-01	0.000000E+00
4.936132E-01	0.000000E+00
5.051342E-01	0.000000E+00
5.169242E-01	0.000000E+00
5.289893E-01	0.000000E+00
5.413360E-01	0.000000E+00
5.539709E-01	0.000000E+00
5.669007E-01	0.000000E+00
5.801323E-01	0.000000E+00
5.936727E-01	0.000000E+00
6.075292E-01	0.000000E+00
6.217090E-01	0.000000E+00
6.362198E-01	0.000000E+00
6.510694E-01	0.000000E+00
6.662655E-01	0.000000E+00
6.818162E-01	0.000000E+00
6.977300E-01	0.000000E+00
7.140151E-01	0.000000E+00
7.306804E-01	0.000000E+00
7.477346E-01	0.000000E+00
7.651869E-01	0.000000E+00
7.830465E-01	0.000000E+00
8.013230E-01	0.000000E+00
8.200261E-01	0.000000E+00
8.391656E-01	0.000000E+00
8.587519E-01	0.000000E+00
8.787954E-01	0.000000E+00
8.993067E-01	0.000000E+00
9.202967E-01	0.000000E+00
9.417766E-01	0.000000E+00
9.637579E-01	0.000000E+00
9.862522E-01	0.000000E+00
1.009272E+00	0.000000E+00
1.032828E+00	0.000000E+00
1.056935E+00	0.000000E+00
1.081604E+00	0.000000E+00
1.106848E+00	0.000000E+00
1.132683E+00	0.000000E+00
1.159120E+00	0.000000E+00
1.186174E+00	0.000000E+00
1.213859E+00	0.000000E+00
1.242191E+00	0.000000E+00
1.271184E+00	0.000000E+00
1.300854E+00	0.000000E+00
1.331216E+00	0.000000E+00
1.362287E+00	0.000000E+00
1.394083E+00	0.000000E+00
1.426621E+00	0.000000E+00
1.459919E+00	0.000000E+00
1.493993E+00	0.000000E+00
1.528864E+00	0.000000E+00
1.564548E+00	0.000000E+00
1.601064E+00	0.000000E+00
1.638434E+00	0.000000E+00
1.676675E+00	0.000000E+00
1.715809E+00	0.000000E+00
1.755856E+00	0.000000E+00
1.796838E+00	0.000000E+00
1.838777E+00	0.000000E+00
1.881694E+00	0.000000E+00
1.925614E+00	0.000000E+00
1.970558E+00	0.000000E+00
2.016551E+00	0.000000E+00
2.063618E+00	0.000000E+00
2.111783E+00	0.000000E+00
2.161073E+00	0.000000E+00
2.211512E+00	0.000000E+00
2.263130E+00	0.000000E+00
2.315951E+00	0.000000E+00
2.370006E+00	0.000000E+00
2.425323E+00	0.000000E+00
2.481930E+00	0.000000E+00
2.539859E+00	0.000000E+00
2.599140E+00	0.000000E+00
2.659804E+00	0.000000E+00
2.721885E+00	0.000000E+00
2.785414E+00	0.000000E+00
2.850426E+00	0.000000E+00
2.916956E+00	0.000000E+00
2.985038E+00	0.000000E+00
3.054710E+00	0.000000E+00
3.126007E+00	0.000000E+00
3.198969E+00	0.000000E+00
3.273634E+00	0.000000E+00
3.350041E+00	0.000000E+00
3.428231E+00	0.000000E+00
3.508247E+00	0.000000E+00
3.590130E+00	0.000000E+00
3.673925E+00	0.000000E+00
3.759675E+00	0.000000E+00
3.847427E+00	0.000000E+00
3.937226E+00	1.265551E-22
4.029122E+00	2.828807E-21
4.123163E+00	5.765197E-21
4.219398E+00	8.795365E-21
4.317880E+00	1.187418E-20
4.418660E+00	1.497557E-20
4.521792E+00	1.808136E-20
4.627332E+00	2.117769E-20
4.735335E+00	2.425333E-20
4.845859E+00	2.729894E-20
4.958962E+00	3.030653E-20
5.074705E+00	3.326921E-20
5.193150E+00	3.618098E-20
5.314359E+00	3.903657E-20
5.438397E+00	4.183138E-20
5.565331E+00	4.456138E-20
5.695227E+00	4.722304E-20
5.828155E+00	4.981331E-20
5.964185E+00	5.232954E-20
6.103390E+00	5.476946E-20
6.245845E+00	5.713119E-20
6.391624E+00	5.941313E-20
6.540806E+00	6.161402E-20
6.693470E+00	6.373284E-20
6.849697E+00	6.576886E-20
7.009570E+00	6.772157E-20
7.173175E+00	6.959069E-20
7.340598E+00	7.137615E-20
7.511929E+00	7.307806E-20
7.687260E+00	7.469671E-20
7.866682E+00	7.623256E-20
8.050292E+00	7.768620E-20
8.238187E+00	7.905838E-20
8.430468E+00	8.034996E-20
8.627237E+00	8.156193E-20
8.828599E+00	8.269537E-20
9.034660E+00	8.375147E-20
9.245531E+00	8.473149E-20
9.461324E+00	8.563679E-20
9.682153E+00	8.646879E-20
9.908137E+00	8.722896E-20
1.013939E+01	8.791884E-20
1.037605E+01	8.854001E-20
1.061823E+01	8.909411E-20
1.086606E+01	8.958279E-20
1.111968E+01	9.000774E-20
1.137921E+01	9.037068E-20
1.164481E+01	9.067335E-20
1.191660E+01	9.091748E-20
1.219473E+01	9.110484E-20
1.247936E+01	9.123719E-20
1.277063E+01	9.131631E-20
1.306870E+01	9.134394E-20
1.337373E+01	9.132186E-20
1.368587E+01	9.125181E-20
1.400531E+01	9.113553E-20
1.433219E+01	9.097475E-20
1.466671E+01	9.077118E-20
1.500903E+01	9.052649E-20
1.535935E+01	9.024237E-20
1.571784E+01	8.992046E-20
1.608469E+01	8.956238E-20
1.646012E+01	8.916973E-20
1.684430E+01	8.874407E-20
1.723745E+01	8.828695E-20
1.763977E+01	8.779987E-20
1.805149E+01	8.728431E-20
1.847281E+01	8.674172E-20
1.890397E+01	8.617351E-20
1.934520E+01	8.558107E-20
1.979672E+01	8.496574E-20
2.025878E+01	8.432885E-20
2.073162E+01	8.367166E-20
2.121550E+01	8.299544E-20
2.171068E+01	8.230138E-20
2.221741E+01	8.159067E-20
2.273597E+01	8.086445E-20
2.326663E+01	8.012383E-20
2.380968E+01	7.936989E-20
2.436540E+01	7.860366E-20
2.493409E+01	7.782616E-20
2.551606E+01	7.703835E-20
2.611161E+01	7.624118E-20
2.672106E+01	7.543556E-20
2.734474E+01	7.462236E-20
2.798297E+01	7.380243E-20
2.863610E+01	7.297658E-20
2.930447E+01	7.214559E-20
2.998844E+01	7.131021E-20
3.068838E+01	7.047118E-20
3.140465E+01	6.962917E-20
3.213764E+01	6.878487E-20
3.288774E+01	6.793889E-20
3.365535E+01	6.709187E-20
3.444087E+01	6.624437E-20
3.524473E+01	6.539695E-20
3.606735E+01	6.455016E-20
3.690917E+01	6.370450E-20
3.777064E+01	6.286045E-20
3.865221E+01	6.201847E-20
3.955436E+01	6.117900E-20
4.047757E+01	6.034246E-20
4.142232E+01	5.950925E-20
4.238913E+01	5.867973E-20
4.337850E+01	5.785426E-20
4.439097E+01	5.703318E-20
4.542706E+01	5.621680E-20
4.648734E+01	5.540542E-20
4.757236E+01	5.459933E-20
4.868271E+01	5.379877E-20
4.981898E+01	5.300401E-20
5.098176E+01	5.221526E-20
5.217169E+01	5.143276E-20
5.338938E+01	5.065669E-20
5.463550E+01	4.988724E-20
5.591071E+01	4.912459E-20
5.721568E+01	4.836890E-20
5.855110E+01	4.762032E-20
5.991770E+01	4.687897E-20
6.131619E+01	4.614499E-20
6.274732E+01	4.541848E-20
6.421186E+01	4.469955E-20
6.571058E+01	4.398828E-20
6.724427E+01	4.328477E-20
6.881377E+01	4.258907E-20
7.041990E+01	4.190127E-20
7.206351E+01	4.122140E-20
7.374549E+01	4.054951E-20
7.546673E+01	3.988565E-20
7.722814E+01	3.922985E-20
7.903066E+01	3.858212E-20
8.087525E+01	3.794248E-20
8.276289E+01	3.731096E-20
8.469460E+01	3.668754E-20
8.667139E+01	3.607223E-20
8.869432E+01	3.546502E-20
9.076446E+01	3.486590E-20
9.288292E+01	3.427485E-20
9.505083E+01	3.369185E-20
9.726934E+01	3.311688E-20
9.953962E+01	3.254990E-20
1.018629E+02	3.199087E-20
1.042404E+02	3.143977E-20
1.066734E+02	3.089654E-20
1.091632E+02	3.036115E-20
1.117111E+02	2.983354E-20
1.143184E+02	2.931366E-20
1.169866E+02	2.880147E-20
1.197171E+02	2.829690E-20
1.225114E+02	2.779989E-20
1.253708E+02	2.731038E-20
1.282970E+02	2.682832E-20
1.312915E+02	2.635363E-20
1.343558E+02	2.588626E-20
1.374917E+02	2.542612E-20
1.407008E+02	2.497316E-20
1.439848E+02	2.452729E-20
1.473454E+02	2.408846E-20
1.507845E+02	2.365658E-20
1.543038E+02	2.323159E-20
1.579053E+02	2.281340E-20
1.615909E+02	2.240194E-20
1.653624E+02	2.199713E-20
1.692220E+02	2.159891E-20
1.731717E+02	2.120718E-20
1.772136E+02	2.082188E-20
1.813498E+02	2.044292E-20
1.855825E+02	2.007022E-20
1.899141E+02	1.970371E-20
1.943467E+02	1.934331E-20
1.988828E+02	1.898894E-20
2.035248E+02	1.864052E-20
2.082751E+02	1.829797E-20
2.131362E+02	1.796121E-20
2.181109E+02	1.763017E-20
2.232016E+02	1.730476E-20
2.284112E+02	1.698491E-20
2.337424E+02	1.667054E-20
2.391980E+02	1.636158E-20
2.447809E+02	1.605793E-20
2.504942E+02	1.575954E-20
2.563407E+02	1.546632E-20
2.623238E+02	1.517820E-20
2.684465E+02	1.489511E-20
2.747121E+02	1.461695E-20
2.811239E+02	1.434368E-20
2.876854E+02	1.407520E-20
2.944000E+02	1.381145E-20
3.012714E+02	1.355236E-20
3.083031E+02	1.329785E-20
3.154990E+02	1.304785E-20
3.228628E+02	1.280229E-20
3.303985E+02	1.256111E-20
3.381101E+02	1.232423E-20
3.460016E+02	1.209159E-20
3.540774E+02	1.186312E-20
3.623416E+02	1.163874E-20
3.707988E+02	1.141841E-20
3.794533E+02	1.120204E-20
3.883098E+02	1.098958E-20
3.973730E+02	1.078097E-20
4.066478E+02	1.057613E-20
4.161391E+02	1.037501E-20
4.258518E+02	1.017755E-20
4.357913E+02	9.983682E-21
4.459628E+02	9.793351E-21
4.563716E+02	9.606496E-21
4.670234E+02	9.423060E-21
4.779239E+02	9.242985E-21
4.890787E+02	9.066214E-21
5.004939E+02	8.892691E-21
5.121755E+02	8.722362E-21
5.241298E+02	8.555170E-21
5.363631E+02	8.391064E-21
5.488820E+02	8.229990E-21
5.616930E+02	8.071895E-21
5.748030E+02	7.916729E-21
5.882190E+02	7.764441E-21
6.019482E+02	7.614980E-21
6.159978E+02	7.468299E-21
6.303753E+02	7.324347E-21
6.450884E+02	7.183078E-21
6.601449E+02	7.044444E-21
6.755528E+02	6.908399E-21
6.913204E+02	6.774898E-21
7.074559E+02	6.643895E-21
7.239681E+02	6.515347E-21
7.408657E+02	6.389210E-21
7.581576E+02	6.265441E-21
7.758532E+02	6.143998E-21
7.939618E+02	6.024840E-21
8.124930E+02	5.907925E-21
8.314568E+02	5.793213E-21
8.508632E+02	5.680666E-21
8.707225E+02	5.570244E-21
8.910453E+02	5.461909E-21
9.118425E+02	5.355622E-21
9.331251E+02	5.251348E-21
9.549045E+02	5.149050E-21
9.771921E+02	5.048692E-21
1.000000E+03	4.950239E-21
------------------------------

IONIZATION
Ar(2p10) -> Ar(+)
2.853000E+00
SPECIES: e / Ar(2p10)
PROCESS: E + Ar(2p10) -> E + E + Ar(+), Ionization
PARAM.: E = 2.9 eV
COMMENT: Semi-empirical formula for step-wise ionization from Deutsch et al, 2003.
COLUMNS: Energy (eV) | Cross section (m2)
------------------------------
1.000000E-02	0.000000E+00
1.023340E-02	0.000000E+00
1.047225E-02	0.000000E+00
1.071668E-02	0.000000E+00
1.096681E-02	0.000000E+00
1.122277E-02	0.000000E+00
1.148472E-02	0.000000E+00
1.175277E-02	0.000000E+00
1.202708E-02	0.000000E+00
1.230780E-02	0.000000E+00
1.259506E-02	0.000000E+00
1.288904E-02	0.000000E+00
1.318987E-02	0.000000E+00
1.349772E-02	0.000000E+00
1.381276E-02	0.000000E+00
1.413516E-02	0.000000E+00
1.446507E-02	0.000000E+00
1.480269E-02	0.000000E+00
1.514819E-02	0.000000E+00
1.550175E-02	0.000000E+00
1.586357E-02	0.000000E+00
1.623382E-02	0.000000E+00
1.661273E-02	0.000000E+00
1.700047E-02	0.000000E+00
1.739726E-02	0.000000E+00
1.780332E-02	0.000000E+00
1.821885E-02	0.000000E+00
1.864409E-02	0.000000E+00
1.907924E-02	0.000000E+00
1.952456E-02	0.000000E+00
1.998026E-02	0.000000E+00
2.044661E-02	0.000000E+00
2.092383E-02	0.000000E+00
2.141220E-02	0.000000E+00
2.191197E-02	0.000000E+00
2.242340E-02	0.000000E+00
2.294676E-02	0.000000E+00
2.348235E-02	0.000000E+00
2.403043E-02	0.000000E+00
2.459130E-02	0.000000E+00
2.516527E-02	0.000000E+00
2.575263E-02	0.000000E+00
2.635371E-02	0.000000E+00
2.696881E-02	0.000000E+00
2.759826E-02	0.000000E+00
2.824241E-02	0.000000E+00
2.890160E-02	0.000000E+00
2.957617E-02	0.000000E+00
3.026648E-02	0.000000E+00
3.097291E-02	0.000000E+00
3.169582E-02	0.000000E+00
3.243561E-02	0.000000E+00
3.319266E-02	0.000000E+00
3.396739E-02	0.000000E+00
3.476019E-02	0.000000E+00
3.557150E-02	0.000000E+00
3.640175E-02	0.000000E+00
3.725137E-02	0.000000E+00
3.812083E-02	0.000000E+00
3.901058E-02	0.000000E+00
3.992109E-02	0.000000E+00
4.085286E-02	0.000000E+00
4.180637E-02	0.000000E+00
4.278214E-02	0.000000E+00
4.378069E-02	0.000000E+00
4.480254E-02	0.000000E+00
4.584824E-02	0.000000E+00
4.691835E-02	0.000000E+00
4.801343E-02	0.000000E+00
4.913407E-02	0.000000E+00
5.028087E-02	0.000000E+00
5.145444E-02	0.000000E+00
5.265540E-02	0.000000E+00
5.388438E-02	0.000000E+00
5.514206E-02	0.000000E+00
5.642908E-02	0.000000E+00
5.774615E-02	0.000000E+00
5.909396E-02	0.000000E+00
6.047322E-02	0.000000E+00
6.188468E-02	0.000000E+00
6.332908E-02	0.000000E+00
6.480720E-02	0.000000E+00
6.631981E-02	0.000000E+00
6.786773E-02	0.000000E+00
6.945178E-02	0.000000E+00
7.107280E-02	0.000000E+00
7.273165E-02	0.000000E+00
7.442922E-02	0.000000E+00
7.616642E-02	0.000000E+00
7.794416E-02	0.000000E+00
7.976339E-02	0.000000E+00
8.162509E-02	0.000000E+00
8.353023E-02	0.000000E+00
8.547985E-02	0.000000E+00
8.747496E-02	0.000000E+00
8.951665E-02	0.000000E+00
9.160598E-02	0.000000E+00
9.374409E-02	0.000000E+00
9.593209E-02	0.000000E+00
9.817117E-02	0.000000E+00
1.004625E-01	0.000000E+00
1.028073E-01	0.000000E+00
1.052069E-01	0.000000E+00
1.076624E-01	0.000000E+00
1.101753E-01	0.000000E+00
1.127468E-01	0.000000E+00
1.153783E-01	0.000000E+00
1.180713E-01	0.000000E+00
1.208271E-01	0.000000E+00
1.236472E-01	0.000000E+00
1.265332E-01	0.000000E+00
1.294865E-01	0.000000E+00
1.325087E-01	0.000000E+00
1.356015E-01	0.000000E+00
1.387665E-01	0.000000E+00
1.420053E-01	0.000000E+00
1.453198E-01	0.000000E+00
1.487115E-01	0.000000E+00
1.521825E-01	0.000000E+00
1.557345E-01	0.000000E+00
1.593694E-01	0.000000E+00
1.630891E-01	0.000000E+00
1.668956E-01	0.000000E+00
1.707910E-01	0.000000E+00
1.747773E-01	0.000000E+00
1.788566E-01	0.000000E+00
1.830312E-01	0.000000E+00
1.873032E-01	0.000000E+00
1.916748E-01	0.000000E+00
1.961486E-01	0.000000E+00
2.007267E-01	0.000000E+00
2.054117E-01	0.000000E+00
2.102061E-01	0.000000E+00
2.151123E-01	0.000000E+00
2.201331E-01	0.000000E+00
2.252711E-01	0.000000E+00
2.305289E-01	0.000000E+00
2.359095E-01	0.000000E+00
2.414157E-01	0.000000E+00
2.470504E-01	0.000000E+00
2.528166E-01	0.000000E+00
2.587174E-01	0.000000E+00
2.647559E-01	0.000000E+00
2.709354E-01	0.000000E+00
2.772591E-01	0.000000E+00
2.837304E-01	0.000000E+00
2.903527E-01	0.000000E+00
2.971296E-01	0.000000E+00
3.040646E-01	0.000000E+00
3.111616E-01	0.000000E+00
3.184242E-01	0.000000E+00
3.258562E-01	0.000000E+00
3.334618E-01	0.000000E+00
3.412449E-01	0.000000E+00
3.492096E-01	0.000000E+00
3.573602E-01	0.000000E+00
3.657011E-01	0.000000E+00
3.742366E-01	0.000000E+00
3.829714E-01	0.000000E+00
3.919100E-01	0.000000E+00
4.010573E-01	0.000000E+00
4.104181E-01	0.000000E+00
4.199973E-01	0.000000E+00
4.298001E-01	0.000000E+00
4.398317E-01	0.000000E+00
4.500975E-01	0.000000E+00
4.606029E-01	0.000000E+00
4.713535E-01	0.000000E+00
4.823549E-01	0.000000E+00
4.936132E-01	0.000000E+00
5.051342E-01	0.000000E+00
5.169242E-01	0.000000E+00
5.289893E-01	0.000000E+00
5.413360E-01	0.000000E+00
5.539709E-01	0.000000E+00
5.669007E-01	0.000000E+00
5.801323E-01	0.000000E+00
5.936727E-01	0.000000E+00
6.075292E-01	0.000000E+00
6.217090E-01	0.000000E+00
6.362198E-01	0.000000E+00
6.510694E-01	0.000000E+00
6.662655E-01	0.000000E+00
6.818162E-01	0.000000E+00
6.977300E-01	0.000000E+00
7.140151E-01	0.000000E+00
7.306804E-01	0.000000E+00
7.477346E-01	0.000000E+00
7.651869E-01	0.000000E+00
7.830465E-01	0.000000E+00
8.013230E-01	0.000000E+00
8.200261E-01	0.000000E+00
8.391656E-01	0.000000E+00
8.587519E-01	0.000000E+00
8.787954E-01	0.000000E+00
8.993067E-01	0.000000E+00
9.202967E-01	0.000000E+00
9.417766E-01	0.000000E+00
9.637579E-01	0.000000E+00
9.862522E-01	0.000000E+00
1.009272E+00	0.000000E+00
1.032828E+00	0.000000E+00
1.056935E+00	0.000000E+00
1.081604E+00	0.000000E+00
1.106848E+00	0.000000E+00
1.132683E+00	0.000000E+00
1.159120E+00	0.000000E+00
1.186174E+00	0.000000E+00
1.213859E+00	0.000000E+00
1.242191E+00	0.000000E+00
1.271184E+00	0.000000E+00
1.300854E+00	0.000000E+00
1.331216E+00	0.000000E+00
1.362287E+00	0.000000E+00
1.394083E+00	0.000000E+00
1.426621E+00	0.000000E+00
1.459919E+00	0.000000E+00
1.493993E+00	0.000000E+00
1.528864E+00	0.000000E+00
1.564548E+00	0.000000E+00
1.601064E+00	0.000000E+00
1.638434E+00	0.000000E+00
1.676675E+00	0.000000E+00
1.715809E+00	0.000000E+00
1.755856E+00	0.000000E+00
1.796838E+00	0.000000E+00
1.838777E+00	0.000000E+00
1.881694E+00	0.000000E+00
1.925614E+00	0.000000E+00
1.970558E+00	0.000000E+00
2.016551E+00	0.000000E+00
2.063618E+00	0.000000E+00
2.111783E+00	0.000000E+00
2.161073E+00	0.000000E+00
2.211512E+00	0.000000E+00
2.263130E+00	0.000000E+00
2.315951E+00	0.000000E+00
2.370006E+00	0.000000E+00
2.425323E+00	0.000000E+00
2.481930E+00	0.000000E+00
2.539859E+00	0.000000E+00
2.599140E+00	0.000000E+00
2.659804E+00	0.000000E+00
2.721885E+00	0.000000E+00
2.785414E+00	0.000000E+00
2.850426E+00	0.000000E+00
2.916956E+00	7.279301E-22
2.985038E+00	3.006944E-21
3.054710E+00	6.786251E-21
3.126007E+00	1.200632E-20
3.198969E+00	1.860365E-20
3.273634E+00	2.651211E-20
3.350041E+00	3.566371E-20
3.428231E+00	4.598912E-20
3.508247E+00	5.741813E-20
3.590130E+00	6.988001E-20
3.673925E+00	8.330385E-20
3.759675E+00	9.761881E-20
3.847427E+00	1.127544E-19
3.937226E+00	1.286407E-19
4.029122E+00	1.452085E-19
4.123163E+00	1.623898E-19
4.219398E+00	1.801176E-19
4.317880E+00	1.983262E-19
4.418660E+00	2.169513E-19
4.521792E+00	2.359305E-19
4.627332E+00	2.552027E-19
4.735335E+00	2.747090E-19
4.845859E+00	2.943922E-19
4.958962E+00	3.141970E-19
5.074705E+00	3.340705E-19
5.193150E+00	3.539614E-19
5.314359E+00	3.738210E-19
5.438397E+00	3.936027E-19
5.565331E+00	4.132618E-19
5.695227E+00	4.327562E-19
5.828155E+00	4.520460E-19
5.964185E+00	4.710933E-19
6.103390E+00	4.898626E-19
6.245845E+00	5.083207E-19
6.391624E+00	5.264365E-19
6.540806E+00	5.441811E-19
6.693470E+00	5.615276E-19
6.849697E+00	5.784515E-19
7.009570E+00	5.949302E-19
7.173175E+00	6.109430E-19
7.340598E+00	6.264715E-19
7.511929E+00	6.414990E-19
7.687260E+00	6.560106E-19
7.866682E+00	6.699933E-19
8.050292E+00	6.834360E-19
8.238187E+00	6.963291E-19
8.430468E+00	7.086647E-19
8.627237E+00	7.204363E-19
8.828599E+00	7.316392E-19
9.034660E+00	7.422698E-19
9.245531E+00	7.523262E-19
9.461324E+00	7.618075E-19
9.682153E+00	7.707141E-19
9.908137E+00	7.790477E-19
1.013939E+01	7.868110E-19
1.037605E+01	7.940077E-19
1.061823E+01	8.006426E-19
1.086606E+01	8.067211E-19
1.111968E+01	8.122499E-19
1.137921E+01	8.172360E-19
1.164481E+01	8.216875E-19
1.191660E+01	8.256131E-19
1.219473E+01	8.290218E-19
1.247936E+01	8.319236E-19
1.277063E+01	8.343288E-19
1.306870E+01	8.362480E-19
1.337373E+01	8.376924E-19
1.368587E+01	8.386736E-19
1.400531E+01	8.392034E-19
1.433219E+01	8.392939E-19
1.466671E+01	8.389573E-19
1.500903E+01	8.382062E-19
1.535935E+01	8.370533E-19
1.571784E+01	8.355114E-19
1.608469E+01	8.335932E-19
1.646012E+01	8.313118E-19
1.684430E+01	8.286801E-19
1.723745E+01	8.257109E-19
1.763977E+01	8.224172E-19
1.805149E+01	8.188118E-19
1.847281E+01	8.149075E-19
1.890397E+01	8.107170E-19
1.934520E+01	8.062527E-19
1.979672E+01	8.015270E-19
2.025878E+01	7.965523E-19
2.073162E+01	7.913405E-19
2.121550E+01	7.859036E-19
2.171068E+01	7.802532E-19
2.221741E+01	7.744008E-19
2.273597E+01	7.683577E-19
2.326663E+01	7.621349E-19
2.380968E+01	7.557431E-19
2.436540E+01	7.491930E-19
2.493409E+01	7.424947E-19
2.551606E+01	7.356585E-19
2.611161E+01	7.286940E-19
2.672106E+01	7.216107E-19
2.734474E+01	7.144180E-19
2.798297E+01	7.071248E-19
2.863610E+01	6.997399E-19
2.930447E+01	6.922716E-19
2.998844E+01	6.847283E-19
3.068838E+01	6.771178E-19
3.140465E+01	6.694478E-19
3.213764E+01	6.617257E-19
3.288774E+01	6.539587E-19
3.365535E+01	6.461535E-19
3.444087E+01	6.383169E-19
3.524473E+01	6.304552E-19
3.606735E+01	6.225746E-19
3.690917E+01	6.146809E-19
3.777064E+01	6.067797E-19
3.865221E+01	5.988765E-19
3.955436E+01	5.909765E-19
4.047757E+01	5.830845E-19
4.142232E+01	5.752053E-19
4.238913E+01	5.673435E-19
4.337850E+01	5.595033E-19
4.439097E+01	5.516888E-19
4.542706E+01	5.439038E-19
4.648734E+01	5.361522E-19
4.757236E+01	5.284373E-19
4.868271E+01	5.207625E-19
4.981898E+01	5.131309E-19
5.098176E+01	5.055455E-19
5.217169E+01	4.980090E-19
5.338938E+01	4.905241E-19
5.463550E+01	4.830933E-19
5.591071E+01	4.757188E-19
5.721568E+01	4.684029E-19
5.855110E+01	4.611474E-19
5.991770E+01	4.539543E-19
6.131619E+01	4.468254E-19
6.274732E+01	4.397622E-19
6.421186E+01	4.327663E-19
6.571058E+01	4.258389E-19
6.724427E+01	4.189814E-19
6.881377E+01	4.121949E-19
7.041990E+01	4.054804E-19
7.206351E+01	3.988389E-19
7.374549E+01	3.922711E-19
7.546673E+01	3.857779E-19
7.722814E+01	3.793598E-19
7.903066E+01	3.730174E-19
8.087525E+01	3.667513E-19
8.276289E+01	3.605618E-19
8.469460E+01	3.544492E-19
8.667139E+01	3.484138E-19
8.869432E+01	3.424557E-19
9.076446E+01	3.365752E-19
9.288292E+01	3.307722E-19
9.505083E+01	3.250468E-19
9.726934E+01	3.193988E-19
9.953962E+01	3.138283E-19
1.018629E+02	3.083350E-19
1.042404E+02	3.029187E-19
1.066734E+02	2.975792E-19
1.091632E+02	2.923161E-19
1.117111E+02	2.871293E-19
1.143184E+02	2.820181E-19
1.169866E+02	2.769824E-19
1.197171E+02	2.720216E-19
1.225114E+02	2.671352E-19
1.253708E+02	2.623228E-19
1.282970E+02	2.575838E-19
1.312915E+02	2.529177E-19
1.343558E+02	2.483238E-19
1.374917E+02	2.438017E-19
1.407008E+02	2.393507E-19
1.439848E+02	2.349700E-19
1.473454E+02	2.306592E-19
1.507845E+02	2.264175E-19
1.543038E+02	2.222442E-19
1.579053E+02	2.181387E-19
1.615909E+02	2.141001E-19
1.653624E+02	2.101279E-19
1.692220E+02	2.062212E-19
1.731717E+02	2.023793E-19
1.772136E+02	1.986015E-19
1.813498E+02	1.948870E-19
1.855825E+02	1.912351E-19
1.899141E+02	1.876450E-19
1.943467E+02	1.841159E-19
1.988828E+02	1.806470E-19
2.035248E+02	1.772376E-19
2.082751E+02	1.738869E-19
2.131362E+02	1.705942E-19
2.181109E+02	1.673586E-19
2.232016E+02	1.641793E-19
2.284112E+02	1.610557E-19
2.337424E+02	1.579868E-19
2.391980E+02	1.549720E-19
2.447809E+02	1.520105E-19
2.504942E+02	1.491015E-19
2.563407E+02	1.462443E-19
2.623238E+02	1.434380E-19
2.684465E+02	1.406819E-19
2.747121E+02	1.379753E-19
2.811239E+02	1.353175E-19
2.876854E+02	1.327076E-19
2.944000E+02	1.301450E-19
3.012714E+02	1.276288E-19
3.083031E+02	1.251585E-19
3.154990E+02	1.227333E-19
3.228628E+02	1.203524E-19
3.303985E+02	1.180151E-19
3.381101E+02	1.157209E-19
3.460016E+02	1.134688E-19
3.540774E+02	1.112584E-19
3.623416E+02	1.090888E-19
3.707988E+02	1.069595E-19
3.794533E+02	1.048697E-19
3.883098E+02	1.028189E-19
3.973730E+02	1.008062E-19
4.066478E+02	9.883124E-20
4.161391E+02	9.689322E-20
4.258518E+02	9.499155E-20
4.357913E+02	9.312562E-20
4.459628E+02	9.129481E-20
4.563716E+02	8.949853E-20
4.670234E+02	8.773618E-20
4.779239E+02	8.600716E-20
4.890787E+02	8.431091E-20
5.004939E+02	8.264685E-20
5.121755E+02	8.101442E-20
5.241298E+02	7.941306E-20
5.363631E+02	7.784223E-20
5.488820E+02	7.630138E-20
5.616930E+02	7.478999E-20
5.748030E+02	7.330752E-20
5.882190E+02	7.185347E-20
6.019482E+02	7.042733E-20
6.159978E+02	6.902859E-20
6.303753E+02	6.765676E-20
6.450884E+02	6.631136E-20
6.601449E+02	6.499190E-20
6.755528E+02	6.369792E-20
6.913204E+02	6.242895E-20
7.074559E+02	6.118454E-20
7.239681E+02	5.996423E-20
7.408657E+02	5.876759E-20
7.581576E+02	5.759417E-20
7.758532E+02	5.644356E-20
7.939618E+02	5.531533E-20
8.124930E+02	5.420907E-20
8.314568E+02	5.312437E-20
8.508632E+02	5.206083E-20
8.707225E+02	5.101805E-20
8.910453E+02	4.999566E-20
9.118425E+02	4.899326E-20
9.331251E+02	4.801048E-20
9.549045E+02	4.704696E-20
9.771921E+02	4.610234E-20
1.000000E+03	4.517626E-20
------------------------------

IONIZATION
Ar(2p9) -> Ar(+)
2.685000E+00
SPECIES: e / Ar(2p9)
PROCESS: E + Ar(2p9) -> E + E + Ar(+), Ionization
PARAM.: E = 2.7 eV
COMMENT: Semi-empirical formula for step-wise ionization from Deutsch et al, 2003.
COLUMNS: Energy (eV) | Cross section (m2)
------------------------------
1.000000E-02	0.000000E+00
1.023340E-02	0.000000E+00
1.047225E-02	0.000000E+00
1.071668E-02	0.000000E+00
1.096681E-02	0.000000E+00
1.122277E-02	0.000000E+00
1.148472E-02	0.000000E+00
1.175277E-02	0.000000E+00
1.202708E-02	0.000000E+00
1.230780E-02	0.000000E+00
1.259506E-02	0.000000E+00
1.288904E-02	0.000000E+00
1.318987E-02	0.000000E+00
1.349772E-02	0.000000E+00
1.381276E-02	0.000000E+00
1.413516E-02	0.000000E+00
1.446507E-02	0.000000E+00
1.480269E-02	0.000000E+00
1.514819E-02	0.000000E+00
1.550175E-02	0.000000E+00
1.586357E-02	0.000000E+00
1.623382E-02	0.000000E+00
1.661273E-02	0.000000E+00
1.700047E-02	0.000000E+00
1.739726E-02	0.000000E+00
1.780332E-02	0.000000E+00
1.821885E-02	0.000000E+00
1.864409E-02	0.000000E+00
1.907924E-02	0.000000E+00
1.952456E-02	0.000000E+00
1.998026E-02	0.000000E+00
2.044661E-02	0.000000E+00
2.092383E-02	0.000000E+00
2.141220E-02	0.000000E+00
2.191197E-02	0.000000E+00
2.242340E-02	0.000000E+00
2.294676E-02	0.000000E+00
2.348235E-02	0.000000E+00
2.403043E-02	0.000000E+00
2.459130E-02	0.000000E+00
2.516527E-02	0.000000E+00
2.575263E-02	0.000000E+00
2.635371E-02	0.000000E+00
2.696881E-02	0.000000E+00
2.759826E-02	0.000000E+00
2.824241E-02	0.000000E+00
2.890160E-02	0.000000E+00
2.957617E-02	0.000000E+00
3.026648E-02	0.000000E+00
3.097291E-02	0.000000E+00
3.169582E-02	0.000000E+00
3.243561E-02	0.000000E+00
3.319266E-02	0.000000E+00
3.396739E-02	0.000000E+00
3.476019E-02	0.000000E+00
3.557150E-02	0.000000E+00
3.640175E-02	0.000000E+00
3.725137E-02	0.000000E+00
3.812083E-02	0.000000E+00
3.901058E-02	0.000000E+00
3.992109E-02	0.000000E+00
4.085286E-02	0.000000E+00
4.180637E-02	0.000000E+00
4.278214E-02	0.000000E+00
4.378069E-02	0.000000E+00
4.480254E-02	0.000000E+00
4.584824E-02	0.000000E+00
4.691835E-02	0.000000E+00
4.801343E-02	0.000000E+00
4.913407E-02	0.000000E+00
5.028087E-02	0.000000E+00
5.145444E-02	0.000000E+00
5.265540E-02	0.000000E+00
5.388438E-02	0.000000E+00
5.514206E-02	0.000000E+00
5.642908E-02	0.000000E+00
5.774615E-02	0.000000E+00
5.909396E-02	0.000000E+00
6.047322E-02	0.000000E+00
6.188468E-02	0.000000E+00
6.332908E-02	0.000000E+00
6.480720E-02	0.000000E+00
6.631981E-02	0.000000E+00
6.786773E-02	0.000000E+00
6.945178E-02	0.000000E+00
7.107280E-02	0.000000E+00
7.273165E-02	0.000000E+00
7.442922E-02	0.000000E+00
7.616642E-02	0.000000E+00
7.794416E-02	0.000000E+00
7.976339E-02	0.000000E+00
8.162509E-02	0.000000E+00
8.353023E-02	0.000000E+00
8.547985E-02	0.000000E+00
8.747496E-02	0.000000E+00
8.951665E-02	0.000000E+00
9.160598E-02	0.000000E+00
9.374409E-02	0.000000E+00
9.593209E-02	0.000000E+00
9.817117E-02	0.000000E+00
1.004625E-01	0.000000E+00
1.028073E-01	0.000000E+00
1.052069E-01	0.000000E+00
1.076624E-01	0.000000E+00
1.101753E-01	0.000000E+00
1.127468E-01	0.000000E+00
1.153783E-01	0.000000E+00
1.180713E-01	0.000000E+00
1.208271E-01	0.000000E+00
1.236472E-01	0.000000E+00
1.265332E-01	0.000000E+00
1.294865E-01	0.000000E+00
1.325087E-01	0.000000E+00
1.356015E-01	0.000000E+00
1.387665E-01	0.000000E+00
1.420053E-01	0.000000E+00
1.453198E-01	0.000000E+00
1.487115E-01	0.000000E+00
1.521825E-01	0.000000E+00
1.557345E-01	0.000000E+00
1.593694E-01	0.000000E+00
1.630891E-01	0.000000E+00
1.668956E-01	0.000000E+00
1.707910E-01	0.000000E+00
1.747773E-01	0.000000E+00
1.788566E-01	0.000000E+00
1.830312E-01	0.000000E+00
1.873032E-01	0.000000E+00
1.916748E-01	0.000000E+00
1.961486E-01	0.000000E+00
2.007267E-01	0.000000E+00
2.054117E-01	0.000000E+00
2.102061E-01	0.000000E+00
2.151123E-01	0.000000E+00
2.201331E-01	0.000000E+00
2.252711E-01	0.000000E+00
2.305289E-01	0.000000E+00
2.359095E-01	0.000000E+00
2.414157E-01	0.000000E+00
2.470504E-01	0.000000E+00
2.528166E-01	0.000000E+00
2.587174E-01	0.000000E+00
2.647559E-01	0.000000E+00
2.709354E-01	0.000000E+00
2.772591E-01	0.000000E+00
2.837304E-01	0.000000E+00
2.903527E-01	0.000000E+00
2.971296E-01	0.000000E+00
3.040646E-01	0.000000E+00
3.111616E-01	0.000000E+00
3.184242E-01	0.000000E+00
3.258562E-01	0.000000E+00
3.334618E-01	0.000000E+00
3.412449E-01	0.000000E+00
3.492096E-01	0.000000E+00
3.573602E-01	0.000000E+00
3.657011E-01	0.000000E+00
3.742366E-01	0.000000E+00
3.829714E-01	0.000000E+00
3.919100E-01	0.000000E+00
4.010573E-01	0.000000E+00
4.104181E-01	0.000000E+00
4.199973E-01	0.000000E+00
4.298001E-01	0.000000E+00
4.398317E-01	0.000000E+00
4.500975E-01	0.000000E+00
4.606029E-01	0.000000E+00
4.713535E-01	0.000000E+00
4.823549E-01	0.000000E+00
4.936132E-01	0.000000E+00
5.051342E-01	0.000000E+00
5.169242E-01	0.000000E+00
5.289893E-01	0.000000E+00
5.413360E-01	0.000000E+00
5.539709E-01	0.000000E+00
5.669007E-01	0.000000E+00
5.801323E-01	0.000000E+00
5.936727E-01	0.000000E+00
6.075292E-01	0.000000E+00
6.217090E-01	0.000000E+00
6.362198E-01	0.000000E+00
6.510694E-01	0.000000E+00
6.662655E-01	0.000000E+00
6.818162E-01	0.000000E+00
6.977300E-01	0.000000E+00
7.140151E-01	0.000000E+00
7.306804E-01	0.000000E+00
7.477346E-01	0.000000E+00
7.651869E-01	0.000000E+00
7.830465E-01	0.000000E+00
8.013230E-01	0.000000E+00
8.200261E-01	0.000000E+00
8.391656E-01	0.000000E+00
8.587519E-01	0.000000E+00
8.787954E-01	0.000000E+00
8.993067E-01	0.000000E+00
9.202967E-01	0.000000E+00
9.417766E-01	0.000000E+00
9.637579E-01	0.000000E+00
9.862522E-01	0.000000E+00
1.009272E+00	0.000000E+00
1.032828E+00	0.000000E+00
1.056935E+00	0.000000E+00
1.081604E+00	0.000000E+00
1.106848E+00	0.000000E+00
1.132683E+00	0.000000E+00
1.159120E+00	0.000000E+00
1.186174E+00	0.000000E+00
1.213859E+00	0.000000E+00
1.242191E+00	0.000000E+00
1.271184E+00	0.000000E+00
1.300854E+00	0.000000E+00
1.331216E+00	0.000000E+00
1.362287E+00	0.000000E+00
1.394083E+00	0.000000E+00
1.426621E+00	0.000000E+00
1.459919E+00	0.000000E+00
1.493993E+00	0.000000E+00
1.528864E+00	0.000000E+00
1.564548E+00	0.000000E+00
1.601064E+00	0.000000E+00
1.638434E+00	0.000000E+00
1.676675E+00	0.000000E+00
1.715809E+00	0.000000E+00
1.755856E+00	0.000000E+00
1.796838E+00	0.000000E+00
1.838777E+00	0.000000E+00
1.881694E+00	0.000000E+00
1.925614E+00	0.000000E+00
1.970558E+00	0.000000E+00
2.016551E+00	0.000000E+00
2.063618E+00	0.000000E+00
2.111783E+00	0.000000E+00
2.161073E+00	0.000000E+00
2.211512E+00	0.000000E+00
2.263130E+00	0.000000E+00
2.315951E+00	0.000000E+00
2.370006E+00	0.000000E+00
2.425323E+00	0.000000E+00
2.481930E+00	0.000000E+00
2.539859E+00	0.000000E+00
2.599140E+00	0.000000E+00
2.659804E+00	0.000000E+00
2.721885E+00	2.935208E-22
2.785414E+00	2.111363E-21
2.850426E+00	5.545134E-21
2.916956E+00	1.053379E-20
2.985038E+00	1.701119E-20
3.054710E+00	2.490801E-20
3.126007E+00	3.415263E-20
3.198969E+00	4.467185E-20
3.273634E+00	5.639138E-20
3.350041E+00	6.923623E-20
3.428231E+00	8.313107E-20
3.508247E+00	9.800057E-20
3.590130E+00	1.137697E-19
3.673925E+00	1.303638E-19
3.759675E+00	1.477092E-19
3.847427E+00	1.657330E-19
3.937226E+00	1.843636E-19
4.029122E+00	2.035308E-19
4.123163E+00	2.231655E-19
4.219398E+00	2.432009E-19
4.317880E+00	2.635713E-19
4.418660E+00	2.842134E-19
4.521792E+00	3.050656E-19
4.627332E+00	3.260686E-19
4.735335E+00	3.471650E-19
4.845859E+00	3.682998E-19
4.958962E+00	3.894203E-19
5.074705E+00	4.104759E-19
5.193150E+00	4.314185E-19
5.314359E+00	4.522025E-19
5.438397E+00	4.727843E-19
5.565331E+00	4.931231E-19
5.695227E+00	5.131803E-19
5.828155E+00	5.329195E-19
5.964185E+00	5.523069E-19
6.103390E+00	5.713109E-19
6.245845E+00	5.899022E-19
6.391624E+00	6.080539E-19
6.540806E+00	6.257411E-19
6.693470E+00	6.429412E-19
6.849697E+00	6.596337E-19
7.009570E+00	6.758001E-19
7.173175E+00	6.914239E-19
7.340598E+00	7.064907E-19
7.511929E+00	7.209878E-19
7.687260E+00	7.349045E-19
7.866682E+00	7.482317E-19
8.050292E+00	7.609620E-19
8.238187E+00	7.730896E-19
8.430468E+00	7.846105E-19
8.627237E+00	7.955217E-19
8.828599E+00	8.058220E-19
9.034660E+00	8.155115E-19
9.245531E+00	8.245912E-19
9.461324E+00	8.330638E-19
9.682153E+00	8.409328E-19
9.908137E+00	8.482027E-19
1.013939E+01	8.548793E-19
1.037605E+01	8.609690E-19
1.061823E+01	8.664792E-19
1.086606E+01	8.714181E-19
1.111968E+01	8.757947E-19
1.137921E+01	8.796185E-19
1.164481E+01	8.828997E-19
1.191660E+01	8.856490E-19
1.219473E+01	8.878777E-19
1.247936E+01	8.895976E-19
1.277063E+01	8.908206E-19
1.306870E+01	8.915593E-19
1.337373E+01	8.918264E-19
1.368587E+01	8.916349E-19
1.400531E+01	8.909980E-19
1.433219E+01	8.899292E-19
1.466671E+01	8.884419E-19
1.500903E+01	8.865499E-19
1.535935E+01	8.842667E-19
1.571784E+01	8.816063E-19
1.608469E+01	8.785822E-19
1.646012E+01	8.752083E-19
1.684430E+01	8.714981E-19
1.723745E+01	8.674653E-19
1.763977E+01	8.631234E-19
1.805149E+01	8.584857E-19
1.847281E+01	8.535655E-19
1.890397E+01	8.483758E-19
1.934520E+01	8.429295E-19
1.979672E+01	8.372393E-19
2.025878E+01	8.313178E-19
2.073162E+01	8.251771E-19
2.121550E+01	8.188294E-19
2.171068E+01	8.122864E-19
2.221741E+01	8.055597E-19
2.273597E+01	7.986606E-19
2.326663E+01	7.916002E-19
2.380968E+01	7.843892E-19
2.436540E+01	7.770380E-19
2.493409E+01	7.695571E-19
2.551606E+01	7.619561E-19
2.611161E+01	7.542450E-19
2.672106E+01	7.464329E-19
2.734474E+01	7.385291E-19
2.798297E+01	7.305423E-19
2.863610E+01	7.224810E-19
2.930447E+01	7.143535E-19
2.998844E+01	7.061678E-19
3.068838E+01	6.979315E-19
3.140465E+01	6.896521E-19
3.213764E+01	6.813368E-19
3.288774E+01	6.729922E-19
3.365535E+01	6.646252E-19
3.444087E+01	6.562420E-19
3.524473E+01	6.478487E-19
3.606735E+01	6.394512E-19
3.690917E+01	6.310549E-19
3.777064E+01	6.226654E-19
3.865221E+01	6.142877E-19
3.955436E+01	6.059266E-19
4.047757E+01	5.975868E-19
4.142232E+01	5.892727E-19
4.238913E+01	5.809886E-19
4.337850E+01	5.727384E-19
4.439097E+01	5.645259E-19
4.542706E+01	5.563548E-19
4.648734E+01	5.482283E-19
4.757236E+01	5.401498E-19
4.868271E+01	5.321223E-19
4.981898E+01	5.241485E-19
5.098176E+01	5.162312E-19
5.217169E+01	5.083729E-19
5.338938E+01	5.005759E-19
5.463550E+01	4.928425E-19
5.591071E+01	4.851747E-19
5.721568E+01	4.775743E-19
5.855110E+01	4.700432E-19
5.991770E+01	4.625829E-19
6.131619E+01	4.551950E-19
6.274732E+01	4.478809E-19
6.421186E+01	4.406417E-19
6.571058E+01	4.334787E-19
6.724427E+01	4.263928E-19
6.881377E+01	4.193851E-19
7.041990E+01	4.124562E-19
7.206351E+01	4.056069E-19
7.374549E+01	3.988379E-19
7.546673E+01	3.921498E-19
7.722814E+01	3.855428E-19
7.903066E+01	3.790175E-19
8.087525E+01	3.725741E-19
8.276289E+01	3.662129E-19
8.469460E+01	3.599340E-19
8.667139E+01	3.537375E-19
8.869432E+01	3.476234E-19
9.076446E+01	3.415916E-19
9.288292E+01	3.356422E-19
9.505083E+01	3.297748E-19
9.726934E+01	3.239894E-19
9.953962E+01	3.182857E-19
1.018629E+02	3.126634E-19
1.042404E+02	3.071221E-19
1.066734E+02	3.016615E-19
1.091632E+02	2.962811E-19
1.117111E+02	2.909805E-19
1.143184E+02	2.857592E-19
1.169866E+02	2.806167E-19
1.197171E+02	2.755524E-19
1.225114E+02	2.705658E-19
1.253708E+02	2.656562E-19
1.282970E+02	2.608231E-19
1.312915E+02	2.560657E-19
1.343558E+02	2.513834E-19
1.374917E+02	2.467756E-19
1.407008E+02	2.422414E-19
1.439848E+02	2.377802E-19
1.473454E+02	2.333913E-19
1.507845E+02	2.290738E-19
1.543038E+02	2.248271E-19
1.579053E+02	2.206503E-19
1.615909E+02	2.165427E-19
1.653624E+02	2.125034E-19
1.692220E+02	2.085318E-19
1.731717E+02	2.046269E-19
1.772136E+02	2.007879E-19
1.813498E+02	1.970141E-19
1.855825E+02	1.933047E-19
1.899141E+02	1.896587E-19
1.943467E+02	1.860754E-19
1.988828E+02	1.825540E-19
2.035248E+02	1.790936E-19
2.082751E+02	1.756934E-19
2.131362E+02	1.723525E-19
2.181109E+02	1.690703E-19
2.232016E+02	1.658457E-19
2.284112E+02	1.626781E-19
2.337424E+02	1.595665E-19
2.391980E+02	1.565103E-19
2.447809E+02	1.535085E-19
2.504942E+02	1.505603E-19
2.563407E+02	1.476651E-19
2.623238E+02	1.448219E-19
2.684465E+02	1.420299E-19
2.747121E+02	1.392885E-19
2.811239E+02	1.365968E-19
2.876854E+02	1.339540E-19
2.944000E+02	1.313594E-19
3.012714E+02	1.288122E-19
3.083031E+02	1.263117E-19
3.154990E+02	1.238571E-19
3.228628E+02	1.214476E-19
3.303985E+02	1.190826E-19
3.381101E+02	1.167613E-19
3.460016E+02	1.144831E-19
3.540774E+02	1.122471E-19
3.623416E+02	1.100527E-19
3.707988E+02	1.078992E-19
3.794533E+02	1.057860E-19
3.883098E+02	1.037122E-19
3.973730E+02	1.016774E-19
4.066478E+02	9.968074E-20
4.161391E+02	9.772166E-20
4.258518E+02	9.579951E-20
4.357913E+02	9.391363E-20
4.459628E+02	9.206342E-20
4.563716E+02	9.024824E-20
4.670234E+02	8.846749E-20
4.779239E+02	8.672056E-20
4.890787E+02	8.500688E-20
5.004939E+02	8.332584E-20
5.121755E+02	8.167687E-20
5.241298E+02	8.005941E-20
5.363631E+02	7.847290E-20
5.488820E+02	7.691677E-20
5.616930E+02	7.539050E-20
5.748030E+02	7.389355E-20
5.882190E+02	7.242538E-20
6.019482E+02	7.098548E-20
6.159978E+02	6.957333E-20
6.303753E+02	6.818844E-20
6.450884E+02	6.683031E-20
6.601449E+02	6.549845E-20
6.755528E+02	6.419237E-20
6.913204E+02	6.291162E-20
7.074559E+02	6.165572E-20
7.239681E+02	6.042421E-20
7.408657E+02	5.921666E-20
7.581576E+02	5.803260E-20
7.758532E+02	5.687161E-20
7.939618E+02	5.573327E-20
8.124930E+02	5.461714E-20
8.314568E+02	5.352282E-20
8.508632E+02	5.244989E-20
8.707225E+02	5.139797E-20
8.910453E+02	5.036665E-20
9.118425E+02	4.935554E-20
9.331251E+02	4.836428E-20
9.549045E+02	4.739248E-20
9.771921E+02	4.643977E-20
1.000000E+03	4.550581E-20
------------------------------

IONIZATION
Ar(2p8) -> Ar(+)
2.665000E+00
SPECIES: e / Ar(2p8)
PROCESS: E + Ar(2p8) -> E + E + Ar(+), Ionization
PARAM.: E = 2.7 eV
COMMENT: Semi-empirical formula for step-wise ionization from Deutsch et al, 2003.
COLUMNS: Energy (eV) | Cross section (m2)
------------------------------
1.000000E-02	0.000000E+00
1.023340E-02	0.000000E+00
1.047225E-02	0.000000E+00
1.071668E-02	0.000000E+00
1.096681E-02	0.000000E+00
1.122277E-02	0.000000E+00
1.148472E-02	0.000000E+00
1.175277E-02	0.000000E+00
1.202708E-02	0.000000E+00
1.230780E-02	0.000000E+00
1.259506E-02	0.000000E+00
1.288904E-02	0.000000E+00
1.318987E-02	0.000000E+00
1.349772E-02	0.000000E+00
1.381276E-02	0.000000E+00
1.413516E-02	0.000000E+00
1.446507E-02	0.000000E+00
1.480269E-02	0.000000E+00
1.514819E-02	0.000000E+00
1.550175E-02	0.000000E+00
1.586357E-02	0.000000E+00
1.623382E-02	0.000000E+00
1.661273E-02	0.000000E+00
1.700047E-02	0.000000E+00
1.739726E-02	0.000000E+00
1.780332E-02	0.000000E+00
1.821885E-02	0.000000E+00
1.864409E-02	0.000000E+00
1.907924E-02	0.000000E+00
1.952456E-02	0.000000E+00
1.998026E-02	0.000000E+00
2.044661E-02	0.000000E+00
2.092383E-02	0.000000E+00
2.141220E-02	0.000000E+00
2.191197E-02	0.000000E+00
2.242340E-02	0.000000E+00
2.294676E-02	0.000000E+00
2.348235E-02	0.000000E+00
2.403043E-02	0.000000E+00
2.459130E-02	0.000000E+00
2.516527E-02	0.000000E+00
2.575263E-02	0.000000E+00
2.635371E-02	0.000000E+00
2.696881E-02	0.000000E+00
2.759826E-02	0.000000E+00
2.824241E-02	0.000000E+00
2.890160E-02	0.000000E+00
2.957617E-02	0.000000E+00
3.026648E-02	0.000000E+00
3.097291E-02	0.000000E+00
3.169582E-02	0.000000E+00
3.243561E-02	0.000000E+00
3.319266E-02	0.000000E+00
3.396739E-02	0.000000E+00
3.476019E-02	0.000000E+00
3.557150E-02	0.000000E+00
3.640175E-02	0.000000E+00
3.725137E-02	0.000000E+00
3.812083E-02	0.000000E+00
3.901058E-02	0.000000E+00
3.992109E-02	0.000000E+00
4.085286E-02	0.000000E+00
4.180637E-02	0.000000E+00
4.278214E-02	0.000000E+00
4.378069E-02	0.000000E+00
4.480254E-02	0.000000E+00
4.584824E-02	0.000000E+00
4.691835E-02	0.000000E+00
4.801343E-02	0.000000E+00
4.913407E-02	0.000000E+00
5.028087E-02	0.000000E+00
5.145444E-02	0.000000E+00
5.265540E-02	0.000000E+00
5.388438E-02	0.000000E+00
5.514206E-02	0.000000E+00
5.642908E-02	0.000000E+00
5.774615E-02	0.000000E+00
5.909396E-02	0.000000E+00
6.047322E-02	0.000000E+00
6.188468E-02	0.000000E+00
6.332908E-02	0.000000E+00
6.480720E-02	0.000000E+00
6.631981E-02	0.000000E+00
6.786773E-02	0.000000E+00
6.945178E-02	0.000000E+00
7.107280E-02	0.000000E+00
7.273165E-02	0.000000E+00
7.442922E-02	0.000000E+00
7.616642E-02	0.000000E+00
7.794416E-02	0.000000E+00
7.976339E-02	0.000000E+00
8.162509E-02	0.000000E+00
8.353023E-02	0.000000E+00
8.547985E-02	0.000000E+00
8.747496E-02	0.000000E+00
8.951665E-02	0.000000E+00
9.160598E-02	0.000000E+00
9.374409E-02	0.000000E+00
9.593209E-02	0.000000E+00
9.817117E-02	0.000000E+00
1.004625E-01	0.000000E+00
1.028073E-01	0.000000E+00
1.052069E-01	0.000000E+00
1.076624E-01	0.000000E+00
1.101753E-01	0.000000E+00
1.127468E-01	0.000000E+00
1.153783E-01	0.000000E+00
1.180713E-01	0.000000E+00
1.208271E-01	0.000000E+00
1.236472E-01	0.000000E+00
1.265332E-01	0.000000E+00
1.294865E-01	0.000000E+00
1.325087E-01	0.000000E+00
1.356015E-01	0.000000E+00
1.387665E-01	0.000000E+00
1.420053E-01	0.000000E+00
1.453198E-01	0.000000E+00
1.487115E-01	0.000000E+00
1.521825E-01	0.000000E+00
1.557345E-01	0.000000E+00
1.593694E-01	0.000000E+00
1.630891E-01	0.000000E+00
1.668956E-01	0.000000E+00
1.707910E-01	0.000000E+00
1.747773E-01	0.000000E+00
1.788566E-01	0.000000E+00
1.830312E-01	0.000000E+00
1.873032E-01	0.000000E+00
1.916748E-01	0.000000E+00
1.961486E-01	0.000000E+00
2.007267E-01	0.000000E+00
2.054117E-01	0.000000E+00
2.102061E-01	0.000000E+00
2.151123E-01	0.000000E+00
2.201331E-01	0.000000E+00
2.252711E-01	0.000000E+00
2.305289E-01	0.000000E+00
2.359095E-01	0.000000E+00
2.414157E-01	0.000000E+00
2.470504E-01	0.000000E+00
2.528166E-01	0.000000E+00
2.587174E-01	0.000000E+00
2.647559E-01	0.000000E+00
2.709354E-01	0.000000E+00
2.772591E-01	0.000000E+00
2.837304E-01	0.000000E+00
2.903527E-01	0.000000E+00
2.971296E-01	0.000000E+00
3.040646E-01	0.000000E+00
3.111616E-01	0.000000E+00
3.184242E-01	0.000000E+00
3.258562E-01	0.000000E+00
3.334618E-01	0.000000E+00
3.412449E-01	0.000000E+00
3.492096E-01	0.000000E+00
3.573602E-01	0.000000E+00
3.657011E-01	0.000000E+00
3.742366E-01	0.000000E+00
3.829714E-01	0.000000E+00
3.919100E-01	0.000000E+00
4.010573E-01	0.000000E+00
4.104181E-01	0.000000E+00
4.199973E-01	0.000000E+00
4.298001E-01	0.000000E+00
4.398317E-01	0.000000E+00
4.500975E-01	0.000000E+00
4.606029E-01	0.000000E+00
4.713535E-01	0.000000E+00
4.823549E-01	0.000000E+00
4.936132E-01	0.000000E+00
5.051342E-01	0.000000E+00
5.169242E-01	0.000000E+00
5.289893E-01	0.000000E+00
5.413360E-01	0.000000E+00
5.539709E-01	0.000000E+00
5.669007E-01	0.000000E+00
5.801323E-01	0.000000E+00
5.936727E-01	0.000000E+00
6.075292E-01	0.000000E+00
6.217090E-01	0.000000E+00
6.362198E-01	0.000000E+00
6.510694E-01	0.000000E+00
6.662655E-01	0.000000E+00
6.818162E-01	0.000000E+00
6.977300E-01	0.000000E+00
7.140151E-01	0.000000E+00
7.306804E-01	0.000000E+00
7.477346E-01	0.000000E+00
7.651869E-01	0.000000E+00
7.830465E-01	0.000000E+00
8.013230E-01	0.000000E+00
8.200261E-01	0.000000E+00
8.391656E-01	0.000000E+00
8.587519E-01	0.000000E+00
8.787954E-01	0.000000E+00
8.993067E-01	0.000000E+00
9.202967E-01	0.000000E+00
9.417766E-01	0.000000E+00
9.637579E-01	0.000000E+00
9.862522E-01	0.000000E+00
1.009272E+00	0.000000E+00
1.032828E+00	0.000000E+00
1.056935E+00	0.000000E+00
1.081604E+00	0.000000E+00
1.106848E+00	0.000000E+00
1.132683E+00	0.000000E+00
1.159120E+00	0.000000E+00
1.186174E+00	0.000000E+00
1.213859E+00	0.000000E+00
1.242191E+00	0.000000E+00
1.271184E+00	0.000000E+00
1.300854E+00	0.000000E+00
1.331216E+00	0.000000E+00
1.362287E+00	0.000000E+00
1.394083E+00	0.000000E+00
1.426621E+00	0.000000E+00
1.459919E+00	0.000000E+00
1.493993E+00	0.000000E+00
1.528864E+00	0.000000E+00
1.564548E+00	0.000000E+00
1.601064E+00	0.000000E+00
1.638434E+00	0.000000E+00
1.676675E+00	0.000000E+00
1.715809E+00	0.000000E+00
1.755856E+00	0.000000E+00
1.796838E+00	0.000000E+00
1.838777E+00	0.000000E+00
1.881694E+00	0.000000E+00
1.925614E+00	0.000000E+00
1.970558E+00	0.000000E+00
2.016551E+00	0.000000E+00
2.063618E+00	0.000000E+00
2.111783E+00	0.000000E+00
2.161073E+00	0.000000E+00
2.211512E+00	0.000000E+00
2.263130E+00	0.000000E+00
2.315951E+00	0.000000E+00
2.370006E+00	0.000000E+00
2.425323E+00	0.000000E+00
2.481930E+00	0.000000E+00
2.539859E+00	0.000000E+00
2.599140E+00	0.000000E+00
2.659804E+00	0.000000E+00
2.721885E+00	7.074813E-22
2.785414E+00	3.072829E-21
2.850426E+00	7.047064E-21
2.916956E+00	1.256670E-20
2.985038E+00	1.956391E-20
3.054710E+00	2.796803E-20
3.126007E+00	3.770631E-20
3.198969E+00	4.870461E-20
3.273634E+00	6.088779E-20
3.350041E+00	7.418016E-20
3.428231E+00	8.850580E-20
3.508247E+00	1.037889E-19
3.590130E+00	1.199539E-19
3.673925E+00	1.369259E-19
3.759675E+00	1.546310E-19
3.847427E+00	1.729960E-19
3.937226E+00	1.919493E-19
4.029122E+00	2.114205E-19
4.123163E+00	2.313407E-19
4.219398E+00	2.516429E-19
4.317880E+00	2.722618E-19
4.418660E+00	2.931341E-19
4.521792E+00	3.141985E-19
4.627332E+00	3.353958E-19
4.735335E+00	3.566691E-19
4.845859E+00	3.779635E-19
4.958962E+00	3.992267E-19
5.074705E+00	4.204087E-19
5.193150E+00	4.414616E-19
5.314359E+00	4.623402E-19
5.438397E+00	4.830016E-19
5.565331E+00	5.034052E-19
5.695227E+00	5.235130E-19
5.828155E+00	5.432891E-19
5.964185E+00	5.627002E-19
6.103390E+00	5.817152E-19
6.245845E+00	6.003054E-19
6.391624E+00	6.184443E-19
6.540806E+00	6.361076E-19
6.693470E+00	6.532732E-19
6.849697E+00	6.699211E-19
7.009570E+00	6.860334E-19
7.173175E+00	7.015941E-19
7.340598E+00	7.165893E-19
7.511929E+00	7.310068E-19
7.687260E+00	7.448364E-19
7.866682E+00	7.580694E-19
8.050292E+00	7.706991E-19
8.238187E+00	7.827200E-19
8.430468E+00	7.941285E-19
8.627237E+00	8.049222E-19
8.828599E+00	8.151004E-19
9.034660E+00	8.246633E-19
9.245531E+00	8.336126E-19
9.461324E+00	8.419512E-19
9.682153E+00	8.496831E-19
9.908137E+00	8.568132E-19
1.013939E+01	8.633475E-19
1.037605E+01	8.692929E-19
1.061823E+01	8.746570E-19
1.086606E+01	8.794484E-19
1.111968E+01	8.836762E-19
1.137921E+01	8.873504E-19
1.164481E+01	8.904813E-19
1.191660E+01	8.930800E-19
1.219473E+01	8.951580E-19
1.247936E+01	8.967272E-19
1.277063E+01	8.977999E-19
1.306870E+01	8.983888E-19
1.337373E+01	8.985067E-19
1.368587E+01	8.981669E-19
1.400531E+01	8.973827E-19
1.433219E+01	8.961678E-19
1.466671E+01	8.945357E-19
1.500903E+01	8.925002E-19
1.535935E+01	8.900752E-19
1.571784E+01	8.872746E-19
1.608469E+01	8.841121E-19
1.646012E+01	8.806015E-19
1.684430E+01	8.767567E-19
1.723745E+01	8.725912E-19
1.763977E+01	8.681187E-19
1.805149E+01	8.633525E-19
1.847281E+01	8.583059E-19
1.890397E+01	8.529921E-19
1.934520E+01	8.474239E-19
1.979672E+01	8.416141E-19
2.025878E+01	8.355753E-19
2.073162E+01	8.293196E-19
2.121550E+01	8.228592E-19
2.171068E+01	8.162059E-19
2.221741E+01	8.093712E-19
2.273597E+01	8.023664E-19
2.326663E+01	7.952027E-19
2.380968E+01	7.878906E-19
2.436540E+01	7.804408E-19
2.493409E+01	7.728635E-19
2.551606E+01	7.651685E-19
2.611161E+01	7.573655E-19
2.672106E+01	7.494638E-19
2.734474E+01	7.414726E-19
2.798297E+01	7.334006E-19
2.863610E+01	7.252563E-19
2.930447E+01	7.170480E-19
2.998844E+01	7.087835E-19
3.068838E+01	7.004706E-19
3.140465E+01	6.921165E-19
3.213764E+01	6.837285E-19
3.288774E+01	6.753133E-19
3.365535E+01	6.668775E-19
3.444087E+01	6.584274E-19
3.524473E+01	6.499691E-19
3.606735E+01	6.415083E-19
3.690917E+01	6.330507E-19
3.777064E+01	6.246015E-19
3.865221E+01	6.161658E-19
3.955436E+01	6.077484E-19
4.047757E+01	5.993540E-19
4.142232E+01	5.909868E-19
4.238913E+01	5.826512E-19
4.337850E+01	5.743510E-19
4.439097E+01	5.660900E-19
4.542706E+01	5.578718E-19
4.648734E+01	5.496996E-19
4.757236E+01	5.415768E-19
4.868271E+01	5.335062E-19
4.981898E+01	5.254908E-19
5.098176E+01	5.175331E-19
5.217169E+01	5.096356E-19
5.338938E+01	5.018006E-19
5.463550E+01	4.940303E-19
5.591071E+01	4.863268E-19
5.721568E+01	4.786918E-19
5.855110E+01	4.711271E-19
5.991770E+01	4.636343E-19
6.131619E+01	4.562149E-19
6.274732E+01	4.488702E-19
6.421186E+01	4.416015E-19
6.571058E+01	4.344098E-19
6.724427E+01	4.272961E-19
6.881377E+01	4.202615E-19
7.041990E+01	4.133065E-19
7.206351E+01	4.064320E-19
7.374549E+01	3.996385E-19
7.546673E+01	3.929266E-19
7.722814E+01	3.862967E-19
7.903066E+01	3.797492E-19
8.087525E+01	3.732843E-19
8.276289E+01	3.669021E-19
8.469460E+01	3.606030E-19
8.667139E+01	3.543869E-19
8.869432E+01	3.482538E-19
9.076446E+01	3.422036E-19
9.288292E+01	3.362364E-19
9.505083E+01	3.303518E-19
9.726934E+01	3.245497E-19
9.953962E+01	3.188297E-19
1.018629E+02	3.131917E-19
1.042404E+02	3.076352E-19
1.066734E+02	3.021599E-19
1.091632E+02	2.967652E-19
1.117111E+02	2.914508E-19
1.143184E+02	2.862161E-19
1.169866E+02	2.810606E-19
1.197171E+02	2.759837E-19
1.225114E+02	2.709849E-19
1.253708E+02	2.660635E-19
1.282970E+02	2.612189E-19
1.312915E+02	2.564504E-19
1.343558E+02	2.517574E-19
1.374917E+02	2.471391E-19
1.407008E+02	2.425948E-19
1.439848E+02	2.381238E-19
1.473454E+02	2.337253E-19
1.507845E+02	2.293986E-19
1.543038E+02	2.251430E-19
1.579053E+02	2.209575E-19
1.615909E+02	2.168415E-19
1.653624E+02	2.127941E-19
1.692220E+02	2.088145E-19
1.731717E+02	2.049019E-19
1.772136E+02	2.010555E-19
1.813498E+02	1.972745E-19
1.855825E+02	1.935580E-19
1.899141E+02	1.899053E-19
1.943467E+02	1.863154E-19
1.988828E+02	1.827875E-19
2.035248E+02	1.793209E-19
2.082751E+02	1.759146E-19
2.131362E+02	1.725679E-19
2.181109E+02	1.692800E-19
2.232016E+02	1.660499E-19
2.284112E+02	1.628769E-19
2.337424E+02	1.597601E-19
2.391980E+02	1.566988E-19
2.447809E+02	1.536921E-19
2.504942E+02	1.507392E-19
2.563407E+02	1.478393E-19
2.623238E+02	1.449916E-19
2.684465E+02	1.421953E-19
2.747121E+02	1.394496E-19
2.811239E+02	1.367537E-19
2.876854E+02	1.341069E-19
2.944000E+02	1.315084E-19
3.012714E+02	1.289574E-19
3.083031E+02	1.264532E-19
3.154990E+02	1.239950E-19
3.228628E+02	1.215820E-19
3.303985E+02	1.192136E-19
3.381101E+02	1.168891E-19
3.460016E+02	1.146076E-19
3.540774E+02	1.123685E-19
3.623416E+02	1.101710E-19
3.707988E+02	1.080146E-19
3.794533E+02	1.058985E-19
3.883098E+02	1.038219E-19
3.973730E+02	1.017844E-19
4.066478E+02	9.978508E-20
4.161391E+02	9.782343E-20
4.258518E+02	9.589876E-20
4.357913E+02	9.401044E-20
4.459628E+02	9.215785E-20
4.563716E+02	9.034035E-20
4.670234E+02	8.855735E-20
4.779239E+02	8.680823E-20
4.890787E+02	8.509241E-20
5.004939E+02	8.340929E-20
5.121755E+02	8.175830E-20
5.241298E+02	8.013886E-20
5.363631E+02	7.855043E-20
5.488820E+02	7.699243E-20
5.616930E+02	7.546433E-20
5.748030E+02	7.396560E-20
5.882190E+02	7.249570E-20
6.019482E+02	7.105411E-20
6.159978E+02	6.964032E-20
6.303753E+02	6.825383E-20
6.450884E+02	6.689413E-20
6.601449E+02	6.556075E-20
6.755528E+02	6.425319E-20
6.913204E+02	6.297099E-20
7.074559E+02	6.171368E-20
7.239681E+02	6.048080E-20
7.408657E+02	5.927190E-20
7.581576E+02	5.808654E-20
7.758532E+02	5.692428E-20
7.939618E+02	5.578469E-20
8.124930E+02	5.466735E-20
8.314568E+02	5.357185E-20
8.508632E+02	5.249777E-20
8.707225E+02	5.144472E-20
8.910453E+02	5.041231E-20
9.118425E+02	4.940013E-20
9.331251E+02	4.840782E-20
9.549045E+02	4.743501E-20
9.771921E+02	4.648131E-20
1.000000E+03	4.554637E-20
------------------------------

IONIZATION
Ar(2p7) -> Ar(+)
2.607000E+00
SPECIES: e / Ar(2p7)
PROCESS: E + Ar(2p7) -> E + E + Ar(+), Ionization
PARAM.: E = 2.6 eV
COMMENT: Semi-empirical formula for step-wise ionization from Deutsch et al, 2003.
COLUMNS: Energy (eV) | Cross section (m2)
------------------------------
1.000000E-02	0.000000E+00
1.023340E-02	0.000000E+00
1.047225E-02	0.000000E+00
1.071668E-02	0.000000E+00
1.096681E-02	0.000000E+00
1.122277E-02	0.000000E+00
1.148472E-02	0.000000E+00
1.175277E-02	0.000000E+00
1.202708E-02	0.000000E+00
1.230780E-02	0.000000E+00
1.259506E-02	0.000000E+00
1.288904E-02	0.000000E+00
1.318987E-02	0.000000E+00
1.349772E-02	0.000000E+00
1.381276E-02	0.000000E+00
1.413516E-02	0.000000E+00
1.446507E-02	0.000000E+00
1.480269E-02	0.000000E+00
1.514819E-02	0.000000E+00
1.550175E-02	0.000000E+00
1.586357E-02	0.000000E+00
1.623382E-02	0.000000E+00
1.661273E-02	0.000000E+00
1.700047E-02	0.000000E+00
1.739726E-02	0.000000E+00
1.780332E-02	0.000000E+00
1.821885E-02	0.000000E+00
1.864409E-02	0.000000E+00
1.907924E-02	0.000000E+00
1.952456E-02	0.000000E+00
1.998026E-02	0.000000E+00
2.044661E-02	0.000000E+00
2.092383E-02	0.000000E+00
2.141220E-02	0.000000E+00
2.191197E-02	0.000000E+00
2.242340E-02	0.000000E+00
2.294676E-02	0.000000E+00
2.348235E-02	0.000000E+00
2.403043E-02	0.000000E+00
2.459130E-02	0.000000E+00
2.516527E-02	0.000000E+00
2.575263E-02	0.000000E+00
2.635371E-02	0.000000E+00
2.696881E-02	0.000000E+00
2.759826E-02	0.000000E+00
2.824241E-02	0.000000E+00
2.890160E-02	0.000000E+00
2.957617E-02	0.000000E+00
3.026648E-02	0.000000E+00
3.097291E-02	0.000000E+00
3.169582E-02	0.000000E+00
3.243561E-02	0.000000E+00
3.319266E-02	0.000000E+00
3.396739E-02	0.000000E+00
3.476019E-02	0.000000E+00
3.557150E-02	0.000000E+00
3.640175E-02	0.000000E+00
3.725137E-02	0.000000E+00
3.812083E-02	0.000000E+00
3.901058E-02	0.000000E+00
3.992109E-02	0.000000E+00
4.085286E-02	0.000000E+00
4.180637E-02	0.000000E+00
4.278214E-02	0.000000E+00
4.378069E-02	0.000000E+00
4.480254E-02	0.000000E+00
4.584824E-02	0.000000E+00
4.691835E-02	0.000000E+00
4.801343E-02	0.000000E+00
4.913407E-02	0.000000E+00
5.028087E-02	0.000000E+00
5.145444E-02	0.000000E+00
5.265540E-02	0.000000E+00
5.388438E-02	0.000000E+00
5.514206E-02	0.000000E+00
5.642908E-02	0.000000E+00
5.774615E-02	0.000000E+00
5.909396E-02	0.000000E+00
6.047322E-02	0.000000E+00
6.188468E-02	0.000000E+00
6.332908E-02	0.000000E+00
6.480720E-02	0.000000E+00
6.631981E-02	0.000000E+00
6.786773E-02	0.000000E+00
6.945178E-02	0.000000E+00
7.107280E-02	0.000000E+00
7.273165E-02	0.000000E+00
7.442922E-02	0.000000E+00
7.616642E-02	0.000000E+00
7.794416E-02	0.000000E+00
7.976339E-02	0.000000E+00
8.162509E-02	0.000000E+00
8.353023E-02	0.000000E+00
8.547985E-02	0.000000E+00
8.747496E-02	0.000000E+00
8.951665E-02	0.000000E+00
9.160598E-02	0.000000E+00
9.374409E-02	0.000000E+00
9.593209E-02	0.000000E+00
9.817117E-02	0.000000E+00
1.004625E-01	0.000000E+00
1.028073E-01	0.000000E+00
1.052069E-01	0.000000E+00
1.076624E-01	0.000000E+00
1.101753E-01	0.000000E+00
1.127468E-01	0.000000E+00
1.153783E-01	0.000000E+00
1.180713E-01	0.000000E+00
1.208271E-01	0.000000E+00
1.236472E-01	0.000000E+00
1.265332E-01	0.000000E+00
1.294865E-01	0.000000E+00
1.325087E-01	0.000000E+00
1.356015E-01	0.000000E+00
1.387665E-01	0.000000E+00
1.420053E-01	0.000000E+00
1.453198E-01	0.000000E+00
1.487115E-01	0.000000E+00
1.521825E-01	0.000000E+00
1.557345E-01	0.000000E+00
1.593694E-01	0.000000E+00
1.630891E-01	0.000000E+00
1.668956E-01	0.000000E+00
1.707910E-01	0.000000E+00
1.747773E-01	0.000000E+00
1.788566E-01	0.000000E+00
1.830312E-01	0.000000E+00
1.873032E-01	0.000000E+00
1.916748E-01	0.000000E+00
1.961486E-01	0.000000E+00
2.007267E-01	0.000000E+00
2.054117E-01	0.000000E+00
2.102061E-01	0.000000E+00
2.151123E-01	0.000000E+00
2.201331E-01	0.000000E+00
2.252711E-01	0.000000E+00
2.305289E-01	0.000000E+00
2.359095E-01	0.000000E+00
2.414157E-01	0.000000E+00
2.470504E-01	0.000000E+00
2.528166E-01	0.000000E+00
2.587174E-01	0.000000E+00
2.647559E-01	0.000000E+00
2.709354E-01	0.000000E+00
2.772591E-01	0.000000E+00
2.837304E-01	0.000000E+00
2.903527E-01	0.000000E+00
2.971296E-01	0.000000E+00
3.040646E-01	0.000000E+00
3.111616E-01	0.000000E+00
3.184242E-01	0.000000E+00
3.258562E-01	0.000000E+00
3.334618E-01	0.000000E+00
3.412449E-01	0.000000E+00
3.492096E-01	0.000000E+00
3.573602E-01	0.000000E+00
3.657011E-01	0.000000E+00
3.742366E-01	0.000000E+00
3.829714E-01	0.000000E+00
3.919100E-01	0.000000E+00
4.010573E-01	0.000000E+00
4.104181E-01	0.000000E+00
4.199973E-01	0.000000E+00
4.298001E-01	0.000000E+00
4.398317E-01	0.000000E+00
4.500975E-01	0.000000E+00
4.606029E-01	0.000000E+00
4.713535E-01	0.000000E+00
4.823549E-01	0.000000E+00
4.936132E-01	0.000000E+00
5.051342E-01	0.000000E+00
5.169242E-01	0.000000E+00
5.289893E-01	0.000000E+00
5.413360E-01	0.000000E+00
5.539709E-01	0.000000E+00
5.669007E-01	0.000000E+00
5.801323E-01	0.000000E+00
5.936727E-01	0.000000E+00
6.075292E-01	0.000000E+00
6.217090E-01	0.000000E+00
6.362198E-01	0.000000E+00
6.510694E-01	0.000000E+00
6.662655E-01	0.000000E+00
6.818162E-01	0.000000E+00
6.977300E-01	0.000000E+00
7.140151E-01	0.000000E+00
7.306804E-01	0.000000E+00
7.477346E-01	0.000000E+00
7.651869E-01	0.000000E+00
7.830465E-01	0.000000E+00
8.013230E-01	0.000000E+00
8.200261E-01	0.000000E+00
8.391656E-01	0.000000E+00
8.587519E-01	0.000000E+00
8.787954E-01	0.000000E+00
8.993067E-01	0.000000E+00
9.202967E-01	0.000000E+00
9.417766E-01	0.000000E+00
9.637579E-01	0.000000E+00
9.862522E-01	0.000000E+00
1.009272E+00	0.000000E+00
1.032828E+00	0.000000E+00
1.056935E+00	0.000000E+00
1.081604E+00	0.000000E+00
1.106848E+00	0.000000E+00
1.132683E+00	0.000000E+00
1.159120E+00	0.000000E+00
1.186174E+00	0.000000E+00
1.213859E+00	0.000000E+00
1.242191E+00	0.000000E+00
1.271184E+00	0.000000E+00
1.300854E+00	0.000000E+00
1.331216E+00	0.000000E+00
1.362287E+00	0.000000E+00
1.394083E+00	0.000000E+00
1.426621E+00	0.000000E+00
1.459919E+00	0.000000E+00
1.493993E+00	0.000000E+00
1.528864E+00	0.000000E+00
1.564548E+00	0.000000E+00
1.601064E+00	0.000000E+00
1.638434E+00	0.000000E+00
1.676675E+00	0.000000E+00
1.715809E+00	0.000000E+00
1.755856E+00	0.000000E+00
1.796838E+00	0.000000E+00
1.838777E+00	0.000000E+00
1.881694E+00	0.000000E+00
1.925614E+00	0.000000E+00
1.970558E+00	0.000000E+00
2.016551E+00	0.000000E+00
2.063618E+00	0.000000E+00
2.111783E+00	0.000000E+00
2.161073E+00	0.000000E+00
2.211512E+00	0.000000E+00
2.263130E+00	0.000000E+00
2.315951E+00	0.000000E+00
2.370006E+00	0.000000E+00
2.425323E+00	0.000000E+00
2.481930E+00	0.000000E+00
2.539859E+00	0.000000E+00
2.599140E+00	0.000000E+00
2.659804E+00	6.521039E-22
2.721885E+00	2.992475E-21
2.785414E+00	6.980380E-21
2.850426E+00	1.255118E-20
2.916956E+00	1.963573E-20
2.985038E+00	2.816186E-20
3.054710E+00	3.805533E-20
3.126007E+00	4.924037E-20
3.198969E+00	6.164024E-20
3.273634E+00	7.517756E-20
3.350041E+00	8.977473E-20
3.428231E+00	1.053542E-19
3.508247E+00	1.218388E-19
3.590130E+00	1.391519E-19
3.673925E+00	1.572178E-19
3.759675E+00	1.759619E-19
3.847427E+00	1.953106E-19
3.937226E+00	2.151920E-19
4.029122E+00	2.355357E-19
4.123163E+00	2.562730E-19
4.219398E+00	2.773371E-19
4.317880E+00	2.986632E-19
4.418660E+00	3.201885E-19
4.521792E+00	3.418524E-19
4.627332E+00	3.635966E-19
4.735335E+00	3.853649E-19
4.845859E+00	4.071039E-19
4.958962E+00	4.287620E-19
5.074705E+00	4.502905E-19
5.193150E+00	4.716428E-19
5.314359E+00	4.927751E-19
5.438397E+00	5.136457E-19
5.565331E+00	5.342156E-19
5.695227E+00	5.544482E-19
5.828155E+00	5.743091E-19
5.964185E+00	5.937666E-19
6.103390E+00	6.127911E-19
6.245845E+00	6.313555E-19
6.391624E+00	6.494348E-19
6.540806E+00	6.670063E-19
6.693470E+00	6.840495E-19
6.849697E+00	7.005459E-19
7.009570E+00	7.164793E-19
7.173175E+00	7.318351E-19
7.340598E+00	7.466010E-19
7.511929E+00	7.607663E-19
7.687260E+00	7.743221E-19
7.866682E+00	7.872614E-19
8.050292E+00	7.995787E-19
8.238187E+00	8.112701E-19
8.430468E+00	8.223331E-19
8.627237E+00	8.327668E-19
8.828599E+00	8.425715E-19
9.034660E+00	8.517490E-19
9.245531E+00	8.603019E-19
9.461324E+00	8.682344E-19
9.682153E+00	8.755515E-19
9.908137E+00	8.822592E-19
1.013939E+01	8.883645E-19
1.037605E+01	8.938753E-19
1.061823E+01	8.988002E-19
1.086606E+01	9.031485E-19
1.111968E+01	9.069304E-19
1.137921E+01	9.101565E-19
1.164481E+01	9.128380E-19
1.191660E+01	9.149866E-19
1.219473E+01	9.166145E-19
1.247936E+01	9.177343E-19
1.277063E+01	9.183588E-19
1.306870E+01	9.185013E-19
1.337373E+01	9.181753E-19
1.368587E+01	9.173944E-19
1.400531E+01	9.161725E-19
1.433219E+01	9.145236E-19
1.466671E+01	9.124616E-19
1.500903E+01	9.100008E-19
1.535935E+01	9.071553E-19
1.571784E+01	9.039392E-19
1.608469E+01	9.003667E-19
1.646012E+01	8.964519E-19
1.684430E+01	8.922086E-19
1.723745E+01	8.876508E-19
1.763977E+01	8.827922E-19
1.805149E+01	8.776463E-19
1.847281E+01	8.722266E-19
1.890397E+01	8.665463E-19
1.934520E+01	8.606184E-19
1.979672E+01	8.544557E-19
2.025878E+01	8.480709E-19
2.073162E+01	8.414762E-19
2.121550E+01	8.346837E-19
2.171068E+01	8.277053E-19
2.221741E+01	8.205525E-19
2.273597E+01	8.132366E-19
2.326663E+01	8.057687E-19
2.380968E+01	7.981594E-19
2.436540E+01	7.904193E-19
2.493409E+01	7.825584E-19
2.551606E+01	7.745867E-19
2.611161E+01	7.665138E-19
2.672106E+01	7.583488E-19
2.734474E+01	7.501009E-19
2.798297E+01	7.417786E-19
2.863610E+01	7.333905E-19
2.930447E+01	7.249446E-19
2.998844E+01	7.164489E-19
3.068838E+01	7.079107E-19
3.140465E+01	6.993375E-19
3.213764E+01	6.907362E-19
3.288774E+01	6.821136E-19
3.365535E+01	6.734761E-19
3.444087E+01	6.648298E-19
3.524473E+01	6.561808E-19
3.606735E+01	6.475348E-19
3.690917E+01	6.388971E-19
3.777064E+01	6.302730E-19
3.865221E+01	6.216673E-19
3.955436E+01	6.130849E-19
4.047757E+01	6.045303E-19
4.142232E+01	5.960076E-19
4.238913E+01	5.875210E-19
4.337850E+01	5.790742E-19
4.439097E+01	5.706711E-19
4.542706E+01	5.623149E-19
4.648734E+01	5.540089E-19
4.757236E+01	5.457563E-19
4.868271E+01	5.375598E-19
4.981898E+01	5.294223E-19
5.098176E+01	5.213462E-19
5.217169E+01	5.133339E-19
5.338938E+01	5.053876E-19
5.463550E+01	4.975095E-19
5.591071E+01	4.897013E-19
5.721568E+01	4.819650E-19
5.855110E+01	4.743021E-19
5.991770E+01	4.667141E-19
6.131619E+01	4.592025E-19
6.274732E+01	4.517684E-19
6.421186E+01	4.444130E-19
6.571058E+01	4.371374E-19
6.724427E+01	4.299425E-19
6.881377E+01	4.228290E-19
7.041990E+01	4.157977E-19
7.206351E+01	4.088493E-19
7.374549E+01	4.019842E-19
7.546673E+01	3.952029E-19
7.722814E+01	3.885057E-19
7.903066E+01	3.818931E-19
8.087525E+01	3.753651E-19
8.276289E+01	3.689218E-19
8.469460E+01	3.625635E-19
8.667139E+01	3.562900E-19
8.869432E+01	3.501014E-19
9.076446E+01	3.439974E-19
9.288292E+01	3.379780E-19
9.505083E+01	3.320429E-19
9.726934E+01	3.261918E-19
9.953962E+01	3.204245E-19
1.018629E+02	3.147405E-19
1.042404E+02	3.091395E-19
1.066734E+02	3.036211E-19
1.091632E+02	2.981846E-19
1.117111E+02	2.928297E-19
1.143184E+02	2.875558E-19
1.169866E+02	2.823623E-19
1.197171E+02	2.772485E-19
1.225114E+02	2.722140E-19
1.253708E+02	2.672580E-19
1.282970E+02	2.623798E-19
1.312915E+02	2.575788E-19
1.343558E+02	2.528543E-19
1.374917E+02	2.482054E-19
1.407008E+02	2.436315E-19
1.439848E+02	2.391317E-19
1.473454E+02	2.347054E-19
1.507845E+02	2.303517E-19
1.543038E+02	2.260698E-19
1.579053E+02	2.218589E-19
1.615909E+02	2.177183E-19
1.653624E+02	2.136469E-19
1.692220E+02	2.096442E-19
1.731717E+02	2.057091E-19
1.772136E+02	2.018409E-19
1.813498E+02	1.980387E-19
1.855825E+02	1.943017E-19
1.899141E+02	1.906289E-19
1.943467E+02	1.870197E-19
1.988828E+02	1.834731E-19
2.035248E+02	1.799882E-19
2.082751E+02	1.765642E-19
2.131362E+02	1.732004E-19
2.181109E+02	1.698957E-19
2.232016E+02	1.666494E-19
2.284112E+02	1.634607E-19
2.337424E+02	1.603286E-19
2.391980E+02	1.572525E-19
2.447809E+02	1.542313E-19
2.504942E+02	1.512644E-19
2.563407E+02	1.483509E-19
2.623238E+02	1.454900E-19
2.684465E+02	1.426808E-19
2.747121E+02	1.399226E-19
2.811239E+02	1.372146E-19
2.876854E+02	1.345561E-19
2.944000E+02	1.319461E-19
3.012714E+02	1.293839E-19
3.083031E+02	1.268689E-19
3.154990E+02	1.244001E-19
3.228628E+02	1.219770E-19
3.303985E+02	1.195986E-19
3.381101E+02	1.172643E-19
3.460016E+02	1.149734E-19
3.540774E+02	1.127252E-19
3.623416E+02	1.105188E-19
3.707988E+02	1.083537E-19
3.794533E+02	1.062291E-19
3.883098E+02	1.041444E-19
3.973730E+02	1.020988E-19
4.066478E+02	1.000918E-19
4.161391E+02	9.812255E-20
4.258518E+02	9.619052E-20
4.357913E+02	9.429503E-20
4.459628E+02	9.243545E-20
4.563716E+02	9.061116E-20
4.670234E+02	8.882154E-20
4.779239E+02	8.706598E-20
4.890787E+02	8.534388E-20
5.004939E+02	8.365465E-20
5.121755E+02	8.199771E-20
5.241298E+02	8.037248E-20
5.363631E+02	7.877839E-20
5.488820E+02	7.721490E-20
5.616930E+02	7.568144E-20
5.748030E+02	7.417749E-20
5.882190E+02	7.270250E-20
6.019482E+02	7.125595E-20
6.159978E+02	6.983733E-20
6.303753E+02	6.844613E-20
6.450884E+02	6.708184E-20
6.601449E+02	6.574399E-20
6.755528E+02	6.443207E-20
6.913204E+02	6.314562E-20
7.074559E+02	6.188417E-20
7.239681E+02	6.064725E-20
7.408657E+02	5.943441E-20
7.581576E+02	5.824521E-20
7.758532E+02	5.707920E-20
7.939618E+02	5.593596E-20
8.124930E+02	5.481506E-20
8.314568E+02	5.371608E-20
8.508632E+02	5.263862E-20
8.707225E+02	5.158226E-20
8.910453E+02	5.054662E-20
9.118425E+02	4.953131E-20
9.331251E+02	4.853593E-20
9.549045E+02	4.756012E-20
9.771921E+02	4.660351E-20
1.000000E+03	4.566572E-20
------------------------------

IONIZATION
Ar(2p6) -> Ar(+)
2.589000E+00
SPECIES: e / Ar(2p6)
PROCESS: E + Ar(2p6) -> E + E + Ar(+), Ionization
PARAM.: E = 2.6 eV
COMMENT: Semi-empirical formula for step-wise ionization from Deutsch et al, 2003.
COLUMNS: Energy (eV) | Cross section (m2)
------------------------------
1.000000E-02	0.000000E+00
1.023340E-02	0.000000E+00
1.047225E-02	0.000000E+00
1.071668E-02	0.000000E+00
1.096681E-02	0.000000E+00
1.122277E-02	0.000000E+00
1.148472E-02	0.000000E+00
1.175277E-02	0.000000E+00
1.202708E-02	0.000000E+00
1.230780E-02	0.000000E+00
1.259506E-02	0.000000E+00
1.288904E-02	0.000000E+00
1.318987E-02	0.000000E+00
1.349772E-02	0.000000E+00
1.381276E-02	0.000000E+00
1.413516E-02	0.000000E+00
1.446507E-02	0.000000E+00
1.480269E-02	0.000000E+00
1.514819E-02	0.000000E+00
1.550175E-02	0.000000E+00
1.586357E-02	0.000000E+00
1.623382E-02	0.000000E+00
1.661273E-02	0.000000E+00
1.700047E-02	0.000000E+00
1.739726E-02	0.000000E+00
1.780332E-02	0.000000E+00
1.821885E-02	0.000000E+00
1.864409E-02	0.000000E+00
1.907924E-02	0.000000E+00
1.952456E-02	0.000000E+00
1.998026E-02	0.000000E+00
2.044661E-02	0.000000E+00
2.092383E-02	0.000000E+00
2.141220E-02	0.000000E+00
2.191197E-02	0.000000E+00
2.242340E-02	0.000000E+00
2.294676E-02	0.000000E+00
2.348235E-02	0.000000E+00
2.403043E-02	0.000000E+00
2.459130E-02	0.000000E+00
2.516527E-02	0.000000E+00
2.575263E-02	0.000000E+00
2.635371E-02	0.000000E+00
2.696881E-02	0.000000E+00
2.759826E-02	0.000000E+00
2.824241E-02	0.000000E+00
2.890160E-02	0.000000E+00
2.957617E-02	0.000000E+00
3.026648E-02	0.000000E+00
3.097291E-02	0.000000E+00
3.169582E-02	0.000000E+00
3.243561E-02	0.000000E+00
3.319266E-02	0.000000E+00
3.396739E-02	0.000000E+00
3.476019E-02	0.000000E+00
3.557150E-02	0.000000E+00
3.640175E-02	0.000000E+00
3.725137E-02	0.000000E+00
3.812083E-02	0.000000E+00
3.901058E-02	0.000000E+00
3.992109E-02	0.000000E+00
4.085286E-02	0.000000E+00
4.180637E-02	0.000000E+00
4.278214E-02	0.000000E+00
4.378069E-02	0.000000E+00
4.480254E-02	0.000000E+00
4.584824E-02	0.000000E+00
4.691835E-02	0.000000E+00
4.801343E-02	0.000000E+00
4.913407E-02	0.000000E+00
5.028087E-02	0.000000E+00
5.145444E-02	0.000000E+00
5.265540E-02	0.000000E+00
5.388438E-02	0.000000E+00
5.514206E-02	0.000000E+00
5.642908E-02	0.000000E+00
5.774615E-02	0.000000E+00
5.909396E-02	0.000000E+00
6.047322E-02	0.000000E+00
6.188468E-02	0.000000E+00
6.332908E-02	0.000000E+00
6.480720E-02	0.000000E+00
6.631981E-02	0.000000E+00
6.786773E-02	0.000000E+00
6.945178E-02	0.000000E+00
7.107280E-02	0.000000E+00
7.273165E-02	0.000000E+00
7.442922E-02	0.000000E+00
7.616642E-02	0.000000E+00
7.794416E-02	0.000000E+00
7.976339E-02	0.000000E+00
8.162509E-02	0.000000E+00
8.353023E-02	0.000000E+00
8.547985E-02	0.000000E+00
8.747496E-02	0.000000E+00
8.951665E-02	0.000000E+00
9.160598E-02	0.000000E+00
9.374409E-02	0.000000E+00
9.593209E-02	0.000000E+00
9.817117E-02	0.000000E+00
1.004625E-01	0.000000E+00
1.028073E-01	0.000000E+00
1.052069E-01	0.000000E+00
1.076624E-01	0.000000E+00
1.101753E-01	0.000000E+00
1.127468E-01	0.000000E+00
1.153783E-01	0.000000E+00
1.180713E-01	0.000000E+00
1.208271E-01	0.000000E+00
1.236472E-01	0.000000E+00
1.265332E-01	0.000000E+00
1.294865E-01	0.000000E+00
1.325087E-01	0.000000E+00
1.356015E-01	0.000000E+00
1.387665E-01	0.000000E+00
1.420053E-01	0.000000E+00
1.453198E-01	0.000000E+00
1.487115E-01	0.000000E+00
1.521825E-01	0.000000E+00
1.557345E-01	0.000000E+00
1.593694E-01	0.000000E+00
1.630891E-01	0.000000E+00
1.668956E-01	0.000000E+00
1.707910E-01	0.000000E+00
1.747773E-01	0.000000E+00
1.788566E-01	0.000000E+00
1.830312E-01	0.000000E+00
1.873032E-01	0.000000E+00
1.916748E-01	0.000000E+00
1.961486E-01	0.000000E+00
2.007267E-01	0.000000E+00
2.054117E-01	0.000000E+00
2.102061E-01	0.000000E+00
2.151123E-01	0.000000E+00
2.201331E-01	0.000000E+00
2.252711E-01	0.000000E+00
2.305289E-01	0.000000E+00
2.359095E-01	0.000000E+00
2.414157E-01	0.000000E+00
2.470504E-01	0.000000E+00
2.528166E-01	0.000000E+00
2.587174E-01	0.000000E+00
2.647559E-01	0.000000E+00
2.709354E-01	0.000000E+00
2.772591E-01	0.000000E+00
2.837304E-01	0.000000E+00
2.903527E-01	0.000000E+00
2.971296E-01	0.000000E+00
3.040646E-01	0.000000E+00
3.111616E-01	0.000000E+00
3.184242E-01	0.000000E+00
3.258562E-01	0.000000E+00
3.334618E-01	0.000000E+00
3.412449E-01	0.000000E+00
3.492096E-01	0.000000E+00
3.573602E-01	0.000000E+00
3.657011E-01	0.000000E+00
3.742366E-01	0.000000E+00
3.829714E-01	0.000000E+00
3.919100E-01	0.000000E+00
4.010573E-01	0.000000E+00
4.104181E-01	0.000000E+00
4.199973E-01	0.000000E+00
4.298001E-01	0.000000E+00
4.398317E-01	0.000000E+00
4.500975E-01	0.000000E+00
4.606029E-01	0.000000E+00
4.713535E-01	0.000000E+00
4.823549E-01	0.000000E+00
4.936132E-01	0.000000E+00
5.051342E-01	0.000000E+00
5.169242E-01	0.000000E+00
5.289893E-01	0.000000E+00
5.413360E-01	0.000000E+00
5.539709E-01	0.000000E+00
5.669007E-01	0.000000E+00
5.801323E-01	0.000000E+00
5.936727E-01	0.000000E+00
6.075292E-01	0.000000E+00
6.217090E-01	0.000000E+00
6.362198E-01	0.000000E+00
6.510694E-01	0.000000E+00
6.662655E-01	0.000000E+00
6.818162E-01	0.000000E+00
6.977300E-01	0.000000E+00
7.140151E-01	0.000000E+00
7.306804E-01	0.000000E+00
7.477346E-01	0.000000E+00
7.651869E-01	0.000000E+00
7.830465E-01	0.000000E+00
8.013230E-01	0.000000E+00
8.200261E-01	0.000000E+00
8.391656E-01	0.000000E+00
8.587519E-01	0.000000E+00
8.787954E-01	0.000000E+00
8.993067E-01	0.000000E+00
9.202967E-01	0.000000E+00
9.417766E-01	0.000000E+00
9.637579E-01	0.000000E+00
9.862522E-01	0.000000E+00
1.009272E+00	0.000000E+00
1.032828E+00	0.000000E+00
1.056935E+00	0.000000E+00
1.081604E+00	0.000000E+00
1.106848E+00	0.000000E+00
1.132683E+00	0.000000E+00
1.159120E+00	0.000000E+00
1.186174E+00	0.000000E+00
1.213859E+00	0.000000E+00
1.242191E+00	0.000000E+00
1.271184E+00	0.000000E+00
1.300854E+00	0.000000E+00
1.331216E+00	0.000000E+00
1.362287E+00	0.000000E+00
1.394083E+00	0.000000E+00
1.426621E+00	0.000000E+00
1.459919E+00	0.000000E+00
1.493993E+00	0.000000E+00
1.528864E+00	0.000000E+00
1.564548E+00	0.000000E+00
1.601064E+00	0.000000E+00
1.638434E+00	0.000000E+00
1.676675E+00	0.000000E+00
1.715809E+00	0.000000E+00
1.755856E+00	0.000000E+00
1.796838E+00	0.000000E+00
1.838777E+00	0.000000E+00
1.881694E+00	0.000000E+00
1.925614E+00	0.000000E+00
1.970558E+00	0.000000E+00
2.016551E+00	0.000000E+00
2.063618E+00	0.000000E+00
2.111783E+00	0.000000E+00
2.161073E+00	0.000000E+00
2.211512E+00	0.000000E+00
2.263130E+00	0.000000E+00
2.315951E+00	0.000000E+00
2.370006E+00	0.000000E+00
2.425323E+00	0.000000E+00
2.481930E+00	0.000000E+00
2.539859E+00	0.000000E+00
2.599140E+00	2.498509E-23
2.659804E+00	1.186429E-21
2.721885E+00	4.047718E-21
2.785414E+00	8.549080E-21
2.850426E+00	1.462382E-20
2.916956E+00	2.220128E-20
2.985038E+00	3.120808E-20
3.054710E+00	4.156895E-20
3.126007E+00	5.320726E-20
3.198969E+00	6.604549E-20
3.273634E+00	8.000562E-20
3.350041E+00	9.500950E-20
3.428231E+00	1.109791E-19
3.508247E+00	1.278369E-19
3.590130E+00	1.455060E-19
3.673925E+00	1.639104E-19
3.759675E+00	1.829753E-19
3.847427E+00	2.026272E-19
3.937226E+00	2.227940E-19
4.029122E+00	2.434053E-19
4.123163E+00	2.643926E-19
4.219398E+00	2.856892E-19
4.317880E+00	3.072303E-19
4.418660E+00	3.289535E-19
4.521792E+00	3.507983E-19
4.627332E+00	3.727068E-19
4.735335E+00	3.946232E-19
4.845859E+00	4.164942E-19
4.958962E+00	4.382687E-19
5.074705E+00	4.598984E-19
5.193150E+00	4.813372E-19
5.314359E+00	5.025416E-19
5.438397E+00	5.234704E-19
5.565331E+00	5.440851E-19
5.695227E+00	5.643494E-19
5.828155E+00	5.842297E-19
5.964185E+00	6.036946E-19
6.103390E+00	6.227150E-19
6.245845E+00	6.412643E-19
6.391624E+00	6.593180E-19
6.540806E+00	6.768540E-19
6.693470E+00	6.938522E-19
6.849697E+00	7.102947E-19
7.009570E+00	7.261657E-19
7.173175E+00	7.414511E-19
7.340598E+00	7.561391E-19
7.511929E+00	7.702194E-19
7.687260E+00	7.836837E-19
7.866682E+00	7.965254E-19
8.050292E+00	8.087394E-19
8.238187E+00	8.203222E-19
8.430468E+00	8.312719E-19
8.627237E+00	8.415879E-19
8.828599E+00	8.512709E-19
9.034660E+00	8.603229E-19
9.245531E+00	8.687472E-19
9.461324E+00	8.765482E-19
9.682153E+00	8.837312E-19
9.908137E+00	8.903026E-19
1.013939E+01	8.962698E-19
1.037605E+01	9.016407E-19
1.061823E+01	9.064245E-19
1.086606E+01	9.106307E-19
1.111968E+01	9.142697E-19
1.137921E+01	9.173523E-19
1.164481E+01	9.198900E-19
1.191660E+01	9.218948E-19
1.219473E+01	9.233790E-19
1.247936E+01	9.243554E-19
1.277063E+01	9.248372E-19
1.306870E+01	9.248376E-19
1.337373E+01	9.243703E-19
1.368587E+01	9.234492E-19
1.400531E+01	9.220881E-19
1.433219E+01	9.203013E-19
1.466671E+01	9.181029E-19
1.500903E+01	9.155072E-19
1.535935E+01	9.125284E-19
1.571784E+01	9.091807E-19
1.608469E+01	9.054783E-19
1.646012E+01	9.014355E-19
1.684430E+01	8.970661E-19
1.723745E+01	8.923842E-19
1.763977E+01	8.874035E-19
1.805149E+01	8.821376E-19
1.847281E+01	8.766001E-19
1.890397E+01	8.708040E-19
1.934520E+01	8.647626E-19
1.979672E+01	8.584886E-19
2.025878E+01	8.519946E-19
2.073162E+01	8.452930E-19
2.121550E+01	8.383958E-19
2.171068E+01	8.313149E-19
2.221741E+01	8.240619E-19
2.273597E+01	8.166480E-19
2.326663E+01	8.090843E-19
2.380968E+01	8.013815E-19
2.436540E+01	7.935500E-19
2.493409E+01	7.855999E-19
2.551606E+01	7.775412E-19
2.611161E+01	7.693833E-19
2.672106E+01	7.611355E-19
2.734474E+01	7.528069E-19
2.798297E+01	7.444060E-19
2.863610E+01	7.359413E-19
2.930447E+01	7.274208E-19
2.998844E+01	7.188523E-19
3.068838E+01	7.102435E-19
3.140465E+01	7.016014E-19
3.213764E+01	6.929332E-19
3.288774E+01	6.842454E-19
3.365535E+01	6.755446E-19
3.444087E+01	6.668368E-19
3.524473E+01	6.581279E-19
3.606735E+01	6.494237E-19
3.690917E+01	6.407296E-19
3.777064E+01	6.320506E-19
3.865221E+01	6.233916E-19
3.955436E+01	6.147575E-19
4.047757E+01	6.061526E-19
4.142232E+01	5.975811E-19
4.238913E+01	5.890472E-19
4.337850E+01	5.805545E-19
4.439097E+01	5.721068E-19
4.542706E+01	5.637073E-19
4.648734E+01	5.553594E-19
4.757236E+01	5.470661E-19
4.868271E+01	5.388302E-19
4.981898E+01	5.306544E-19
5.098176E+01	5.225412E-19
5.217169E+01	5.144929E-19
5.338938E+01	5.065118E-19
5.463550E+01	4.985999E-19
5.591071E+01	4.907590E-19
5.721568E+01	4.829909E-19
5.855110E+01	4.752972E-19
5.991770E+01	4.676794E-19
6.131619E+01	4.601389E-19
6.274732E+01	4.526768E-19
6.421186E+01	4.452943E-19
6.571058E+01	4.379924E-19
6.724427E+01	4.307720E-19
6.881377E+01	4.236338E-19
7.041990E+01	4.165787E-19
7.206351E+01	4.096070E-19
7.374549E+01	4.027195E-19
7.546673E+01	3.959165E-19
7.722814E+01	3.891983E-19
7.903066E+01	3.825652E-19
8.087525E+01	3.760175E-19
8.276289E+01	3.695551E-19
8.469460E+01	3.631782E-19
8.667139E+01	3.568868E-19
8.869432E+01	3.506807E-19
9.076446E+01	3.445599E-19
9.288292E+01	3.385242E-19
9.505083E+01	3.325733E-19
9.726934E+01	3.267069E-19
9.953962E+01	3.209247E-19
1.018629E+02	3.152264E-19
1.042404E+02	3.096114E-19
1.066734E+02	3.040794E-19
1.091632E+02	2.986299E-19
1.117111E+02	2.932623E-19
1.143184E+02	2.879761E-19
1.169866E+02	2.827707E-19
1.197171E+02	2.776454E-19
1.225114E+02	2.725997E-19
1.253708E+02	2.676328E-19
1.282970E+02	2.627442E-19
1.312915E+02	2.579330E-19
1.343558E+02	2.531985E-19
1.374917E+02	2.485400E-19
1.407008E+02	2.439568E-19
1.439848E+02	2.394481E-19
1.473454E+02	2.350130E-19
1.507845E+02	2.306509E-19
1.543038E+02	2.263608E-19
1.579053E+02	2.221419E-19
1.615909E+02	2.179935E-19
1.653624E+02	2.139147E-19
1.692220E+02	2.099047E-19
1.731717E+02	2.059626E-19
1.772136E+02	2.020875E-19
1.813498E+02	1.982787E-19
1.855825E+02	1.945352E-19
1.899141E+02	1.908562E-19
1.943467E+02	1.872409E-19
1.988828E+02	1.836884E-19
2.035248E+02	1.801978E-19
2.082751E+02	1.767683E-19
2.131362E+02	1.733990E-19
2.181109E+02	1.700891E-19
2.232016E+02	1.668378E-19
2.284112E+02	1.636441E-19
2.337424E+02	1.605073E-19
2.391980E+02	1.574264E-19
2.447809E+02	1.544008E-19
2.504942E+02	1.514295E-19
2.563407E+02	1.485117E-19
2.623238E+02	1.456466E-19
2.684465E+02	1.428334E-19
2.747121E+02	1.400713E-19
2.811239E+02	1.373595E-19
2.876854E+02	1.346972E-19
2.944000E+02	1.320837E-19
3.012714E+02	1.295180E-19
3.083031E+02	1.269996E-19
3.154990E+02	1.245275E-19
3.228628E+02	1.221011E-19
3.303985E+02	1.197196E-19
3.381101E+02	1.173823E-19
3.460016E+02	1.150885E-19
3.540774E+02	1.128373E-19
3.623416E+02	1.106282E-19
3.707988E+02	1.084603E-19
3.794533E+02	1.063331E-19
3.883098E+02	1.042458E-19
3.973730E+02	1.021977E-19
4.066478E+02	1.001882E-19
4.161391E+02	9.821663E-20
4.258518E+02	9.628228E-20
4.357913E+02	9.438454E-20
4.459628E+02	9.252277E-20
4.563716E+02	9.069635E-20
4.670234E+02	8.890465E-20
4.779239E+02	8.714706E-20
4.890787E+02	8.542299E-20
5.004939E+02	8.373184E-20
5.121755E+02	8.207302E-20
5.241298E+02	8.044597E-20
5.363631E+02	7.885011E-20
5.488820E+02	7.728489E-20
5.616930E+02	7.574975E-20
5.748030E+02	7.424415E-20
5.882190E+02	7.276756E-20
6.019482E+02	7.131946E-20
6.159978E+02	6.989932E-20
6.303753E+02	6.850664E-20
6.450884E+02	6.714091E-20
6.601449E+02	6.580165E-20
6.755528E+02	6.448836E-20
6.913204E+02	6.320057E-20
7.074559E+02	6.193782E-20
7.239681E+02	6.069963E-20
7.408657E+02	5.948555E-20
7.581576E+02	5.829514E-20
7.758532E+02	5.712796E-20
7.939618E+02	5.598357E-20
8.124930E+02	5.486155E-20
8.314568E+02	5.376148E-20
8.508632E+02	5.268295E-20
8.707225E+02	5.162556E-20
8.910453E+02	5.058890E-20
9.118425E+02	4.957260E-20
9.331251E+02	4.857626E-20
9.549045E+02	4.759950E-20
9.771921E+02	4.664197E-20
1.000000E+03	4.570329E-20
------------------------------

IONIZATION
Ar(2p5) -> Ar(+)
2.487000E+00
SPECIES: e / Ar(2p5)
PROCESS: E + Ar(2p5) -> E + E + Ar(+), Ionization
PARAM.: E = 2.5 eV
COMMENT: Semi-empirical formula for step-wise ionization from Deutsch et al, 2003.
COLUMNS: Energy (eV) | Cross section (m2)
------------------------------
1.000000E-02	0.000000E+00
1.023340E-02	0.000000E+00
1.047225E-02	0.000000E+00
1.071668E-02	0.000000E+00
1.096681E-02	0.000000E+00
1.122277E-02	0.000000E+00
1.148472E-02	0.000000E+00
1.175277E-02	0.000000E+00
1.202708E-02	0.000000E+00
1.230780E-02	0.000000E+00
1.259506E-02	0.000000E+00
1.288904E-02	0.000000E+00
1.318987E-02	0.000000E+00
1.349772E-02	0.000000E+00
1.381276E-02	0.000000E+00
1.413516E-02	0.000000E+00
1.446507E-02	0.000000E+00
1.480269E-02	0.000000E+00
1.514819E-02	0.000000E+00
1.550175E-02	0.000000E+00
1.586357E-02	0.000000E+00
1.623382E-02	0.000000E+00
1.661273E-02	0.000000E+00
1.700047E-02	0.000000E+00
1.739726E-02	0.000000E+00
1.780332E-02	0.000000E+00
1.821885E-02	0.000000E+00
1.864409E-02	0.000000E+00
1.907924E-02	0.000000E+00
1.952456E-02	0.000000E+00
1.998026E-02	0.000000E+00
2.044661E-02	0.000000E+00
2.092383E-02	0.000000E+00
2.141220E-02	0.000000E+00
2.191197E-02	0.000000E+00
2.242340E-02	0.000000E+00
2.294676E-02	0.000000E+00
2.348235E-02	0.000000E+00
2.403043E-02	0.000000E+00
2.459130E-02	0.000000E+00
2.516527E-02	0.000000E+00
2.575263E-02	0.000000E+00
2.635371E-02	0.000000E+00
2.696881E-02	0.000000E+00
2.759826E-02	0.000000E+00
2.824241E-02	0.000000E+00
2.890160E-02	0.000000E+00
2.957617E-02	0.000000E+00
3.026648E-02	0.000000E+00
3.097291E-02	0.000000E+00
3.169582E-02	0.000000E+00
3.243561E-02	0.000000E+00
3.319266E-02	0.000000E+00
3.396739E-02	0.000000E+00
3.476019E-02	0.000000E+00
3.557150E-02	0.000000E+00
3.640175E-02	0.000000E+00
3.725137E-02	0.000000E+00
3.812083E-02	0.000000E+00
3.901058E-02	0.000000E+00
3.992109E-02	0.000000E+00
4.085286E-02	0.000000E+00
4.180637E-02	0.000000E+00
4.278214E-02	0.000000E+00
4.378069E-02	0.000000E+00
4.480254E-02	0.000000E+00
4.584824E-02	0.000000E+00
4.691835E-02	0.000000E+00
4.801343E-02	0.000000E+00
4.913407E-02	0.000000E+00
5.028087E-02	0.000000E+00
5.145444E-02	0.000000E+00
5.265540E-02	0.000000E+00
5.388438E-02	0.000000E+00
5.514206E-02	0.000000E+00
5.642908E-02	0.000000E+00
5.774615E-02	0.000000E+00
5.909396E-02	0.000000E+00
6.047322E-02	0.000000E+00
6.188468E-02	0.000000E+00
6.332908E-02	0.000000E+00
6.480720E-02	0.000000E+00
6.631981E-02	0.000000E+00
6.786773E-02	0.000000E+00
6.945178E-02	0.000000E+00
7.107280E-02	0.000000E+00
7.273165E-02	0.000000E+00
7.442922E-02	0.000000E+00
7.616642E-02	0.000000E+00
7.794416E-02	0.000000E+00
7.976339E-02	0.000000E+00
8.162509E-02	0.000000E+00
8.353023E-02	0.000000E+00
8.547985E-02	0.000000E+00
8.747496E-02	0.000000E+00
8.951665E-02	0.000000E+00
9.160598E-02	0.000000E+00
9.374409E-02	0.000000E+00
9.593209E-02	0.000000E+00
9.817117E-02	0.000000E+00
1.004625E-01	0.000000E+00
1.028073E-01	0.000000E+00
1.052069E-01	0.000000E+00
1.076624E-01	0.000000E+00
1.101753E-01	0.000000E+00
1.127468E-01	0.000000E+00
1.153783E-01	0.000000E+00
1.180713E-01	0.000000E+00
1.208271E-01	0.000000E+00
1.236472E-01	0.000000E+00
1.265332E-01	0.000000E+00
1.294865E-01	0.000000E+00
1.325087E-01	0.000000E+00
1.356015E-01	0.000000E+00
1.387665E-01	0.000000E+00
1.420053E-01	0.000000E+00
1.453198E-01	0.000000E+00
1.487115E-01	0.000000E+00
1.521825E-01	0.000000E+00
1.557345E-01	0.000000E+00
1.593694E-01	0.000000E+00
1.630891E-01	0.000000E+00
1.668956E-01	0.000000E+00
1.707910E-01	0.000000E+00
1.747773E-01	0.000000E+00
1.788566E-01	0.000000E+00
1.830312E-01	0.000000E+00
1.873032E-01	0.000000E+00
1.916748E-01	0.000000E+00
1.961486E-01	0.000000E+00
2.007267E-01	0.000000E+00
2.054117E-01	0.000000E+00
2.102061E-01	0.000000E+00
2.151123E-01	0.000000E+00
2.201331E-01	0.000000E+00
2.252711E-01	0.000000E+00
2.305289E-01	0.000000E+00
2.359095E-01	0.000000E+00
2.414157E-01	0.000000E+00
2.470504E-01	0.000000E+00
2.528166E-01	0.000000E+00
2.587174E-01	0.000000E+00
2.647559E-01	0.000000E+00
2.709354E-01	0.000000E+00
2.772591E-01	0.000000E+00
2.837304E-01	0.000000E+00
2.903527E-01	0.000000E+00
2.971296E-01	0.000000E+00
3.040646E-01	0.000000E+00
3.111616E-01	0.000000E+00
3.184242E-01	0.000000E+00
3.258562E-01	0.000000E+00
3.334618E-01	0.000000E+00
3.412449E-01	0.000000E+00
3.492096E-01	0.000000E+00
3.573602E-01	0.000000E+00
3.657011E-01	0.000000E+00
3.742366E-01	0.000000E+00
3.829714E-01	0.000000E+00
3.919100E-01	0.000000E+00
4.010573E-01	0.000000E+00
4.104181E-01	0.000000E+00
4.199973E-01	0.000000E+00
4.298001E-01	0.000000E+00
4.398317E-01	0.000000E+00
4.500975E-01	0.000000E+00
4.606029E-01	0.000000E+00
4.713535E-01	0.000000E+00
4.823549E-01	0.000000E+00
4.936132E-01	0.000000E+00
5.051342E-01	0.000000E+00
5.169242E-01	0.000000E+00
5.289893E-01	0.000000E+00
5.413360E-01	0.000000E+00
5.539709E-01	0.000000E+00
5.669007E-01	0.000000E+00
5.801323E-01	0.000000E+00
5.936727E-01	0.000000E+00
6.075292E-01	0.000000E+00
6.217090E-01	0.000000E+00
6.362198E-01	0.000000E+00
6.510694E-01	0.000000E+00
6.662655E-01	0.000000E+00
6.818162E-01	0.000000E+00
6.977300E-01	0.000000E+00
7.140151E-01	0.000000E+00
7.306804E-01	0.000000E+00
7.477346E-01	0.000000E+00
7.651869E-01	0.000000E+00
7.830465E-01	0.000000E+00
8.013230E-01	0.000000E+00
8.200261E-01	0.000000E+00
8.391656E-01	0.000000E+00
8.587519E-01	0.000000E+00
8.787954E-01	0.000000E+00
8.993067E-01	0.000000E+00
9.202967E-01	0.000000E+00
9.417766E-01	0.000000E+00
9.637579E-01	0.000000E+00
9.862522E-01	0.000000E+00
1.009272E+00	0.000000E+00
1.032828E+00	0.000000E+00
1.056935E+00	0.000000E+00
1.081604E+00	0.000000E+00
1.106848E+00	0.000000E+00
1.132683E+00	0.000000E+00
1.159120E+00	0.000000E+00
1.186174E+00	0.000000E+00
1.213859E+00	0.000000E+00
1.242191E+00	0.000000E+00
1.271184E+00	0.000000E+00
1.300854E+00	0.000000E+00
1.331216E+00	0.000000E+00
1.362287E+00	0.000000E+00
1.394083E+00	0.000000E+00
1.426621E+00	0.000000E+00
1.459919E+00	0.000000E+00
1.493993E+00	0.000000E+00
1.528864E+00	0.000000E+00
1.564548E+00	0.000000E+00
1.601064E+00	0.000000E+00
1.638434E+00	0.000000E+00
1.676675E+00	0.000000E+00
1.715809E+00	0.000000E+00
1.755856E+00	0.000000E+00
1.796838E+00	0.000000E+00
1.838777E+00	0.000000E+00
1.881694E+00	0.000000E+00
1.925614E+00	0.000000E+00
1.970558E+00	0.000000E+00
2.016551E+00	0.000000E+00
2.063618E+00	0.000000E+00
2.111783E+00	0.000000E+00
2.161073E+00	0.000000E+00
2.211512E+00	0.000000E+00
2.263130E+00	0.000000E+00
2.315951E+00	0.000000E+00
2.370006E+00	0.000000E+00
2.425323E+00	0.000000E+00
2.481930E+00	0.000000E+00
2.539859E+00	7.517526E-22
2.599140E+00	3.279613E-21
2.659804E+00	7.531762E-21
2.721885E+00	1.344019E-20
2.785414E+00	2.093224E-20
2.850426E+00	2.993218E-20
2.916956E+00	4.036209E-20
2.985038E+00	5.214250E-20
3.054710E+00	6.519291E-20
3.126007E+00	7.943222E-20
3.198969E+00	9.477905E-20
3.273634E+00	1.111522E-19
3.350041E+00	1.284706E-19
3.428231E+00	1.466542E-19
3.508247E+00	1.656236E-19
3.590130E+00	1.853005E-19
3.673925E+00	2.056080E-19
3.759675E+00	2.264707E-19
3.847427E+00	2.478150E-19
3.937226E+00	2.695688E-19
4.029122E+00	2.916623E-19
4.123163E+00	3.140276E-19
4.219398E+00	3.365989E-19
4.317880E+00	3.593129E-19
4.418660E+00	3.821085E-19
4.521792E+00	4.049271E-19
4.627332E+00	4.277124E-19
4.735335E+00	4.504108E-19
4.845859E+00	4.729712E-19
4.958962E+00	4.953450E-19
5.074705E+00	5.174861E-19
5.193150E+00	5.393512E-19
5.314359E+00	5.608994E-19
5.438397E+00	5.820924E-19
5.565331E+00	6.028943E-19
5.695227E+00	6.232720E-19
5.828155E+00	6.431945E-19
5.964185E+00	6.626336E-19
6.103390E+00	6.815631E-19
6.245845E+00	6.999594E-19
6.391624E+00	7.178010E-19
6.540806E+00	7.350687E-19
6.693470E+00	7.517455E-19
6.849697E+00	7.678163E-19
7.009570E+00	7.832681E-19
7.173175E+00	7.980899E-19
7.340598E+00	8.122726E-19
7.511929E+00	8.258087E-19
7.687260E+00	8.386925E-19
7.866682E+00	8.509201E-19
8.050292E+00	8.624889E-19
8.238187E+00	8.733980E-19
8.430468E+00	8.836479E-19
8.627237E+00	8.932403E-19
8.828599E+00	9.021783E-19
9.034660E+00	9.104660E-19
9.245531E+00	9.181089E-19
9.461324E+00	9.251133E-19
9.682153E+00	9.314866E-19
9.908137E+00	9.372371E-19
1.013939E+01	9.423737E-19
1.037605E+01	9.469065E-19
1.061823E+01	9.508459E-19
1.086606E+01	9.542032E-19
1.111968E+01	9.569901E-19
1.137921E+01	9.592189E-19
1.164481E+01	9.609025E-19
1.191660E+01	9.620540E-19
1.219473E+01	9.626870E-19
1.247936E+01	9.628152E-19
1.277063E+01	9.624530E-19
1.306870E+01	9.616145E-19
1.337373E+01	9.603143E-19
1.368587E+01	9.585671E-19
1.400531E+01	9.563876E-19
1.433219E+01	9.537907E-19
1.466671E+01	9.507911E-19
1.500903E+01	9.474037E-19
1.535935E+01	9.436433E-19
1.571784E+01	9.395247E-19
1.608469E+01	9.350624E-19
1.646012E+01	9.302709E-19
1.684430E+01	9.251648E-19
1.723745E+01	9.197582E-19
1.763977E+01	9.140651E-19
1.805149E+01	9.080994E-19
1.847281E+01	9.018748E-19
1.890397E+01	8.954047E-19
1.934520E+01	8.887021E-19
1.979672E+01	8.817802E-19
2.025878E+01	8.746514E-19
2.073162E+01	8.673283E-19
2.121550E+01	8.598229E-19
2.171068E+01	8.521470E-19
2.221741E+01	8.443122E-19
2.273597E+01	8.363298E-19
2.326663E+01	8.282106E-19
2.380968E+01	8.199653E-19
2.436540E+01	8.116043E-19
2.493409E+01	8.031375E-19
2.551606E+01	7.945747E-19
2.611161E+01	7.859253E-19
2.672106E+01	7.771984E-19
2.734474E+01	7.684028E-19
2.798297E+01	7.595470E-19
2.863610E+01	7.506393E-19
2.930447E+01	7.416874E-19
2.998844E+01	7.326992E-19
3.068838E+01	7.236818E-19
3.140465E+01	7.146423E-19
3.213764E+01	7.055875E-19
3.288774E+01	6.965238E-19
3.365535E+01	6.874575E-19
3.444087E+01	6.783945E-19
3.524473E+01	6.693405E-19
3.606735E+01	6.603010E-19
3.690917E+01	6.512811E-19
3.777064E+01	6.422857E-19
3.865221E+01	6.333196E-19
3.955436E+01	6.243872E-19
4.047757E+01	6.154928E-19
4.142232E+01	6.066404E-19
4.238913E+01	5.978338E-19
4.337850E+01	5.890765E-19
4.439097E+01	5.803721E-19
4.542706E+01	5.717237E-19
4.648734E+01	5.631344E-19
4.757236E+01	5.546068E-19
4.868271E+01	5.461438E-19
4.981898E+01	5.377478E-19
5.098176E+01	5.294212E-19
5.217169E+01	5.211660E-19
5.338938E+01	5.129842E-19
5.463550E+01	5.048778E-19
5.591071E+01	4.968485E-19
5.721568E+01	4.888978E-19
5.855110E+01	4.810271E-19
5.991770E+01	4.732378E-19
6.131619E+01	4.655310E-19
6.274732E+01	4.579079E-19
6.421186E+01	4.503694E-19
6.571058E+01	4.429164E-19
6.724427E+01	4.355495E-19
6.881377E+01	4.282695E-19
7.041990E+01	4.210769E-19
7.206351E+01	4.139721E-19
7.374549E+01	4.069556E-19
7.546673E+01	4.000276E-19
7.722814E+01	3.931884E-19
7.903066E+01	3.864380E-19
8.087525E+01	3.797767E-19
8.276289E+01	3.732043E-19
8.469460E+01	3.667208E-19
8.667139E+01	3.603261E-19
8.869432E+01	3.540200E-19
9.076446E+01	3.478022E-19
9.288292E+01	3.416726E-19
9.505083E+01	3.356307E-19
9.726934E+01	3.296762E-19
9.953962E+01	3.238086E-19
1.018629E+02	3.180275E-19
1.042404E+02	3.123324E-19
1.066734E+02	3.067227E-19
1.091632E+02	3.011979E-19
1.117111E+02	2.957573E-19
1.143184E+02	2.904004E-19
1.169866E+02	2.851265E-19
1.197171E+02	2.799348E-19
1.225114E+02	2.748247E-19
1.253708E+02	2.697955E-19
1.282970E+02	2.648463E-19
1.312915E+02	2.599765E-19
1.343558E+02	2.551852E-19
1.374917E+02	2.504716E-19
1.407008E+02	2.458349E-19
1.439848E+02	2.412744E-19
1.473454E+02	2.367891E-19
1.507845E+02	2.323782E-19
1.543038E+02	2.280408E-19
1.579053E+02	2.237761E-19
1.615909E+02	2.195832E-19
1.653624E+02	2.154613E-19
1.692220E+02	2.114094E-19
1.731717E+02	2.074266E-19
1.772136E+02	2.035122E-19
1.813498E+02	1.996651E-19
1.855825E+02	1.958845E-19
1.899141E+02	1.921695E-19
1.943467E+02	1.885192E-19
1.988828E+02	1.849327E-19
2.035248E+02	1.814092E-19
2.082751E+02	1.779477E-19
2.131362E+02	1.745474E-19
2.181109E+02	1.712073E-19
2.232016E+02	1.679266E-19
2.284112E+02	1.647045E-19
2.337424E+02	1.615400E-19
2.391980E+02	1.584323E-19
2.447809E+02	1.553806E-19
2.504942E+02	1.523839E-19
2.563407E+02	1.494415E-19
2.623238E+02	1.465525E-19
2.684465E+02	1.437161E-19
2.747121E+02	1.409314E-19
2.811239E+02	1.381976E-19
2.876854E+02	1.355140E-19
2.944000E+02	1.328796E-19
3.012714E+02	1.302938E-19
3.083031E+02	1.277557E-19
3.154990E+02	1.252646E-19
3.228628E+02	1.228196E-19
3.303985E+02	1.204201E-19
3.381101E+02	1.180652E-19
3.460016E+02	1.157543E-19
3.540774E+02	1.134865E-19
3.623416E+02	1.112612E-19
3.707988E+02	1.090776E-19
3.794533E+02	1.069351E-19
3.883098E+02	1.048329E-19
3.973730E+02	1.027703E-19
4.066478E+02	1.007467E-19
4.161391E+02	9.876138E-20
4.258518E+02	9.681366E-20
4.357913E+02	9.490290E-20
4.459628E+02	9.302846E-20
4.563716E+02	9.118969E-20
4.670234E+02	8.938597E-20
4.779239E+02	8.761668E-20
4.890787E+02	8.588121E-20
5.004939E+02	8.417896E-20
5.121755E+02	8.250933E-20
5.241298E+02	8.087174E-20
5.363631E+02	7.926562E-20
5.488820E+02	7.769040E-20
5.616930E+02	7.614551E-20
5.748030E+02	7.463042E-20
5.882190E+02	7.314458E-20
6.019482E+02	7.168746E-20
6.159978E+02	7.025854E-20
6.303753E+02	6.885729E-20
6.450884E+02	6.748322E-20
6.601449E+02	6.613582E-20
6.755528E+02	6.481460E-20
6.913204E+02	6.351908E-20
7.074559E+02	6.224878E-20
7.239681E+02	6.100324E-20
7.408657E+02	5.978199E-20
7.581576E+02	5.858459E-20
7.758532E+02	5.741059E-20
7.939618E+02	5.625955E-20
8.124930E+02	5.513105E-20
8.314568E+02	5.402465E-20
8.508632E+02	5.293995E-20
8.707225E+02	5.187654E-20
8.910453E+02	5.083402E-20
9.118425E+02	4.981199E-20
9.331251E+02	4.881006E-20
9.549045E+02	4.782785E-20
9.771921E+02	4.686500E-20
1.000000E+03	4.592113E-20
------------------------------

IONIZATION
Ar(2p4) -> Ar(+)
2.477000E+00
SPECIES: e / Ar(2p4)
PROCESS: E + Ar(2p4) -> E + E + Ar(+), Ionization
PARAM.: E = 2.5 eV
COMMENT: Semi-empirical formula for step-wise ionization from Deutsch et al, 2003.
COLUMNS: Energy (eV) | Cross section (m2)
------------------------------
1.000000E-02	0.000000E+00
1.023340E-02	0.000000E+00
1.047225E-02	0.000000E+00
1.071668E-02	0.000000E+00
1.096681E-02	0.000000E+00
1.122277E-02	0.000000E+00
1.148472E-02	0.000000E+00
1.175277E-02	0.000000E+00
1.202708E-02	0.000000E+00
1.230780E-02	0.000000E+00
1.259506E-02	0.000000E+00
1.288904E-02	0.000000E+00
1.318987E-02	0.000000E+00
1.349772E-02	0.000000E+00
1.381276E-02	0.000000E+00
1.413516E-02	0.000000E+00
1.446507E-02	0.000000E+00
1.480269E-02	0.000000E+00
1.514819E-02	0.000000E+00
1.550175E-02	0.000000E+00
1.586357E-02	0.000000E+00
1.623382E-02	0.000000E+00
1.661273E-02	0.000000E+00
1.700047E-02	0.000000E+00
1.739726E-02	0.000000E+00
1.780332E-02	0.000000E+00
1.821885E-02	0.000000E+00
1.864409E-02	0.000000E+00
1.907924E-02	0.000000E+00
1.952456E-02	0.000000E+00
1.998026E-02	0.000000E+00
2.044661E-02	0.000000E+00
2.092383E-02	0.000000E+00
2.141220E-02	0.000000E+00
2.191197E-02	0.000000E+00
2.242340E-02	0.000000E+00
2.294676E-02	0.000000E+00
2.348235E-02	0.000000E+00
2.403043E-02	0.000000E+00
2.459130E-02	0.000000E+00
2.516527E-02	0.000000E+00
2.575263E-02	0.000000E+00
2.635371E-02	0.000000E+00
2.696881E-02	0.000000E+00
2.759826E-02	0.000000E+00
2.824241E-02	0.000000E+00
2.890160E-02	0.000000E+00
2.957617E-02	0.000000E+00
3.026648E-02	0.000000E+00
3.097291E-02	0.000000E+00
3.169582E-02	0.000000E+00
3.243561E-02	0.000000E+00
3.319266E-02	0.000000E+00
3.396739E-02	0.000000E+00
3.476019E-02	0.000000E+00
3.557150E-02	0.000000E+00
3.640175E-02	0.000000E+00
3.725137E-02	0.000000E+00
3.812083E-02	0.000000E+00
3.901058E-02	0.000000E+00
3.992109E-02	0.000000E+00
4.085286E-02	0.000000E+00
4.180637E-02	0.000000E+00
4.278214E-02	0.000000E+00
4.378069E-02	0.000000E+00
4.480254E-02	0.000000E+00
4.584824E-02	0.000000E+00
4.691835E-02	0.000000E+00
4.801343E-02	0.000000E+00
4.913407E-02	0.000000E+00
5.028087E-02	0.000000E+00
5.145444E-02	0.000000E+00
5.265540E-02	0.000000E+00
5.388438E-02	0.000000E+00
5.514206E-02	0.000000E+00
5.642908E-02	0.000000E+00
5.774615E-02	0.000000E+00
5.909396E-02	0.000000E+00
6.047322E-02	0.000000E+00
6.188468E-02	0.000000E+00
6.332908E-02	0.000000E+00
6.480720E-02	0.000000E+00
6.631981E-02	0.000000E+00
6.786773E-02	0.000000E+00
6.945178E-02	0.000000E+00
7.107280E-02	0.000000E+00
7.273165E-02	0.000000E+00
7.442922E-02	0.000000E+00
7.616642E-02	0.000000E+00
7.794416E-02	0.000000E+00
7.976339E-02	0.000000E+00
8.162509E-02	0.000000E+00
8.353023E-02	0.000000E+00
8.547985E-02	0.000000E+00
8.747496E-02	0.000000E+00
8.951665E-02	0.000000E+00
9.160598E-02	0.000000E+00
9.374409E-02	0.000000E+00
9.593209E-02	0.000000E+00
9.817117E-02	0.000000E+00
1.004625E-01	0.000000E+00
1.028073E-01	0.000000E+00
1.052069E-01	0.000000E+00
1.076624E-01	0.000000E+00
1.101753E-01	0.000000E+00
1.127468E-01	0.000000E+00
1.153783E-01	0.000000E+00
1.180713E-01	0.000000E+00
1.208271E-01	0.000000E+00
1.236472E-01	0.000000E+00
1.265332E-01	0.000000E+00
1.294865E-01	0.000000E+00
1.325087E-01	0.000000E+00
1.356015E-01	0.000000E+00
1.387665E-01	0.000000E+00
1.420053E-01	0.000000E+00
1.453198E-01	0.000000E+00
1.487115E-01	0.000000E+00
1.521825E-01	0.000000E+00
1.557345E-01	0.000000E+00
1.593694E-01	0.000000E+00
1.630891E-01	0.000000E+00
1.668956E-01	0.000000E+00
1.707910E-01	0.000000E+00
1.747773E-01	0.000000E+00
1.788566E-01	0.000000E+00
1.830312E-01	0.000000E+00
1.873032E-01	0.000000E+00
1.916748E-01	0.000000E+00
1.961486E-01	0.000000E+00
2.007267E-01	0.000000E+00
2.054117E-01	0.000000E+00
2.102061E-01	0.000000E+00
2.151123E-01	0.000000E+00
2.201331E-01	0.000000E+00
2.252711E-01	0.000000E+00
2.305289E-01	0.000000E+00
2.359095E-01	0.000000E+00
2.414157E-01	0.000000E+00
2.470504E-01	0.000000E+00
2.528166E-01	0.000000E+00
2.587174E-01	0.000000E+00
2.647559E-01	0.000000E+00
2.709354E-01	0.000000E+00
2.772591E-01	0.000000E+00
2.837304E-01	0.000000E+00
2.903527E-01	0.000000E+00
2.971296E-01	0.000000E+00
3.040646E-01	0.000000E+00
3.111616E-01	0.000000E+00
3.184242E-01	0.000000E+00
3.258562E-01	0.000000E+00
3.334618E-01	0.000000E+00
3.412449E-01	0.000000E+00
3.492096E-01	0.000000E+00
3.573602E-01	0.000000E+00
3.657011E-01	0.000000E+00
3.742366E-01	0.000000E+00
3.829714E-01	0.000000E+00
3.919100E-01	0.000000E+00
4.010573E-01	0.000000E+00
4.104181E-01	0.000000E+00
4.199973E-01	0.000000E+00
4.298001E-01	0.000000E+00
4.398317E-01	0.000000E+00
4.500975E-01	0.000000E+00
4.606029E-01	0.000000E+00
4.713535E-01	0.000000E+00
4.823549E-01	0.000000E+00
4.936132E-01	0.000000E+00
5.051342E-01	0.000000E+00
5.169242E-01	0.000000E+00
5.289893E-01	0.000000E+00
5.413360E-01	0.000000E+00
5.539709E-01	0.000000E+00
5.669007E-01	0.000000E+00
5.801323E-01	0.000000E+00
5.936727E-01	0.000000E+00
6.075292E-01	0.000000E+00
6.217090E-01	0.000000E+00
6.362198E-01	0.000000E+00
6.510694E-01	0.000000E+00
6.662655E-01	0.000000E+00
6.818162E-01	0.000000E+00
6.977300E-01	0.000000E+00
7.140151E-01	0.000000E+00
7.306804E-01	0.000000E+00
7.477346E-01	0.000000E+00
7.651869E-01	0.000000E+00
7.830465E-01	0.000000E+00
8.013230E-01	0.000000E+00
8.200261E-01	0.000000E+00
8.391656E-01	0.000000E+00
8.587519E-01	0.000000E+00
8.787954E-01	0.000000E+00
8.993067E-01	0.000000E+00
9.202967E-01	0.000000E+00
9.417766E-01	0.000000E+00
9.637579E-01	0.000000E+00
9.862522E-01	0.000000E+00
1.009272E+00	0.000000E+00
1.032828E+00	0.000000E+00
1.056935E+00	0.000000E+00
1.081604E+00	0.000000E+00
1.106848E+00	0.000000E+00
1.132683E+00	0.000000E+00
1.159120E+00	0.000000E+00
1.186174E+00	0.000000E+00
1.213859E+00	0.000000E+00
1.242191E+00	0.000000E+00
1.271184E+00	0.000000E+00
1.300854E+00	0.000000E+00
1.331216E+00	0.000000E+00
1.362287E+00	0.000000E+00
1.394083E+00	0.000000E+00
1.426621E+00	0.000000E+00
1.459919E+00	0.000000E+00
1.493993E+00	0.000000E+00
1.528864E+00	0.000000E+00
1.564548E+00	0.000000E+00
1.601064E+00	0.000000E+00
1.638434E+00	0.000000E+00
1.676675E+00	0.000000E+00
1.715809E+00	0.000000E+00
1.755856E+00	0.000000E+00
1.796838E+00	0.000000E+00
1.838777E+00	0.000000E+00
1.881694E+00	0.000000E+00
1.925614E+00	0.000000E+00
1.970558E+00	0.000000E+00
2.016551E+00	0.000000E+00
2.063618E+00	0.000000E+00
2.111783E+00	0.000000E+00
2.161073E+00	0.000000E+00
2.211512E+00	0.000000E+00
2.263130E+00	0.000000E+00
2.315951E+00	0.000000E+00
2.370006E+00	0.000000E+00
2.425323E+00	0.000000E+00
2.481930E+00	6.751846E-24
2.539859E+00	1.070459E-21
2.599140E+00	3.915480E-21
2.659804E+00	8.480277E-21
2.721885E+00	1.469558E-20
2.785414E+00	2.248781E-20
2.850426E+00	3.178050E-20
2.916956E+00	4.249508E-20
2.985038E+00	5.455157E-20
3.054710E+00	6.786900E-20
3.126007E+00	8.236587E-20
3.198969E+00	9.796047E-20
3.273634E+00	1.145713E-19
3.350041E+00	1.321171E-19
3.428231E+00	1.505176E-19
3.508247E+00	1.696932E-19
3.590130E+00	1.895656E-19
3.673925E+00	2.100579E-19
3.759675E+00	2.310946E-19
3.847427E+00	2.526020E-19
3.937226E+00	2.745082E-19
4.029122E+00	2.967434E-19
4.123163E+00	3.192398E-19
4.219398E+00	3.419318E-19
4.317880E+00	3.647561E-19
4.418660E+00	3.876520E-19
4.521792E+00	4.105608E-19
4.627332E+00	4.334267E-19
4.735335E+00	4.561962E-19
4.845859E+00	4.788183E-19
4.958962E+00	5.012449E-19
5.074705E+00	5.234301E-19
5.193150E+00	5.453308E-19
5.314359E+00	5.669064E-19
5.438397E+00	5.881189E-19
5.565331E+00	6.089328E-19
5.695227E+00	6.293151E-19
5.828155E+00	6.492353E-19
5.964185E+00	6.686653E-19
6.103390E+00	6.875794E-19
6.245845E+00	7.059542E-19
6.391624E+00	7.237685E-19
6.540806E+00	7.410035E-19
6.693470E+00	7.576424E-19
6.849697E+00	7.736704E-19
7.009570E+00	7.890749E-19
7.173175E+00	8.038451E-19
7.340598E+00	8.179721E-19
7.511929E+00	8.314489E-19
7.687260E+00	8.442699E-19
7.866682E+00	8.564314E-19
8.050292E+00	8.679314E-19
8.238187E+00	8.787689E-19
8.430468E+00	8.889447E-19
8.627237E+00	8.984608E-19
8.828599E+00	9.073205E-19
9.034660E+00	9.155283E-19
9.245531E+00	9.230896E-19
9.461324E+00	9.300110E-19
9.682153E+00	9.363002E-19
9.908137E+00	9.419656E-19
1.013939E+01	9.470164E-19
1.037605E+01	9.514626E-19
1.061823E+01	9.553150E-19
1.086606E+01	9.585850E-19
1.111968E+01	9.612844E-19
1.137921E+01	9.634257E-19
1.164481E+01	9.650218E-19
1.191660E+01	9.660861E-19
1.219473E+01	9.666321E-19
1.247936E+01	9.666738E-19
1.277063E+01	9.662256E-19
1.306870E+01	9.653017E-19
1.337373E+01	9.639168E-19
1.368587E+01	9.620857E-19
1.400531E+01	9.598232E-19
1.433219E+01	9.571441E-19
1.466671E+01	9.540633E-19
1.500903E+01	9.505958E-19
1.535935E+01	9.467563E-19
1.571784E+01	9.425597E-19
1.608469E+01	9.380206E-19
1.646012E+01	9.331537E-19
1.684430E+01	9.279732E-19
1.723745E+01	9.224935E-19
1.763977E+01	9.167287E-19
1.805149E+01	9.106925E-19
1.847281E+01	9.043988E-19
1.890397E+01	8.978608E-19
1.934520E+01	8.910918E-19
1.979672E+01	8.841047E-19
2.025878E+01	8.769122E-19
2.073162E+01	8.695267E-19
2.121550E+01	8.619603E-19
2.171068E+01	8.542247E-19
2.221741E+01	8.463316E-19
2.273597E+01	8.382922E-19
2.326663E+01	8.301174E-19
2.380968E+01	8.218177E-19
2.436540E+01	8.134037E-19
2.493409E+01	8.048852E-19
2.551606E+01	7.962720E-19
2.611161E+01	7.875734E-19
2.672106E+01	7.787986E-19
2.734474E+01	7.699563E-19
2.798297E+01	7.610551E-19
2.863610E+01	7.521031E-19
2.930447E+01	7.431082E-19
2.998844E+01	7.340780E-19
3.068838E+01	7.250198E-19
3.140465E+01	7.159407E-19
3.213764E+01	7.068473E-19
3.288774E+01	6.977462E-19
3.365535E+01	6.886434E-19
3.444087E+01	6.795450E-19
3.524473E+01	6.704566E-19
3.606735E+01	6.613837E-19
3.690917E+01	6.523313E-19
3.777064E+01	6.433044E-19
3.865221E+01	6.343077E-19
3.955436E+01	6.253456E-19
4.047757E+01	6.164224E-19
4.142232E+01	6.075420E-19
4.238913E+01	5.987082E-19
4.337850E+01	5.899246E-19
4.439097E+01	5.811947E-19
4.542706E+01	5.725215E-19
4.648734E+01	5.639081E-19
4.757236E+01	5.553573E-19
4.868271E+01	5.468717E-19
4.981898E+01	5.384538E-19
5.098176E+01	5.301059E-19
5.217169E+01	5.218301E-19
5.338938E+01	5.136284E-19
5.463550E+01	5.055027E-19
5.591071E+01	4.974546E-19
5.721568E+01	4.894857E-19
5.855110E+01	4.815974E-19
5.991770E+01	4.737911E-19
6.131619E+01	4.660678E-19
6.274732E+01	4.584287E-19
6.421186E+01	4.508747E-19
6.571058E+01	4.434066E-19
6.724427E+01	4.360251E-19
6.881377E+01	4.287310E-19
7.041990E+01	4.215247E-19
7.206351E+01	4.144067E-19
7.374549E+01	4.073774E-19
7.546673E+01	4.004370E-19
7.722814E+01	3.935857E-19
7.903066E+01	3.868237E-19
8.087525E+01	3.801511E-19
8.276289E+01	3.735677E-19
8.469460E+01	3.670736E-19
8.667139E+01	3.606687E-19
8.869432E+01	3.543526E-19
9.076446E+01	3.481253E-19
9.288292E+01	3.419863E-19
9.505083E+01	3.359353E-19
9.726934E+01	3.299721E-19
9.953962E+01	3.240960E-19
1.018629E+02	3.183067E-19
1.042404E+02	3.126036E-19
1.066734E+02	3.069862E-19
1.091632E+02	3.014539E-19
1.117111E+02	2.960061E-19
1.143184E+02	2.906421E-19
1.169866E+02	2.853614E-19
1.197171E+02	2.801631E-19
1.225114E+02	2.750466E-19
1.253708E+02	2.700112E-19
1.282970E+02	2.650560E-19
1.312915E+02	2.601803E-19
1.343558E+02	2.553833E-19
1.374917E+02	2.506643E-19
1.407008E+02	2.460223E-19
1.439848E+02	2.414566E-19
1.473454E+02	2.369663E-19
1.507845E+02	2.325505E-19
1.543038E+02	2.282085E-19
1.579053E+02	2.239392E-19
1.615909E+02	2.197419E-19
1.653624E+02	2.156157E-19
1.692220E+02	2.115596E-19
1.731717E+02	2.075728E-19
1.772136E+02	2.036544E-19
1.813498E+02	1.998035E-19
1.855825E+02	1.960192E-19
1.899141E+02	1.923006E-19
1.943467E+02	1.886469E-19
1.988828E+02	1.850570E-19
2.035248E+02	1.815302E-19
2.082751E+02	1.780655E-19
2.131362E+02	1.746621E-19
2.181109E+02	1.713190E-19
2.232016E+02	1.680354E-19
2.284112E+02	1.648104E-19
2.337424E+02	1.616432E-19
2.391980E+02	1.585329E-19
2.447809E+02	1.554785E-19
2.504942E+02	1.524793E-19
2.563407E+02	1.495345E-19
2.623238E+02	1.466431E-19
2.684465E+02	1.438043E-19
2.747121E+02	1.410174E-19
2.811239E+02	1.382814E-19
2.876854E+02	1.355956E-19
2.944000E+02	1.329592E-19
3.012714E+02	1.303714E-19
3.083031E+02	1.278313E-19
3.154990E+02	1.253383E-19
3.228628E+02	1.228915E-19
3.303985E+02	1.204902E-19
3.381101E+02	1.181335E-19
3.460016E+02	1.158209E-19
3.540774E+02	1.135515E-19
3.623416E+02	1.113245E-19
3.707988E+02	1.091394E-19
3.794533E+02	1.069953E-19
3.883098E+02	1.048916E-19
3.973730E+02	1.028276E-19
4.066478E+02	1.008026E-19
4.161391E+02	9.881589E-20
4.258518E+02	9.686684E-20
4.357913E+02	9.495478E-20
4.459628E+02	9.307907E-20
4.563716E+02	9.123907E-20
4.670234E+02	8.943415E-20
4.779239E+02	8.766369E-20
4.890787E+02	8.592708E-20
5.004939E+02	8.422372E-20
5.121755E+02	8.255301E-20
5.241298E+02	8.091437E-20
5.363631E+02	7.930722E-20
5.488820E+02	7.773100E-20
5.616930E+02	7.618514E-20
5.748030E+02	7.466910E-20
5.882190E+02	7.318233E-20
6.019482E+02	7.172431E-20
6.159978E+02	7.029451E-20
6.303753E+02	6.889241E-20
6.450884E+02	6.751750E-20
6.601449E+02	6.616928E-20
6.755528E+02	6.484727E-20
6.913204E+02	6.355097E-20
7.074559E+02	6.227992E-20
7.239681E+02	6.103365E-20
7.408657E+02	5.981168E-20
7.581576E+02	5.861358E-20
7.758532E+02	5.743890E-20
7.939618E+02	5.628720E-20
8.124930E+02	5.515804E-20
8.314568E+02	5.405102E-20
8.508632E+02	5.296570E-20
8.707225E+02	5.190169E-20
8.910453E+02	5.085857E-20
9.118425E+02	4.983597E-20
9.331251E+02	4.883348E-20
9.549045E+02	4.785073E-20
9.771921E+02	4.688735E-20
1.000000E+03	4.594296E-20
------------------------------

IONIZATION
Ar(2p3) -> Ar(+)
2.458000E+00
SPECIES: e / Ar(2p3)
PROCESS: E + Ar(2p3) -> E + E + Ar(+), Ionization
PARAM.: E = 2.5 eV
COMMENT: Semi-empirical formula for step-wise ionization from Deutsch et al, 2003.
COLUMNS: Energy (eV) | Cross section (m2)
------------------------------
1.000000E-02	0.000000E+00
1.023340E-02	0.000000E+00
1.047225E-02	0.000000E+00
1.071668E-02	0.000000E+00
1.096681E-02	0.000000E+00
1.122277E-02	0.000000E+00
1.148472E-02	0.000000E+00
1.175277E-02	0.000000E+00
1.202708E-02	0.000000E+00
1.230780E-02	0.000000E+00
1.259506E-02	0.000000E+00
1.288904E-02	0.000000E+00
1.318987E-02	0.000000E+00
1.349772E-02	0.000000E+00
1.381276E-02	0.000000E+00
1.413516E-02	0.000000E+00
1.446507E-02	0.000000E+00
1.480269E-02	0.000000E+00
1.514819E-02	0.000000E+00
1.550175E-02	0.000000E+00
1.586357E-02	0.000000E+00
1.623382E-02	0.000000E+00
1.661273E-02	0.000000E+00
1.700047E-02	0.000000E+00
1.739726E-02	0.000000E+00
1.780332E-02	0.000000E+00
1.821885E-02	0.000000E+00
1.864409E-02	0.000000E+00
1.907924E-02	0.000000E+00
1.952456E-02	0.000000E+00
1.998026E-02	0.000000E+00
2.044661E-02	0.000000E+00
2.092383E-02	0.000000E+00
2.141220E-02	0.000000E+00
2.191197E-02	0.000000E+00
2.242340E-02	0.000000E+00
2.294676E-02	0.000000E+00
2.348235E-02	0.000000E+00
2.403043E-02	0.000000E+00
2.459130E-02	0.000000E+00
2.516527E-02	0.000000E+00
2.575263E-02	0.000000E+00
2.635371E-02	0.000000E+00
2.696881E-02	0.000000E+00
2.759826E-02	0.000000E+00
2.824241E-02	0.000000E+00
2.890160E-02	0.000000E+00
2.957617E-02	0.000000E+00
3.026648E-02	0.000000E+00
3.097291E-02	0.000000E+00
3.169582E-02	0.000000E+00
3.243561E-02	0.000000E+00
3.319266E-02	0.000000E+00
3.396739E-02	0.000000E+00
3.476019E-02	0.000000E+00
3.557150E-02	0.000000E+00
3.640175E-02	0.000000E+00
3.725137E-02	0.000000E+00
3.812083E-02	0.000000E+00
3.901058E-02	0.000000E+00
3.992109E-02	0.000000E+00
4.085286E-02	0.000000E+00
4.180637E-02	0.000000E+00
4.278214E-02	0.000000E+00
4.378069E-02	0.000000E+00
4.480254E-02	0.000000E+00
4.584824E-02	0.000000E+00
4.691835E-02	0.000000E+00
4.801343E-02	0.000000E+00
4.913407E-02	0.000000E+00
5.028087E-02	0.000000E+00
5.145444E-02	0.000000E+00
5.265540E-02	0.000000E+00
5.388438E-02	0.000000E+00
5.514206E-02	0.000000E+00
5.642908E-02	0.000000E+00
5.774615E-02	0.000000E+00
5.909396E-02	0.000000E+00
6.047322E-02	0.000000E+00
6.188468E-02	0.000000E+00
6.332908E-02	0.000000E+00
6.480720E-02	0.000000E+00
6.631981E-02	0.000000E+00
6.786773E-02	0.000000E+00
6.945178E-02	0.000000E+00
7.107280E-02	0.000000E+00
7.273165E-02	0.000000E+00
7.442922E-02	0.000000E+00
7.616642E-02	0.000000E+00
7.794416E-02	0.000000E+00
7.976339E-02	0.000000E+00
8.162509E-02	0.000000E+00
8.353023E-02	0.000000E+00
8.547985E-02	0.000000E+00
8.747496E-02	0.000000E+00
8.951665E-02	0.000000E+00
9.160598E-02	0.000000E+00
9.374409E-02	0.000000E+00
9.593209E-02	0.000000E+00
9.817117E-02	0.000000E+00
1.004625E-01	0.000000E+00
1.028073E-01	0.000000E+00
1.052069E-01	0.000000E+00
1.076624E-01	0.000000E+00
1.101753E-01	0.000000E+00
1.127468E-01	0.000000E+00
1.153783E-01	0.000000E+00
1.180713E-01	0.000000E+00
1.208271E-01	0.000000E+00
1.236472E-01	0.000000E+00
1.265332E-01	0.000000E+00
1.294865E-01	0.000000E+00
1.325087E-01	0.000000E+00
1.356015E-01	0.000000E+00
1.387665E-01	0.000000E+00
1.420053E-01	0.000000E+00
1.453198E-01	0.000000E+00
1.487115E-01	0.000000E+00
1.521825E-01	0.000000E+00
1.557345E-01	0.000000E+00
1.593694E-01	0.000000E+00
1.630891E-01	0.000000E+00
1.668956E-01	0.000000E+00
1.707910E-01	0.000000E+00
1.747773E-01	0.000000E+00
1.788566E-01	0.000000E+00
1.830312E-01	0.000000E+00
1.873032E-01	0.000000E+00
1.916748E-01	0.000000E+00
1.961486E-01	0.000000E+00
2.007267E-01	0.000000E+00
2.054117E-01	0.000000E+00
2.102061E-01	0.000000E+00
2.151123E-01	0.000000E+00
2.201331E-01	0.000000E+00
2.252711E-01	0.000000E+00
2.305289E-01	0.000000E+00
2.359095E-01	0.000000E+00
2.414157E-01	0.000000E+00
2.470504E-01	0.000000E+00
2.528166E-01	0.000000E+00
2.587174E-01	0.000000E+00
2.647559E-01	0.000000E+00
2.709354E-01	0.000000E+00
2.772591E-01	0.000000E+00
2.837304E-01	0.000000E+00
2.903527E-01	0.000000E+00
2.971296E-01	0.000000E+00
3.040646E-01	0.000000E+00
3.111616E-01	0.000000E+00
3.184242E-01	0.000000E+00
3.258562E-01	0.000000E+00
3.334618E-01	0.000000E+00
3.412449E-01	0.000000E+00
3.492096E-01	0.000000E+00
3.573602E-01	0.000000E+00
3.657011E-01	0.000000E+00
3.742366E-01	0.000000E+00
3.829714E-01	0.000000E+00
3.919100E-01	0.000000E+00
4.010573E-01	0.000000E+00
4.104181E-01	0.000000E+00
4.199973E-01	0.000000E+00
4.298001E-01	0.000000E+00
4.398317E-01	0.000000E+00
4.500975E-01	0.000000E+00
4.606029E-01	0.000000E+00
4.713535E-01	0.000000E+00
4.823549E-01	0.000000E+00
4.936132E-01	0.000000E+00
5.051342E-01	0.000000E+00
5.169242E-01	0.000000E+00
5.289893E-01	0.000000E+00
5.413360E-01	0.000000E+00
5.539709E-01	0.000000E+00
5.669007E-01	0.000000E+00
5.801323E-01	0.000000E+00
5.936727E-01	0.000000E+00
6.075292E-01	0.000000E+00
6.217090E-01	0.000000E+00
6.362198E-01	0.000000E+00
6.510694E-01	0.000000E+00
6.662655E-01	0.000000E+00
6.818162E-01	0.000000E+00
6.977300E-01	0.000000E+00
7.140151E-01	0.000000E+00
7.306804E-01	0.000000E+00
7.477346E-01	0.000000E+00
7.651869E-01	0.000000E+00
7.830465E-01	0.000000E+00
8.013230E-01	0.000000E+00
8.200261E-01	0.000000E+00
8.391656E-01	0.000000E+00
8.587519E-01	0.000000E+00
8.787954E-01	0.000000E+00
8.993067E-01	0.000000E+00
9.202967E-01	0.000000E+00
9.417766E-01	0.000000E+00
9.637579E-01	0.000000E+00
9.862522E-01	0.000000E+00
1.009272E+00	0.000000E+00
1.032828E+00	0.000000E+00
1.056935E+00	0.000000E+00
1.081604E+00	0.000000E+00
1.106848E+00	0.000000E+00
1.132683E+00	0.000000E+00
1.159120E+00	0.000000E+00
1.186174E+00	0.000000E+00
1.213859E+00	0.000000E+00
1.242191E+00	0.000000E+00
1.271184E+00	0.000000E+00
1.300854E+00	0.000000E+00
1.331216E+00	0.000000E+00
1.362287E+00	0.000000E+00
1.394083E+00	0.000000E+00
1.426621E+00	0.000000E+00
1.459919E+00	0.000000E+00
1.493993E+00	0.000000E+00
1.528864E+00	0.000000E+00
1.564548E+00	0.000000E+00
1.601064E+00	0.000000E+00
1.638434E+00	0.000000E+00
1.676675E+00	0.000000E+00
1.715809E+00	0.000000E+00
1.755856E+00	0.000000E+00
1.796838E+00	0.000000E+00
1.838777E+00	0.000000E+00
1.881694E+00	0.000000E+00
1.925614E+00	0.000000E+00
1.970558E+00	0.000000E+00
2.016551E+00	0.000000E+00
2.063618E+00	0.000000E+00
2.111783E+00	0.000000E+00
2.161073E+00	0.000000E+00
2.211512E+00	0.000000E+00
2.263130E+00	0.000000E+00
2.315951E+00	0.000000E+00
2.370006E+00	0.000000E+00
2.425323E+00	0.000000E+00
2.481930E+00	1.617500E-22
2.539859E+00	1.838839E-21
2.599140E+00	5.291653E-21
2.659804E+00	1.045485E-20
2.721885E+00	1.725697E-20
2.785414E+00	2.562276E-20
2.850426E+00	3.547438E-20
2.916956E+00	4.673212E-20
2.985038E+00	5.931499E-20
3.054710E+00	7.314119E-20
3.126007E+00	8.812846E-20
3.198969E+00	1.041945E-19
3.273634E+00	1.212572E-19
3.350041E+00	1.392351E-19
3.428231E+00	1.580474E-19
3.508247E+00	1.776143E-19
3.590130E+00	1.978573E-19
3.673925E+00	2.186995E-19
3.759675E+00	2.400653E-19
3.847427E+00	2.618810E-19
3.937226E+00	2.840749E-19
4.029122E+00	3.065773E-19
4.123163E+00	3.293206E-19
4.219398E+00	3.522395E-19
4.317880E+00	3.752710E-19
4.418660E+00	3.983546E-19
4.521792E+00	4.214323E-19
4.627332E+00	4.444483E-19
4.735335E+00	4.673498E-19
4.845859E+00	4.900864E-19
4.958962E+00	5.126101E-19
5.074705E+00	5.348758E-19
5.193150E+00	5.568409E-19
5.314359E+00	5.784653E-19
5.438397E+00	5.997115E-19
5.565331E+00	6.205447E-19
5.695227E+00	6.409325E-19
5.828155E+00	6.608448E-19
5.964185E+00	6.802542E-19
6.103390E+00	6.991357E-19
6.245845E+00	7.174663E-19
6.391624E+00	7.352255E-19
6.540806E+00	7.523950E-19
6.693470E+00	7.689585E-19
6.849697E+00	7.849021E-19
7.009570E+00	8.002134E-19
7.173175E+00	8.148824E-19
7.340598E+00	8.289006E-19
7.511929E+00	8.422615E-19
7.687260E+00	8.549602E-19
7.866682E+00	8.669934E-19
8.050292E+00	8.783595E-19
8.238187E+00	8.890581E-19
8.430468E+00	8.990904E-19
8.627237E+00	9.084589E-19
8.828599E+00	9.171672E-19
9.034660E+00	9.252203E-19
9.245531E+00	9.326241E-19
9.461324E+00	9.393855E-19
9.682153E+00	9.455126E-19
9.908137E+00	9.510139E-19
1.013939E+01	9.558993E-19
1.037605E+01	9.601789E-19
1.061823E+01	9.638639E-19
1.086606E+01	9.669659E-19
1.111968E+01	9.694970E-19
1.137921E+01	9.714701E-19
1.164481E+01	9.728981E-19
1.191660E+01	9.737948E-19
1.219473E+01	9.741738E-19
1.247936E+01	9.740495E-19
1.277063E+01	9.734362E-19
1.306870E+01	9.723485E-19
1.337373E+01	9.708012E-19
1.368587E+01	9.688092E-19
1.400531E+01	9.663874E-19
1.433219E+01	9.635508E-19
1.466671E+01	9.603145E-19
1.500903E+01	9.566934E-19
1.535935E+01	9.527025E-19
1.571784E+01	9.483566E-19
1.608469E+01	9.436706E-19
1.646012E+01	9.386589E-19
1.684430E+01	9.333362E-19
1.723745E+01	9.277167E-19
1.763977E+01	9.218145E-19
1.805149E+01	9.156435E-19
1.847281E+01	9.092175E-19
1.890397E+01	9.025498E-19
1.934520E+01	8.956537E-19
1.979672E+01	8.885421E-19
2.025878E+01	8.812277E-19
2.073162E+01	8.737229E-19
2.121550E+01	8.660398E-19
2.171068E+01	8.581902E-19
2.221741E+01	8.501856E-19
2.273597E+01	8.420373E-19
2.326663E+01	8.337562E-19
2.380968E+01	8.253528E-19
2.436540E+01	8.168374E-19
2.493409E+01	8.082201E-19
2.551606E+01	7.995106E-19
2.611161E+01	7.907182E-19
2.672106E+01	7.818519E-19
2.734474E+01	7.729205E-19
2.798297E+01	7.639325E-19
2.863610E+01	7.548960E-19
2.930447E+01	7.458189E-19
2.998844E+01	7.367086E-19
3.068838E+01	7.275726E-19
3.140465E+01	7.184178E-19
3.213764E+01	7.092508E-19
3.288774E+01	7.000780E-19
3.365535E+01	6.909058E-19
3.444087E+01	6.817398E-19
3.524473E+01	6.725857E-19
3.606735E+01	6.634490E-19
3.690917E+01	6.543347E-19
3.777064E+01	6.452477E-19
3.865221E+01	6.361926E-19
3.955436E+01	6.271738E-19
4.047757E+01	6.181955E-19
4.142232E+01	6.092618E-19
4.238913E+01	6.003762E-19
4.337850E+01	5.915424E-19
4.439097E+01	5.827637E-19
4.542706E+01	5.740433E-19
4.648734E+01	5.653840E-19
4.757236E+01	5.567888E-19
4.868271E+01	5.482601E-19
4.981898E+01	5.398004E-19
5.098176E+01	5.314120E-19
5.217169E+01	5.230969E-19
5.338938E+01	5.148572E-19
5.463550E+01	5.066946E-19
5.591071E+01	4.986108E-19
5.721568E+01	4.906072E-19
5.855110E+01	4.826854E-19
5.991770E+01	4.748465E-19
6.131619E+01	4.670917E-19
6.274732E+01	4.594221E-19
6.421186E+01	4.518385E-19
6.571058E+01	4.443418E-19
6.724427E+01	4.369326E-19
6.881377E+01	4.296115E-19
7.041990E+01	4.223792E-19
7.206351E+01	4.152360E-19
7.374549E+01	4.081822E-19
7.546673E+01	4.012181E-19
7.722814E+01	3.943439E-19
7.903066E+01	3.875596E-19
8.087525E+01	3.808655E-19
8.276289E+01	3.742613E-19
8.469460E+01	3.677470E-19
8.667139E+01	3.613224E-19
8.869432E+01	3.549874E-19
9.076446E+01	3.487416E-19
9.288292E+01	3.425849E-19
9.505083E+01	3.365167E-19
9.726934E+01	3.305367E-19
9.953962E+01	3.246444E-19
1.018629E+02	3.188394E-19
1.042404E+02	3.131211E-19
1.066734E+02	3.074890E-19
1.091632E+02	3.019424E-19
1.117111E+02	2.964808E-19
1.143184E+02	2.911034E-19
1.169866E+02	2.858097E-19
1.197171E+02	2.805988E-19
1.225114E+02	2.754701E-19
1.253708E+02	2.704228E-19
1.282970E+02	2.654561E-19
1.312915E+02	2.605694E-19
1.343558E+02	2.557616E-19
1.374917E+02	2.510321E-19
1.407008E+02	2.463800E-19
1.439848E+02	2.418044E-19
1.473454E+02	2.373046E-19
1.507845E+02	2.328796E-19
1.543038E+02	2.285285E-19
1.579053E+02	2.242506E-19
1.615909E+02	2.200448E-19
1.653624E+02	2.159104E-19
1.692220E+02	2.118463E-19
1.731717E+02	2.078518E-19
1.772136E+02	2.039260E-19
1.813498E+02	2.000678E-19
1.855825E+02	1.962765E-19
1.899141E+02	1.925510E-19
1.943467E+02	1.888906E-19
1.988828E+02	1.852943E-19
2.035248E+02	1.817612E-19
2.082751E+02	1.782905E-19
2.131362E+02	1.748811E-19
2.181109E+02	1.715323E-19
2.232016E+02	1.682431E-19
2.284112E+02	1.650128E-19
2.337424E+02	1.618403E-19
2.391980E+02	1.587248E-19
2.447809E+02	1.556655E-19
2.504942E+02	1.526615E-19
2.563407E+02	1.497120E-19
2.623238E+02	1.468160E-19
2.684465E+02	1.439728E-19
2.747121E+02	1.411816E-19
2.811239E+02	1.384414E-19
2.876854E+02	1.357516E-19
2.944000E+02	1.331112E-19
3.012714E+02	1.305195E-19
3.083031E+02	1.279758E-19
3.154990E+02	1.254791E-19
3.228628E+02	1.230287E-19
3.303985E+02	1.206240E-19
3.381101E+02	1.182640E-19
3.460016E+02	1.159481E-19
3.540774E+02	1.136755E-19
3.623416E+02	1.114455E-19
3.707988E+02	1.092574E-19
3.794533E+02	1.071104E-19
3.883098E+02	1.050039E-19
3.973730E+02	1.029371E-19
4.066478E+02	1.009094E-19
4.161391E+02	9.892002E-20
4.258518E+02	9.696842E-20
4.357913E+02	9.505388E-20
4.459628E+02	9.317575E-20
4.563716E+02	9.133340E-20
4.670234E+02	8.952618E-20
4.779239E+02	8.775349E-20
4.890787E+02	8.601471E-20
5.004939E+02	8.430923E-20
5.121755E+02	8.263645E-20
5.241298E+02	8.099580E-20
5.363631E+02	7.938669E-20
5.488820E+02	7.780856E-20
5.616930E+02	7.626085E-20
5.748030E+02	7.474299E-20
5.882190E+02	7.325446E-20
6.019482E+02	7.179472E-20
6.159978E+02	7.036324E-20
6.303753E+02	6.895950E-20
6.450884E+02	6.758299E-20
6.601449E+02	6.623323E-20
6.755528E+02	6.490970E-20
6.913204E+02	6.361193E-20
7.074559E+02	6.233943E-20
7.239681E+02	6.109175E-20
7.408657E+02	5.986842E-20
7.581576E+02	5.866898E-20
7.758532E+02	5.749300E-20
7.939618E+02	5.634002E-20
8.124930E+02	5.520963E-20
8.314568E+02	5.410139E-20
8.508632E+02	5.301490E-20
8.707225E+02	5.194973E-20
8.910453E+02	5.090550E-20
9.118425E+02	4.988180E-20
9.331251E+02	4.887824E-20
9.549045E+02	4.789445E-20
9.771921E+02	4.693005E-20
1.000000E+03	4.598467E-20
------------------------------

IONIZATION
Ar(2p2) -> Ar(+)
2.432000E+00
SPECIES: e / Ar(2p2)
PROCESS: E + Ar(2p2) -> E + E + Ar(+), Ionization
PARAM.: E = 2.4 eV
COMMENT: Semi-empirical formula for step-wise ionization from Deutsch et al, 2003.
COLUMNS: Energy (eV) | Cross section (m2)
------------------------------
1.000000E-02	0.000000E+00
1.023340E-02	0.000000E+00
1.047225E-02	0.000000E+00
1.071668E-02	0.000000E+00
1.096681E-02	0.000000E+00
1.122277E-02	0.000000E+00
1.148472E-02	0.000000E+00
1.175277E-02	0.000000E+00
1.202708E-02	0.000000E+00
1.230780E-02	0.000000E+00
1.259506E-02	0.000000E+00
1.288904E-02	0.000000E+00
1.318987E-02	0.000000E+00
1.349772E-02	0.000000E+00
1.381276E-02	0.000000E+00
1.413516E-02	0.000000E+00
1.446507E-02	0.000000E+00
1.480269E-02	0.000000E+00
1.514819E-02	0.000000E+00
1.550175E-02	0.000000E+00
1.586357E-02	0.000000E+00
1.623382E-02	0.000000E+00
1.661273E-02	0.000000E+00
1.700047E-02	0.000000E+00
1.739726E-02	0.000000E+00
1.780332E-02	0.000000E+00
1.821885E-02	0.000000E+00
1.864409E-02	0.000000E+00
1.907924E-02	0.000000E+00
1.952456E-02	0.000000E+00
1.998026E-02	0.000000E+00
2.044661E-02	0.000000E+00
2.092383E-02	0.000000E+00
2.141220E-02	0.000000E+00
2.191197E-02	0.000000E+00
2.242340E-02	0.000000E+00
2.294676E-02	0.000000E+00
2.348235E-02	0.000000E+00
2.403043E-02	0.000000E+00
2.459130E-02	0.000000E+00
2.516527E-02	0.000000E+00
2.575263E-02	0.000000E+00
2.635371E-02	0.000000E+00
2.696881E-02	0.000000E+00
2.759826E-02	0.000000E+00
2.824241E-02	0.000000E+00
2.890160E-02	0.000000E+00
2.957617E-02	0.000000E+00
3.026648E-02	0.000000E+00
3.097291E-02	0.000000E+00
3.169582E-02	0.000000E+00
3.243561E-02	0.000000E+00
3.319266E-02	0.000000E+00
3.396739E-02	0.000000E+00
3.476019E-02	0.000000E+00
3.557150E-02	0.000000E+00
3.640175E-02	0.000000E+00
3.725137E-02	0.000000E+00
3.812083E-02	0.000000E+00
3.901058E-02	0.000000E+00
3.992109E-02	0.000000E+00
4.085286E-02	0.000000E+00
4.180637E-02	0.000000E+00
4.278214E-02	0.000000E+00
4.378069E-02	0.000000E+00
4.480254E-02	0.000000E+00
4.584824E-02	0.000000E+00
4.691835E-02	0.000000E+00
4.801343E-02	0.000000E+00
4.913407E-02	0.000000E+00
5.028087E-02	0.000000E+00
5.145444E-02	0.000000E+00
5.265540E-02	0.000000E+00
5.388438E-02	0.000000E+00
5.514206E-02	0.000000E+00
5.642908E-02	0.000000E+00
5.774615E-02	0.000000E+00
5.909396E-02	0.000000E+00
6.047322E-02	0.000000E+00
6.188468E-02	0.000000E+00
6.332908E-02	0.000000E+00
6.480720E-02	0.000000E+00
6.631981E-02	0.000000E+00
6.786773E-02	0.000000E+00
6.945178E-02	0.000000E+00
7.107280E-02	0.000000E+00
7.273165E-02	0.000000E+00
7.442922E-02	0.000000E+00
7.616642E-02	0.000000E+00
7.794416E-02	0.000000E+00
7.976339E-02	0.000000E+00
8.162509E-02	0.000000E+00
8.353023E-02	0.000000E+00
8.547985E-02	0.000000E+00
8.747496E-02	0.000000E+00
8.951665E-02	0.000000E+00
9.160598E-02	0.000000E+00
9.374409E-02	0.000000E+00
9.593209E-02	0.000000E+00
9.817117E-02	0.000000E+00
1.004625E-01	0.000000E+00
1.028073E-01	0.000000E+00
1.052069E-01	0.000000E+00
1.076624E-01	0.000000E+00
1.101753E-01	0.000000E+00
1.127468E-01	0.000000E+00
1.153783E-01	0.000000E+00
1.180713E-01	0.000000E+00
1.208271E-01	0.000000E+00
1.236472E-01	0.000000E+00
1.265332E-01	0.000000E+00
1.294865E-01	0.000000E+00
1.325087E-01	0.000000E+00
1.356015E-01	0.000000E+00
1.387665E-01	0.000000E+00
1.420053E-01	0.000000E+00
1.453198E-01	0.000000E+00
1.487115E-01	0.000000E+00
1.521825E-01	0.000000E+00
1.557345E-01	0.000000E+00
1.593694E-01	0.000000E+00
1.630891E-01	0.000000E+00
1.668956E-01	0.000000E+00
1.707910E-01	0.000000E+00
1.747773E-01	0.000000E+00
1.788566E-01	0.000000E+00
1.830312E-01	0.000000E+00
1.873032E-01	0.000000E+00
1.916748E-01	0.000000E+00
1.961486E-01	0.000000E+00
2.007267E-01	0.000000E+00
2.054117E-01	0.000000E+00
2.102061E-01	0.000000E+00
2.151123E-01	0.000000E+00
2.201331E-01	0.000000E+00
2.252711E-01	0.000000E+00
2.305289E-01	0.000000E+00
2.359095E-01	0.000000E+00
2.414157E-01	0.000000E+00
2.470504E-01	0.000000E+00
2.528166E-01	0.000000E+00
2.587174E-01	0.000000E+00
2.647559E-01	0.000000E+00
2.709354E-01	0.000000E+00
2.772591E-01	0.000000E+00
2.837304E-01	0.000000E+00
2.903527E-01	0.000000E+00
2.971296E-01	0.000000E+00
3.040646E-01	0.000000E+00
3.111616E-01	0.000000E+00
3.184242E-01	0.000000E+00
3.258562E-01	0.000000E+00
3.334618E-01	0.000000E+00
3.412449E-01	0.000000E+00
3.492096E-01	0.000000E+00
3.573602E-01	0.000000E+00
3.657011E-01	0.000000E+00
3.742366E-01	0.000000E+00
3.829714E-01	0.000000E+00
3.919100E-01	0.000000E+00
4.010573E-01	0.000000E+00
4.104181E-01	0.000000E+00
4.199973E-01	0.000000E+00
4.298001E-01	0.000000E+00
4.398317E-01	0.000000E+00
4.500975E-01	0.000000E+00
4.606029E-01	0.000000E+00
4.713535E-01	0.000000E+00
4.823549E-01	0.000000E+00
4.936132E-01	0.000000E+00
5.051342E-01	0.000000E+00
5.169242E-01	0.000000E+00
5.289893E-01	0.000000E+00
5.413360E-01	0.000000E+00
5.539709E-01	0.000000E+00
5.669007E-01	0.000000E+00
5.801323E-01	0.000000E+00
5.936727E-01	0.000000E+00
6.075292E-01	0.000000E+00
6.217090E-01	0.000000E+00
6.362198E-01	0.000000E+00
6.510694E-01	0.000000E+00
6.662655E-01	0.000000E+00
6.818162E-01	0.000000E+00
6.977300E-01	0.000000E+00
7.140151E-01	0.000000E+00
7.306804E-01	0.000000E+00
7.477346E-01	0.000000E+00
7.651869E-01	0.000000E+00
7.830465E-01	0.000000E+00
8.013230E-01	0.000000E+00
8.200261E-01	0.000000E+00
8.391656E-01	0.000000E+00
8.587519E-01	0.000000E+00
8.787954E-01	0.000000E+00
8.993067E-01	0.000000E+00
9.202967E-01	0.000000E+00
9.417766E-01	0.000000E+00
9.637579E-01	0.000000E+00
9.862522E-01	0.000000E+00
1.009272E+00	0.000000E+00
1.032828E+00	0.000000E+00
1.056935E+00	0.000000E+00
1.081604E+00	0.000000E+00
1.106848E+00	0.000000E+00
1.132683E+00	0.000000E+00
1.159120E+00	0.000000E+00
1.186174E+00	0.000000E+00
1.213859E+00	0.000000E+00
1.242191E+00	0.000000E+00
1.271184E+00	0.000000E+00
1.300854E+00	0.000000E+00
1.331216E+00	0.000000E+00
1.362287E+00	0.000000E+00
1.394083E+00	0.000000E+00
1.426621E+00	0.000000E+00
1.459919E+00	0.000000E+00
1.493993E+00	0.000000E+00
1.528864E+00	0.000000E+00
1.564548E+00	0.000000E+00
1.601064E+00	0.000000E+00
1.638434E+00	0.000000E+00
1.676675E+00	0.000000E+00
1.715809E+00	0.000000E+00
1.755856E+00	0.000000E+00
1.796838E+00	0.000000E+00
1.838777E+00	0.000000E+00
1.881694E+00	0.000000E+00
1.925614E+00	0.000000E+00
1.970558E+00	0.000000E+00
2.016551E+00	0.000000E+00
2.063618E+00	0.000000E+00
2.111783E+00	0.000000E+00
2.161073E+00	0.000000E+00
2.211512E+00	0.000000E+00
2.263130E+00	0.000000E+00
2.315951E+00	0.000000E+00
2.370006E+00	0.000000E+00
2.425323E+00	0.000000E+00
2.481930E+00	7.179424E-22
2.539859E+00	3.247775E-21
2.599140E+00	7.542922E-21
2.659804E+00	1.353402E-20
2.721885E+00	2.114690E-20
2.785414E+00	3.030418E-20
2.850426E+00	4.092624E-20
2.916956E+00	5.293186E-20
2.985038E+00	6.623874E-20
3.054710E+00	8.076396E-20
3.126007E+00	9.642431E-20
3.198969E+00	1.131367E-19
3.273634E+00	1.308183E-19
3.350041E+00	1.493872E-19
3.428231E+00	1.687620E-19
3.508247E+00	1.888629E-19
3.590130E+00	2.096110E-19
3.673925E+00	2.309293E-19
3.759675E+00	2.527422E-19
3.847427E+00	2.749762E-19
3.937226E+00	2.975597E-19
4.029122E+00	3.204233E-19
4.123163E+00	3.434996E-19
4.219398E+00	3.667237E-19
4.317880E+00	3.900332E-19
4.418660E+00	4.133679E-19
4.521792E+00	4.366704E-19
4.627332E+00	4.598857E-19
4.735335E+00	4.829613E-19
4.845859E+00	5.058477E-19
4.958962E+00	5.284975E-19
5.074705E+00	5.508664E-19
5.193150E+00	5.729125E-19
5.314359E+00	5.945964E-19
5.438397E+00	6.158816E-19
5.565331E+00	6.367340E-19
5.695227E+00	6.571218E-19
5.828155E+00	6.770161E-19
5.964185E+00	6.963901E-19
6.103390E+00	7.152195E-19
6.245845E+00	7.334823E-19
6.391624E+00	7.511588E-19
6.540806E+00	7.682315E-19
6.693470E+00	7.846850E-19
6.849697E+00	8.005059E-19
7.009570E+00	8.156829E-19
7.173175E+00	8.302065E-19
7.340598E+00	8.440691E-19
7.511929E+00	8.572648E-19
7.687260E+00	8.697896E-19
7.866682E+00	8.816408E-19
8.050292E+00	8.928174E-19
8.238187E+00	9.033197E-19
8.430468E+00	9.131497E-19
8.627237E+00	9.223103E-19
8.828599E+00	9.308058E-19
9.034660E+00	9.386417E-19
9.245531E+00	9.458245E-19
9.461324E+00	9.523616E-19
9.682153E+00	9.582615E-19
9.908137E+00	9.635335E-19
1.013939E+01	9.681876E-19
1.037605E+01	9.722346E-19
1.061823E+01	9.756859E-19
1.086606E+01	9.785535E-19
1.111968E+01	9.808501E-19
1.137921E+01	9.825887E-19
1.164481E+01	9.837828E-19
1.191660E+01	9.844461E-19
1.219473E+01	9.845930E-19
1.247936E+01	9.842377E-19
1.277063E+01	9.833950E-19
1.306870E+01	9.820797E-19
1.337373E+01	9.803068E-19
1.368587E+01	9.780914E-19
1.400531E+01	9.754486E-19
1.433219E+01	9.723936E-19
1.466671E+01	9.689415E-19
1.500903E+01	9.651076E-19
1.535935E+01	9.609068E-19
1.571784E+01	9.563542E-19
1.608469E+01	9.514645E-19
1.646012E+01	9.462526E-19
1.684430E+01	9.407329E-19
1.723745E+01	9.349199E-19
1.763977E+01	9.288277E-19
1.805149E+01	9.224702E-19
1.847281E+01	9.158612E-19
1.890397E+01	9.090142E-19
1.934520E+01	9.019424E-19
1.979672E+01	8.946588E-19
2.025878E+01	8.871759E-19
2.073162E+01	8.795063E-19
2.121550E+01	8.716620E-19
2.171068E+01	8.636549E-19
2.221741E+01	8.554964E-19
2.273597E+01	8.471977E-19
2.326663E+01	8.387698E-19
2.380968E+01	8.302231E-19
2.436540E+01	8.215680E-19
2.493409E+01	8.128145E-19
2.551606E+01	8.039720E-19
2.611161E+01	7.950501E-19
2.672106E+01	7.860576E-19
2.734474E+01	7.770033E-19
2.798297E+01	7.678956E-19
2.863610E+01	7.587426E-19
2.930447E+01	7.495521E-19
2.998844E+01	7.403316E-19
3.068838E+01	7.310882E-19
3.140465E+01	7.218290E-19
3.213764E+01	7.125606E-19
3.288774E+01	7.032892E-19
3.365535E+01	6.940211E-19
3.444087E+01	6.847620E-19
3.524473E+01	6.755175E-19
3.606735E+01	6.662929E-19
3.690917E+01	6.570933E-19
3.777064E+01	6.479234E-19
3.865221E+01	6.387879E-19
3.955436E+01	6.296911E-19
4.047757E+01	6.206371E-19
4.142232E+01	6.116298E-19
4.238913E+01	6.026729E-19
4.337850E+01	5.937699E-19
4.439097E+01	5.849242E-19
4.542706E+01	5.761386E-19
4.648734E+01	5.674163E-19
4.757236E+01	5.587598E-19
4.868271E+01	5.501718E-19
4.981898E+01	5.416546E-19
5.098176E+01	5.332104E-19
5.217169E+01	5.248413E-19
5.338938E+01	5.165492E-19
5.463550E+01	5.083358E-19
5.591071E+01	5.002028E-19
5.721568E+01	4.921516E-19
5.855110E+01	4.841836E-19
5.991770E+01	4.762999E-19
6.131619E+01	4.685018E-19
6.274732E+01	4.607901E-19
6.421186E+01	4.531658E-19
6.571058E+01	4.456296E-19
6.724427E+01	4.381822E-19
6.881377E+01	4.308242E-19
7.041990E+01	4.235560E-19
7.206351E+01	4.163780E-19
7.374549E+01	4.092906E-19
7.546673E+01	4.022939E-19
7.722814E+01	3.953881E-19
7.903066E+01	3.885733E-19
8.087525E+01	3.818494E-19
8.276289E+01	3.752165E-19
8.469460E+01	3.686744E-19
8.667139E+01	3.622229E-19
8.869432E+01	3.558618E-19
9.076446E+01	3.495908E-19
9.288292E+01	3.434095E-19
9.505083E+01	3.373176E-19
9.726934E+01	3.313146E-19
9.953962E+01	3.254000E-19
1.018629E+02	3.195734E-19
1.042404E+02	3.138342E-19
1.066734E+02	3.081818E-19
1.091632E+02	3.026156E-19
1.117111E+02	2.971349E-19
1.143184E+02	2.917391E-19
1.169866E+02	2.864274E-19
1.197171E+02	2.811992E-19
1.225114E+02	2.760537E-19
1.253708E+02	2.709901E-19
1.282970E+02	2.660077E-19
1.312915E+02	2.611056E-19
1.343558E+02	2.562830E-19
1.374917E+02	2.515390E-19
1.407008E+02	2.468730E-19
1.439848E+02	2.422839E-19
1.473454E+02	2.377709E-19
1.507845E+02	2.333331E-19
1.543038E+02	2.289697E-19
1.579053E+02	2.246798E-19
1.615909E+02	2.204624E-19
1.653624E+02	2.163167E-19
1.692220E+02	2.122417E-19
1.731717E+02	2.082366E-19
1.772136E+02	2.043004E-19
1.813498E+02	2.004322E-19
1.855825E+02	1.966312E-19
1.899141E+02	1.928963E-19
1.943467E+02	1.892267E-19
1.988828E+02	1.856215E-19
2.035248E+02	1.820798E-19
2.082751E+02	1.786007E-19
2.131362E+02	1.751832E-19
2.181109E+02	1.718265E-19
2.232016E+02	1.685297E-19
2.284112E+02	1.652918E-19
2.337424E+02	1.621121E-19
2.391980E+02	1.589896E-19
2.447809E+02	1.559234E-19
2.504942E+02	1.529128E-19
2.563407E+02	1.499568E-19
2.623238E+02	1.470546E-19
2.684465E+02	1.442053E-19
2.747121E+02	1.414081E-19
2.811239E+02	1.386622E-19
2.876854E+02	1.359667E-19
2.944000E+02	1.333209E-19
3.012714E+02	1.307240E-19
3.083031E+02	1.281750E-19
3.154990E+02	1.256733E-19
3.228628E+02	1.232181E-19
3.303985E+02	1.208086E-19
3.381101E+02	1.184440E-19
3.460016E+02	1.161236E-19
3.540774E+02	1.138467E-19
3.623416E+02	1.116124E-19
3.707988E+02	1.094202E-19
3.794533E+02	1.072691E-19
3.883098E+02	1.051587E-19
3.973730E+02	1.030881E-19
4.066478E+02	1.010567E-19
4.161391E+02	9.906374E-20
4.258518E+02	9.710861E-20
4.357913E+02	9.519065E-20
4.459628E+02	9.330919E-20
4.563716E+02	9.146359E-20
4.670234E+02	8.965321E-20
4.779239E+02	8.787744E-20
4.890787E+02	8.613566E-20
5.004939E+02	8.442725E-20
5.121755E+02	8.275163E-20
5.241298E+02	8.110821E-20
5.363631E+02	7.949640E-20
5.488820E+02	7.791563E-20
5.616930E+02	7.636535E-20
5.748030E+02	7.484500E-20
5.882190E+02	7.335403E-20
6.019482E+02	7.189191E-20
6.159978E+02	7.045811E-20
6.303753E+02	6.905212E-20
6.450884E+02	6.767341E-20
6.601449E+02	6.632150E-20
6.755528E+02	6.499588E-20
6.913204E+02	6.369607E-20
7.074559E+02	6.242159E-20
7.239681E+02	6.117197E-20
7.408657E+02	5.994675E-20
7.581576E+02	5.874547E-20
7.758532E+02	5.756769E-20
7.939618E+02	5.641296E-20
8.124930E+02	5.528085E-20
8.314568E+02	5.417095E-20
8.508632E+02	5.308283E-20
8.707225E+02	5.201607E-20
8.910453E+02	5.097029E-20
9.118425E+02	4.994508E-20
9.331251E+02	4.894005E-20
9.549045E+02	4.795482E-20
9.771921E+02	4.698901E-20
1.000000E+03	4.604226E-20
------------------------------

IONIZATION
Ar(2p1) -> Ar(+)
2.281000E+00
SPECIES: e / Ar(2p1)
PROCESS: E + Ar(2p1) -> E + E + Ar(+), Ionization
PARAM.: E = 2.3 eV
COMMENT: Semi-empirical formula for step-wise ionization from Deutsch et al, 2003.
COLUMNS: Energy (eV) | Cross section (m2)
------------------------------
1.000000E-02	0.000000E+00
1.023340E-02	0.000000E+00
1.047225E-02	0.000000E+00
1.071668E-02	0.000000E+00
1.096681E-02	0.000000E+00
1.122277E-02	0.000000E+00
1.148472E-02	0.000000E+00
1.175277E-02	0.000000E+00
1.202708E-02	0.000000E+00
1.230780E-02	0.000000E+00
1.259506E-02	0.000000E+00
1.288904E-02	0.000000E+00
1.318987E-02	0.000000E+00
1.349772E-02	0.000000E+00
1.381276E-02	0.000000E+00
1.413516E-02	0.000000E+00
1.446507E-02	0.000000E+00
1.480269E-02	0.000000E+00
1.514819E-02	0.000000E+00
1.550175E-02	0.000000E+00
1.586357E-02	0.000000E+00
1.623382E-02	0.000000E+00
1.661273E-02	0.000000E+00
1.700047E-02	0.000000E+00
1.739726E-02	0.000000E+00
1.780332E-02	0.000000E+00
1.821885E-02	0.000000E+00
1.864409E-02	0.000000E+00
1.907924E-02	0.000000E+00
1.952456E-02	0.000000E+00
1.998026E-02	0.000000E+00
2.044661E-02	0.000000E+00
2.092383E-02	0.000000E+00
2.141220E-02	0.000000E+00
2.191197E-02	0.000000E+00
2.242340E-02	0.000000E+00
2.294676E-02	0.000000E+00
2.348235E-02	0.000000E+00
2.403043E-02	0.000000E+00
2.459130E-02	0.000000E+00
2.516527E-02	0.000000E+00
2.575263E-02	0.000000E+00
2.635371E-02	0.000000E+00
2.696881E-02	0.000000E+00
2.759826E-02	0.000000E+00
2.824241E-02	0.000000E+00
2.890160E-02	0.000000E+00
2.957617E-02	0.000000E+00
3.026648E-02	0.000000E+00
3.097291E-02	0.000000E+00
3.169582E-02	0.000000E+00
3.243561E-02	0.000000E+00
3.319266E-02	0.000000E+00
3.396739E-02	0.000000E+00
3.476019E-02	0.000000E+00
3.557150E-02	0.000000E+00
3.640175E-02	0.000000E+00
3.725137E-02	0.000000E+00
3.812083E-02	0.000000E+00
3.901058E-02	0.000000E+00
3.992109E-02	0.000000E+00
4.085286E-02	0.000000E+00
4.180637E-02	0.000000E+00
4.278214E-02	0.000000E+00
4.378069E-02	0.000000E+00
4.480254E-02	0.000000E+00
4.584824E-02	0.000000E+00
4.691835E-02	0.000000E+00
4.801343E-02	0.000000E+00
4.913407E-02	0.000000E+00
5.028087E-02	0.000000E+00
5.145444E-02	0.000000E+00
5.265540E-02	0.000000E+00
5.388438E-02	0.000000E+00
5.514206E-02	0.000000E+00
5.642908E-02	0.000000E+00
5.774615E-02	0.000000E+00
5.909396E-02	0.000000E+00
6.047322E-02	0.000000E+00
6.188468E-02	0.000000E+00
6.332908E-02	0.000000E+00
6.480720E-02	0.000000E+00
6.631981E-02	0.000000E+00
6.786773E-02	0.000000E+00
6.945178E-02	0.000000E+00
7.107280E-02	0.000000E+00
7.273165E-02	0.000000E+00
7.442922E-02	0.000000E+00
7.616642E-02	0.000000E+00
7.794416E-02	0.000000E+00
7.976339E-02	0.000000E+00
8.162509E-02	0.000000E+00
8.353023E-02	0.000000E+00
8.547985E-02	0.000000E+00
8.747496E-02	0.000000E+00
8.951665E-02	0.000000E+00
9.160598E-02	0.000000E+00
9.374409E-02	0.000000E+00
9.593209E-02	0.000000E+00
9.817117E-02	0.000000E+00
1.004625E-01	0.000000E+00
1.028073E-01	0.000000E+00
1.052069E-01	0.000000E+00
1.076624E-01	0.000000E+00
1.101753E-01	0.000000E+00
1.127468E-01	0.000000E+00
1.153783E-01	0.000000E+00
1.180713E-01	0.000000E+00
1.208271E-01	0.000000E+00
1.236472E-01	0.000000E+00
1.265332E-01	0.000000E+00
1.294865E-01	0.000000E+00
1.325087E-01	0.000000E+00
1.356015E-01	0.000000E+00
1.387665E-01	0.000000E+00
1.420053E-01	0.000000E+00
1.453198E-01	0.000000E+00
1.487115E-01	0.000000E+00
1.521825E-01	0.000000E+00
1.557345E-01	0.000000E+00
1.593694E-01	0.000000E+00
1.630891E-01	0.000000E+00
1.668956E-01	0.000000E+00
1.707910E-01	0.000000E+00
1.747773E-01	0.000000E+00
1.788566E-01	0.000000E+00
1.830312E-01	0.000000E+00
1.873032E-01	0.000000E+00
1.916748E-01	0.000000E+00
1.961486E-01	0.000000E+00
2.007267E-01	0.000000E+00
2.054117E-01	0.000000E+00
2.102061E-01	0.000000E+00
2.151123E-01	0.000000E+00
2.201331E-01	0.000000E+00
2.252711E-01	0.000000E+00
2.305289E-01	0.000000E+00
2.359095E-01	0.000000E+00
2.414157E-01	0.000000E+00
2.470504E-01	0.000000E+00
2.528166E-01	0.000000E+00
2.587174E-01	0.000000E+00
2.647559E-01	0.000000E+00
2.709354E-01	0.000000E+00
2.772591E-01	0.000000E+00
2.837304E-01	0.000000E+00
2.903527E-01	0.000000E+00
2.971296E-01	0.000000E+00
3.040646E-01	0.000000E+00
3.111616E-01	0.000000E+00
3.184242E-01	0.000000E+00
3.258562E-01	0.000000E+00
3.334618E-01	0.000000E+00
3.412449E-01	0.000000E+00
3.492096E-01	0.000000E+00
3.573602E-01	0.000000E+00
3.657011E-01	0.000000E+00
3.742366E-01	0.000000E+00
3.829714E-01	0.000000E+00
3.919100E-01	0.000000E+00
4.010573E-01	0.000000E+00
4.104181E-01	0.000000E+00
4.199973E-01	0.000000E+00
4.298001E-01	0.000000E+00
4.398317E-01	0.000000E+00
4.500975E-01	0.000000E+00
4.606029E-01	0.000000E+00
4.713535E-01	0.000000E+00
4.823549E-01	0.000000E+00
4.936132E-01	0.000000E+00
5.051342E-01	0.000000E+00
5.169242E-01	0.000000E+00
5.289893E-01	0.000000E+00
5.413360E-01	0.000000E+00
5.539709E-01	0.000000E+00
5.669007E-01	0.000000E+00
5.801323E-01	0.000000E+00
5.936727E-01	0.000000E+00
6.075292E-01	0.000000E+00
6.217090E-01	0.000000E+00
6.362198E-01	0.000000E+00
6.510694E-01	0.000000E+00
6.662655E-01	0.000000E+00
6.818162E-01	0.000000E+00
6.977300E-01	0.000000E+00
7.140151E-01	0.000000E+00
7.306804E-01	0.000000E+00
7.477346E-01	0.000000E+00
7.651869E-01	0.000000E+00
7.830465E-01	0.000000E+00
8.013230E-01	0.000000E+00
8.200261E-01	0.000000E+00
8.391656E-01	0.000000E+00
8.587519E-01	0.000000E+00
8.787954E-01	0.000000E+00
8.993067E-01	0.000000E+00
9.202967E-01	0.000000E+00
9.417766E-01	0.000000E+00
9.637579E-01	0.000000E+00
9.862522E-01	0.000000E+00
1.009272E+00	0.000000E+00
1.032828E+00	0.000000E+00
1.056935E+00	0.000000E+00
1.081604E+00	0.000000E+00
1.106848E+00	0.000000E+00
1.132683E+00	0.000000E+00
1.159120E+00	0.000000E+00
1.186174E+00	0.000000E+00
1.213859E+00	0.000000E+00
1.242191E+00	0.000000E+00
1.271184E+00	0.000000E+00
1.300854E+00	0.000000E+00
1.331216E+00	0.000000E+00
1.362287E+00	0.000000E+00
1.394083E+00	0.000000E+00
1.426621E+00	0.000000E+00
1.459919E+00	0.000000E+00
1.493993E+00	0.000000E+00
1.528864E+00	0.000000E+00
1.564548E+00	0.000000E+00
1.601064E+00	0.000000E+00
1.638434E+00	0.000000E+00
1.676675E+00	0.000000E+00
1.715809E+00	0.000000E+00
1.755856E+00	0.000000E+00
1.796838E+00	0.000000E+00
1.838777E+00	0.000000E+00
1.881694E+00	0.000000E+00
1.925614E+00	0.000000E+00
1.970558E+00	0.000000E+00
2.016551E+00	0.000000E+00
2.063618E+00	0.000000E+00
2.111783E+00	0.000000E+00
2.161073E+00	0.000000E+00
2.211512E+00	0.000000E+00
2.263130E+00	0.000000E+00
2.315951E+00	4.290761E-22
2.370006E+00	2.699810E-21
2.425323E+00	6.868087E-21
2.481930E+00	1.286152E-20
2.539859E+00	2.060196E-20
2.599140E+00	3.000757E-20
2.659804E+00	4.099392E-20
2.721885E+00	5.347474E-20
2.785414E+00	6.736250E-20
2.850426E+00	8.256889E-20
2.916956E+00	9.900523E-20
2.985038E+00	1.165829E-19
3.054710E+00	1.352134E-19
3.126007E+00	1.548093E-19
3.198969E+00	1.752836E-19
3.273634E+00	1.965507E-19
3.350041E+00	2.185265E-19
3.428231E+00	2.411282E-19
3.508247E+00	2.642751E-19
3.590130E+00	2.878881E-19
3.673925E+00	3.118904E-19
3.759675E+00	3.362076E-19
3.847427E+00	3.607673E-19
3.937226E+00	3.854997E-19
4.029122E+00	4.103377E-19
4.123163E+00	4.352166E-19
4.219398E+00	4.600745E-19
4.317880E+00	4.848521E-19
4.418660E+00	5.094930E-19
4.521792E+00	5.339436E-19
4.627332E+00	5.581529E-19
4.735335E+00	5.820730E-19
4.845859E+00	6.056585E-19
4.958962E+00	6.288670E-19
5.074705E+00	6.516588E-19
5.193150E+00	6.739969E-19
5.314359E+00	6.958469E-19
5.438397E+00	7.171774E-19
5.565331E+00	7.379593E-19
5.695227E+00	7.581660E-19
5.828155E+00	7.777737E-19
5.964185E+00	7.967607E-19
6.103390E+00	8.151079E-19
6.245845E+00	8.327982E-19
6.391624E+00	8.498171E-19
6.540806E+00	8.661520E-19
6.693470E+00	8.817923E-19
6.849697E+00	8.967294E-19
7.009570E+00	9.109568E-19
7.173175E+00	9.244697E-19
7.340598E+00	9.372648E-19
7.511929E+00	9.493407E-19
7.687260E+00	9.606976E-19
7.866682E+00	9.713371E-19
8.050292E+00	9.812620E-19
8.238187E+00	9.904767E-19
8.430468E+00	9.989867E-19
8.627237E+00	1.006799E-18
8.828599E+00	1.013921E-18
9.034660E+00	1.020361E-18
9.245531E+00	1.026129E-18
9.461324E+00	1.031237E-18
9.682153E+00	1.035694E-18
9.908137E+00	1.039514E-18
1.013939E+01	1.042708E-18
1.037605E+01	1.045290E-18
1.061823E+01	1.047275E-18
1.086606E+01	1.048675E-18
1.111968E+01	1.049507E-18
1.137921E+01	1.049784E-18
1.164481E+01	1.049523E-18
1.191660E+01	1.048738E-18
1.219473E+01	1.047446E-18
1.247936E+01	1.045663E-18
1.277063E+01	1.043404E-18
1.306870E+01	1.040686E-18
1.337373E+01	1.037524E-18
1.368587E+01	1.033936E-18
1.400531E+01	1.029938E-18
1.433219E+01	1.025544E-18
1.466671E+01	1.020772E-18
1.500903E+01	1.015637E-18
1.535935E+01	1.010155E-18
1.571784E+01	1.004341E-18
1.608469E+01	9.982112E-19
1.646012E+01	9.917804E-19
1.684430E+01	9.850635E-19
1.723745E+01	9.780752E-19
1.763977E+01	9.708300E-19
1.805149E+01	9.633420E-19
1.847281E+01	9.556251E-19
1.890397E+01	9.476928E-19
1.934520E+01	9.395585E-19
1.979672E+01	9.312352E-19
2.025878E+01	9.227354E-19
2.073162E+01	9.140716E-19
2.121550E+01	9.052557E-19
2.171068E+01	8.962994E-19
2.221741E+01	8.872140E-19
2.273597E+01	8.780107E-19
2.326663E+01	8.687000E-19
2.380968E+01	8.592924E-19
2.436540E+01	8.497977E-19
2.493409E+01	8.402258E-19
2.551606E+01	8.305860E-19
2.611161E+01	8.208873E-19
2.672106E+01	8.111383E-19
2.734474E+01	8.013476E-19
2.798297E+01	7.915231E-19
2.863610E+01	7.816726E-19
2.930447E+01	7.718036E-19
2.998844E+01	7.619231E-19
3.068838E+01	7.520382E-19
3.140465E+01	7.421552E-19
3.213764E+01	7.322805E-19
3.288774E+01	7.224201E-19
3.365535E+01	7.125796E-19
3.444087E+01	7.027646E-19
3.524473E+01	6.929802E-19
3.606735E+01	6.832314E-19
3.690917E+01	6.735229E-19
3.777064E+01	6.638590E-19
3.865221E+01	6.542441E-19
3.955436E+01	6.446820E-19
4.047757E+01	6.351766E-19
4.142232E+01	6.257314E-19
4.238913E+01	6.163498E-19
4.337850E+01	6.070348E-19
4.439097E+01	5.977895E-19
4.542706E+01	5.886166E-19
4.648734E+01	5.795186E-19
4.757236E+01	5.704980E-19
4.868271E+01	5.615569E-19
4.981898E+01	5.526975E-19
5.098176E+01	5.439216E-19
5.217169E+01	5.352311E-19
5.338938E+01	5.266274E-19
5.463550E+01	5.181121E-19
5.591071E+01	5.096865E-19
5.721568E+01	5.013519E-19
5.855110E+01	4.931092E-19
5.991770E+01	4.849594E-19
6.131619E+01	4.769034E-19
6.274732E+01	4.689420E-19
6.421186E+01	4.610757E-19
6.571058E+01	4.533050E-19
6.724427E+01	4.456305E-19
6.881377E+01	4.380525E-19
7.041990E+01	4.305711E-19
7.206351E+01	4.231867E-19
7.374549E+01	4.158992E-19
7.546673E+01	4.087088E-19
7.722814E+01	4.016153E-19
7.903066E+01	3.946186E-19
8.087525E+01	3.877187E-19
8.276289E+01	3.809151E-19
8.469460E+01	3.742077E-19
8.667139E+01	3.675960E-19
8.869432E+01	3.610797E-19
9.076446E+01	3.546583E-19
9.288292E+01	3.483314E-19
9.505083E+01	3.420983E-19
9.726934E+01	3.359586E-19
9.953962E+01	3.299115E-19
1.018629E+02	3.239565E-19
1.042404E+02	3.180928E-19
1.066734E+02	3.123198E-19
1.091632E+02	3.066367E-19
1.117111E+02	3.010427E-19
1.143184E+02	2.955371E-19
1.169866E+02	2.901190E-19
1.197171E+02	2.847876E-19
1.225114E+02	2.795421E-19
1.253708E+02	2.743815E-19
1.282970E+02	2.693050E-19
1.312915E+02	2.643117E-19
1.343558E+02	2.594007E-19
1.374917E+02	2.545711E-19
1.407008E+02	2.498218E-19
1.439848E+02	2.451521E-19
1.473454E+02	2.405609E-19
1.507845E+02	2.360472E-19
1.543038E+02	2.316102E-19
1.579053E+02	2.272488E-19
1.615909E+02	2.229621E-19
1.653624E+02	2.187492E-19
1.692220E+02	2.146089E-19
1.731717E+02	2.105405E-19
1.772136E+02	2.065428E-19
1.813498E+02	2.026149E-19
1.855825E+02	1.987560E-19
1.899141E+02	1.949649E-19
1.943467E+02	1.912407E-19
1.988828E+02	1.875825E-19
2.035248E+02	1.839893E-19
2.082751E+02	1.804601E-19
2.131362E+02	1.769941E-19
2.181109E+02	1.735902E-19
2.232016E+02	1.702475E-19
2.284112E+02	1.669652E-19
2.337424E+02	1.637422E-19
2.391980E+02	1.605776E-19
2.447809E+02	1.574707E-19
2.504942E+02	1.544203E-19
2.563407E+02	1.514257E-19
2.623238E+02	1.484860E-19
2.684465E+02	1.456003E-19
2.747121E+02	1.427676E-19
2.811239E+02	1.399873E-19
2.876854E+02	1.372583E-19
2.944000E+02	1.345799E-19
3.012714E+02	1.319513E-19
3.083031E+02	1.293715E-19
3.154990E+02	1.268398E-19
3.228628E+02	1.243555E-19
3.303985E+02	1.219176E-19
3.381101E+02	1.195254E-19
3.460016E+02	1.171781E-19
3.540774E+02	1.148750E-19
3.623416E+02	1.126154E-19
3.707988E+02	1.103983E-19
3.794533E+02	1.082232E-19
3.883098E+02	1.060893E-19
3.973730E+02	1.039959E-19
4.066478E+02	1.019422E-19
4.161391E+02	9.992765E-20
4.258518E+02	9.795146E-20
4.357913E+02	9.601297E-20
4.459628E+02	9.411152E-20
4.563716E+02	9.224645E-20
4.670234E+02	9.041711E-20
4.779239E+02	8.862287E-20
4.890787E+02	8.686310E-20
5.004939E+02	8.513717E-20
5.121755E+02	8.344447E-20
5.241298E+02	8.178440E-20
5.363631E+02	8.015638E-20
5.488820E+02	7.855981E-20
5.616930E+02	7.699413E-20
5.748030E+02	7.545877E-20
5.882190E+02	7.395317E-20
6.019482E+02	7.247680E-20
6.159978E+02	7.102910E-20
6.303753E+02	6.960955E-20
6.450884E+02	6.821764E-20
6.601449E+02	6.685285E-20
6.755528E+02	6.551467E-20
6.913204E+02	6.420261E-20
7.074559E+02	6.291619E-20
7.239681E+02	6.165492E-20
7.408657E+02	6.041834E-20
7.581576E+02	5.920598E-20
7.758532E+02	5.801740E-20
7.939618E+02	5.685213E-20
8.124930E+02	5.570974E-20
8.314568E+02	5.458981E-20
8.508632E+02	5.349190E-20
8.707225E+02	5.241560E-20
8.910453E+02	5.136051E-20
9.118425E+02	5.032621E-20
9.331251E+02	4.931231E-20
9.549045E+02	4.831842E-20
9.771921E+02	4.734417E-20
1.000000E+03	4.638918E-20
------------------------------

