,,lower,upper,gi,gk,Energy [cm^-1],fij(l),fij(v),Aij(l),Aij(v),lower,upper,Upper -> lower,Reversed (R) or ok (O) ,Wavelength (NIST energies),Wavelength (MCDHF energies)
g,4s,g-1S0,4s-3P1,1,3,93768.17,0.067075,0.051223,1.32E+08,1.06E+08,Ar,Ar(4s[3/2]1),Ar(4s[3/2]1)->Ar,O,106.67,106.65
g,4s,g-1S0,4s-1P1,1,3,95409.34,0.032639,0.018073,4.83E+08,3.67E+08,Ar,Ar(4s'[1/2]1),Ar(4s'[1/2]1)->Ar,O,104.82,104.81
g,3d,g-1S0,3d-3P1,1,3,112569.47,0.002744,0.002415,1.45E+07,1.36E+07,Ar,Ar(3d[1/2]1),Ar(3d[1/2]1)->Ar,O,89.43,88.83
g,3d,g-1S0,3d-3D1,1,3,114160.68,0.096092,0.084249,2.78E+08,2.44E+08,Ar,Ar(3d[3/2]1),Ar(3d[3/2]1)->Ar,O,87.61,87.6
g,3d,g-1S0,3d-1P1,1,3,115718.48,0.033697,0.029539,3.00E+08,2.93E+08,Ar,Ar(3d'[3/2]1),Ar(3d'[3/2]1)->Ar,O,86.68,86.42
4s,4p,4s-3P0,4p-3S1,1,3,9793.91,0.04768,0.05367,1.02E+06,1.14E+06,Ar(4s'[1/2]0),Ar(4p[1/2]1),Ar(4p[1/2]1)->Ar(4s'[1/2]0),O,1047.29,1021.04
4s,4p,4s-3P0,4p-3D1,1,3,11509.82,0.09175,0.07424,2.70E+06,2.19E+06,Ar(4s'[1/2]0),Ar(4p[3/2]1),Ar(4p[3/2]1)->Ar(4s'[1/2]0),O,867.03,868.82
4s,4p,4s-3P0,4p-1P1,1,3,12573.81,0.73149,0.49598,2.57E+07,1.74E+07,Ar(4s'[1/2]0),Ar(4p'[3/2]1),Ar(4p'[3/2]1)->Ar(4s'[1/2]0),O,795.04,795.3
4s,4p,4s-3P0,4p-3P1,1,3,12924.4,0.4086,0.26401,1.52E+07,9.81E+06,Ar(4s'[1/2]0),Ar(4p'[1/2]1),Ar(4p'[1/2]1)->Ar(4s'[1/2]0),O,772.63,773.73
4s,4p,4s-3P1,4p-3P0,3,1,13302.17,0.4521,0.27477,5.34E+07,3.24E+07,Ar(4s[3/2]1),Ar(4p[1/2]0),Ar(4p[1/2]0)->Ar(4s[3/2]1),O,751.67,751.76
4s,4p,4s-3P1,4p-1S0,3,1,15132.92,0.003315,0.00164,5.06E+05,2.47E+05,Ar(4s[3/2]1),Ar(4p'[1/2]0),Ar(4p'[1/2]0)->Ar(4s[3/2]1),O,667.91,660.81
4s,4p,4s-1P1,4p-3P0,3,1,11661,0.002573,0.00195,2.33E+05,1.77E+05,Ar(4s'[1/2]1),Ar(4p[1/2]0),Ar(4p[1/2]0)->Ar(4s'[1/2]1),O,858.04,857.56
4s,4p,4s-1P1,4p-1S0,3,1,13491.75,0.45872,0.26997,5.57E+07,3.28E+07,Ar(4s'[1/2]1),Ar(4p'[1/2]0),Ar(4p'[1/2]0)->Ar(4s'[1/2]1),O,750.59,741.19
4s,4p,4s-3P1,4p-3S1,3,3,10628.5,0.23963,0.22915,6.02E+06,5.76E+06,Ar(4s[3/2]1),Ar(4p[1/2]1),Ar(4p[1/2]1)->Ar(4s[3/2]1),O,966.04,940.87
4s,4p,4s-3P1,4p-3D1,3,3,12344.4,0.93583,0.65949,3.17E+07,2.23E+07,Ar(4s[3/2]1),Ar(4p[3/2]1),Ar(4p[3/2]1)->Ar(4s[3/2]1),O,810.59,810.08
4s,4p,4s-3P1,4p-1P1,3,3,13408.4,0.016,0.01009,6.41E+04,4.04E+04,Ar(4s[3/2]1),Ar(4p'[3/2]1),Ar(4p'[3/2]1)->Ar(4s[3/2]1),O,747.32,745.8
4s,4p,4s-3P1,4p-3P1,3,3,13758.98,0.05708,0.0322,2.40E+06,1.36E+06,Ar(4s[3/2]1),Ar(4p'[1/2]1),Ar(4p'[1/2]1)->Ar(4s[3/2]1),O,727.49,726.8
4s,4p,4s-1P1,4p-3S1,3,3,8987.32,0.01073,0.01411,1.93E+05,2.53E+05,Ar(4s'[1/2]1),Ar(4p[1/2]1),Ar(4p[1/2]1)->Ar(4s'[1/2]1),O,1149.13,1112.68
4s,4p,4s-1P1,4p-3D1,3,3,10703.23,0.04555,0.043005,1.16E+06,1.10E+06,Ar(4s'[1/2]1),Ar(4p[3/2]1),Ar(4p[3/2]1)->Ar(4s'[1/2]1),O,935.68,934.3
4s,4p,4s-1P1,4p-1P1,3,3,11767.22,0.05016,0.038725,1.54E+07,1.19E+07,Ar(4s'[1/2]1),Ar(4p'[3/2]1),Ar(4p'[3/2]1)->Ar(4s'[1/2]1),O,852.38,849.82
4s,4p,4s-1P1,4p-3P1,3,3,12117.81,0.66123,0.48433,2.16E+07,1.58E+07,Ar(4s'[1/2]1),Ar(4p'[1/2]1),Ar(4p'[1/2]1)->Ar(4s'[1/2]1),O,826.68,825.23
4s,4p,4s-3P1,4p-3D2,3,5,11865.78,1.38944,1.05754,2.61E+07,1.99E+07,Ar(4s[3/2]1),Ar(4p[5/2]2),Ar(4p[5/2]2)->Ar(4s[3/2]1),O,842.7,842.76
4s,4p,4s-3P1,4p-3P2,3,5,12458.8,0.18029,0.25905,5.36E+06,3.73E+06,Ar(4s[3/2]1),Ar(4p[3/2]2),Ar(4p[3/2]2)->Ar(4s[3/2]1),O,800.84,802.65
4s,4p,4s-3P1,4p-1D2,3,5,13534.39,0.44887,0.2645,1.10E+07,6.46E+06,Ar(4s[3/2]1),Ar(4p'[3/2]2),Ar(4p'[3/2]2)->Ar(4s[3/2]1),O,738.6,738.86
4s,4p,4s-1P1,4p-3D2,3,5,10224.61,0.12329,0.12599,1.72E+06,1.76E+06,Ar(4s'[1/2]1),Ar(4p[5/2]2),Ar(4p[5/2]2)->Ar(4s'[1/2]1),O,978.72,978.03
4s,4p,4s-1P1,4p-3P2,3,5,10817.63,0.37173,0.34258,5.80E+06,5.35E+06,Ar(4s'[1/2]1),Ar(4p[3/2]2),Ar(4p[3/2]2)->Ar(4s'[1/2]1),O,922.7,924.42
4s,4p,4s-1P1,4p-1D2,3,5,11893.22,1.48188,1.12798,2.80E+07,2.13E+07,Ar(4s'[1/2]1),Ar(4p'[3/2]2),Ar(4p'[3/2]2)->Ar(4s'[1/2]1),O,841.05,840.82
4s,4p,4s-3P2,4p-3S1,5,3,11234.47,0.83165,0.70641,2.33E+07,1.98E+07,Ar(4s[3/2]2),Ar(4p[1/2]1),Ar(4p[1/2]1)->Ar(4s[3/2]2),O,912.55,890.12
4s,4p,4s-3P2,4p-3D1,5,3,12950.38,0.18921,0.12007,7.06E+06,4.48E+06,Ar(4s[3/2]2),Ar(4p[3/2]1),Ar(4p[3/2]1)->Ar(4s[3/2]2),O,772.59,772.18
4s,4p,4s-3P2,4p-1P1,5,3,14014.37,0.02442,0.01322,1.07E+06,5.77E+05,Ar(4s[3/2]2),Ar(4p'[3/2]1),Ar(4p'[3/2]1)->Ar(4s[3/2]2),O,714.9,713.55
4s,4p,4s-3P2,4p-3P1,5,3,14364.96,0.17648,0.09169,8.10E+06,4.21E+06,Ar(4s[3/2]2),Ar(4p'[1/2]1),Ar(4p'[1/2]1)->Ar(4s[3/2]2),O,696.74,696.14
4s,4p,4s-3P2,4p-3D2,5,5,12471.76,0.52331,0.35889,1.09E+07,7.45E+06,Ar(4s[3/2]2),Ar(4p[5/2]2),Ar(4p[5/2]2)->Ar(4s[3/2]2),O,801.7,801.81
4s,4p,4s-3P2,4p-3P2,5,5,13064.78,1.51366,0.95401,3.45E+07,2.17E+07,Ar(4s[3/2]2),Ar(4p[3/2]2),Ar(4p[3/2]2)->Ar(4s[3/2]2),O,763.72,765.42
4s,4p,4s-3P2,4p-1D2,5,5,14140.36,0.18734,0.10057,5.00E+06,2.68E+06,Ar(4s[3/2]2),Ar(4p'[3/2]2),Ar(4p'[3/2]2)->Ar(4s[3/2]2),O,706.92,707.2
4s,4p,4s-3P2,4p-3D3,5,7,12323.22,0.295039,0.209289,4.27E+06,3.03E+06,Ar(4s[3/2]2),Ar(4p[5/2]3),Ar(4p[5/2]3)->Ar(4s[3/2]2),O,811.75,811.48
4p,3d,4p-3P0,3d-3P1,1,3,5499.13,0.06973,0.13581,4.69E+05,9.13E+05,Ar(4p[1/2]0),Ar(3d[1/2]1),Ar(3d[1/2]1)->Ar(4p[1/2]0),O,2099.18,1818.47
4p,3d,4p-3P0,3d-3D1,1,3,7090.34,0.76498,0.89529,8.55E+06,1.00E+07,Ar(4p[1/2]0),Ar(3d[3/2]1),Ar(3d[3/2]1)->Ar(4p[1/2]0),O,1409.75,1410.37
4p,3d,4p-3P0,3d-1P1,1,3,8648.14,0.00687,0.00573,1.14E+05,9.55E+04,Ar(4p[1/2]0),Ar(3d'[3/2]1),Ar(3d'[3/2]1)->Ar(4p[1/2]0),O,1202.99,1156.32
4p,3d,4p-1S0,3d-3P1,1,3,3668.38,0.00125,0.00566,3.74E+03,1.70E+04,Ar(4p'[1/2]0),Ar(3d[1/2]1),Ar(3d[1/2]1)->Ar(4p'[1/2]0),O,3230.59,2726.0
4p,3d,4p-1S0,3d-3D1,1,3,5259.59,0.00783,0.01452,4.36E+04,8.93E+04,Ar(4p'[1/2]0),Ar(3d[3/2]1),Ar(3d[3/2]1)->Ar(4p'[1/2]0),O,1843.28,1901.29
4p,3d,4p-1S0,3d-1P1,1,3,6817.39,0.81426,1.03674,8.41E+06,1.07E+07,Ar(4p'[1/2]0),Ar(3d'[3/2]1),Ar(3d'[3/2]1)->Ar(4p'[1/2]0),O,1505.06,1466.84
4p,3d,4p-3S1,3d-3P0,3,1,8043.87,0.42168,0.38531,1.82E+07,1.66E+07,Ar(4p[1/2]1),Ar(3d[1/2]0),Ar(3d[1/2]0)->Ar(4p[1/2]1),O,1321.76,1243.18
4p,3d,4p-3D1,3d-3P0,3,1,6327.97,0.06513,0.09719,1.74E+06,2.60E+06,Ar(4p[3/2]1),Ar(3d[1/2]0),Ar(3d[1/2]0)->Ar(4p[3/2]1),O,1791.95,1580.29
4p,3d,4p-1P1,3d-3P0,3,1,5263.97,0.00645,0.01394,1.19E+05,2.58E+05,Ar(4p'[3/2]1),Ar(3d[1/2]0),Ar(3d[1/2]0)->Ar(4p'[3/2]1),O,2204.56,1899.7
4p,3d,4p-3P1,3d-3P0,3,1,4913.38,0.04274,0.10469,6.88E+05,1.69E+06,Ar(4p'[1/2]1),Ar(3d[1/2]0),Ar(3d[1/2]0)->Ar(4p'[1/2]1),O,2397.31,2035.25
4p,3d,4p-3S1,3d-3P1,3,3,8172.8,1.13148,1.0019,1.68E+07,1.49E+07,Ar(4p[1/2]1),Ar(3d[1/2]1),Ar(3d[1/2]1)->Ar(4p[1/2]1),O,1296.02,1223.57
4p,3d,4p-3S1,3d-3D1,3,3,9764.01,0.06973,0.1165,1.25E+05,7.29E+04,Ar(4p[1/2]1),Ar(3d[3/2]1),Ar(3d[3/2]1)->Ar(4p[1/2]1),O,995.46,1024.17
4p,3d,4p-3S1,3d-1P1,3,3,11321.81,1.536E-04,7.987E-05,4.38E+03,2.28E+03,Ar(4p[1/2]1),Ar(3d'[3/2]1),Ar(3d'[3/2]1)->Ar(4p[1/2]1),O,887.72,883.25
4p,3d,4p-3D1,3d-3P1,3,3,6456.9,0.02833,0.04121,2.63E+05,3.82E+05,Ar(4p[3/2]1),Ar(3d[1/2]1),Ar(3d[1/2]1)->Ar(4p[3/2]1),O,1744.97,1548.73
4p,3d,4p-3D1,3d-3D1,3,3,8048.1,0.70373,0.64202,1.01E+07,9.25E+06,Ar(4p[3/2]1),Ar(3d[3/2]1),Ar(3d[3/2]1)->Ar(4p[3/2]1),O,1240.62,1242.53
4p,3d,4p-3D1,3d-1P1,3,3,9605.91,0.02215,0.01392,4.55E+05,2.86E+05,Ar(4p[3/2]1),Ar(3d'[3/2]1),Ar(3d'[3/2]1)->Ar(4p[3/2]1),O,1077.63,1041.03
4p,3d,4p-1P1,3d-3P1,3,3,5392.9,0.0205,0.04229,1.33E+05,2.74E+05,Ar(4p'[3/2]1),Ar(3d[1/2]1),Ar(3d[1/2]1)->Ar(4p'[3/2]1),O,2133.87,1854.29
4p,3d,4p-1P1,3d-3D1,3,3,6984.11,0.00721,0.00856,7.83E+04,9.31E+04,Ar(4p'[3/2]1),Ar(3d[3/2]1),Ar(3d[3/2]1)->Ar(4p'[3/2]1),O,1425.31,1431.82
4p,3d,4p-1P1,3d-1P1,3,3,8541.91,0.30487,0.24804,4.95E+06,4.02E+06,Ar(4p'[3/2]1),Ar(3d'[3/2]1),Ar(3d'[3/2]1)->Ar(4p'[3/2]1),O,1214.31,1170.7
4p,3d,4p-3P1,3d-3P1,3,3,5042.31,0.046,0.10699,2.60E+05,6.05E+05,Ar(4p'[1/2]1),Ar(3d[1/2]1),Ar(3d[1/2]1)->Ar(4p'[1/2]1),O,2313.95,1983.21
4p,3d,4p-3P1,3d-3D1,3,3,6633.52,0.06039,0.08135,5.91E+05,7.96E+05,Ar(4p'[1/2]1),Ar(3d[3/2]1),Ar(3d[3/2]1)->Ar(4p'[1/2]1),O,1503.46,1507.49
4p,3d,4p-3P1,3d-1P1,3,3,8191.32,0.43764,0.38387,6.53E+06,5.73E+06,Ar(4p'[1/2]1),Ar(3d'[3/2]1),Ar(3d'[3/2]1)->Ar(4p'[1/2]1),O,1270.58,1220.8
4p,3d,4p-3S1,3d-3P2,3,5,8432.4,1.41182,1.16824,1.34E+07,1.11E+07,Ar(4p[1/2]1),Ar(3d[3/2]2),Ar(3d[3/2]2)->Ar(4p[1/2]1),O,1244.27,1185.9
4p,3d,4p-3S1,3d-3F2,3,5,9011.22,2.262E-04,2.381E-04,2.45E+03,2.58E+03,Ar(4p[1/2]1),Ar(3d[5/2]2),Ar(3d[5/2]2)->Ar(4p[1/2]1),O,1072.52,1109.73
4p,3d,4p-3S1,3d-1D2,3,5,10211.75,1.755E-05,2.312E-05,2.44E+02,3.22E+02,Ar(4p[1/2]1),Ar(3d'[5/2]2),Ar(3d'[5/2]2)->Ar(4p[1/2]1),O,948.87,979.26
4p,3d,4p-3S1,3d-3D2,3,5,10339.1,0.05114,0.02799,7.29E+05,3.99E+05,Ar(4p[1/2]1),Ar(3d'[3/2]2),Ar(3d'[3/2]2)->Ar(4p[1/2]1),O,934.31,967.2
4p,3d,4p-3D1,3d-3P2,3,5,6716.49,0.09403,0.12134,5.66E+05,7.30E+05,Ar(4p[3/2]1),Ar(3d[3/2]2),Ar(3d[3/2]2)->Ar(4p[3/2]1),O,1652.44,1488.87
4p,3d,4p-3D1,3d-3F2,3,5,7295.31,1.72901,1.91903,1.23E+07,1.36E+07,Ar(4p[3/2]1),Ar(3d[5/2]2),Ar(3d[5/2]2)->Ar(4p[3/2]1),O,1362.64,1370.74
4p,3d,4p-3D1,3d-1D2,3,5,8495.85,0.03204,0.02651,3.09E+05,2.55E+05,Ar(4p[3/2]1),Ar(3d'[5/2]2),Ar(3d'[5/2]2)->Ar(4p[3/2]1),O,1169.08,1177.05
4p,3d,4p-3D1,3d-3D2,3,5,8623.2,0.03785,0.02952,3.76E+05,2.93E+05,Ar(4p[3/2]1),Ar(3d'[3/2]2),Ar(3d'[3/2]2)->Ar(4p[3/2]1),O,1147.07,1159.66
4p,3d,4p-1P1,3d-3P2,3,5,5652.5,0.02936,0.05337,1.25E+05,2.28E+05,Ar(4p'[3/2]1),Ar(3d[3/2]2),Ar(3d[3/2]2)->Ar(4p'[3/2]1),O,1997.12,1769.13
4p,3d,4p-1P1,3d-3F2,3,5,6231.32,1.416E-04,1.895E-04,7.34E+02,9.82E+02,Ar(4p'[3/2]1),Ar(3d[5/2]2),Ar(3d[5/2]2)->Ar(4p'[3/2]1),O,1588.75,1604.8
4p,3d,4p-1P1,3d-1D2,3,5,7431.85,2.34012,2.51,1.72E+07,1.85E+07,Ar(4p'[3/2]1),Ar(3d'[5/2]2),Ar(3d'[5/2]2)->Ar(4p'[3/2]1),O,1331.68,1345.56
4p,3d,4p-1P1,3d-3D2,3,5,7559.21,0.01001,0.01004,7.63E+04,7.65E+04,Ar(4p'[3/2]1),Ar(3d'[3/2]2),Ar(3d'[3/2]2)->Ar(4p'[3/2]1),O,1303.2,1322.89
4p,3d,4p-3P1,3d-3P2,3,5,5301.91,0.00867,0.01798,3.25E+04,6.74E+04,Ar(4p'[1/2]1),Ar(3d[3/2]2),Ar(3d[3/2]2)->Ar(4p'[1/2]1),O,2154.01,1886.11
4p,3d,4p-3P1,3d-3F2,3,5,5880.73,8.886E-05,1.0138E-04,4.10E+02,4.68E+02,Ar(4p'[1/2]1),Ar(3d[5/2]2),Ar(3d[5/2]2)->Ar(4p'[1/2]1),O,1686.47,1700.47
4p,3d,4p-3P1,3d-1D2,3,5,7081.27,0.00203,0.0022,1.36E+04,1.48E+04,Ar(4p'[1/2]1),Ar(3d'[5/2]2),Ar(3d'[5/2]2)->Ar(4p'[1/2]1),O,1399.66,1412.18
4p,3d,4p-3P1,3d-3D2,3,5,7208.62,2.03287,2.29804,1.41E+07,1.59E+07,Ar(4p'[1/2]1),Ar(3d'[3/2]2),Ar(3d'[3/2]2)->Ar(4p'[1/2]1),O,1368.23,1387.23
4p,3d,4p-3D2,3d-3P1,5,3,6935.52,0.05642,0.07,6.04E+05,7.49E+05,Ar(4p[5/2]2),Ar(3d[1/2]1),Ar(3d[1/2]1)->Ar(4p[5/2]2),O,1612.71,1441.85
4p,3d,4p-3D2,3d-3D1,5,3,8526.72,0.08219,0.06704,1.33E+06,1.08E+06,Ar(4p[5/2]2),Ar(3d[3/2]1),Ar(3d[3/2]1)->Ar(4p[5/2]2),O,1172.27,1172.78
4p,3d,4p-3D2,3d-1P1,5,3,10084.52,0.00115,6.7622E-04,2.62E+04,1.53E+04,Ar(4p[5/2]2),Ar(3d'[3/2]1),Ar(3d'[3/2]1)->Ar(4p[5/2]2),O,1025.68,991.62
4p,3d,4p-3P2,3d-3P1,5,3,6342.5,0.22333,0.32647,2.00E+06,2.92E+06,Ar(4p[3/2]2),Ar(3d[1/2]1),Ar(3d[1/2]1)->Ar(4p[3/2]2),O,1791.96,1576.67
4p,3d,4p-3P2,3d-3D1,5,3,7933.7,0.00924,0.00868,1.29E+05,1.22E+05,Ar(4p[3/2]2),Ar(3d[3/2]1),Ar(3d[3/2]1)->Ar(4p[3/2]2),O,1264.19,1260.44
4p,3d,4p-3P2,3d-1P1,5,3,9491.51,0.02464,0.01605,4.94E+05,3.21E+05,Ar(4p[3/2]2),Ar(3d'[3/2]1),Ar(3d'[3/2]1)->Ar(4p[3/2]2),O,1095.37,1053.57
4p,3d,4p-1D2,3d-3P1,5,3,5266.91,0.03171,0.06733,1.96E+05,4.16E+05,Ar(4p'[3/2]2),Ar(3d[1/2]1),Ar(3d[1/2]1)->Ar(4p'[3/2]2),O,2208.32,1898.65
4p,3d,4p-1D2,3d-3D1,5,3,6858.12,6.963E-04,8.513E-04,7.28E+03,8.90E+03,Ar(4p'[3/2]2),Ar(3d[3/2]1),Ar(3d[3/2]1)->Ar(4p'[3/2]2),O,1458.14,1458.13
4p,3d,4p-1D2,3d-1P1,5,3,8415.92,0.0312,0.02587,4.91E+05,4.07E+05,Ar(4p'[3/2]2),Ar(3d'[3/2]1),Ar(3d'[3/2]1)->Ar(4p'[3/2]2),O,1238.06,1188.22
4p,3d,4p-3D2,3d-3P2,5,5,7195.11,0.00821,0.00972,5.87E+04,6.72E+04,Ar(4p[5/2]2),Ar(3d[3/2]2),Ar(3d[3/2]2)->Ar(4p[5/2]2),O,1533.35,1389.83
4p,3d,4p-3D2,3d-3F2,5,5,7773.93,0.8678,0.8678,7.00E+06,6.87E+06,Ar(4p[5/2]2),Ar(3d[5/2]2),Ar(3d[5/2]2)->Ar(4p[5/2]2),O,1280.62,1286.35
4p,3d,4p-3D2,3d-1D2,5,5,8974.47,0.048,0.03551,5.16E+05,3.82E+05,Ar(4p[5/2]2),Ar(3d'[5/2]2),Ar(3d'[5/2]2)->Ar(4p[5/2]2),O,1108.19,1114.27
4p,3d,4p-3D2,3d-3D2,5,5,9101.82,0.0205,0.01469,2.27E+05,1.62E+05,Ar(4p[5/2]2),Ar(3d'[3/2]2),Ar(3d'[3/2]2)->Ar(4p[5/2]2),O,1088.39,1098.68
4p,3d,4p-3P2,3d-3P2,5,5,6602.09,0.8442,1.13787,4.91E+06,6.62E+06,Ar(4p[3/2]2),Ar(3d[3/2]2),Ar(3d[3/2]2)->Ar(4p[3/2]2),O,1694.52,1514.67
4p,3d,4p-3P2,3d-3F2,5,5,7180.91,0.05608,0.06444,3.86E+05,4.43E+05,Ar(4p[3/2]2),Ar(3d[5/2]2),Ar(3d[5/2]2)->Ar(4p[3/2]2),O,1391.13,1392.58
4p,3d,4p-3P2,3d-1D2,5,5,8381.45,3.524E-03,2.910E-03,3.30E+04,2.73E+04,Ar(4p[3/2]2),Ar(3d'[5/2]2),Ar(3d'[5/2]2)->Ar(4p[3/2]2),O,1189.99,1193.11
4p,3d,4p-3P2,3d-3D2,5,5,8508.8,0.31702,0.25717,3.06E+06,2.48E+06,Ar(4p[3/2]2),Ar(3d'[3/2]2),Ar(3d'[3/2]2)->Ar(4p[3/2]2),O,1167.19,1175.25
4p,3d,4p-1D2,3d-3P2,5,5,5526.51,0.17771,0.34209,7.24E+05,1.39E+06,Ar(4p'[3/2]2),Ar(3d[3/2]2),Ar(3d[3/2]2)->Ar(4p'[3/2]2),O,2062.19,1809.46
4p,3d,4p-1D2,3d-3F2,5,5,6105.32,1.127E-03,1.868E-03,5.61E+03,9.29E+03,Ar(4p'[3/2]2),Ar(3d[5/2]2),Ar(3d[5/2]2)->Ar(4p'[3/2]2),O,1629.66,1637.92
4p,3d,4p-1D2,3d-1D2,5,5,7305.86,0.27724,0.30529,1.97E+06,2.17E+06,Ar(4p'[3/2]2),Ar(3d'[5/2]2),Ar(3d'[5/2]2)->Ar(4p'[3/2]2),O,1360.31,1368.76
4p,3d,4p-1D2,3d-3D2,5,5,7433.21,0.22465,0.23848,1.66E+06,1.76E+06,Ar(4p'[3/2]2),Ar(3d'[3/2]2),Ar(3d'[3/2]2)->Ar(4p'[3/2]2),O,1330.59,1345.31
4p,3d,4p-3D2,3d-3F3,5,7,7419.84,3.32815,3.58343,1.75E+07,1.88E+07,Ar(4p[5/2]2),Ar(3d[7/2]3),Ar(3d[7/2]3)->Ar(4p[5/2]2),O,1350.79,1347.74
4p,3d,4p-3D2,3d-1F3,5,7,7881.17,0.13714,0.12948,8.12E+05,7.66E+05,Ar(4p[5/2]2),Ar(3d[5/2]3),Ar(3d[5/2]3)->Ar(4p[5/2]2),O,1234.68,1268.85
4p,3d,4p-3D2,3d-3D3,5,7,9069.41,8.195E-03,5.656E-03,6.42E+04,4.43E+04,Ar(4p[5/2]2),Ar(3d'[5/2]3),Ar(3d'[5/2]3)->Ar(4p[5/2]2),O,1086.41,1102.61
4p,3d,4p-3P2,3d-3F3,5,7,6826.82,1.957E-03,2.686E-03,8.69E+03,1.19E+04,Ar(4p[3/2]2),Ar(3d[7/2]3),Ar(3d[7/2]3)->Ar(4p[3/2]2),O,1474.32,1464.81
4p,3d,4p-3P2,3d-1F3,5,7,7288.15,2.85489,3.15458,1.45E+07,1.60E+07,Ar(4p[3/2]2),Ar(3d[5/2]3),Ar(3d[5/2]3)->Ar(4p[3/2]2),O,1337.08,1372.09
4p,3d,4p-3P2,3d-3D3,5,7,8476.39,0.02611,0.02124,1.79E+05,1.45E+05,Ar(4p[3/2]2),Ar(3d'[5/2]3),Ar(3d'[5/2]3)->Ar(4p[3/2]2),O,1164.91,1179.75
4p,3d,4p-1D2,3d-3F3,5,7,5751.23,8.149E-05,9.762E-05,2.57E+02,3.08E+02,Ar(4p'[3/2]2),Ar(3d[7/2]3),Ar(3d[7/2]3)->Ar(4p'[3/2]2),O,1745.0,1738.76
4p,3d,4p-1D2,3d-1F3,5,7,6212.56,5.962E-07,9.716E-07,2.19289,3.57369,Ar(4p'[3/2]2),Ar(3d[5/2]3),Ar(3d[5/2]3)->Ar(4p'[3/2]2),O,1555.97,1609.64
4p,3d,4p-1D2,3d-3D3,5,7,7400.8,3.67883,3.94317,1.92E+07,2.06E+07,Ar(4p'[3/2]2),Ar(3d'[5/2]3),Ar(3d'[5/2]3)->Ar(4p'[3/2]2),O,1327.63,1351.21
4p,3d,4p-3D3,3d-3P2,7,5,7343.65,0.10948,0.11916,7.88E+05,8.57E+05,Ar(4p[5/2]3),Ar(3d[3/2]2),Ar(3d[3/2]2)->Ar(4p[5/2]3),O,1497.87,1361.72
4p,3d,4p-3D3,3d-3F2,7,5,7922.47,0.05326,0.0498,4.46E+05,4.17E+05,Ar(4p[5/2]3),Ar(3d[5/2]2),Ar(3d[5/2]2)->Ar(4p[5/2]3),O,1255.78,1262.23
4p,3d,4p-3D3,3d-1D2,7,5,9123.01,5.667E-04,3.997E-04,6.29E+04,4.44E+04,Ar(4p[5/2]3),Ar(3d'[5/2]2),Ar(3d'[5/2]2)->Ar(4p[5/2]3),O,1089.53,1096.13
4p,3d,4p-3D3,3d-3D2,7,5,9250.36,0.019,0.01303,2.17E+05,1.49E+05,Ar(4p[5/2]3),Ar(3d'[3/2]2),Ar(3d'[3/2]2)->Ar(4p[5/2]3),O,1070.39,1081.04
4p,3d,4p-3D3,3d-3F3,7,7,7568.38,0.45173,0.46299,2.47E+06,2.53E+06,Ar(4p[5/2]3),Ar(3d[7/2]3),Ar(3d[7/2]3)->Ar(4p[5/2]3),O,1323.17,1321.29
4p,3d,4p-3D3,3d-1F3,7,7,8029.7,0.8127,0.73978,4.99E+06,4.55E+06,Ar(4p[5/2]3),Ar(3d[5/2]3),Ar(3d[5/2]3)->Ar(4p[5/2]3),O,1211.56,1245.37
4p,3d,4p-3D3,3d-3D3,7,7,9217.94,0.08499,0.05871,6.88E+05,4.75E+05,Ar(4p[5/2]3),Ar(3d'[5/2]3),Ar(3d'[5/2]3)->Ar(4p[5/2]3),O,1068.47,1084.84
4p,3d,4p-3D3,3d-3F4,7,9,7395.52,4.85257,5.20721,1.97E+07,2.11E+07,Ar(4p[5/2]3),Ar(3d[7/2]4),Ar(3d[7/2]4)->Ar(4p[5/2]3),O,1372.23,1352.17
4p,5s,4p-3S1,5s-3P0,3,1,10025.2,0.03712,0.01818,2.49E+06,1.22E+06,Ar(4p[1/2]1),Ar(5s'[1/2]0),Ar(5s'[1/2]0)->Ar(4p[1/2]1),O,929.41,997.49
4p,5s,4p-3D1,5s-3P0,3,1,8309.29,0.03712,0.01818,2.29E+06,1.65E+06,Ar(4p[3/2]1),Ar(5s'[1/2]0),Ar(5s'[1/2]0)->Ar(4p[3/2]1),O,1139.68,1203.47
4p,5s,4p-1P1,5s-3P0,3,1,7245.3,0.31634,0.30049,1.11E+06,1.05E+06,Ar(4p'[3/2]1),Ar(5s'[1/2]0),Ar(5s'[1/2]0)->Ar(4p'[3/2]1),O,1293.67,1380.2
4p,5s,4p-3P1,5s-3P0,3,1,6894.71,0.16569,0.17173,5.25E+06,5.45E+06,Ar(4p'[1/2]1),Ar(5s'[1/2]0),Ar(5s'[1/2]0)->Ar(4p'[1/2]1),O,1357.73,1450.39
4p,5s,4p-3P0,5s-1P1,1,3,6115.99,0.13032,0.17242,1.08E+06,1.43E+06,Ar(4p[1/2]0),Ar(5s'[1/2]1),Ar(5s'[1/2]1)->Ar(4p[1/2]0),O,1262.51,1635.06
4p,5s,4p-1S0,5s-1P1,1,3,4285.23,0.01965,0.05276,8.24E+04,2.15E+05,Ar(4p'[1/2]0),Ar(5s'[1/2]1),Ar(5s'[1/2]1)->Ar(4p'[1/2]0),O,1599.39,2333.6
4p,5s,4p-3P0,5s-3P1,1,3,7483.86,1.48241,1.3289,4.20E+05,3.76E+05,Ar(4p[1/2]0),Ar(5s[3/2]1),Ar(5s[3/2]1)->Ar(4p[1/2]0),O,1517.68,1336.21
4p,5s,4p-1S0,5s-3P1,1,3,5653.11,0.11918,0.18653,8.47E+05,1.33E+06,Ar(4p'[1/2]0),Ar(5s[3/2]1),Ar(5s[3/2]1)->Ar(4p'[1/2]0),O,2032.26,1768.94
4p,5s,4p-3S1,5s-1P1,3,3,8789.66,0.11482,0.07083,1.92E+06,1.22E+06,Ar(4p[1/2]1),Ar(5s'[1/2]1),Ar(5s'[1/2]1)->Ar(4p[1/2]1),O,919.72,1137.7
4p,5s,4p-3D1,5s-1P1,3,3,7073.75,0.42068,0.41755,4.68E+06,4.65E+06,Ar(4p[3/2]1),Ar(5s'[1/2]1),Ar(5s'[1/2]1)->Ar(4p[3/2]1),O,1125.14,1413.68
4p,5s,4p-1P1,5s-1P1,3,3,6009.76,0.03036,0.0416,2.44E+05,3.34E+05,Ar(4p'[3/2]1),Ar(5s'[1/2]1),Ar(5s'[1/2]1)->Ar(4p'[3/2]1),O,1274.97,1663.96
4p,5s,4p-3P1,5s-1P1,3,3,5659.17,1.832E-03,2.760E-03,1.31E+04,1.97E+04,Ar(4p'[1/2]1),Ar(5s'[1/2]1),Ar(5s'[1/2]1)->Ar(4p'[1/2]1),O,1337.15,1767.04
4p,5s,4p-3S1,5s-3P1,3,3,10157.53,0.0544,0.02623,1.25E+06,6.02E+05,Ar(4p[1/2]1),Ar(5s[3/2]1),Ar(5s[3/2]1)->Ar(4p[1/2]1),O,1048.09,984.49
4p,5s,4p-3D1,5s-3P1,3,3,8441.63,7.213E-03,5.144E-03,1.14E+05,8.15E+04,Ar(4p[3/2]1),Ar(5s[3/2]1),Ar(5s[3/2]1)->Ar(4p[3/2]1),O,1323.45,1184.61
4p,5s,4p-1P1,5s-3P1,3,3,7377.64,0.19828,0.1829,2.40E+06,2.21E+06,Ar(4p'[3/2]1),Ar(5s[3/2]1),Ar(5s[3/2]1)->Ar(4p'[3/2]1),O,1535.73,1355.45
4p,5s,4p-3P1,5s-3P1,3,3,7027.05,0.30905,0.31058,3.39E+06,3.41E+06,Ar(4p'[1/2]1),Ar(5s[3/2]1),Ar(5s[3/2]1)->Ar(4p'[1/2]1),O,1626.85,1423.07
4p,5s,4p-3D2,5s-1P1,5,3,7552.37,0.72988,0.6388,9.26E+06,8.10E+06,Ar(4p[5/2]2),Ar(5s'[1/2]1),Ar(5s'[1/2]1)->Ar(4p[5/2]2),O,1068.63,1324.09
4p,5s,4p-3P2,5s-1P1,5,3,6959.35,0.21048,0.21406,2.27E+06,2.31E+06,Ar(4p[3/2]2),Ar(5s'[1/2]1),Ar(5s'[1/2]1)->Ar(4p[3/2]2),O,1144.5,1436.92
4p,5s,4p-1D2,5s-1P1,5,3,5883.76,0.01072,0.0151,8.26E+04,1.16E+05,Ar(4p'[3/2]2),Ar(5s'[1/2]1),Ar(5s'[1/2]1)->Ar(4p'[3/2]2),O,1301.18,1699.59
4p,5s,4p-3D2,5s-3P1,5,3,8920.25,1.647E-03,9.97E-04,2.91E+04,1.76E+04,Ar(4p[5/2]2),Ar(5s[3/2]1),Ar(5s[3/2]1)->Ar(4p[5/2]2),O,1245.95,1121.04
4p,5s,4p-3P2,5s-3P1,5,3,8327.23,0.09705,0.06915,1.50E+06,1.07E+06,Ar(4p[3/2]2),Ar(5s[3/2]1),Ar(5s[3/2]1)->Ar(4p[3/2]2),O,1350.31,1200.88
4p,5s,4p-1D2,5s-3P1,5,3,7251.64,0.8531,0.80236,9.97E+06,9.38E+06,Ar(4p'[3/2]2),Ar(5s[3/2]1),Ar(5s[3/2]1)->Ar(4p'[3/2]2),O,1573.92,1379.0
4p,5s,4p-3S1,5s-3P2,3,5,8580.38,0.47678,0.32288,4.68E+06,3.17E+06,Ar(4p[1/2]1),Ar(5s[3/2]2),Ar(5s[3/2]2)->Ar(4p[1/2]1),O,1067.65,1165.45
4p,5s,4p-3D1,5s-3P2,3,5,6864.47,0.07429,0.07959,4.67E+05,5.00E+05,Ar(4p[3/2]1),Ar(5s[3/2]2),Ar(5s[3/2]2)->Ar(4p[3/2]1),O,1354.79,1456.78
4p,5s,4p-1P1,5s-3P2,3,5,5800.48,7.478E-03,0.01123,3.36E+04,5.04E+04,Ar(4p'[3/2]1),Ar(5s[3/2]2),Ar(5s[3/2]2)->Ar(4p'[3/2]1),O,1578.09,1724.0
4p,5s,4p-3P1,5s-3P2,3,5,5449.89,0.05026,0.08436,1.99E+05,3.34E+05,Ar(4p'[1/2]1),Ar(5s[3/2]2),Ar(5s[3/2]2)->Ar(4p'[1/2]1),O,1674.47,1834.9
4p,5s,4p-3D2,5s-3P2,5,5,7343.09,0.22919,0.21375,1.65E+06,1.54E+06,Ar(4p[5/2]2),Ar(5s[3/2]2),Ar(5s[3/2]2)->Ar(4p[5/2]2),O,1273.69,1361.82
4p,5s,4p-3P2,5s-3P2,5,5,6750.07,0.59075,0.6426,3.59E+06,3.91E+06,Ar(4p[3/2]2),Ar(5s[3/2]2),Ar(5s[3/2]2)->Ar(4p[3/2]2),O,1382.95,1481.47
4p,5s,4p-1D2,5s-3P2,5,5,5674.48,0.05656,0.08739,2.43E+05,3.75E+05,Ar(4p'[3/2]2),Ar(5s[3/2]2),Ar(5s[3/2]2)->Ar(4p'[3/2]2),O,1618.44,1762.28
4p,5s,4p-3D3,5s-3P2,7,5,7491.63,0.135817,0.119662,1.02E+06,8.96E+05,Ar(4p[5/2]3),Ar(5s[3/2]2),Ar(5s[3/2]2)->Ar(4p[5/2]3),O,1249.11,1334.82
g,5s,g-1S0,5s-1P1,1,3,113186.32,0.02956,0.027065,8.41E+07,7.70E+07,Ar,Ar(5s'[1/2]1),Ar(5s'[1/2]1)->Ar,O,86.98,88.35
g,5s,g-1S0,5s-3P1,1,3,114554.2,0.02356,0.021615,5.71E+07,5.52E+07,Ar,Ar(5s[3/2]1),Ar(5s[3/2]1)->Ar,O,87.99,87.29
g,4d,g-1S0,4d-3P1,1,3,118472.16,1.786E-03,1.575E-03,5.58E+06,4.92E+06,Ar,Ar(4d[1/2]1),Ar(4d[1/2]1)->Ar,O,84.28,84.41
g,4d,g-1S0,4d-3D1,1,3,119443.99,0.07579,0.06665,2.40E+08,2.11E+08,Ar,Ar(4d[3/2]1),Ar(4d[3/2]1)->Ar,O,83.44,83.72
g,4d,g-1S0,4d-1P1,1,3,120884.2,0.17226,0.15144,5.60E+08,4.92E+08,Ar,Ar(4d'[3/2]1),Ar(4d'[3/2]1)->Ar,O,82.64,82.72
5s,5p,5s-3P0,5p-3S1,1,3,1535.08,8.278E-03,0.03609,4.34E+03,1.89E+04,Ar(5s'[1/2]0),Ar(5p[1/2]1),Ar(5p[1/2]1)->Ar(5s'[1/2]0),O,5560.63,6501.61
5s,5p,5s-3P0,5p-1P1,1,3,2002.92,3.966E-03,0.01007,3.54E+03,8.89E+03,Ar(5s'[1/2]0),Ar(5p'[3/2]1),Ar(5p'[3/2]1)->Ar(5s'[1/2]0),O,2820.24,4992.74
5s,5p,5s-3P0,5p-3D1,1,3,3274.71,0.93772,0.89066,2.24E+06,2.12E+06,Ar(5s'[1/2]0),Ar(5p[3/2]1),Ar(5p[3/2]1)->Ar(5s'[1/2]0),O,4367.4,3053.71
5s,5p,5s-3P0,5p-3P1,1,3,3338.7,0.61077,0.56265,1.51E+06,1.39E+06,Ar(5s'[1/2]0),Ar(5p'[1/2]1),Ar(5p'[1/2]1)->Ar(5s'[1/2]0),O,2779.35,2995.18
5s,5p,5s-1P1,5p-3P0,3,1,3665.04,0.57374,0.43759,5.14E+06,3.92E+06,Ar(5s'[1/2]1),Ar(5p[1/2]0),Ar(5p[1/2]0)->Ar(5s'[1/2]1),O,3864.08,2728.48
5s,5p,5s-1P1,5p-1S0,3,1,5026.31,0.01114,4.557E-03,1.88E+05,7.68E+04,Ar(5s'[1/2]1),Ar(5p'[1/2]0),Ar(5p'[1/2]0)->Ar(5s'[1/2]1),O,2566.8,1989.53
5s,5p,5s-3P1,5p-3P0,3,1,2297.16,5.130E-03,9.798E-03,1.81E+04,3.45E+04,Ar(5s[3/2]1),Ar(5p[1/2]0),Ar(5p[1/2]0)->Ar(5s[3/2]1),O,2551.22,4353.2
5s,5p,5s-3P1,5p-1S0,3,1,3658.43,0.57404,0.43591,5.12E+06,3.89E+06,Ar(5s[3/2]1),Ar(5p'[1/2]0),Ar(5p'[1/2]0)->Ar(5s[3/2]1),O,1912.9,2733.41
5s,5p,5s-1P1,5p-3S1,3,3,2770.62,0.21397,0.28721,3.65E+05,4.90E+05,Ar(5s'[1/2]1),Ar(5p[1/2]1),Ar(5p[1/2]1)->Ar(5s'[1/2]1),O,5934.81,3605.38
5s,5p,5s-1P1,5p-1P1,3,3,3238.46,1.2923,1.25914,3.01E+06,2.94E+06,Ar(5s'[1/2]1),Ar(5p'[3/2]1),Ar(5p'[3/2]1)->Ar(5s'[1/2]1),O,2913.4,3087.89
5s,5p,5s-1P1,5p-3D1,3,3,4510.26,4.716E-05,2.692E-05,2.13E+02,1.22E+02,Ar(5s'[1/2]1),Ar(5p[3/2]1),Ar(5p[3/2]1)->Ar(5s'[1/2]1),O,4594.94,2217.17
5s,5p,5s-1P1,5p-3P1,3,3,4574.25,8.730E-04,4.138E-04,4.41E+03,1.93E+03,Ar(5s'[1/2]1),Ar(5p'[1/2]1),Ar(5p'[1/2]1)->Ar(5s'[1/2]1),O,2869.79,2186.15
5s,5p,5s-3P1,5p-3S1,3,3,1402.75,7.097E-03,0.07097,1.05E+03,1.61E+04,Ar(5s[3/2]1),Ar(5p[1/2]1),Ar(5p[1/2]1)->Ar(5s[3/2]1),O,3314.84,7113.64
5s,5p,5s-3P1,5p-1P1,3,3,1870.58,3.069E-03,9.026E-03,2.39E+03,7.02E+03,Ar(5s[3/2]1),Ar(5p'[3/2]1),Ar(5p'[3/2]1)->Ar(5s[3/2]1),O,2099.0,5345.94
5s,5p,5s-3P1,5p-3D1,3,3,3142.38,0.59948,0.61565,1.32E+06,1.35E+06,Ar(5s[3/2]1),Ar(5p[3/2]1),Ar(5p[3/2]1)->Ar(5s[3/2]1),O,2850.57,3182.3
5s,5p,5s-3P1,5p-3P1,3,3,3206.37,0.89641,0.89144,2.05E+06,2.04E+06,Ar(5s[3/2]1),Ar(5p'[1/2]1),Ar(5p'[1/2]1)->Ar(5s[3/2]1),O,2076.27,3118.79
5s,5p,5s-1P1,5p-3D2,3,5,3079.08,1.85322,1.98996,2.34E+06,2.52E+06,Ar(5s'[1/2]1),Ar(5p[5/2]2),Ar(5p[5/2]2)->Ar(5s'[1/2]1),O,4939.96,3247.72
5s,5p,5s-1P1,5p-3P2,3,5,3261.18,0.60153,0.58148,8.53E+05,8.25E+05,Ar(5s'[1/2]1),Ar(5p[3/2]2),Ar(5p[3/2]2)->Ar(5s'[1/2]1),O,4527.81,3066.37
5s,5p,5s-1P1,5p-1D2,3,5,4564.16,0.03846,0.01898,1.07E+05,5.28E+04,Ar(5s'[1/2]1),Ar(5p'[3/2]2),Ar(5p'[3/2]2)->Ar(5s'[1/2]1),O,2862.02,2190.98
5s,5p,5s-3P1,5p-3D2,3,5,1711.2,4.107E-03,0.01419,1.60E+03,5.55E+03,Ar(5s[3/2]1),Ar(5p[5/2]2),Ar(5p[5/2]2)->Ar(5s[3/2]1),O,2979.68,5843.85
5s,5p,5s-3P1,5p-3P2,3,5,1893.31,0.0192,0.05498,9.12E+03,2.63E+04,Ar(5s[3/2]1),Ar(5p[3/2]2),Ar(5p[3/2]2)->Ar(5s[3/2]1),O,2824.6,5281.76
5s,5p,5s-3P1,5p-1D2,3,5,3196.28,2.49713,2.50462,3.40E+06,3.41E+06,Ar(5s[3/2]1),Ar(5p'[3/2]2),Ar(5p'[3/2]2)->Ar(5s[3/2]1),O,2072.2,3128.64
5s,5p,5s-3P2,5p-3S1,5,3,2979.9,1.15953,1.33051,2.29E+06,2.63E+06,Ar(5s[3/2]2),Ar(5p[1/2]1),Ar(5p[1/2]1)->Ar(5s[3/2]2),O,3133.3,3352.43
5s,5p,5s-3P2,5p-1P1,5,3,3447.74,0.02559,0.02175,6.77E+04,5.75E+04,Ar(5s[3/2]2),Ar(5p'[3/2]1),Ar(5p'[3/2]1)->Ar(5s[3/2]2),O,2024.72,2900.45
5s,5p,5s-3P2,5p-3D1,5,3,4719.54,1.034E-03,4.671E-04,5.12E+03,2.31E+03,Ar(5s[3/2]2),Ar(5p[3/2]1),Ar(5p[3/2]1)->Ar(5s[3/2]2),O,2715.29,2118.85
5s,5p,5s-3P2,5p-3P1,5,3,4783.53,0.0654,0.02912,3.33E+05,1.48E+05,Ar(5s[3/2]2),Ar(5p'[1/2]1),Ar(5p'[1/2]1)->Ar(5s[3/2]2),O,2003.56,2090.51
5s,5p,5s-3P2,5p-3D2,5,5,3288.36,0.62914,0.58993,8.50E+05,9.08E+05,Ar(5s[3/2]2),Ar(5p[5/2]2),Ar(5p[5/2]2)->Ar(5s[3/2]2),O,2832.18,3041.03
5s,5p,5s-3P2,5p-3P2,5,5,3470.46,2.07997,1.76643,3.34E+06,2.84E+06,Ar(5s[3/2]2),Ar(5p[3/2]2),Ar(5p[3/2]2)->Ar(5s[3/2]2),O,2691.71,2881.45
5s,5p,5s-3P2,5p-1D2,5,5,4773.44,0.0196,8.773E-03,5.96E+04,2.67E+04,Ar(5s[3/2]2),Ar(5p'[3/2]2),Ar(5p'[3/2]2)->Ar(5s[3/2]2),O,1999.77,2094.93
5s,5p,5s-3P2,5p-3D3,5,7,3232.35,3.59213,3.52309,3.58E+06,3.51E+06,Ar(5s[3/2]2),Ar(5p[5/2]3),Ar(5p[5/2]3)->Ar(5s[3/2]2),O,2878.29,3093.72
5p,6s,5p-3P0,6s-1P1,1,3,2096.77,0.2559,0.37771,2.51E+05,3.69E+05,Ar(5p[1/2]0),Ar(6s'[1/2]1),Ar(6s'[1/2]1)->Ar(5p[1/2]0),O,2779.05,4769.24
5p,6s,5p-3P0,6s-3P1,1,3,3502.5,0.01587,8.514E-03,4.33E+04,2.32E+04,Ar(5p[1/2]0),Ar(6s[3/2]1),Ar(6s[3/2]1)->Ar(5p[1/2]0),O,4551.21,2855.1
5p,6s,5p-1S0,6s-1P1,1,3,735.5,3.385E-03,0.04049,4.07E+02,4.87E+03,Ar(5p'[1/2]0),Ar(6s'[1/2]1),Ar(6s'[1/2]1)->Ar(5p'[1/2]0),O,4366.06,13596.19
5p,6s,5p-1S0,6s-3P1,1,3,2141.22,0.25862,0.3702,2.64E+05,3.77E+05,Ar(5p'[1/2]0),Ar(6s[3/2]1),Ar(6s[3/2]1)->Ar(5p'[1/2]0),O,11245.36,4670.21
5p,6s,5p-3S1,6s-3P0,3,1,4348.81,0.01879,6.422E-03,2.37E+05,8.10E+04,Ar(5p[1/2]1),Ar(6s'[1/2]0),Ar(6s'[1/2]0)->Ar(5p[1/2]1),O,2253.97,2301.07
5p,6s,5p-1P1,6s-3P0,3,1,3880.98,6.076E-03,2.638E-03,6.10E+04,2.65E+04,Ar(5p'[3/2]1),Ar(6s'[1/2]0),Ar(6s'[1/2]0)->Ar(5p'[3/2]1),O,3718.61,2576.67
5p,6s,5p-3D1,6s-3P0,3,1,2609.18,0.5905,0.56745,2.68E+06,2.58E+06,Ar(5p[3/2]1),Ar(6s'[1/2]0),Ar(6s'[1/2]0)->Ar(5p[3/2]1),O,2534.68,3832.62
5p,6s,5p-3P1,6s-3P0,3,1,2545.19,0.37265,0.37218,1.61E+06,1.61E+06,Ar(5p'[1/2]1),Ar(6s'[1/2]0),Ar(6s'[1/2]0)->Ar(5p'[1/2]1),O,3792.18,3928.98
5p,6s,5p-3S1,6s-1P1,3,3,2991.19,0.17809,0.12814,3.54E+05,2.55E+05,Ar(5p[1/2]1),Ar(6s'[1/2]1),Ar(6s'[1/2]1)->Ar(5p[1/2]1),O,2221.57,3346.52
5p,6s,5p-3S1,6s-3P1,3,3,4396.91,0.02899,9.784E-03,1.25E+05,4.21E+04,Ar(5p[1/2]1),Ar(6s[3/2]1),Ar(6s[3/2]1)->Ar(5p[1/2]1),O,3225.62,2275.88
5p,6s,5p-1P1,6s-1P1,3,3,2523.35,0.80308,0.82145,1.14E+06,1.16E+06,Ar(5p'[3/2]1),Ar(6s'[1/2]1),Ar(6s'[1/2]1)->Ar(5p'[3/2]1),O,3631.24,3962.99
5p,6s,5p-1P1,6s-3P1,3,3,3929.07,9.209E-05,4.159E-05,3.16E+02,1.43E+02,Ar(5p'[3/2]1),Ar(6s[3/2]1),Ar(6s[3/2]1)->Ar(5p'[3/2]1),O,7392.39,2545.13
5p,6s,5p-3D1,6s-1P1,3,3,1251.55,1.232E-03,5.087E-03,4.29E+02,1.77E+03,Ar(5p[3/2]1),Ar(6s'[1/2]1),Ar(6s'[1/2]1)->Ar(5p[3/2]1),O,2493.77,7990.09
5p,6s,5p-3D1,6s-3P1,3,3,2657.28,0.39534,0.36852,6.21E+05,5.79E+05,Ar(5p[3/2]1),Ar(6s[3/2]1),Ar(6s[3/2]1)->Ar(5p[3/2]1),O,3833.11,3763.25
5p,6s,5p-3P1,6s-1P1,3,3,1187.56,5.940E-04,2.680E-03,1.86E+02,8.40E+02,Ar(5p'[1/2]1),Ar(6s'[1/2]1),Ar(6s'[1/2]1)->Ar(5p'[1/2]1),O,3701.35,8420.63
5p,6s,5p-3P1,6s-3P1,3,3,2593.29,0.57541,0.55694,8.60E+05,8.33E+05,Ar(5p'[1/2]1),Ar(6s[3/2]1),Ar(6s[3/2]1)->Ar(5p'[1/2]1),O,7688.91,3856.11
5p,6s,5p-3S1,6s-3P2,3,5,2902.99,0.89326,0.69309,1.00E+06,7.79E+05,Ar(5p[1/2]1),Ar(6s[3/2]2),Ar(6s[3/2]2)->Ar(5p[1/2]1),O,3307.88,3448.29
5p,6s,5p-1P1,6s-3P2,3,5,2435.16,0.14105,0.15739,1.12E+05,1.25E+05,Ar(5p'[3/2]1),Ar(6s[3/2]2),Ar(6s[3/2]2)->Ar(5p'[3/2]1),O,7839.13,4106.51
5p,6s,5p-3D1,6s-3P2,3,5,1163.36,1.976E-04,9.720E-04,3.57E+01,1.75E+02,Ar(5p[3/2]1),Ar(6s[3/2]2),Ar(6s[3/2]2)->Ar(5p[3/2]1),O,3949.83,8595.79
5p,6s,5p-3P1,6s-3P2,3,5,1099.37,0.01188,0.0643,1.92E+03,1.04E+04,Ar(5p'[1/2]1),Ar(6s[3/2]2),Ar(6s[3/2]2)->Ar(5p'[1/2]1),O,8173.38,9096.12
5p,6s,5p-3D2,6s-1P1,5,3,2682.73,0.128003,0.116439,2.05E+05,1.86E+05,Ar(5p[5/2]2),Ar(6s'[1/2]1),Ar(6s'[1/2]1)->Ar(5p[5/2]2),O,2402.7,3727.55
5p,6s,5p-3D2,6s-3P1,5,3,4088.45,2.021E-04,7.531E-05,7.51E+02,2.80E+02,Ar(5p[5/2]2),Ar(6s[3/2]1),Ar(6s[3/2]1)->Ar(5p[5/2]2),O,3622.08,2445.91
5p,6s,5p-3P2,6s-1P1,5,3,2500.63,0.38057,0.39314,5.29E+05,5.57E+05,Ar(5p[3/2]2),Ar(6s'[1/2]1),Ar(6s'[1/2]1)->Ar(5p[3/2]2),O,2514.0,3999.01
5p,6s,5p-3P2,6s-3P1,5,3,3906.35,0.01491,6.333E-03,5.06E+04,2.15E+04,Ar(5p[3/2]2),Ar(6s[3/2]1),Ar(6s[3/2]1)->Ar(5p[3/2]2),O,3881.11,2559.93
5p,6s,5p-1D2,6s-1P1,5,3,1197.65,7.162E-04,3.187E-03,2.28E+02,1.02E+03,Ar(5p'[3/2]2),Ar(6s'[1/2]1),Ar(6s'[1/2]1)->Ar(5p'[3/2]2),O,3714.35,8349.68
5p,6s,5p-1D2,6s-3P1,5,3,2603.37,1.63853,1.56864,2.69E+06,2.36E+06,Ar(5p'[3/2]2),Ar(6s[3/2]1),Ar(6s[3/2]1)->Ar(5p'[3/2]2),O,7745.2,3841.16
5p,6s,5p-3D2,6s-3P2,5,5,2594.53,0.38888,0.38088,3.49E+05,3.42E+05,Ar(5p[5/2]2),Ar(6s[3/2]2),Ar(6s[3/2]2)->Ar(5p[5/2]2),O,3726.12,3854.25
5p,6s,5p-3P2,6s-3P2,5,5,2412.43,1.1502,1.28552,8.93E+05,9.98E+05,Ar(5p[3/2]2),Ar(6s[3/2]2),Ar(6s[3/2]2)->Ar(5p[3/2]2),O,4000.81,4145.2
5p,6s,5p-1D2,6s-3P2,5,5,1109.45,3.607E-03,0.01914,5.92E+02,3.14E+03,Ar(5p'[3/2]2),Ar(6s[3/2]2),Ar(6s[3/2]2)->Ar(5p'[3/2]2),O,8237.02,9013.39
5p,6s,5p-3D3,6s-3P2,7,5,2650.54,2.34989,2.17024,2.20E+06,2.03E+06,Ar(5p[5/2]3),Ar(6s[3/2]2),Ar(6s[3/2]2)->Ar(5p[5/2]3),O,3649.2,3772.8
g,6s,g-1S0,6s-1P1,1,3,118948.13,0.01266,0.01233,3.54E+07,3.88E+07,Ar,Ar(6s'[1/2]1),Ar(6s'[1/2]1)->Ar,O,82.53,84.07
g,6s,g-1S0,6s-3P1,1,3,120353.86,0.01338,0.01463,2.36E+07,3.0146E+07,Ar,Ar(6s[3/2]1),Ar(6s[3/2]1)->Ar,O,83.5,83.09
3d,4f,3d-3P0,4f-3D1,1,3,6728.13,0.771305,0.977509,7.76E+06,9.84E+06,Ar(3d[1/2]0),Ar(4f[3/2]1),Ar(4f[3/2]1)->Ar(3d[1/2]0),O,1173.64,1486.3
3d,4f,3d-3P1,4f-3D1,3,3,6599.2,0.701916,0.855671,6.80E+06,8.29E+06,Ar(3d[1/2]1),Ar(4f[3/2]1),Ar(4f[3/2]1)->Ar(3d[1/2]1),O,1194.71,1515.34
3d,4f,3d-3D1,4f-3D1,3,3,5008,0.103938,0.073025,5.80E+05,4.05E+05,Ar(3d[3/2]1),Ar(4f[3/2]1),Ar(4f[3/2]1)->Ar(3d[3/2]1),O,1655.49,1996.81
3d,4f,3d-1P1,4f-3D1,3,3,3450.21,0.010639,0.00354,2.82E+04,9.37E+03,Ar(3d'[3/2]1),Ar(4f[3/2]1),Ar(4f[3/2]1)->Ar(3d'[3/2]1),O,2074.1,2898.39
3d,4f,3d-3P1,4f-3D2,3,5,6599.68,1.10187,1.34283,6.40E+06,7.80E+06,Ar(3d[1/2]1),Ar(4f[3/2]2),Ar(4f[3/2]2)->Ar(3d[1/2]1),O,1194.66,1515.22
3d,4f,3d-3P1,4f-1D2,3,5,6645.24,0.455585,0.563487,2.68E+06,3.32E+06,Ar(3d[1/2]1),Ar(4f[5/2]2),Ar(4f[5/2]2)->Ar(3d[1/2]1),O,1188.77,1504.84
3d,4f,3d-3P1,4f-3F2,3,5,8084.82,0.078629,0.143886,6.86E+05,1.25E+06,Ar(3d[1/2]1),Ar(4f'[5/2]2),Ar(4f'[5/2]2)->Ar(3d[1/2]1),O,1016.62,1236.89
3d,4f,3d-3D1,4f-3D2,3,5,5008.48,0.758486,0.53208,2.54E+06,1.78E+06,Ar(3d[3/2]1),Ar(4f[3/2]2),Ar(4f[3/2]2)->Ar(3d[3/2]1),O,1655.38,1996.62
3d,4f,3d-3D1,4f-1D2,3,5,5054.04,1.66463,1.19001,5.67E+06,4.06E+06,Ar(3d[3/2]1),Ar(4f[5/2]2),Ar(4f[5/2]2)->Ar(3d[3/2]1),O,1644.11,1978.62
3d,4f,3d-3D1,4f-3F2,3,5,6493.62,0.436427,0.51521,2.46E+06,2.90E+06,Ar(3d[3/2]1),Ar(4f'[5/2]2),Ar(4f'[5/2]2)->Ar(3d[3/2]1),O,1332.12,1539.98
3d,4f,3d-1P1,4f-3D2,3,5,3450.69,0.687459,0.228966,1.09E+06,3.64E+05,Ar(3d'[3/2]1),Ar(4f[3/2]2),Ar(4f[3/2]2)->Ar(3d'[3/2]1),O,2073.93,2897.99
3d,4f,3d-1P1,4f-1D2,3,5,3496.25,0.303941,0.103952,4.96E+05,1.7E+05,Ar(3d'[3/2]1),Ar(4f[5/2]2),Ar(4f[5/2]2)->Ar(3d'[3/2]1),O,2056.26,2860.22
3d,4f,3d-1P1,4f-3F2,3,5,4935.83,2.45065,1.67152,7.96E+06,5.43E+06,Ar(3d'[3/2]1),Ar(4f'[5/2]2),Ar(4f'[5/2]2)->Ar(3d'[3/2]1),O,1590.4,2026.01
3d,4f,3d-3P2,4f-3D1,5,3,6339.6,0.071725,0.080663,6.41E+05,7.21E+05,Ar(3d[3/2]2),Ar(4f[3/2]1),Ar(4f[3/2]1)->Ar(3d[3/2]2),O,1242.34,1577.39
3d,4f,3d-3F2,4f-3D1,5,3,5760.79,0.035582,0.033071,2.63E+05,2.44E+05,Ar(3d[5/2]2),Ar(4f[3/2]1),Ar(4f[3/2]1)->Ar(3d[5/2]2),O,1478.79,1735.87
3d,4f,3d-1D2,4f-3D1,5,3,4560.25,4.16E-03,2.42E-03,1.92E+04,1.12E+04,Ar(3d'[5/2]2),Ar(4f[3/2]1),Ar(4f[3/2]1)->Ar(3d'[5/2]2),O,1802.7,2192.86
3d,4f,3d-3D2,4f-3D1,5,3,4432.9,0.014134,7.77E-03,6.18E+04,3.40E+04,Ar(3d'[3/2]2),Ar(4f[3/2]1),Ar(4f[3/2]1)->Ar(3d'[3/2]2),O,1857.67,2255.86
3d,4f,3d-3P2,4f-3D2,5,5,6340.09,0.653991,0.73543,3.51E+06,3.94E+06,Ar(3d[3/2]2),Ar(4f[3/2]2),Ar(4f[3/2]2)->Ar(3d[3/2]2),O,1242.28,1577.27
3d,4f,3d-3P2,4f-1D2,5,5,6385.65,0.187009,0.213455,1.02E+06,1.16E+06,Ar(3d[3/2]2),Ar(4f[5/2]2),Ar(4f[5/2]2)->Ar(3d[3/2]2),O,1235.92,1566.01
3d,4f,3d-3P2,4f-3F2,5,5,7825.22,0.023155,0.039667,1.89E+05,3.24E+05,Ar(3d[3/2]2),Ar(4f'[5/2]2),Ar(4f'[5/2]2)->Ar(3d[3/2]2),O,1050.9,1277.92
3d,4f,3d-3F2,4f-3D2,5,5,5761.27,2.88E-03,2.66E-03,1.28E+04,1.18E+04,Ar(3d[5/2]2),Ar(4f[3/2]2),Ar(4f[3/2]2)->Ar(3d[5/2]2),O,1478.71,1735.73
3d,4f,3d-3F2,4f-1D2,5,5,5806.83,0.661336,0.624343,2.97E+06,2.81E+06,Ar(3d[5/2]2),Ar(4f[5/2]2),Ar(4f[5/2]2)->Ar(3d[5/2]2),O,1469.7,1722.11
3d,4f,3d-3F2,4f-3F2,5,5,7246.41,0.018419,0.027082,1.29E+05,1.90E+05,Ar(3d[5/2]2),Ar(4f'[5/2]2),Ar(4f'[5/2]2)->Ar(3d[5/2]2),O,1215.27,1379.99
3d,4f,3d-1D2,4f-3D2,5,5,4560.73,2.71E-04,1.57E-04,7.53E+02,4.36E+02,Ar(3d'[5/2]2),Ar(4f[3/2]2),Ar(4f[3/2]2)->Ar(3d'[5/2]2),O,1802.57,2192.63
3d,4f,3d-1D2,4f-1D2,5,5,4606.29,0.084836,0.050397,2.40E+05,1.43E+05,Ar(3d'[5/2]2),Ar(4f[5/2]2),Ar(4f[5/2]2)->Ar(3d'[5/2]2),O,1789.21,2170.94
3d,4f,3d-1D2,4f-3F2,5,5,6045.87,0.167079,0.171011,8.15E+05,8.34E+05,Ar(3d'[5/2]2),Ar(4f'[5/2]2),Ar(4f'[5/2]2)->Ar(3d'[5/2]2),O,1425.8,1654.02
3d,4f,3d-3D2,4f-3D2,5,5,4433.38,0.128723,0.070779,3.38E+05,1.86E+05,Ar(3d'[3/2]2),Ar(4f[3/2]2),Ar(4f[3/2]2)->Ar(3d'[3/2]2),O,1857.53,2255.62
3d,4f,3d-3D2,4f-1D2,5,5,4478.94,0.029722,0.016691,7.95E+04,4.47E+04,Ar(3d'[3/2]2),Ar(4f[5/2]2),Ar(4f[5/2]2)->Ar(3d'[3/2]2),O,1843.34,2232.67
3d,4f,3d-3D2,4f-3F2,5,5,5918.52,0.263617,0.258351,1.23E+06,1.21E+06,Ar(3d'[3/2]2),Ar(4f'[5/2]2),Ar(4f'[5/2]2)->Ar(3d'[3/2]2),O,1459.97,1689.61
3d,4f,3d-3P2,4f-3D3,5,7,6385.29,2.72965,3.11343,1.06E+07,1.21E+07,Ar(3d[3/2]2),Ar(4f[5/2]3),Ar(4f[5/2]3)->Ar(3d[3/2]2),O,1235.97,1566.1
3d,4f,3d-3P2,4f-1F3,5,7,6407.87,1.33E-05,1.31E-05,52.1344,51.3745,Ar(3d[3/2]2),Ar(4f[7/2]3),Ar(4f[7/2]3)->Ar(3d[3/2]2),O,1232.9,1560.58
3d,4f,3d-3P2,4f-3G3,5,7,7824.14,6.22E-07,1.23E-06,3.62786,7.15164,Ar(3d[3/2]2),Ar(4f'[7/2]3),Ar(4f'[7/2]3)->Ar(3d[3/2]2),O,1051.05,1278.1
3d,4f,3d-3P2,4f-3F3,5,7,7824.84,0.324077,0.555055,1.89E+06,3.24E+06,Ar(3d[3/2]2),Ar(4f'[5/2]3),Ar(4f'[5/2]3)->Ar(3d[3/2]2),O,1050.94,1277.98
3d,4f,3d-3F2,4f-3D3,5,7,5806.47,0.045623,0.042947,1.47E+05,1.38E+05,Ar(3d[5/2]2),Ar(4f[5/2]3),Ar(4f[5/2]3)->Ar(3d[5/2]2),O,1469.77,1722.22
3d,4f,3d-3F2,4f-1F3,5,7,5829.06,0.33706,0.32059,1.09E+06,1.04E+06,Ar(3d[5/2]2),Ar(4f[7/2]3),Ar(4f[7/2]3)->Ar(3d[5/2]2),O,1465.44,1715.54
3d,4f,3d-3F2,4f-3G3,5,7,7245.32,0.252278,0.370757,1.26E+06,1.85E+06,Ar(3d[5/2]2),Ar(4f'[7/2]3),Ar(4f'[7/2]3)->Ar(3d[5/2]2),O,1215.47,1380.2
3d,4f,3d-3F2,4f-3F3,5,7,7246.03,1.49E-03,2.19E-03,7.75E+03,1.09632E+04,Ar(3d[5/2]2),Ar(4f'[5/2]3),Ar(4f'[5/2]3)->Ar(3d[5/2]2),O,1215.32,1380.07
3d,4f,3d-1D2,4f-3D3,5,7,4605.93,5.45E-03,3.23E-03,1.10E+04,6.52E+03,Ar(3d'[5/2]2),Ar(4f[5/2]3),Ar(4f[5/2]3)->Ar(3d'[5/2]2),O,1789.31,2171.11
3d,4f,3d-1D2,4f-1F3,5,7,4628.52,0.331561,0.198834,6.77E+05,4.06E+05,Ar(3d'[5/2]2),Ar(4f[7/2]3),Ar(4f[7/2]3)->Ar(3d'[5/2]2),O,1782.89,2160.52
3d,4f,3d-1D2,4f-3G3,5,7,6044.78,0.378497,0.387182,1.32E+06,1.35E+06,Ar(3d'[5/2]2),Ar(4f'[7/2]3),Ar(4f'[7/2]3)->Ar(3d'[5/2]2),O,1426.08,1654.32
3d,4f,3d-1D2,4f-3F3,5,7,6045.49,0.014343,0.014636,5.00E+04,5.10E+04,Ar(3d'[5/2]2),Ar(4f'[5/2]3),Ar(4f'[5/2]3)->Ar(3d'[5/2]2),O,1425.87,1654.13
3d,4f,3d-3D2,4f-3D3,5,7,4478.58,0.436511,0.244935,8.34E+05,4.68E+05,Ar(3d'[3/2]2),Ar(4f[5/2]3),Ar(4f[5/2]3)->Ar(3d'[3/2]2),O,1843.45,2232.85
3d,4f,3d-3D2,4f-1F3,5,7,4501.17,3.55E-06,1.76E-06,6.85536,3.39364,Ar(3d'[3/2]2),Ar(4f[7/2]3),Ar(4f[7/2]3)->Ar(3d'[3/2]2),O,1836.63,2221.64
3d,4f,3d-3D2,4f-3G3,5,7,5917.43,1.16E-04,1.17E-04,3.88E+02,3.92E+02,Ar(3d'[3/2]2),Ar(4f'[7/2]3),Ar(4f'[7/2]3)->Ar(3d'[3/2]2),O,1460.26,1689.92
3d,4f,3d-3D2,4f-3F3,5,7,5918.14,3.659779,3.58563,1.22E+07,1.20E+07,Ar(3d'[3/2]2),Ar(4f'[5/2]3),Ar(4f'[5/2]3)->Ar(3d'[3/2]2),O,1460.05,1689.72
3d,4f,3d-3F3,4f-3D2,7,5,6115.36,3.73E-03,3.91E-03,1.86E+04,1.95E+04,Ar(3d[7/2]3),Ar(4f[3/2]2),Ar(4f[3/2]2)->Ar(3d[7/2]3),O,1395.04,1635.23
3d,4f,3d-3F3,4f-1D2,7,5,6160.92,0.046675,0.049601,2.36E+05,2.51E+05,Ar(3d[7/2]3),Ar(4f[5/2]2),Ar(4f[5/2]2)->Ar(3d[7/2]3),O,1387.02,1623.13
3d,4f,3d-3F3,4f-3F2,7,5,7600.5,4.16E-04,6.72E-04,3.21E+03,5.18E+03,Ar(3d[7/2]3),Ar(4f'[5/2]2),Ar(4f'[5/2]2)->Ar(3d[7/2]3),O,1158.18,1315.7
3d,4f,3d-1F3,4f-3D2,7,5,5654.04,0.055269,0.049423,2.36E+05,2.11E+05,Ar(3d[5/2]3),Ar(4f[3/2]2),Ar(4f[3/2]2)->Ar(3d[5/2]3),O,1545.1,1768.65
3d,4f,3d-1F3,4f-1D2,7,5,5699.6,0.027659,0.025134,1.20E+05,1.09E+05,Ar(3d[5/2]3),Ar(4f[5/2]2),Ar(4f[5/2]2)->Ar(3d[5/2]3),O,1535.27,1754.51
3d,4f,3d-1F3,4f-3F2,7,5,7139.17,5.18E-04,8.37E-04,3.99E+03,5.69E+03,Ar(3d[5/2]3),Ar(4f'[5/2]2),Ar(4f'[5/2]2)->Ar(3d[5/2]3),O,1259.76,1400.72
3d,4f,3d-3D3,4f-3D2,7,5,4465.79,3.69E-03,2.06E-03,9.81E+03,5.47E+03,Ar(3d'[5/2]3),Ar(4f[3/2]2),Ar(4f[3/2]2)->Ar(3d'[5/2]3),O,1863.35,2239.25
3d,4f,3d-3D3,4f-1D2,7,5,4511.35,5.82E-03,3.32E-03,1.58E+04,9.00E+03,Ar(3d'[5/2]3),Ar(4f[5/2]2),Ar(4f[5/2]2)->Ar(3d'[5/2]3),O,1849.07,2216.63
3d,4f,3d-3D3,4f-3F2,7,5,5950.93,0.012658,0.012539,5.98E+04,5.92E+04,Ar(3d'[5/2]3),Ar(4f'[5/2]2),Ar(4f'[5/2]2)->Ar(3d'[5/2]3),O,1463.56,1680.41
3d,4f,3d-3F3,4f-3D3,7,7,6160.56,0.043016,0.045715,1.56E+05,1.65E+05,Ar(3d[7/2]3),Ar(4f[5/2]3),Ar(4f[5/2]3)->Ar(3d[7/2]3),O,1387.08,1623.23
3d,4f,3d-3F3,4f-1F3,7,7,6183.15,0.692961,0.741714,2.52E+06,2.70E+06,Ar(3d[7/2]3),Ar(4f[7/2]3),Ar(4f[7/2]3)->Ar(3d[7/2]3),O,1383.22,1617.3
3d,4f,3d-3F3,4f-3G3,7,7,7599.41,1.84E-03,2.98E-03,1.01E+04,1.64E+04,Ar(3d[7/2]3),Ar(4f'[7/2]3),Ar(4f'[7/2]3)->Ar(3d[7/2]3),O,1158.36,1315.89
3d,4f,3d-3F3,4f-3F3,7,7,7600.12,5.10E-03,8.24E-03,2.81E+04,4.54E+04,Ar(3d[7/2]3),Ar(4f'[5/2]3),Ar(4f'[5/2]3)->Ar(3d[7/2]3),O,1158.23,1315.77
3d,4f,3d-1F3,4f-3D3,7,7,5699.24,0.956972,0.869486,2.96E+06,2.69E+06,Ar(3d[5/2]3),Ar(4f[5/2]3),Ar(4f[5/2]3)->Ar(3d[5/2]3),O,1535.34,1754.62
3d,4f,3d-1F3,4f-1F3,7,7,5721.82,0.037089,0.033959,1.16E+05,1.06E+05,Ar(3d[5/2]3),Ar(4f[7/2]3),Ar(4f[7/2]3)->Ar(3d[5/2]3),O,1530.62,1747.7
3d,4f,3d-1F3,4f-3G3,7,7,7138.09,5.42E-03,7.73E-03,2.63E+04,3.75E+04,Ar(3d[5/2]3),Ar(4f'[7/2]3),Ar(4f'[7/2]3)->Ar(3d[5/2]3),O,1259.97,1400.94
3d,4f,3d-1F3,4f-3F3,7,7,7138.79,0.013006,0.018541,6.32E+04,9.00E+04,Ar(3d[5/2]3),Ar(4f'[5/2]3),Ar(4f'[5/2]3)->Ar(3d[5/2]3),O,1259.81,1400.8
3d,4f,3d-3D3,4f-3D3,7,7,4511,0.068713,0.039118,1.33E+05,7.59E+04,Ar(3d'[5/2]3),Ar(4f[5/2]3),Ar(4f[5/2]3)->Ar(3d'[5/2]3),O,1849.18,2216.81
3d,4f,3d-3D3,4f-1F3,7,7,4533.58,0.029793,0.017141,5.84E+04,3.36E+04,Ar(3d'[5/2]3),Ar(4f[7/2]3),Ar(4f[7/2]3)->Ar(3d'[5/2]3),O,1842.32,2205.76
3d,4f,3d-3D3,4f-3G3,7,7,5949.84,0.199338,0.197394,6.72E+05,6.66E+05,Ar(3d'[5/2]3),Ar(4f'[7/2]3),Ar(4f'[7/2]3)->Ar(3d'[5/2]3),O,1463.85,1680.72
3d,4f,3d-3D3,4f-3F3,7,7,5950.55,0.254916,0.252487,8.60E+05,8.52E+05,Ar(3d'[5/2]3),Ar(4f'[5/2]3),Ar(4f'[5/2]3)->Ar(3d'[5/2]3),O,1463.64,1680.52
3d,4f,3d-3F3,4f-1G4,7,9,6136.91,0.485558,0.511967,1.36E+06,1.43E+06,Ar(3d[7/2]3),Ar(4f[9/2]4),Ar(4f[9/2]4)->Ar(3d[7/2]3),O,1391.44,1629.48
3d,4f,3d-3F3,4f-3F4,7,9,6183.19,0.157217,0.168311,4.45E+05,4.77E+05,Ar(3d[7/2]3),Ar(4f[7/2]4),Ar(4f[7/2]4)->Ar(3d[7/2]3),O,1383.21,1617.29
3d,4f,3d-3F3,4f-3G4,7,9,7599.52,0.084147,0.135934,3.60E+05,5.82E+05,Ar(3d[7/2]3),Ar(4f'[7/2]4),Ar(4f'[7/2]4)->Ar(3d[7/2]3),O,1158.36,1315.87
3d,4f,3d-1F3,4f-1G4,7,9,5675.59,0.418144,0.376995,9.99E+05,9.00E+05,Ar(3d[5/2]3),Ar(4f[9/2]4),Ar(4f[9/2]4)->Ar(3d[5/2]3),O,1540.68,1761.93
3d,4f,3d-1F3,4f-3F4,7,9,5721.86,4.67205,4.27869,1.13E+07,1.04E+07,Ar(3d[5/2]3),Ar(4f[7/2]4),Ar(4f[7/2]4)->Ar(3d[5/2]3),O,1530.61,1747.69
3d,4f,3d-1F3,4f-3G4,7,9,7138.19,0.131407,0.187294,4.96E+05,7.07E+05,Ar(3d[5/2]3),Ar(4f'[7/2]4),Ar(4f'[7/2]4)->Ar(3d[5/2]3),O,1259.97,1400.92
3d,4f,3d-3D3,4f-1G4,7,9,4487.35,0.056298,0.031754,8.40E+04,4.74E+04,Ar(3d'[5/2]3),Ar(4f[9/2]4),Ar(4f[9/2]4)->Ar(3d'[5/2]3),O,1856.93,2228.49
3d,4f,3d-3D3,4f-3F4,7,9,4533.62,0.226176,0.130056,3.45E+05,1.98E+05,Ar(3d'[5/2]3),Ar(4f[7/2]4),Ar(4f[7/2]4)->Ar(3d'[5/2]3),O,1842.31,2205.75
3d,4f,3d-3D3,4f-3G4,7,9,5949.95,5.34017E-02,5.28822E-02,1.4E+06,1.39E+06,Ar(3d'[5/2]3),Ar(4f'[7/2]4),Ar(4f'[7/2]4)->Ar(3d'[5/2]3),O,1463.84,1680.69
3d,4f,3d-3F4,4f-3D3,9,7,6333.42,0.037586,0.042173,1.44E+05,1.61E+05,Ar(3d[7/2]4),Ar(4f[5/2]3),Ar(4f[5/2]3)->Ar(3d[7/2]4),O,1336.97,1578.93
3d,4f,3d-3F4,4f-1F3,9,7,6356.01,0.020812,0.023519,8.01E+04,9.05E+04,Ar(3d[7/2]4),Ar(4f[7/2]3),Ar(4f[7/2]3)->Ar(3d[7/2]4),O,1333.38,1573.31
3d,4f,3d-3F4,4f-3G3,9,7,7772.27,6.15E-06,1.04E-05,35.3963,59.8117,Ar(3d[7/2]4),Ar(4f'[7/2]3),Ar(4f'[7/2]3)->Ar(3d[7/2]4),O,1123.21,1286.63
3d,4f,3d-3F4,4f-3F3,9,7,7772.98,2.58E-05,4.37E-05,1.49E+02,2.51E+02,Ar(3d[7/2]4),Ar(4f'[5/2]3),Ar(4f'[5/2]3)->Ar(3d[7/2]4),O,1123.08,1286.51
3d,4f,3d-3F4,4f-1G4,9,9,6309.77,0.148049,0.16488,4.37E+05,4.87E+05,Ar(3d[7/2]4),Ar(4f[9/2]4),Ar(4f[9/2]4)->Ar(3d[7/2]4),O,1341.02,1584.84
3d,4f,3d-3F4,4f-3F4,9,9,6356.05,0.727333,0.821931,2.18E+06,2.46E+06,Ar(3d[7/2]4),Ar(4f[7/2]4),Ar(4f[7/2]4)->Ar(3d[7/2]4),O,1333.38,1573.31
3d,4f,3d-3F4,4f-3G4,9,9,7772.38,2.16E-04,3.65E-04,9.67E+02,1.63E+03,Ar(3d[7/2]4),Ar(4f'[7/2]4),Ar(4f'[7/2]4)->Ar(3d[7/2]4),O,1123.2,1286.61
3d,4f,3d-3F4,4f-3G5,9,11,6309.6,6.46074,7.19471,1.56E+07,1.74E+07,Ar(3d[7/2]4),Ar(4f[9/2]5),Ar(4f[9/2]5)->Ar(3d[7/2]4),O,1341.03,1584.89
4d,4f,4d-3P0,4f-3D1,1,3,787.18,0.099786,0.382551,1.37E+04,5.27E+04,Ar(4d[1/2]0),Ar(4f[3/2]1),Ar(4f[3/2]1)->Ar(4d[1/2]0),O,5966.46,12702.93
4d,4f,4d-3P1,4f-3D1,3,3,696.47,0.10562,0.316579,1.14E+04,3.41E+04,Ar(4d[1/2]1),Ar(4f[3/2]1),Ar(4f[3/2]1)->Ar(4d[1/2]1),O,6506.87,14357.3
4d,4f,4d-3D1,4f-3D1,3,3,275.34,0.01712,8.09E-03,2.89E+02,1.36E+02,Ar(4d[3/2]1),Ar(4f[3/2]1),Ar(4f[3/2]1)->Ar(4d[3/2]1),O,29371.85,-36320.05
4d,4f,4d-1P1,4f-3D1,3,3,1715.52,1.96E-04,3.51E-03,1.28E+02,2.30E+03,Ar(4d'[3/2]1),Ar(4f[3/2]1),Ar(4f[3/2]1)->Ar(4d'[3/2]1),R,12140.52,-5829.14
4d,4f,4d-3P1,4f-3D2,3,5,696.96,0.0149901,0.0448182,9.71E+03,2.448E+04,Ar(4d[1/2]1),Ar(4f[3/2]2),Ar(4f[3/2]2)->Ar(4d[1/2]1),O,6505.18,14347.41
4d,4f,4d-3P1,4f-1D2,3,5,742.52,0.072519,0.248178,5.33E+03,1.83E+04,Ar(4d[1/2]1),Ar(4f[5/2]2),Ar(4f[5/2]2)->Ar(4d[1/2]1),O,6334.45,13467.11
4d,4f,4d-3P1,4f-3F2,3,5,2182.1,1.94E-03,0.057069,1.23E+03,3.63E+04,Ar(4d[1/2]1),Ar(4f'[5/2]2),Ar(4f'[5/2]2)->Ar(4d[1/2]1),O,3329.8,4582.68
4d,4f,4d-3D1,4f-3D2,3,5,274.85,0.281782,0.13047,4.73E+03,2.19E+03,Ar(4d[3/2]1),Ar(4f[3/2]2),Ar(4f[3/2]2)->Ar(4d[3/2]1),O,29337.47,-36383.48
4d,4f,4d-3D1,4f-1D2,3,5,229.29,0.543089,0.17606,6.35E+03,2.06E+03,Ar(4d[3/2]1),Ar(4f[5/2]2),Ar(4f[5/2]2)->Ar(4d[3/2]1),O,26157.95,-43612.89
4d,4f,4d-3D1,4f-3F2,3,5,1210.28,0.024864,0.225288,4.86E+03,4.40E+04,Ar(4d[3/2]1),Ar(4f'[5/2]2),Ar(4f'[5/2]2)->Ar(4d[3/2]1),O,5534.62,8262.48
4d,4f,4d-1P1,4f-3D2,3,5,1715.03,0.013452,0.24287,8.80E+03,1.59E+05,Ar(4d'[3/2]1),Ar(4f[3/2]2),Ar(4f[3/2]2)->Ar(4d'[3/2]1),R,12146.41,-5830.77
4d,4f,4d-1P1,4f-1D2,3,5,1669.48,6.71E-03,0.115047,4.16E+03,7.13E+04,Ar(4d'[3/2]1),Ar(4f[5/2]2),Ar(4f[5/2]2)->Ar(4d'[3/2]1),R,12790.07,-5989.89
4d,4f,4d-1P1,4f-3F2,3,5,229.9,0.875554,0.286312,1.03E+04,3.36E+03,Ar(4d'[3/2]1),Ar(4f'[5/2]2),Ar(4f'[5/2]2)->Ar(4d'[3/2]1),O,15560.32,-43497.17
4d,4f,4d-3P2,4f-3D1,5,3,536.64,0.014026,0.024876,8.98E+02,1.59E+03,Ar(4d[3/2]2),Ar(4f[3/2]1),Ar(4f[3/2]1)->Ar(4d[3/2]2),O,7802.62,18633.42
4d,4f,4d-1D2,4f-3D1,5,3,262.22,0.012661,5.40E-03,1.94E+02,82.5924,Ar(4d'[5/2]2),Ar(4f[3/2]1),Ar(4f[3/2]1)->Ar(4d'[5/2]2),R,23213.48,38131.55
4d,4f,4d-3F2,4f-3D1,5,3,1001.65,6.53E-05,4.06E-04,8.73401,54.3722,Ar(4d[5/2]2),Ar(4f[3/2]1),Ar(4f[3/2]1)->Ar(4d[5/2]2),O,13451.67,-9983.83
4d,4f,4d-3D2,4f-3D1,5,3,1043.79,3.21E-04,2.15E-03,46.659,3.13E+02,Ar(4d'[3/2]2),Ar(4f[3/2]1),Ar(4f[3/2]1)->Ar(4d'[3/2]2),R,24233.11,-9580.65
4d,4f,4d-3P2,4f-3D2,5,5,537.13,0.128152,0.22724,4.93E+03,8.75E+03,Ar(4d[3/2]2),Ar(4f[3/2]2),Ar(4f[3/2]2)->Ar(4d[3/2]2),O,7800.19,18616.77
4d,4f,4d-3P2,4f-1D2,5,5,582.68,0.033421,0.070098,1.51E+03,3.18E+03,Ar(4d[3/2]2),Ar(4f[5/2]2),Ar(4f[5/2]2)->Ar(4d[3/2]2),O,7556.0,17161.2
4d,4f,4d-3P2,4f-3F2,5,5,2022.26,2.34E-04,0.010783,2.34E+02,5.88E+03,Ar(4d[3/2]2),Ar(4f'[5/2]2),Ar(4f'[5/2]2)->Ar(4d[3/2]2),O,3639.05,4944.89
4d,4f,4d-1D2,4f-3D2,5,5,262.7,1.05E-03,4.26E-04,9.62705,3.93465,Ar(4d'[5/2]2),Ar(4f[3/2]2),Ar(4f[3/2]2)->Ar(4d'[5/2]2),R,23235.0,38061.89
4d,4f,4d-1D2,4f-1D2,5,5,308.26,0.203026,0.119404,2.57E+03,1.51E+03,Ar(4d'[5/2]2),Ar(4f[5/2]2),Ar(4f[5/2]2)->Ar(4d'[5/2]2),R,25710.03,32436.99
4d,4f,4d-1D2,4f-3F2,5,5,1747.84,3.60E-04,6.81E-03,1.47E+02,2.78E+03,Ar(4d'[5/2]2),Ar(4f'[5/2]2),Ar(4f'[5/2]2)->Ar(4d'[5/2]2),O,9656.58,5721.25
4d,4f,4d-3F2,4f-3D2,5,5,1001.16,3.01E-06,1.76E-05,0.402524,2.35275,Ar(4d[5/2]2),Ar(4f[3/2]2),Ar(4f[3/2]2)->Ar(4d[5/2]2),O,13444.46,-9988.61
4d,4f,4d-3F2,4f-1D2,5,5,955.6,1.55E-03,8.75E-03,1.89E+02,1.07E+03,Ar(4d[5/2]2),Ar(4f[5/2]2),Ar(4f[5/2]2)->Ar(4d[5/2]2),O,12735.07,-10464.85
4d,4f,4d-3F2,4f-3F2,5,5,483.97,0.033963,0.049299,1.06E+03,1.54E+03,Ar(4d[5/2]2),Ar(4f'[5/2]2),Ar(4f'[5/2]2)->Ar(4d[5/2]2),O,4525.4,20661.16
4d,4f,4d-3D2,4f-3D2,5,5,1043.3,2.94E-03,0.019669,4.27E+02,2.86E+03,Ar(4d'[3/2]2),Ar(4f[3/2]2),Ar(4f[3/2]2)->Ar(4d'[3/2]2),R,24256.57,-9585.06
4d,4f,4d-3D2,4f-1D2,5,5,997.75,6.03E-04,3.71E-03,80.1127,4.93E+02,Ar(4d'[3/2]2),Ar(4f[5/2]2),Ar(4f[5/2]2)->Ar(4d'[3/2]2),R,26966.72,-10022.75
4d,4f,4d-3D2,4f-3F2,5,5,441.83,0.058564,0.070305,1.53E+03,1.83E+03,Ar(4d'[3/2]2),Ar(4f'[5/2]2),Ar(4f'[5/2]2)->Ar(4d'[3/2]2),O,9490.46,22632.11
4d,4f,4d-3P2,4f-3D3,5,7,582.33,0.491975,1.02521,1.59E+04,3.31E+04,Ar(4d[3/2]2),Ar(4f[5/2]3),Ar(4f[5/2]3)->Ar(4d[3/2]2),O,7557.78,17171.8
4d,4f,4d-3P2,4f-1F3,5,7,604.91,8.99E-06,9.06E-06,0.313624,0.316013,Ar(4d[3/2]2),Ar(4f[7/2]3),Ar(4f[7/2]3)->Ar(4d[3/2]2),O,7444.55,16530.57
4d,4f,4d-3P2,4f-3G3,5,7,2021.18,3.56E-09,4.71E-07,1.39E-03,0.18348,Ar(4d[3/2]2),Ar(4f'[7/2]3),Ar(4f'[7/2]3)->Ar(4d[3/2]2),O,3640.83,4947.56
4d,4f,4d-3P2,4f-3F3,5,7,2021.88,6.01E-03,0.1508,2.34E+03,5.87E+04,Ar(4d[3/2]2),Ar(4f'[5/2]3),Ar(4f'[5/2]3)->Ar(4d[3/2]2),O,3639.51,4945.82
4d,4f,4d-1D2,4f-3D3,5,7,307.91,0.014183,8.12E-03,1.28E+02,73.3785,Ar(4d'[5/2]2),Ar(4f[5/2]3),Ar(4f[5/2]3)->Ar(4d'[5/2]2),R,25689.36,32474.91
4d,4f,4d-1D2,4f-1F3,5,7,330.49,0.958322,0.646798,9.97E+03,6.73E+03,Ar(4d'[5/2]2),Ar(4f[7/2]3),Ar(4f[7/2]3)->Ar(4d'[5/2]2),R,27089.98,30255.36
4d,4f,4d-1D2,4f-3G3,5,7,1746.75,3.02E-03,0.057979,8.79E+02,1.66E+04,Ar(4d'[5/2]2),Ar(4f'[7/2]3),Ar(4f'[7/2]3)->Ar(4d'[5/2]2),O,9669.11,5724.82
4d,4f,4d-1D2,4f-3F3,5,7,1747.46,3.01E-05,5.56E-04,8.7681,1.62E+02,Ar(4d'[5/2]2),Ar(4f'[5/2]3),Ar(4f'[5/2]3)->Ar(4d'[5/2]2),O,9659.8,5722.49
4d,4f,4d-3F2,4f-3D3,5,7,955.96,9.15E-05,5.04E-04,11.1562,61.4832,Ar(4d[5/2]2),Ar(4f[5/2]3),Ar(4f[5/2]3)->Ar(4d[5/2]2),O,12740.15,-10460.91
4d,4f,4d-3F2,4f-1F3,5,7,933.38,4.62E-03,0.024881,5.37E+02,2.89E+03,Ar(4d[5/2]2),Ar(4f[7/2]3),Ar(4f[7/2]3)->Ar(4d[5/2]2),O,12421.65,-10714.09
4d,4f,4d-3F2,4f-3G3,5,7,482.89,0.763722,1.10144,1.70E+04,2.45E+04,Ar(4d[5/2]2),Ar(4f'[7/2]3),Ar(4f'[7/2]3)->Ar(4d[5/2]2),O,4528.15,20707.79
4d,4f,4d-3F2,4f-3F3,5,7,483.59,3.53E-03,5.00E-03,78.7454,1.11E+02,Ar(4d[5/2]2),Ar(4f'[5/2]3),Ar(4f'[5/2]3)->Ar(4d[5/2]2),O,4526.11,20677.39
4d,4f,4d-3D2,4f-3D3,5,7,998.1,9.08E-03,0.055573,1.21E+03,7.39E+03,Ar(4d'[3/2]2),Ar(4f[5/2]3),Ar(4f[5/2]3)->Ar(4d'[3/2]2),R,26943.97,-10019.14
4d,4f,4d-3D2,4f-1F3,5,7,975.52,5.75E-06,2.00E-06,7.31E-01,0.254181,Ar(4d'[3/2]2),Ar(4f[7/2]3),Ar(4f[7/2]3)->Ar(4d'[3/2]2),R,28488.85,-10251.15
4d,4f,4d-3D2,4f-3G3,5,7,440.75,7.73E-05,1.07E-04,1.42995,1.98939,Ar(4d'[3/2]2),Ar(4f'[7/2]3),Ar(4f'[7/2]3)->Ar(4d'[3/2]2),O,9502.56,22688.08
4d,4f,4d-3D2,4f-3F3,5,7,441.45,0.807998,0.967021,1.50E+04,1.80E+04,Ar(4d'[3/2]2),Ar(4f'[5/2]3),Ar(4f'[5/2]3)->Ar(4d'[3/2]2),O,9493.58,22651.6
4d,4f,4d-3F3,4f-3D2,7,5,446.73,1.02E-03,1.26E-03,27.1831,33.5678,Ar(4d[7/2]3),Ar(4f[3/2]2),Ar(4f[3/2]2)->Ar(4d[7/2]3),O,10248.41,22383.38
4d,4f,4d-3F3,4f-1D2,7,5,492.29,9.48E-03,1.42E-03,3.07E+03,4.60E+02,Ar(4d[7/2]3),Ar(4f[5/2]2),Ar(4f[5/2]2)->Ar(4d[7/2]3),O,9830.98,20311.99
4d,4f,4d-3F3,4f-3F2,7,5,1931.87,1.42E-05,3.26E-04,7.06786,1.62E+02,Ar(4d[7/2]3),Ar(4f'[5/2]2),Ar(4f'[5/2]2)->Ar(4d[7/2]3),O,4095.49,5176.25
4d,4f,4d-3D3,4f-3D2,7,5,209.3,0.023216,6.24E-03,1.36E+02,36.4897,Ar(4d'[5/2]3),Ar(4f[3/2]2),Ar(4f[3/2]2)->Ar(4d'[5/2]3),R,17704.12,47773.74
4d,4f,4d-3D3,4f-1D2,7,5,254.86,9.3E-05,9.28E-06,80.5753,32.1308,Ar(4d'[5/2]3),Ar(4f[5/2]2),Ar(4f[5/2]2)->Ar(4d'[5/2]3),R,19105.54,39234.15
4d,4f,4d-3D3,4f-3F2,7,5,1694.43,9.28E-06,1.64E-04,3.55311,62.6318,Ar(4d'[5/2]3),Ar(4f'[5/2]2),Ar(4f'[5/2]2)->Ar(4d'[5/2]3),O,11097.44,5901.59
4d,4f,4d-1F3,4f-3D2,7,5,1076.14,4.54E-05,3.24E-04,5.01391,35.7292,Ar(4d[5/2]3),Ar(4f[3/2]2),Ar(4f[3/2]2)->Ar(4d[5/2]3),O,16061.65,-9292.56
4d,4f,4d-1F3,4f-1D2,7,5,1030.58,1.14E-04,7.47E-04,11.5341,75.5513,Ar(4d[5/2]3),Ar(4f[5/2]2),Ar(4f[5/2]2)->Ar(4d[5/2]3),O,15059.49,-9703.37
4d,4f,4d-1F3,4f-3F2,7,5,409,2.98E-03,3.06E-03,66.4841,68.27778,Ar(4d[5/2]3),Ar(4f'[5/2]2),Ar(4f'[5/2]2)->Ar(4d[5/2]3),O,4788.01,24449.28
4d,4f,4d-3F3,4f-3D3,7,7,491.93,1.15E-02,1.71E-02,2.64E+02,3.95E+02,Ar(4d[7/2]3),Ar(4f[5/2]3),Ar(4f[5/2]3)->Ar(4d[7/2]3),O,9834.0,20326.86
4d,4f,4d-3F3,4f-3G3,7,7,1930.78,3.08E-05,7.02E-04,10.9474,2.49E+02,Ar(4d[7/2]3),Ar(4f'[7/2]3),Ar(4f'[7/2]3)->Ar(4d[7/2]3),O,4097.74,5179.17
4d,4f,4d-3F3,4f-3F3,7,7,1931.49,1.45E-04,3.33E-03,51.6114,1.18E+03,Ar(4d[7/2]3),Ar(4f'[5/2]3),Ar(4f'[5/2]3)->Ar(4d[7/2]3),O,4096.07,5177.27
4d,4f,4d-3D3,4f-3D3,7,7,254.5,0.334987,0.133216,2.07E+03,8.22E+02,Ar(4d'[5/2]3),Ar(4f[5/2]3),Ar(4f[5/2]3)->Ar(4d'[5/2]3),R,19094.12,39289.64
4d,4f,4d-3D3,4f-1F3,7,7,277.08,0.010083,4.75E-03,73.7697,34.7688,Ar(4d'[5/2]3),Ar(4f[7/2]3),Ar(4f[7/2]3)->Ar(4d'[5/2]3),R,19857.21,36086.75
4d,4f,4d-3D3,4f-3G3,7,7,1693.35,4.56E-05,8.02E-04,12.4548,2.19E+02,Ar(4d'[5/2]3),Ar(4f'[7/2]3),Ar(4f'[7/2]3)->Ar(4d'[5/2]3),O,11113.99,5905.38
4d,4f,4d-3D3,4f-3F3,7,7,1694.05,2.31E-04,4.06E-03,63.0465,1.11E+03,Ar(4d'[5/2]3),Ar(4f'[5/2]3),Ar(4f'[5/2]3)->Ar(4d'[5/2]3),O,11101.7,5902.91
4d,4f,4d-1F3,4f-3D3,7,7,1030.94,1.02E-03,6.70E-03,1.04E+02,6.79E+02,Ar(4d[5/2]3),Ar(4f[5/2]3),Ar(4f[5/2]3)->Ar(4d[5/2]3),O,15066.59,-9699.98
4d,4f,4d-1F3,4f-1F3,7,7,1008.36,6.22E-04,3.91E-03,60.3087,3.79E+02,Ar(4d[5/2]3),Ar(4f[7/2]3),Ar(4f[7/2]3)->Ar(4d[5/2]3),O,14623.18,-9917.29
4d,4f,4d-1F3,4f-3G3,7,7,407.91,0.046003,0.046996,7.29E+02,7.45E+02,Ar(4d[5/2]3),Ar(4f'[7/2]3),Ar(4f'[7/2]3)->Ar(4d[5/2]3),O,4791.09,24514.61
4d,4f,4d-1F3,4f-3F3,7,7,408.62,0.059915,0.061422,9.53E+02,9.77E+02,Ar(4d[5/2]3),Ar(4f'[5/2]3),Ar(4f'[5/2]3)->Ar(4d[5/2]3),O,4788.8,24472.02
4d,4f,4d-3F3,4f-1G4,7,9,468.28,0.954264,1.29465,1.55E+04,2.10E+04,Ar(4d[7/2]3),Ar(4f[9/2]4),Ar(4f[9/2]4)->Ar(4d[7/2]3),O,10057.28,21353.38
4d,4f,4d-3F3,4f-1F3,7,7,514.55,0.041296,0.067654,8.10E+02,1.33E+03,Ar(4d[7/2]3),Ar(4f[7/2]3),Ar(4f[7/2]3)->Ar(4d[7/2]3),O,9643.15,19434.46
4d,4f,4d-3F3,4f-3G4,7,9,1930.89,4.67205E-02,4.27869E-02,5.63E+02,1.29E+03,Ar(4d[7/2]3),Ar(4f'[7/2]4),Ar(4f'[7/2]4)->Ar(4d[7/2]3),O,4097.67,5178.88
4d,4f,4d-3D3,4f-1G4,7,9,230.85,0.182218,0.059623,7.20E+02,2.35E+02,Ar(4d'[5/2]3),Ar(4f[9/2]4),Ar(4f[9/2]4)->Ar(4d'[5/2]3),R,18305.08,43314.42
4d,4f,4d-1P1,4f-1G4,3,9,1693.45,8.80E-04,0.015486,1.87E+02,3.29E+03,Ar(4d'[3/2]1),Ar(4f[9/2]4),Ar(4f[9/2]4)->Ar(4d'[3/2]1),R,12426.3,-5904.97
4d,4f,4d-1F3,4f-1G4,7,9,1054.59,2.10E-03,0.014477,2.22E+02,1.53E+03,Ar(4d[5/2]3),Ar(4f[9/2]4),Ar(4f[9/2]4)->Ar(4d[5/2]3),O,15597.1,-9482.45
4d,4f,4d-1F3,4f-3F4,7,9,1008.32,2.10E-03,0.013138,2.03E+02,1.27E+03,Ar(4d[5/2]3),Ar(4f[7/2]4),Ar(4f[7/2]4)->Ar(4d[5/2]3),O,14622.36,-9917.58
4d,4f,4d-1F3,4f-3G4,7,9,408.02,1.23392,1.26124,1.52E+04,1.56E+04,Ar(4d[5/2]3),Ar(4f'[7/2]4),Ar(4f'[7/2]4)->Ar(4d[5/2]3),O,4790.99,24508.0
4d,4f,4d-3F4,4f-3D3,9,7,606.82,5.99E-03,0.013533,2.10E+02,4.75E+02,Ar(4d[7/2]4),Ar(4f[5/2]3),Ar(4f[5/2]3)->Ar(4d[7/2]4),O,8291.17,16478.81
4d,4f,4d-3F4,4f-3G3,9,7,2045.67,1.50E-06,3.85E-05,0.14216,3.65243,Ar(4d[7/2]4),Ar(4f'[7/2]3),Ar(4f'[7/2]3)->Ar(4d[7/2]4),O,3802.87,4888.33
4d,4f,4d-3F4,4f-3F3,9,7,2046.37,1.5E-05,3.85E-05,0.597566,1.53642,Ar(4d[7/2]4),Ar(4f'[5/2]3),Ar(4f'[5/2]3)->Ar(4d[7/2]4),O,3801.43,4886.63
4d,4f,4d-3F4,4f-1G4,9,9,583.17,0.024443,0.051036,6.16E+02,1.29E+03,Ar(4d[7/2]4),Ar(4f[9/2]4),Ar(4f[9/2]4)->Ar(4d[7/2]4),O,8449.32,17147.07
4d,4f,4d-3F4,4f-1F3,9,7,629.44,0.112065,0.272607,3.29E+03,8.00E+03,Ar(4d[7/2]4),Ar(4f[7/2]3),Ar(4f[7/2]3)->Ar(4d[7/2]4),O,8155.09,15887.39
4d,4f,4d-3F4,4f-3G4,9,9,2045.77,1.25E-05,3.21E-04,3.88179,99.7482,Ar(4d[7/2]4),Ar(4f'[7/2]4),Ar(4f'[7/2]4)->Ar(4d[7/2]4),O,3802.81,4888.06
4d,4f,4d-3F4,4f-3G5,9,11,582.99,1.0669,2.22642,2.20E+04,4.59E+04,Ar(4d[7/2]4),Ar(4f[9/2]5),Ar(4f[9/2]5)->Ar(4d[7/2]4),O,8449.61,17152.07
g,5d,g-1S0,5d-3P1,1,3,121262.12,1.04E-03,1.17E-03,3.39E+06,3.83E+06,Ar,Ar(5d[1/2]1),Ar(5d[1/2]1)->Ar,O,82.01,82.47
g,5d,g-1S0,5d-3D1,1,3,121857.63,0.053039,0.060041,1.75E+08,1.98E+08,Ar,Ar(5d[3/2]1),Ar(5d[3/2]1)->Ar,O,81.62,82.06
g,5d,g-1S0,5d-1P1,1,3,123687.21,0.068294,0.077339,2.31E+08,2.61E+08,Ar,Ar(5d'[3/2]1),Ar(5d'[3/2]1)->Ar,O,80.77,80.85
5d,4f,5d-3P0,4f-3D1,1,3,2034.06,0.050392,0.041429,1.39E+05,1.14E+05,Ar(5d[1/2]0),Ar(4f[3/2]1),Ar(4f[3/2]1)->Ar(5d[1/2]0),R,6227.17,-4916.28
5d,4f,5d-3P1,4f-3D1,3,3,2093.45,0.041429,0.046981,4.58E+04,3.99E+04,Ar(5d[1/2]1),Ar(4f[3/2]1),Ar(4f[3/2]1)->Ar(5d[1/2]1),R,5731.92,-4776.8
5d,4f,5d-3D1,4f-3D1,3,3,2688.96,1.45E-03,2.08E-03,2.33E+03,3.35E+03,Ar(5d[3/2]1),Ar(4f[3/2]1),Ar(4f[3/2]1)->Ar(5d[3/2]1),R,4299.3,-3718.91
5d,4f,5d-1P1,4f-3D1,3,3,4518.54,6.88E-05,2.24E-04,2.50E+02,8.14E+02,Ar(5d'[3/2]1),Ar(4f[3/2]1),Ar(4f[3/2]1)->Ar(5d'[3/2]1),R,2756.85,-2213.1
5d,4f,5d-3P1,4f-3D2,3,5,2092.97,0.061962,0.053958,6.03E+04,5.26E+04,Ar(5d[1/2]1),Ar(4f[3/2]2),Ar(4f[3/2]2)->Ar(5d[1/2]1),R,5733.23,-4777.9
5d,4f,5d-3P1,4f-1D2,3,5,2047.41,0.037954,0.031606,3.54E+04,2.95E+04,Ar(5d[1/2]1),Ar(4f[5/2]2),Ar(4f[5/2]2)->Ar(5d[1/2]1),R,5872.73,-4884.22
5d,4f,5d-3P1,4f-3F2,3,5,607.83,3.24E-03,2.38E-04,2.66E+02,19.5498,Ar(5d[1/2]1),Ar(4f'[5/2]2),Ar(4f'[5/2]2)->Ar(5d[1/2]1),R,35936.62,-16451.97
5d,4f,5d-3D1,4f-3D2,3,5,2688.47,0.04605,0.066191,7.40E+04,1.06E+05,Ar(5d[3/2]1),Ar(4f[3/2]2),Ar(4f[3/2]2)->Ar(5d[3/2]1),R,4300.04,-3719.57
5d,4f,5d-3D1,4f-1D2,3,5,2642.92,0.061725,0.085699,9.59E+04,1.33E+05,Ar(5d[3/2]1),Ar(4f[5/2]2),Ar(4f[5/2]2)->Ar(5d[3/2]1),R,4378.04,-3783.69
5d,4f,5d-3D1,4f-3F2,3,5,1203.34,0.014403,4.14E-03,4.64E+03,1.33E+03,Ar(5d[3/2]1),Ar(4f'[5/2]2),Ar(4f'[5/2]2)->Ar(5d[3/2]1),R,11633.16,-8310.2
5d,4f,5d-1P1,4f-3D2,3,5,4518.06,3.17E-03,0.010325,1.15E+04,3.75E+04,Ar(5d'[3/2]1),Ar(4f[3/2]2),Ar(4f[3/2]2)->Ar(5d'[3/2]1),R,2757.15,-2213.34
5d,4f,5d-1P1,4f-1D2,3,5,4472.51,1.57E-03,5.00E-03,5.59E+03,1.78E+04,Ar(5d'[3/2]1),Ar(4f[5/2]2),Ar(4f[5/2]2)->Ar(5d'[3/2]1),R,2789.01,-2235.89
5d,4f,5d-1P1,4f-3F2,3,5,3032.92,0.112601,0.146523,1.64E+05,2.13E+05,Ar(5d'[3/2]1),Ar(4f'[5/2]2),Ar(4f'[5/2]2)->Ar(5d'[3/2]1),R,4627.53,-3297.15
5d,4f,5d-3P2,4f-3D1,5,3,2187.35,4.61E-03,4.38E-03,2.94E+03,2.80E+03,Ar(5d[3/2]2),Ar(4f[3/2]1),Ar(4f[3/2]1)->Ar(5d[3/2]2),R,5266.8,-4571.76
5d,4f,5d-1D2,4f-3D1,5,3,2327.76,1.89E-03,2.04E-03,1.37E+03,1.47E+03,Ar(5d'[5/2]2),Ar(4f[3/2]1),Ar(4f[3/2]1)->Ar(5d'[5/2]2),R,3014.54,-4295.98
5d,4f,5d-3F2,4f-3D1,5,3,3661.67,6.47E-06,1.72E-05,11.5756,30.8335,Ar(5d[5/2]2),Ar(4f[3/2]1),Ar(4f[3/2]1)->Ar(5d[5/2]2),R,4775.84,-2731.01
5d,4f,5d-3D2,4f-3D1,5,3,3674.91,3.87E-05,1.04E-04,69.8023,1.87E+02,Ar(5d'[3/2]2),Ar(4f[3/2]1),Ar(4f[3/2]1)->Ar(5d'[3/2]2),R,3140.02,-2721.17
5d,4f,5d-3P2,4f-3D2,5,5,2186.86,0.042132,0.04006,2.69E+04,2.56E+04,Ar(5d[3/2]2),Ar(4f[3/2]2),Ar(4f[3/2]2)->Ar(5d[3/2]2),R,5267.91,-4572.77
5d,4f,5d-3P2,4f-1D2,5,5,2141.3,0.012127,0.01105,7.42E+03,6.76E+03,Ar(5d[3/2]2),Ar(4f[5/2]2),Ar(4f[5/2]2)->Ar(5d[3/2]2),R,5385.45,-4670.06
5d,4f,5d-3P2,4f-3F2,5,5,701.73,4.20E-04,4.11E-05,27.5946,2.70168,Ar(5d[3/2]2),Ar(4f'[5/2]2),Ar(4f'[5/2]2)->Ar(5d[3/2]2),R,23130.14,-14250.7
5d,4f,5d-1D2,4f-3D2,5,5,2327.28,1.50E-04,1.62E-04,1.08E+02,1.17E+02,Ar(5d'[5/2]2),Ar(4f[3/2]2),Ar(4f[3/2]2)->Ar(5d'[5/2]2),R,3014.9,-4296.86
5d,4f,5d-1D2,4f-1D2,5,5,2281.72,0.036385,0.037641,2.53E+04,2.61E+04,Ar(5d'[5/2]2),Ar(4f[5/2]2),Ar(4f[5/2]2)->Ar(5d'[5/2]2),R,3053.04,-4382.66
5d,4f,5d-1D2,4f-3F2,5,5,842.14,4.20E-04,5.92E-05,39.7713,5.60428,Ar(5d'[5/2]2),Ar(4f'[5/2]2),Ar(4f'[5/2]2)->Ar(5d'[5/2]2),R,5402.75,-11874.51
5d,4f,5d-3F2,4f-3D2,5,5,3661.18,1.14E-07,3.06E-07,0.204119,0.547802,Ar(5d[5/2]2),Ar(4f[3/2]2),Ar(4f[3/2]2)->Ar(5d[5/2]2),R,4776.75,-2731.37
5d,4f,5d-3F2,4f-1D2,5,5,3615.63,1.71E-04,4.44E-04,2.98E+02,7.74E+02,Ar(5d[5/2]2),Ar(4f[5/2]2),Ar(4f[5/2]2)->Ar(5d[5/2]2),R,4873.2,-2765.79
5d,4f,5d-3F2,4f-3F2,5,5,2176.05,9.88E-03,9.29E-03,6.24E+03,5.87E+03,Ar(5d[5/2]2),Ar(4f'[5/2]2),Ar(4f'[5/2]2)->Ar(5d[5/2]2),R,15935.65,-4595.52
5d,4f,5d-3D2,4f-3D2,5,5,3674.43,3.56E-04,9.55E-04,6.41E+02,1.72E+03,Ar(5d'[3/2]2),Ar(4f[3/2]2),Ar(4f[3/2]2)->Ar(5d'[3/2]2),R,3140.41,-2721.53
5d,4f,5d-3D2,4f-1D2,5,5,3628.87,5.06E-05,1.32E-04,88.9462,2.33E+02,Ar(5d'[3/2]2),Ar(4f[5/2]2),Ar(4f[5/2]2)->Ar(5d'[3/2]2),R,3181.81,-2755.69
5d,4f,5d-3D2,4f-3F2,5,5,2189.29,0.015949,0.015198,1.04E+04,9.72E+03,Ar(5d'[3/2]2),Ar(4f'[5/2]2),Ar(4f'[5/2]2)->Ar(5d'[3/2]2),R,5819.55,-4567.73
5d,4f,5d-3P2,4f-3D3,5,7,2141.66,0.017799,0.016232,1.09E+05,9.93E+04,Ar(5d[3/2]2),Ar(4f[5/2]3),Ar(4f[5/2]3)->Ar(5d[3/2]2),R,5384.55,-4669.28
5d,4f,5d-3P2,4f-1F3,5,7,2119.08,2.54E-06,2.41E-06,1.51921,1.44572,Ar(5d[3/2]2),Ar(4f[7/2]3),Ar(4f[7/2]3)->Ar(5d[3/2]2),R,5443.54,-4719.05
5d,4f,5d-3P2,4f-3G3,5,7,702.81,1.28E-08,1.08E-09,8.40E-04,7.13E-05,Ar(5d[3/2]2),Ar(4f'[7/2]3),Ar(4f'[7/2]3)->Ar(5d[3/2]2),R,23058.56,-14228.6
5d,4f,5d-3P2,4f-3F3,5,7,702.1,5.87E-03,5.76E-04,3.86E+02,37.8626,Ar(5d[3/2]2),Ar(4f'[5/2]3),Ar(4f'[5/2]3)->Ar(5d[3/2]2),R,23111.64,-14242.99
5d,4f,5d-1D2,4f-3D3,5,7,2282.08,2.49E-03,2.58E-03,1.73E+03,1.79E+03,Ar(5d'[5/2]2),Ar(4f[5/2]3),Ar(4f[5/2]3)->Ar(5d'[5/2]2),R,3052.75,-4381.97
5d,4f,5d-1D2,4f-1F3,5,7,2259.49,0.184805,0.187498,1.26E+05,1.28E+05,Ar(5d'[5/2]2),Ar(4f[7/2]3),Ar(4f[7/2]3)->Ar(5d'[5/2]2),R,3071.62,-4425.78
5d,4f,5d-1D2,4f-3G3,5,7,843.23,1.60E-03,2.27E-04,1.52E+02,21.5041,Ar(5d'[5/2]2),Ar(4f'[7/2]3),Ar(4f'[7/2]3)->Ar(5d'[5/2]2),R,5398.83,-11859.16
5d,4f,5d-1D2,4f-3F3,5,7,842.52,3.37E-05,4.76E-06,3.18954,0.450819,Ar(5d'[5/2]2),Ar(4f'[5/2]3),Ar(4f'[5/2]3)->Ar(5d'[5/2]2),R,5401.74,-11869.15
5d,4f,5d-3F2,4f-3D3,5,7,3615.98,8.81E-06,2.30E-05,15.3741,40.037,Ar(5d[5/2]2),Ar(4f[5/2]3),Ar(4f[5/2]3)->Ar(5d[5/2]2),R,4872.45,-2765.51
5d,4f,5d-3F2,4f-1F3,5,7,3593.4,2.88E-04,7.39E-04,4.96E+02,1.27E+03,Ar(5d[5/2]2),Ar(4f[7/2]3),Ar(4f[7/2]3)->Ar(5d[5/2]2),R,4920.71,-2782.9
5d,4f,5d-3F2,4f-3G3,5,7,2177.13,0.223495,0.210507,1.41E+05,1.33E+05,Ar(5d[5/2]2),Ar(4f'[7/2]3),Ar(4f'[7/2]3)->Ar(5d[5/2]2),R,15901.64,-4593.22
5d,4f,5d-3F2,4f-3F3,5,7,2176.43,1.29E-03,1.21E-03,8.13E+02,7.66E+02,Ar(5d[5/2]2),Ar(4f'[5/2]3),Ar(4f'[5/2]3)->Ar(5d[5/2]2),R,15926.86,-4594.72
5d,4f,5d-3D2,4f-3D3,5,7,3629.22,7.90E-04,2.07E-03,1.39E+03,3.64E+03,Ar(5d'[3/2]2),Ar(4f[5/2]3),Ar(4f[5/2]3)->Ar(5d'[3/2]2),R,3181.5,-2755.42
5d,4f,5d-3D2,4f-1F3,5,7,3606.64,9.95E-08,2.66E-07,0.172647,0.461159,Ar(5d'[3/2]2),Ar(4f[7/2]3),Ar(4f[7/2]3)->Ar(5d'[3/2]2),R,3202.0,-2772.68
5d,4f,5d-3D2,4f-3G3,5,7,2190.38,7.22E-05,6.84E-05,46.212,43.7537,Ar(5d'[3/2]2),Ar(4f'[7/2]3),Ar(4f'[7/2]3)->Ar(5d'[3/2]2),R,5815.01,-4565.46
5d,4f,5d-3D2,4f-3F3,5,7,2189.67,0.216659,0.20655,1.39E+05,1.32E+05,Ar(5d'[3/2]2),Ar(4f'[5/2]3),Ar(4f'[5/2]3)->Ar(5d'[3/2]2),R,5818.38,-4566.94
5d,4f,5d-3F3,4f-3D2,7,5,2227.37,2.90E-04,2.86E-04,1.37E+02,1.35E+02,Ar(5d[7/2]3),Ar(4f[3/2]2),Ar(4f[3/2]2)->Ar(5d[7/2]3),R,5072.23,-4489.6
5d,4f,5d-3F3,4f-1D2,7,5,2181.81,2.86E-03,2.70E-03,1.30E+03,1.23E+03,Ar(5d[7/2]3),Ar(4f[5/2]2),Ar(4f[5/2]2)->Ar(5d[7/2]3),R,5181.11,-4583.35
5d,4f,5d-3F3,4f-3F2,7,5,742.24,2.72E-05,2.99E-06,1.42785,0.156356,Ar(5d[7/2]3),Ar(4f'[5/2]2),Ar(4f'[5/2]2)->Ar(5d[7/2]3),R,19779.65,-13472.91
5d,4f,5d-3D3,4f-3D2,7,5,2355.14,2.68E-03,2.95E-03,1.42E+03,1.56E+03,Ar(5d'[5/2]3),Ar(4f[3/2]2),Ar(4f[3/2]2)->Ar(5d'[5/2]3),R,2968.42,-4246.03
5d,4f,5d-3D3,4f-1D2,7,5,2309.58,1.31E-03,1.39E-03,6.67E+02,7.07E+02,Ar(5d'[5/2]3),Ar(4f[5/2]2),Ar(4f[5/2]2)->Ar(5d'[5/2]3),R,3005.39,-4329.79
5d,4f,5d-3D3,4f-3F2,7,5,870,1.03E-05,1.55E-06,0.744065,0.111979,Ar(5d'[5/2]3),Ar(4f'[5/2]2),Ar(4f'[5/2]2)->Ar(5d'[5/2]3),R,5255.3,-11494.25
5d,4f,5d-1F3,4f-3D2,7,5,3707.55,4.55E-06,1.24E-05,5.95502,16.2727,Ar(5d[5/2]3),Ar(4f[3/2]2),Ar(4f[3/2]2)->Ar(5d[5/2]3),R,4670.63,-2697.21
5d,4f,5d-1F3,4f-1D2,7,5,3661.99,1.48E-05,3.93E-05,18.8564,50.2596,Ar(5d[5/2]3),Ar(4f[5/2]2),Ar(4f[5/2]2)->Ar(5d[5/2]3),R,4762.79,-2730.76
5d,4f,5d-1F3,4f-3F2,7,5,2222.41,7.24E-04,7.11E-04,3.41E+02,3.35E+02,Ar(5d[5/2]3),Ar(4f'[5/2]2),Ar(4f'[5/2]2)->Ar(5d[5/2]3),R,14812.8,-4499.64
5d,4f,5d-3F3,4f-3D3,7,7,2182.17,3.73E-03,3.53E-03,1.69E+03,1.60E+03,Ar(5d[7/2]3),Ar(4f[5/2]3),Ar(4f[5/2]3)->Ar(5d[7/2]3),R,5180.27,-4582.59
5d,4f,5d-3F3,4f-1F3,7,7,2159.59,0.040701,0.037719,1.81E+04,1.68E+04,Ar(5d[7/2]3),Ar(4f[7/2]3),Ar(4f[7/2]3)->Ar(5d[7/2]3),R,5234.85,-4630.53
5d,4f,5d-3F3,4f-3G3,7,7,743.32,1.14E-05,1.25E-06,0.598734,0.065854,Ar(5d[7/2]3),Ar(4f'[7/2]3),Ar(4f'[7/2]3)->Ar(5d[7/2]3),R,19727.28,-13453.16
5d,4f,5d-3F3,4f-3F3,7,7,742.62,2.10E-04,2.30E-05,11.0247,1.20874,Ar(5d[7/2]3),Ar(4f'[5/2]3),Ar(4f'[5/2]3)->Ar(5d[7/2]3),R,19766.12,-13466.02
5d,4f,5d-3D3,4f-3D3,7,7,2309.94,0.047988,0.059141,2.44E+04,2.59E+04,Ar(5d'[5/2]3),Ar(4f[5/2]3),Ar(4f[5/2]3)->Ar(5d'[5/2]3),R,3005.1,-4329.12
5d,4f,5d-3D3,4f-1F3,7,7,2287.36,1.47E-03,1.53E-03,7.35E+02,7.65E+02,Ar(5d'[5/2]3),Ar(4f[7/2]3),Ar(4f[7/2]3)->Ar(5d'[5/2]3),R,3023.39,-4371.87
5d,4f,5d-3D3,4f-3G3,7,7,871.09,2.03E-05,3.06E-06,1.46519,0.221056,Ar(5d'[5/2]3),Ar(4f'[7/2]3),Ar(4f'[7/2]3)->Ar(5d'[5/2]3),R,5251.59,-11479.87
5d,4f,5d-3D3,4f-3F3,7,7,870.38,2.86E-04,4.31E-05,20.6502,3.11059,Ar(5d'[5/2]3),Ar(4f'[5/2]3),Ar(4f'[5/2]3)->Ar(5d'[5/2]3),R,5254.34,-11489.23
5d,4f,5d-1F3,4f-3D3,7,7,3662.35,1.26E-04,3.36E-04,1.61E+02,4.29E+02,Ar(5d[5/2]3),Ar(4f[5/2]3),Ar(4f[5/2]3)->Ar(5d[5/2]3),R,4762.08,-2730.49
5d,4f,5d-1F3,4f-1F3,7,7,3639.76,6.35E-05,1.67E-04,80.137,2.11E+02,Ar(5d[5/2]3),Ar(4f[7/2]3),Ar(4f[7/2]3)->Ar(5d[5/2]3),R,4808.16,-2747.44
5d,4f,5d-1F3,4f-3G3,7,7,2223.5,0.011028,0.010841,5.20E+03,5.11E+03,Ar(5d[5/2]3),Ar(4f'[7/2]3),Ar(4f'[7/2]3)->Ar(5d[5/2]3),R,14783.41,-4497.43
5d,4f,5d-1F3,4f-3F3,7,7,2222.79,0.014514,0.014259,6.83E+03,6.71E+03,Ar(5d[5/2]3),Ar(4f'[5/2]3),Ar(4f'[5/2]3)->Ar(5d[5/2]3),R,14805.21,-4498.87
5d,4f,5d-3F3,4f-1G4,7,9,2205.82,0.263854,0.255106,1.22E+05,1.18E+05,Ar(5d[7/2]3),Ar(4f[9/2]4),Ar(4f[9/2]4)->Ar(5d[7/2]3),R,5120.39,-4533.46
5d,4f,5d-3F3,4f-3F4,7,9,2159.55,0.014224,0.013181,6.32E+03,5.86E+03,Ar(5d[7/2]3),Ar(4f[7/2]4),Ar(4f[7/2]4)->Ar(5d[7/2]3),R,5234.95,-4630.59
5d,4f,5d-3F3,4f-3G4,7,9,743.22,2.26E-03,2.48E-04,1.19E+02,13.0483,Ar(5d[7/2]3),Ar(4f'[7/2]4),Ar(4f'[7/2]4)->Ar(5d[7/2]3),R,19728.92,-13455.15
5d,4f,5d-3D3,4f-1G4,7,9,2333.59,0.024643,0.026683,1.28E+04,1.38E+04,Ar(5d'[5/2]3),Ar(4f[9/2]4),Ar(4f[9/2]4)->Ar(5d'[5/2]3),R,2984.85,-4285.24
5d,4f,5d-3D3,4f-3F4,7,9,2287.32,0.023528,0.024476,1.17E+05,1.22E+05,Ar(5d'[5/2]3),Ar(4f[7/2]4),Ar(4f[7/2]4)->Ar(5d'[5/2]3),R,3023.42,-4371.93
5d,4f,5d-3D3,4f-3G4,7,9,870.98,2.13E-04,3.21E-05,15.3713,2.31863,Ar(5d'[5/2]3),Ar(4f'[7/2]4),Ar(4f'[7/2]4)->Ar(5d'[5/2]3),R,5251.71,-11481.32
5d,4f,5d-1F3,4f-1G4,7,9,3686,3.04E-04,8.21E-04,3.94E+02,1.06E+03,Ar(5d[5/2]3),Ar(4f[9/2]4),Ar(4f[9/2]4)->Ar(5d[5/2]3),R,4711.43,-2712.98
5d,4f,5d-1F3,4f-3F4,7,9,3639.73,9.91E-05,2.61E-04,1.25E+02,3.29E+02,Ar(5d[5/2]3),Ar(4f[7/2]4),Ar(4f[7/2]4)->Ar(5d[5/2]3),R,4808.25,-2747.46
5d,4f,5d-1F3,4f-3G4,7,9,2223.39,0.296413,0.29136,1.40E+05,1.37E+05,Ar(5d[5/2]3),Ar(4f'[7/2]4),Ar(4f'[7/2]4)->Ar(5d[5/2]3),R,14784.33,-4497.66
5d,4f,5d-3F4,4f-3D3,9,7,2112.15,2.23E-03,1.98E-03,7.38E+02,6.55E+02,Ar(5d[7/2]4),Ar(4f[5/2]3),Ar(4f[5/2]3)->Ar(5d[7/2]4),R,5536.12,-4734.51
5d,4f,5d-3F4,4f-1F3,9,7,2089.56,1.25E-03,1.09E-03,4.06E+02,3.52E+02,Ar(5d[7/2]4),Ar(4f[7/2]3),Ar(4f[7/2]3)->Ar(5d[7/2]4),R,5598.49,-4785.7
5d,4f,5d-3F4,4f-3G3,9,7,673.3,1.41E-06,1.27E-07,0.0472632,4.26E-03,Ar(5d[7/2]4),Ar(4f'[7/2]3),Ar(4f'[7/2]3)->Ar(5d[7/2]4),R,26121.09,-14852.22
5d,4f,5d-3F4,4f-3F3,9,7,672.59,5.92E-06,5.32E-07,0.198396,0.0178456,Ar(5d[7/2]4),Ar(4f'[5/2]3),Ar(4f'[5/2]3)->Ar(5d[7/2]4),R,26189.23,-14867.9
5d,4f,5d-3F4,4f-1G4,9,9,2135.8,8.67E-03,7.86E-03,2.93E+03,2.66E+03,Ar(5d[7/2]4),Ar(4f[9/2]4),Ar(4f[9/2]4)->Ar(5d[7/2]4),R,5467.78,-4682.09
5d,4f,5d-3F4,4f-3F4,9,9,2089.52,0.043843,0.038062,1.42E+04,1.23E+04,Ar(5d[7/2]4),Ar(4f[7/2]4),Ar(4f[7/2]4)->Ar(5d[7/2]4),R,5598.61,-4785.77
5d,4f,5d-3F4,4f-3G4,9,9,673.19,4.94E-05,4.45E-06,1.65898,0.149491,Ar(5d[7/2]4),Ar(4f'[7/2]4),Ar(4f'[7/2]4)->Ar(5d[7/2]4),R,26123.96,-14854.65
5d,4f,5d-3F4,4f-3G5,9,11,2135.97,0.378195,0.34309,1.28E+05,1.16E+05,Ar(5d[7/2]4),Ar(4f[9/2]5),Ar(4f[9/2]5)->Ar(5d[7/2]4),R,5467.66,-4681.71
5d,6p,5d-3P0,6p-3S1,1,3,1041.99,0.889186,0.716909,6.44E+05,5.19E+05,Ar(5d[1/2]0),Ar(6p[1/2]1),Ar(6p[1/2]1)->Ar(5d[1/2]0),R,13786.2,-9597.02
5d,6p,5d-3P0,6p-1P1,1,3,850.12,0.201893,0.107098,9.73E+04,5.16E+04,Ar(5d[1/2]0),Ar(6p'[3/2]1),Ar(6p'[3/2]1)->Ar(5d[1/2]0),O,12261.84,-11763.05
5d,6p,5d-3P0,6p-3D1,1,3,515.79,2.36E-05,4.45E-06,1.39466,0.263196,Ar(5d[1/2]0),Ar(6p[3/2]1),Ar(6p[3/2]1)->Ar(5d[1/2]0),R,18624.13,19387.74
5d,6p,5d-3P0,6p-3P1,1,3,532.66,0.014442,3.30E-03,9.11E+02,1.92E+02,Ar(5d[1/2]0),Ar(6p'[1/2]1),Ar(6p'[1/2]1)->Ar(5d[1/2]0),O,12389.64,18773.7
5d,6p,5d-3P1,6p-1S0,3,1,691.43,0.093519,0.033534,9.94E+03,3.56E+03,Ar(5d[1/2]1),Ar(6p'[1/2]0),Ar(6p'[1/2]0)->Ar(5d[1/2]1),O,11659.1,-14462.99
5d,6p,5d-3P1,6p-3P0,3,1,675.54,0.015317,5.15E-03,4.66E+03,1.57E+03,Ar(5d[1/2]1),Ar(6p[1/2]0),Ar(6p[1/2]0)->Ar(5d[1/2]1),R,21616.49,14802.75
5d,6p,5d-3D1,6p-1S0,3,1,1286.93,1.3522,1.76699,4.98E+05,6.18E+05,Ar(5d[3/2]1),Ar(6p'[1/2]0),Ar(6p'[1/2]0)->Ar(5d[3/2]1),O,36185.34,-7770.43
5d,6p,5d-3D1,6p-3P0,3,1,80.04,0.287079,1.35E-03,1.23E+03,5.74754,Ar(5d[3/2]1),Ar(6p[1/2]0),Ar(6p[1/2]0)->Ar(5d[3/2]1),R,9578.97,124937.53
5d,6p,5d-1P1,6p-1S0,3,1,3116.51,0.010526,0.055666,1.63E+04,8.64E+04,Ar(5d'[3/2]1),Ar(6p'[1/2]0),Ar(6p'[1/2]0)->Ar(5d'[3/2]1),R,9755.97,-3208.72
5d,6p,5d-1P1,6p-3P0,3,1,1749.54,1.42007,1.71021,5.14E+05,6.19E+05,Ar(5d'[3/2]1),Ar(6p[1/2]0),Ar(6p[1/2]0)->Ar(5d'[3/2]1),R,4263.81,-5715.79
5d,6p,5d-3P1,6p-3S1,3,3,1101.38,2.05341,1.85195,5.54E+05,4.99E+05,Ar(5d[1/2]1),Ar(6p[1/2]1),Ar(6p[1/2]1)->Ar(5d[1/2]1),R,11572.58,-9079.52
5d,6p,5d-3P1,6p-1P1,3,3,909.51,0.188206,0.113302,3.46E+04,2.08E+04,Ar(5d[1/2]1),Ar(6p'[3/2]1),Ar(6p'[3/2]1)->Ar(5d[1/2]1),O,14775.65,-10994.93
5d,6p,5d-3P1,6p-3D1,3,3,456.4,0.011591,1.78E-03,5.37E+02,82.2139,Ar(5d[1/2]1),Ar(6p[3/2]1),Ar(6p[3/2]1)->Ar(5d[1/2]1),R,14799.76,21910.6
5d,6p,5d-3P1,6p-3P1,3,3,473.27,6.07E-03,1.00E-03,3.02E+02,50.0319,Ar(5d[1/2]1),Ar(6p'[1/2]1),Ar(6p'[1/2]1)->Ar(5d[1/2]1),O,14961.61,21129.59
5d,6p,5d-3D1,6p-3S1,3,3,1696.89,0.017902,0.040027,1.15E+04,2.56E+04,Ar(5d[3/2]1),Ar(6p[1/2]1),Ar(6p[1/2]1)->Ar(5d[3/2]1),R,6918.23,-5893.13
5d,6p,5d-3D1,6p-1P1,3,3,1505.02,0.891352,1.5038,4.49E+05,7.75E+05,Ar(5d[3/2]1),Ar(6p'[3/2]1),Ar(6p'[3/2]1)->Ar(5d[3/2]1),O,104772.38,-6644.43
5d,6p,5d-3D1,6p-3D1,3,3,139.11,0.12413,1.77E-03,5.34E+02,7.60506,Ar(5d[3/2]1),Ar(6p[3/2]1),Ar(6p[3/2]1)->Ar(5d[3/2]1),R,7955.25,-71885.56
5d,6p,5d-3D1,6p-3P1,3,3,122.23,0.254515,2.83E-03,8.46E+02,9.39304,Ar(5d[3/2]1),Ar(6p'[1/2]1),Ar(6p'[1/2]1)->Ar(5d[3/2]1),O,114898.95,-81806.28
5d,6p,5d-1P1,6p-3S1,3,3,3526.47,3.07E-03,0.021561,6.35E+03,4.47E+04,Ar(5d'[3/2]1),Ar(6p[1/2]1),Ar(6p[1/2]1)->Ar(5d'[3/2]1),R,3640.57,-2835.7
5d,6p,5d-1P1,6p-1P1,3,3,3334.6,0.013063,0.080106,2.38E+04,1.46E+05,Ar(5d'[3/2]1),Ar(6p'[3/2]1),Ar(6p'[3/2]1)->Ar(5d'[3/2]1),R,8292.4,-2998.86
5d,6p,5d-1P1,6p-3D1,3,3,1968.69,0.402181,0.663551,2.00E+05,3.30E+05,Ar(5d'[3/2]1),Ar(6p[3/2]1),Ar(6p[3/2]1)->Ar(5d'[3/2]1),R,3908.69,-5079.52
5d,6p,5d-1P1,6p-3P1,3,3,1951.82,0.497754,0.81139,2.42E+05,3.94E+05,Ar(5d'[3/2]1),Ar(6p'[1/2]1),Ar(6p'[1/2]1)->Ar(5d'[3/2]1),R,8234.96,-5123.42
5d,6p,5d-3P1,6p-1D2,3,5,978.84,0.156524,0.110364,3.33E+04,2.35E+04,Ar(5d[1/2]1),Ar(6p'[3/2]2),Ar(6p'[3/2]2)->Ar(5d[1/2]1),O,14240.83,-10216.17
5d,6p,5d-3P1,6p-3P2,3,5,900.12,0.712097,0.430873,1.28E+05,7.76E+04,Ar(5d[1/2]1),Ar(6p[3/2]2),Ar(6p[3/2]2)->Ar(5d[1/2]1),R,15100.48,-11109.63
5d,6p,5d-3P1,6p-3D2,3,5,481.59,6.31E-03,1.09E-03,1.96E+02,33.7519,Ar(5d[1/2]1),Ar(6p[5/2]2),Ar(6p[5/2]2)->Ar(5d[1/2]1),R,13494.5,20764.55
5d,6p,5d-3D1,6p-1D2,3,5,1574.35,0.07421,0.136235,4.09E+04,7.51E+04,Ar(5d[3/2]1),Ar(6p'[3/2]2),Ar(6p'[3/2]2)->Ar(5d[3/2]1),O,82738.99,-6351.83
5d,6p,5d-3D1,6p-3P2,3,5,1495.63,0.63811,0.96163,63.811,96.163,Ar(5d[3/2]1),Ar(6p[3/2]2),Ar(6p[3/2]2)->Ar(5d[3/2]1),R,8041.33,-6686.15
5d,6p,5d-3D1,6p-3D2,3,5,113.91,0.029278,2.85E-02,84.4743,82.1753,Ar(5d[3/2]1),Ar(6p[5/2]2),Ar(6p[5/2]2)->Ar(5d[3/2]1),R,7562.08,-87780.9
5d,6p,5d-1P1,6p-1D2,3,5,3403.93,3.30E-04,2.11E-03,6.31E+02,4.03E+03,Ar(5d'[3/2]1),Ar(6p'[3/2]2),Ar(6p'[3/2]2)->Ar(5d'[3/2]1),R,8470.94,-2937.78
5d,6p,5d-1P1,6p-3P2,3,5,3325.21,2.35E-03,0.014351,4.26E+03,2.59E+04,Ar(5d'[3/2]1),Ar(6p[3/2]2),Ar(6p[3/2]2)->Ar(5d'[3/2]1),R,3929.36,-3007.33
5d,6p,5d-1P1,6p-3D2,3,5,1943.5,0.05851,0.09455,2.81E+04,4.54E+04,Ar(5d'[3/2]1),Ar(6p[5/2]2),Ar(6p[5/2]2)->Ar(5d'[3/2]1),R,3811.33,-5145.36
5d,6p,5d-3P2,6p-3S1,5,3,1195.27,1.91181,2.03974,3.64E+05,3.89E+05,Ar(5d[3/2]2),Ar(6p[1/2]1),Ar(6p[1/2]1)->Ar(5d[3/2]2),R,9821.44,-8366.31
5d,6p,5d-3P2,6p-1P1,5,3,1003.41,0.318472,0.242641,4.28E+04,3.26E+04,Ar(5d[3/2]2),Ar(6p'[3/2]1),Ar(6p'[3/2]1)->Ar(5d[3/2]2),O,19130.68,-9966.12
5d,6p,5d-3P2,6p-3D1,5,3,362.51,4.22E-03,4.24E-04,1.23E+02,12.3862,Ar(5d[3/2]2),Ar(6p[3/2]1),Ar(6p[3/2]1)->Ar(5d[3/2]2),R,12051.74,27585.45
5d,6p,5d-3P2,6p-3P1,5,3,379.38,0.03941,4.26E-03,1.26E+03,1.36E+02,Ar(5d[3/2]2),Ar(6p'[1/2]1),Ar(6p'[1/2]1)->Ar(5d[3/2]2),O,19443.58,26358.8
5d,6p,5d-1D2,6p-3S1,5,3,1335.69,1.10E-03,1.07E-03,2.62E+02,2.55E+02,Ar(5d'[5/2]2),Ar(6p[1/2]1),Ar(6p[1/2]1)->Ar(5d'[5/2]2),R,4103.82,-7486.77
5d,6p,5d-1D2,6p-1P1,5,3,1143.82,3.03174,2.95063,5.29E+05,5.15E+05,Ar(5d'[5/2]2),Ar(6p'[3/2]1),Ar(6p'[3/2]1)->Ar(5d'[5/2]2),R,11162.55,-8742.63
5d,6p,5d-1D2,6p-3D1,5,3,222.09,0.040584,1.48E-03,4.45E+02,16.1891,Ar(5d'[5/2]2),Ar(6p[3/2]1),Ar(6p[3/2]1)->Ar(5d'[5/2]2),R,4447.75,45026.79
5d,6p,5d-1D2,6p-3P1,5,3,238.96,5.74E-04,2.76E-05,7.28792,0.350837,Ar(5d'[5/2]2),Ar(6p'[1/2]1),Ar(6p'[1/2]1)->Ar(5d'[5/2]2),R,11058.71,41848.01
5d,6p,5d-3F2,6p-3S1,5,3,2669.58,1.03E-06,1.56E-06,0.982619,1.48751,Ar(5d[5/2]2),Ar(6p[1/2]1),Ar(6p[1/2]1)->Ar(5d[5/2]2),R,8241.52,-3745.91
5d,6p,5d-3F2,6p-1P1,5,3,2477.71,1.28E-03,5.89E-03,1.05E+03,4.83E+03,Ar(5d[5/2]2),Ar(6p'[3/2]1),Ar(6p'[3/2]1)->Ar(5d[5/2]2),O,30531.27,-4035.98
5d,6p,5d-3F2,6p-3D1,5,3,1111.8,4.40617,4.03343,7.27E+05,6.65E+05,Ar(5d[5/2]2),Ar(6p[3/2]1),Ar(6p[3/2]1)->Ar(5d[5/2]2),R,9756.64,-8994.42
5d,6p,5d-3F2,6p-3P1,5,3,1094.93,0.083285,0.076109,1.33E+04,1.22E+04,Ar(5d[5/2]2),Ar(6p'[1/2]1),Ar(6p'[1/2]1)->Ar(5d[5/2]2),O,31336.08,-9133.0
5d,6p,5d-3D2,6p-3S1,5,3,2682.82,7.82E-05,4.34E-04,75.0961,4.16E+02,Ar(5d'[3/2]2),Ar(6p[1/2]1),Ar(6p[1/2]1)->Ar(5d'[3/2]2),R,4339.92,-3727.42
5d,6p,5d-3D2,6p-1P1,5,3,2490.96,2.21E-03,0.010387,1.83E+03,8.60E+03,Ar(5d'[3/2]2),Ar(6p'[3/2]1),Ar(6p'[3/2]1)->Ar(5d'[3/2]2),R,13101.21,-4014.53
5d,6p,5d-3D2,6p-3D1,5,3,1125.04,6.61E-07,1.15E-05,0.111647,1.93737,Ar(5d'[3/2]2),Ar(6p[3/2]1),Ar(6p[3/2]1)->Ar(5d'[3/2]2),R,4726.42,-8888.57
5d,6p,5d-3D2,6p-3P1,5,3,1108.17,4.16531,3.8301,6.82E+05,6.27E+05,Ar(5d'[3/2]2),Ar(6p'[1/2]1),Ar(6p'[1/2]1)->Ar(5d'[3/2]2),R,12958.4,-9023.89
5d,6p,5d-3P2,6p-1D2,5,5,1072.74,0.027577,0.0228,4.23E+03,3.50E+03,Ar(5d[3/2]2),Ar(6p'[3/2]2),Ar(6p'[3/2]2)->Ar(5d[3/2]2),O,18243.59,-9322.01
5d,6p,5d-3P2,6p-3P2,5,5,994.01,2.59327,1.91695,3.42E+05,2.53E+05,Ar(5d[3/2]2),Ar(6p[3/2]2),Ar(6p[3/2]2)->Ar(5d[3/2]2),R,12250.41,-10060.26
5d,6p,5d-3P2,6p-3D2,5,5,387.7,0.055824,6.28E-03,1.12E+03,1.26E+02,Ar(5d[3/2]2),Ar(6p[5/2]2),Ar(6p[5/2]2)->Ar(5d[3/2]2),R,11171.79,25793.14
5d,6p,5d-1D2,6p-1D2,5,5,1213.15,1.47773,1.60929,2.90E+05,3.16E+05,Ar(5d'[5/2]2),Ar(6p'[3/2]2),Ar(6p'[3/2]2)->Ar(5d'[5/2]2),R,11488.5,-8243.0
5d,6p,5d-1D2,6p-3P2,5,5,1134.43,0.125555,0.119353,2.16E+04,2.05E+04,Ar(5d'[5/2]2),Ar(6p[3/2]2),Ar(6p[3/2]2)->Ar(5d'[5/2]2),R,4474.53,-8815.0
5d,6p,5d-1D2,6p-3D2,5,5,247.28,7.59E-04,3.58E-05,6.19013,0.292065,Ar(5d'[5/2]2),Ar(6p[5/2]2),Ar(6p[5/2]2)->Ar(5d'[5/2]2),R,4322.11,40439.99
5d,6p,5d-3F2,6p-1D2,5,5,2547.04,2.42E-03,0.011573,2.09E+03,1.00E+04,Ar(5d[5/2]2),Ar(6p'[3/2]2),Ar(6p'[3/2]2)->Ar(5d[5/2]2),O,28332.63,-3926.13
5d,6p,5d-3F2,6p-3P2,5,5,2468.32,7.52E-05,3.34E-04,61.1136,2.72E+02,Ar(5d[5/2]2),Ar(6p[3/2]2),Ar(6p[3/2]2)->Ar(5d[5/2]2),R,9886.43,-4051.34
5d,6p,5d-3F2,6p-3D2,5,5,1086.61,0.485611,0.428887,7.65E+04,6.76E+04,Ar(5d[5/2]2),Ar(6p[5/2]2),Ar(6p[5/2]2)->Ar(5d[5/2]2),R,9171.8,-9202.93
5d,6p,5d-3D2,6p-1D2,5,5,2560.28,6.25E-04,3.00E-03,5.46E+02,2.63E+03,Ar(5d'[3/2]2),Ar(6p'[3/2]2),Ar(6p'[3/2]2)->Ar(5d'[3/2]2),R,13552.5,-3905.82
5d,6p,5d-3D2,6p-3P2,5,5,2481.56,0.018081,0.083314,1.49E+04,6.84E+04,Ar(5d'[3/2]2),Ar(6p[3/2]2),Ar(6p[3/2]2)->Ar(5d'[3/2]2),R,4756.68,-4029.72
5d,6p,5d-3D2,6p-3D2,5,5,1099.85,0.752005,0.681365,1.21E+05,1.10E+05,Ar(5d'[3/2]2),Ar(6p[5/2]2),Ar(6p[5/2]2)->Ar(5d'[3/2]2),R,4584.8,-9092.15
5d,6p,5d-3P2,6p-3D3,5,7,1099.04,0.229301,0.2074,3.69E+04,3.34E+04,Ar(5d[3/2]2),Ar(6p[5/2]3),Ar(6p[5/2]3)->Ar(5d[3/2]2),R,10851.29,-9098.93
5d,6p,5d-1D2,6p-3D3,5,7,1239.45,0.08916,0.102438,1.83E+04,2.10E+04,Ar(5d'[5/2]2),Ar(6p[5/2]3),Ar(6p[5/2]3)->Ar(5d'[5/2]2),R,4273.28,-8068.09
5d,6p,5d-3F2,6p-3D3,5,7,2573.34,2.31E-04,1.14E-03,2.04E+02,1.01E+03,Ar(5d[5/2]2),Ar(6p[5/2]3),Ar(6p[5/2]3)->Ar(5d[5/2]2),R,8954.66,-3886.0
5d,6p,5d-3D2,6p-3D3,5,7,2586.58,1.38E-03,6.89E-03,1.23E+03,6.15E+03,Ar(5d'[3/2]2),Ar(6p[5/2]3),Ar(6p[5/2]3)->Ar(5d'[3/2]2),R,4529.89,-3866.11
5d,6p,5d-3F3,6p-1D2,7,5,1113.25,5.97128,5.47841,7.05E+05,6.47E+05,Ar(5d[7/2]3),Ar(6p'[3/2]2),Ar(6p'[3/2]2)->Ar(5d[7/2]3),O,21056.9,-8982.79
5d,6p,5d-3F3,6p-3P2,7,5,1034.52,0.042923,0.033143,4.38E+03,3.38E+03,Ar(5d[7/2]3),Ar(6p[3/2]2),Ar(6p[3/2]2)->Ar(5d[7/2]3),R,11241.85,-9666.32
5d,6p,5d-3F3,6p-3D2,7,5,347.19,0.023094,2.11E-03,3.71E+02,33.8594,Ar(5d[7/2]3),Ar(6p[5/2]2),Ar(6p[5/2]2)->Ar(5d[7/2]3),R,10326.9,28802.67
5d,6p,5d-3D3,6p-1D2,7,5,1241.01,0.377613,0.435542,5.54E+04,6.39E+04,Ar(5d'[5/2]3),Ar(6p'[3/2]2),Ar(6p'[3/2]2)->Ar(5d'[5/2]3),R,10841.65,-8057.95
5d,6p,5d-3D3,6p-3P2,7,5,1162.29,4.91147,4.9711,6.32E+05,6.40E+05,Ar(5d'[5/2]3),Ar(6p[3/2]2),Ar(6p[3/2]2)->Ar(5d'[5/2]3),R,4372.91,-8603.7
5d,6p,5d-3D3,6p-3D2,7,5,219.42,0.014478,5.22E-04,92.9941,3.3539,Ar(5d'[5/2]3),Ar(6p[5/2]2),Ar(6p[5/2]2)->Ar(5d'[5/2]3),R,4227.23,45574.7
5d,6p,5d-1F3,6p-1D2,7,5,2593.41,1.21E-03,5.93E-03,7.77E+02,3.80E+03,Ar(5d[5/2]3),Ar(6p'[3/2]2),Ar(6p'[3/2]2)->Ar(5d[5/2]3),O,32745.87,-3855.93
5d,6p,5d-1F3,6p-3P2,7,5,2514.69,3.87E-04,1.81E-03,2.33E+02,1.09E+03,Ar(5d[5/2]3),Ar(6p[3/2]2),Ar(6p[3/2]2)->Ar(5d[5/2]3),R,9442.38,-3976.63
5d,6p,5d-1F3,6p-3D2,7,5,1132.97,6.78083,6.52099,8.29E+05,7.98E+05,Ar(5d[5/2]3),Ar(6p[5/2]2),Ar(6p[5/2]2)->Ar(5d[5/2]3),R,8788.37,-8826.28
5d,6p,5d-3F3,6p-3D3,7,7,1139.55,0.913488,0.887604,1.13E+05,1.10E+05,Ar(5d[7/2]3),Ar(6p[5/2]3),Ar(6p[5/2]3)->Ar(5d[7/2]3),R,10052.44,-8775.47
5d,6p,5d-3D3,6p-3D3,7,7,1267.31,1.19595,1.43907,1.83E+05,2.20E+05,Ar(5d'[5/2]3),Ar(6p[5/2]3),Ar(6p[5/2]3)->Ar(5d'[5/2]3),R,4180.5,-7890.73
5d,6p,5d-1F3,6p-3D3,7,7,2619.71,3.63E-03,0.018662,2.38E+03,1.22E+04,Ar(5d[5/2]3),Ar(6p[5/2]3),Ar(6p[5/2]3)->Ar(5d[5/2]3),R,8588.81,-3817.22
5d,6p,5d-3F4,6p-3D3,9,7,1069.52,9.25165,7.92863,7.84E+05,6.72E+05,Ar(5d[7/2]4),Ar(6p[5/2]3),Ar(6p[5/2]3)->Ar(5d[7/2]4),R,11484.97,-9349.99
g,7s,g-1S0,7s-3P1,1,3,121550.17,5.63E-03,6.17E-03,1.85E+07,2.03E+07,Ar,Ar(7s[3/2]1),Ar(7s[3/2]1)->Ar,O,81.65,82.27
g,7s,g-1S0,7s-1P1,1,3,122974.85,3.04E-03,3.32E-03,1.02E+07,1.12E+07,Ar,Ar(7s'[1/2]1),Ar(7s'[1/2]1)->Ar,O,80.72,81.32
7s,6p,7s-3P0,6p-3S1,1,3,2790.84,1.64E-03,8.76E-03,8.54E+03,4.56E+04,Ar(7s'[1/2]0),Ar(6p[1/2]1),Ar(6p[1/2]1)->Ar(7s'[1/2]0),R,3566.0,-3583.15
7s,6p,7s-3P0,6p-1P1,1,3,2598.97,4.30E-04,1.97E-03,1.94E+03,8.87E+03,Ar(7s'[1/2]0),Ar(6p'[3/2]1),Ar(6p'[3/2]1)->Ar(7s'[1/2]0),R,7915.38,-3847.68
7s,6p,7s-3P0,6p-3D1,1,3,1233.06,0.744289,0.765893,7.55E+05,7.77E+05,Ar(7s'[1/2]0),Ar(6p[3/2]1),Ar(6p[3/2]1)->Ar(7s'[1/2]0),R,3822.87,-8109.91
7s,6p,7s-3P0,6p-3P1,1,3,1216.19,0.612591,0.619702,6.11E+05,6.11E+05,Ar(7s'[1/2]0),Ar(6p'[1/2]1),Ar(6p'[1/2]1)->Ar(7s'[1/2]0),R,7863.03,-8222.4
7s,6p,7s-3P1,6p-1S0,3,1,979.48,0.563324,0.368848,1.20E+05,7.87E+04,Ar(7s[3/2]1),Ar(6p'[1/2]0),Ar(6p'[1/2]0)->Ar(7s[3/2]1),O,32137.29,-10209.6
7s,6p,7s-3P1,6p-3P0,3,1,387.49,0.010741,1.10E-03,1.08E+03,1.11E+02,Ar(7s[3/2]1),Ar(6p[1/2]0),Ar(6p[1/2]0)->Ar(7s[3/2]1),R,9909.39,25806.45
7s,6p,7s-1P1,6p-1S0,3,1,2404.15,1.73E-03,6.75E-03,2.23E+03,8.67E+03,Ar(7s'[1/2]1),Ar(6p'[1/2]0),Ar(6p'[1/2]0)->Ar(7s'[1/2]1),R,9160.39,-4159.47
7s,6p,7s-1P1,6p-3P0,3,1,1037.18,0.53266,0.386782,1.27E+05,9.25E+04,Ar(7s'[1/2]1),Ar(6p[1/2]0),Ar(6p[1/2]0)->Ar(7s'[1/2]1),R,4146.0,-9641.53
7s,6p,7s-3P1,6p-3S1,3,3,1389.43,0.185178,0.245888,7.95E+04,1.06E+05,Ar(7s[3/2]1),Ar(6p[1/2]1),Ar(6p[1/2]1)->Ar(7s[3/2]1),R,7088.95,-7197.2
7s,6p,7s-3P1,6p-1P1,3,3,1197.57,1.17719,1.14812,3.75E+05,3.66E+05,Ar(7s[3/2]1),Ar(6p'[3/2]1),Ar(6p'[3/2]1)->Ar(7s[3/2]1),O,76772.48,-8350.31
7s,6p,7s-3P1,6p-3D1,3,3,168.35,3.66E-03,7.13E-05,23.0885,0.44941,Ar(7s[3/2]1),Ar(6p[3/2]1),Ar(6p[3/2]1)->Ar(7s[3/2]1),R,8181.83,59400.06
7s,6p,7s-3P1,6p-3P1,3,3,185.22,2.47E-03,5.90E-03,0.188454,0.449995,Ar(7s[3/2]1),Ar(6p'[1/2]1),Ar(6p'[1/2]1)->Ar(7s[3/2]1),O,82072.83,53989.85
7s,6p,7s-1P1,6p-3S1,3,3,2814.1,2.49E-03,0.013382,4.38E+03,2.36E+04,Ar(7s'[1/2]1),Ar(6p[1/2]1),Ar(6p[1/2]1)->Ar(7s'[1/2]1),R,3554.33,-3553.52
7s,6p,7s-1P1,6p-1P1,3,3,2622.24,6.30E-08,5.26E-07,0.096251,0.804202,Ar(7s'[1/2]1),Ar(6p'[3/2]1),Ar(6p'[3/2]1)->Ar(7s'[1/2]1),R,7858.14,-3813.53
7s,6p,7s-1P1,6p-3D1,3,3,1256.32,0.598102,0.635877,2.10E+05,2.23E+05,Ar(7s'[1/2]1),Ar(6p[3/2]1),Ar(6p[3/2]1)->Ar(7s'[1/2]1),R,3809.46,-7959.69
7s,6p,7s-1P1,6p-3P1,3,3,1239.45,0.734824,0.768433,2.51E+05,2.62E+05,Ar(7s'[1/2]1),Ar(6p'[1/2]1),Ar(6p'[1/2]1)->Ar(7s'[1/2]1),R,7806.54,-8068.03
7s,6p,7s-3P1,6p-1D2,3,5,1266.9,1.66531,1.80853,5.94E+05,6.45E+05,Ar(7s[3/2]1),Ar(6p'[3/2]2),Ar(6p'[3/2]2)->Ar(7s[3/2]1),O,64237.63,-7893.35
7s,6p,7s-3P1,6p-3P2,3,5,1188.17,0.564799,0.546525,1.77E+05,1.72E+05,Ar(7s[3/2]1),Ar(6p[3/2]2),Ar(6p[3/2]2)->Ar(7s[3/2]1),R,8272.91,-8416.3
7s,6p,7s-3P1,6p-3D2,3,5,193.54,2.81E-03,7.29E-05,14.0284,0.364135,Ar(7s[3/2]1),Ar(6p[5/2]2),Ar(6p[5/2]2)->Ar(7s[3/2]1),R,7766.53,51668.91
7s,6p,7s-1P1,6p-1D2,3,5,2691.57,7.13E-06,3.76E-05,11.4845,60.5041,Ar(7s'[1/2]1),Ar(6p'[3/2]2),Ar(6p'[3/2]2)->Ar(7s'[1/2]1),R,8018.29,-3715.3
7s,6p,7s-1P1,6p-3P2,3,5,2612.84,1.17E-03,5.45E-03,1.77E+03,8.27E+03,Ar(7s'[1/2]1),Ar(6p[3/2]2),Ar(6p[3/2]2)->Ar(7s'[1/2]1),R,3829.09,-3827.24
7s,6p,7s-1P1,6p-3D2,3,5,1231.13,2.25529,2.33303,7.60E+05,7.86E+05,Ar(7s'[1/2]1),Ar(6p[5/2]2),Ar(6p[5/2]2)->Ar(7s'[1/2]1),R,3716.92,-8122.55
7s,6p,7s-3P2,6p-3S1,5,3,1344.67,1.04105,1.27518,2.51E+05,3.08E+05,Ar(7s[3/2]2),Ar(6p[1/2]1),Ar(6p[1/2]1)->Ar(7s[3/2]2),R,7292.18,-7436.71
7s,6p,7s-3P2,6p-1P1,5,3,1152.81,0.223836,0.199221,3.97E+04,3.53E+04,Ar(7s[3/2]2),Ar(6p'[3/2]1),Ar(6p'[3/2]1)->Ar(7s[3/2]2),O,58972.77,-8674.46
7s,6p,7s-3P2,6p-3D1,5,3,213.1,8.46E-05,2.49E-06,0.853885,0.025102,Ar(7s[3/2]2),Ar(6p[3/2]1),Ar(6p[3/2]1)->Ar(7s[3/2]2),R,8453.76,46926.33
7s,6p,7s-3P2,6p-3P1,5,3,229.98,0.050538,1.81E-03,5.94E+02,21.2909,Ar(7s[3/2]2),Ar(6p'[1/2]1),Ar(6p'[1/2]1)->Ar(7s[3/2]2),O,62050.98,43483.93
7s,6p,7s-3P2,6p-1D2,5,5,1222.14,0.550772,0.552902,1.10E+05,1.10E+05,Ar(7s[3/2]2),Ar(6p'[3/2]2),Ar(6p'[3/2]2)->Ar(7s[3/2]2),O,51285.52,-8182.37
7s,6p,7s-3P2,6p-3P2,5,5,1143.41,1.84164,1.63937,3.21E+05,2.86E+05,Ar(7s[3/2]2),Ar(6p[3/2]2),Ar(6p[3/2]2)->Ar(7s[3/2]2),R,8551.03,-8745.69
7s,6p,7s-3P2,6p-3D2,5,5,238.3,0.010608,4.08E-04,80.3617,3.09254,Ar(7s[3/2]2),Ar(6p[5/2]2),Ar(6p[5/2]2)->Ar(7s[3/2]2),R,8011.14,41965.67
7s,6p,7s-3P2,6p-3D3,5,7,1248.44,3.11708,3.31583,6.48E+05,6.89E+05,Ar(7s[3/2]2),Ar(6p[5/2]3),Ar(6p[5/2]3)->Ar(7s[3/2]2),R,7844.98,-8010.0
3d,5f,3d-3P0,5f-3D1,1,3,9215.64,0.153539,0.183166,2.90E+06,3.46E+06,Ar(3d[1/2]0),Ar(5f[3/2]1),Ar(5f[3/2]1)->Ar(3d[1/2]0),O,907.58,1085.11
3d,5f,3d-3P1,5f-3D1,3,3,9086.71,0.13901,0.161208,2.55E+06,2.96E+06,Ar(3d[1/2]1),Ar(5f[3/2]1),Ar(5f[3/2]1)->Ar(3d[1/2]1),O,920.13,1100.51
3d,5f,3d-3D1,5f-3D1,3,3,7495.51,0.018926,0.014942,2.36E+05,1.87E+05,Ar(3d[3/2]1),Ar(5f[3/2]1),Ar(5f[3/2]1)->Ar(3d[3/2]1),O,1171.19,1334.14
3d,5f,3d-1P1,5f-3D1,3,3,5937.71,1.69E-03,8.35E-04,1.32E+04,6.54E+03,Ar(3d'[3/2]1),Ar(5f[3/2]1),Ar(5f[3/2]1)->Ar(3d'[3/2]1),O,1366.27,1684.16
3d,5f,3d-3P1,5f-3D2,3,5,9087.11,0.21975,0.254787,2.42E+06,2.81E+06,Ar(3d[1/2]1),Ar(5f[3/2]2),Ar(5f[3/2]2)->Ar(3d[1/2]1),O,920.1,1100.46
3d,5f,3d-3P1,5f-1D2,3,5,9110.72,0.087818,0.102539,9.74E+05,1.14E+06,Ar(3d[1/2]1),Ar(5f[5/2]2),Ar(5f[5/2]2)->Ar(3d[1/2]1),O,918.27,1097.61
3d,5f,3d-3P1,5f-3F2,3,5,10553.09,0.01747,0.027329,2.60E+05,4.06E+05,Ar(3d[1/2]1),Ar(5f'[5/2]2),Ar(5f'[5/2]2)->Ar(3d[1/2]1),O,811.73,947.59
3d,5f,3d-3D1,5f-3D2,3,5,7495.91,0.136077,0.107319,1.02E+06,8.04E+05,Ar(3d[3/2]1),Ar(5f[3/2]2),Ar(5f[3/2]2)->Ar(3d[3/2]1),O,1171.14,1334.06
3d,5f,3d-3D1,5f-1D2,3,5,7519.52,0.312287,0.247975,2.36E+06,1.87E+06,Ar(3d[3/2]1),Ar(5f[5/2]2),Ar(5f[5/2]2)->Ar(3d[3/2]1),O,1168.17,1329.87
3d,5f,3d-3D1,5f-3F2,3,5,8961.89,0.08209,0.092611,8.80E+05,9.92E+05,Ar(3d[3/2]1),Ar(5f'[5/2]2),Ar(5f'[5/2]2)->Ar(3d[3/2]1),O,1001.03,1115.84
3d,5f,3d-1P1,5f-3D2,3,5,5938.12,0.108351,0.053633,5.10E+05,2.52E+05,Ar(3d'[3/2]1),Ar(5f[3/2]2),Ar(5f[3/2]2)->Ar(3d'[3/2]1),O,1366.21,1684.04
3d,5f,3d-1P1,5f-1D2,3,5,5961.73,0.044819,0.022366,2.13E+05,1.06E+05,Ar(3d'[3/2]1),Ar(5f[5/2]2),Ar(5f[5/2]2)->Ar(3d'[3/2]1),O,1362.16,1677.37
3d,5f,3d-1P1,5f-3F2,3,5,7404.1,0.449027,0.345774,3.28E+06,2.53E+06,Ar(3d'[3/2]1),Ar(5f'[5/2]2),Ar(5f'[5/2]2)->Ar(3d'[3/2]1),O,1140.18,1350.61
3d,5f,3d-3P2,5f-3D1,5,3,8827.11,0.014051,0.015373,2.43E+05,2.66E+05,Ar(3d[3/2]2),Ar(5f[3/2]1),Ar(5f[3/2]1)->Ar(3d[3/2]2),O,948.12,1132.87
3d,5f,3d-3F2,5f-3D1,5,3,8248.29,6.77E-03,6.48E-03,1.02E+05,9.80E+04,Ar(3d[5/2]2),Ar(5f[3/2]1),Ar(5f[3/2]1)->Ar(3d[5/2]2),O,1079.9,1212.37
3d,5f,3d-1D2,5f-3D1,5,3,7047.75,7.33E-04,5.11E-04,8.09E+03,5.65E+03,Ar(3d'[5/2]2),Ar(5f[3/2]1),Ar(5f[3/2]1)->Ar(3d'[5/2]2),O,1243.0,1418.89
3d,5f,3d-3D2,5f-3D1,5,3,6920.4,2.47E-04,1.66E-04,2.63E+04,1.77E+04,Ar(3d'[3/2]2),Ar(5f[3/2]1),Ar(5f[3/2]1)->Ar(3d'[3/2]2),O,1268.89,1445.0
3d,5f,3d-3P2,5f-3D2,5,5,8827.51,0.128855,0.140971,1.34E+06,1.47E+06,Ar(3d[3/2]2),Ar(5f[3/2]2),Ar(5f[3/2]2)->Ar(3d[3/2]2),O,948.09,1132.82
3d,5f,3d-3P2,5f-1D2,5,5,8851.12,0.035663,0.039241,3.73E+05,4.10E+05,Ar(3d[3/2]2),Ar(5f[5/2]2),Ar(5f[5/2]2)->Ar(3d[3/2]2),O,946.15,1129.8
3d,5f,3d-3P2,5f-3F2,5,5,10293.5,5.16E-03,7.68E-03,7.30E+04,1.09E+05,Ar(3d[3/2]2),Ar(5f'[5/2]2),Ar(5f'[5/2]2)->Ar(3d[3/2]2),O,833.44,971.49
3d,5f,3d-3F2,5f-3D2,5,5,8248.7,4.66E-04,4.43E-04,4.23E+03,4.02E+03,Ar(3d[5/2]2),Ar(5f[3/2]2),Ar(5f[3/2]2)->Ar(3d[5/2]2),O,1079.86,1212.31
3d,5f,3d-3F2,5f-1D2,5,5,8272.31,0.127302,0.122369,1.16E+06,1.12E+06,Ar(3d[5/2]2),Ar(5f[5/2]2),Ar(5f[5/2]2)->Ar(3d[5/2]2),O,1077.34,1208.85
3d,5f,3d-3F2,5f-3F2,5,5,9714.68,3.20E-03,4.24E-03,4.03E+04,5.34E+04,Ar(3d[5/2]2),Ar(5f'[5/2]2),Ar(5f'[5/2]2)->Ar(3d[5/2]2),O,933.58,1029.37
3d,5f,3d-1D2,5f-3D2,5,5,7048.16,4.01E-05,2.79E-05,2.66E+02,1.85E+02,Ar(3d'[5/2]2),Ar(5f[3/2]2),Ar(5f[3/2]2)->Ar(3d'[5/2]2),O,1242.94,1418.81
3d,5f,3d-1D2,5f-1D2,5,5,7071.77,0.014394,0.010112,9.60E+04,6.75E+04,Ar(3d'[5/2]2),Ar(5f[5/2]2),Ar(5f[5/2]2)->Ar(3d'[5/2]2),O,1239.6,1414.07
3d,5f,3d-1D2,5f-3F2,5,5,8514.14,0.032909,0.033513,3.18E+05,3.24E+05,Ar(3d'[5/2]2),Ar(5f'[5/2]2),Ar(5f'[5/2]2)->Ar(3d'[5/2]2),O,1053.03,1174.52
3d,5f,3d-3D2,5f-3D2,5,5,6920.81,0.022628,0.015216,1.45E+05,9.72E+04,Ar(3d'[3/2]2),Ar(5f[3/2]2),Ar(5f[3/2]2)->Ar(3d'[3/2]2),O,1268.83,1444.92
3d,5f,3d-3D2,5f-1D2,5,5,6944.42,5.63E-03,3.81E-03,3.62E+04,2.45E+04,Ar(3d'[3/2]2),Ar(5f[5/2]2),Ar(5f[5/2]2)->Ar(3d'[3/2]2),O,1265.34,1440.01
3d,5f,3d-3D2,5f-3F2,5,5,8386.79,0.050311,0.049686,4.72E+05,4.66E+05,Ar(3d'[3/2]2),Ar(5f'[5/2]2),Ar(5f'[5/2]2)->Ar(3d'[3/2]2),O,1071.55,1192.35
3d,5f,3d-3P2,5f-3D3,5,7,8850.83,0.531356,0.584387,3.97E+06,4.36E+06,Ar(3d[3/2]2),Ar(5f[5/2]3),Ar(5f[5/2]3)->Ar(3d[3/2]2),O,946.17,1129.84
3d,5f,3d-3P2,5f-3F4,5,9,8862.23,2.82E-06,2.82E-06,21.1101,21.0871,Ar(3d[3/2]2),Ar(5f[7/2]4),Ar(5f[7/2]4)->Ar(3d[3/2]2),O,945.28,1128.38
3d,5f,3d-3P2,5f-3G3,5,7,10292.98,3.41E-08,6.04E-08,0.344044,0.610187,Ar(3d[3/2]2),Ar(5f'[7/2]3),Ar(5f'[7/2]3)->Ar(3d[3/2]2),O,833.56,971.54
3d,5f,3d-3P2,5f-3F3,5,7,10293.17,0.072294,0.10753,7.30E+05,1.09E+06,Ar(3d[3/2]2),Ar(5f'[5/2]3),Ar(5f'[5/2]3)->Ar(3d[3/2]2),O,833.45,971.52
3d,5f,3d-3F2,5f-3D3,5,7,8272.02,8.80E-03,8.45E-03,5.74E+04,5.51E+04,Ar(3d[5/2]2),Ar(5f[5/2]3),Ar(5f[5/2]3)->Ar(3d[5/2]2),O,1077.36,1208.89
3d,5f,3d-3F2,5f-1F3,5,7,8283.42,0.643034,0.619708,4.20E+06,4.05E+06,Ar(3d[5/2]2),Ar(5f[7/2]3),Ar(5f[7/2]3)->Ar(3d[5/2]2),O,1076.21,1207.23
3d,5f,3d-3F2,5f-3G3,5,7,9714.17,0.054509,0.072252,4.90E+05,6.50E+05,Ar(3d[5/2]2),Ar(5f'[7/2]3),Ar(5f'[7/2]3)->Ar(3d[5/2]2),O,933.73,1029.42
3d,5f,3d-3F2,5f-3F3,5,7,9714.36,2.59E-04,3.42E-04,2.33E+03,3.08E+03,Ar(3d[5/2]2),Ar(5f'[5/2]3),Ar(5f'[5/2]3)->Ar(3d[5/2]2),O,933.6,1029.4
3d,5f,3d-1D2,5f-3D3,5,7,7071.48,9.20E-04,6.45E-04,4.38E+03,3.07E+03,Ar(3d'[5/2]2),Ar(5f[5/2]3),Ar(5f[5/2]3)->Ar(3d'[5/2]2),O,1239.63,1414.13
3d,5f,3d-1D2,5f-1F3,5,7,7082.88,0.063433,0.044695,3.03E+05,2.14E+05,Ar(3d'[5/2]2),Ar(5f[7/2]3),Ar(5f[7/2]3)->Ar(3d'[5/2]2),O,1238.11,1411.86
3d,5f,3d-1D2,5f-3G3,5,7,8513.63,0.729204,0.742408,5.04E+06,5.13E+06,Ar(3d'[5/2]2),Ar(5f'[7/2]3),Ar(5f'[7/2]3)->Ar(3d'[5/2]2),O,1053.22,1174.59
3d,5f,3d-1D2,5f-3F3,5,7,8513.82,2.77E-03,2.81E-03,1.91E+04,1.94E+04,Ar(3d'[5/2]2),Ar(5f'[5/2]3),Ar(5f'[5/2]3)->Ar(3d'[5/2]2),O,1053.05,1174.56
3d,5f,3d-3D2,5f-3D3,5,7,6944.13,0.084212,0.057011,3.87E+05,2.62E+05,Ar(3d'[3/2]2),Ar(5f[5/2]3),Ar(5f[5/2]3)->Ar(3d'[3/2]2),O,1265.38,1440.07
3d,5f,3d-3D2,5f-1F3,5,7,6955.53,7.41E-07,4.64E-07,3.41668,2.13847,Ar(3d'[3/2]2),Ar(5f[7/2]3),Ar(5f[7/2]3)->Ar(3d'[3/2]2),O,1263.79,1437.7
3d,5f,3d-3D2,5f-3G3,5,7,8386.28,1.69E-05,1.71E-05,1.14E+02,1.15E+02,Ar(3d'[3/2]2),Ar(5f'[7/2]3),Ar(5f'[7/2]3)->Ar(3d'[3/2]2),O,1071.75,1192.42
3d,5f,3d-3D2,5f-3F3,5,7,8386.47,0.698512,0.689695,4.68E+06,4.62E+06,Ar(3d'[3/2]2),Ar(5f'[5/2]3),Ar(5f'[5/2]3)->Ar(3d'[3/2]2),O,1071.57,1192.4
3d,5f,3d-3F3,5f-3D2,7,5,8602.79,7.51E-04,7.81E-04,7.42E+03,7.71E+03,Ar(3d[7/2]3),Ar(5f[3/2]2),Ar(5f[3/2]2)->Ar(3d[7/2]3),O,1034.55,1162.41
3d,5f,3d-3F3,5f-1D2,7,5,8626.4,9.09E-03,9.50E-03,9.02E+04,9.43E+04,Ar(3d[7/2]3),Ar(5f[5/2]2),Ar(5f[5/2]2)->Ar(3d[7/2]3),O,1032.23,1159.23
3d,5f,3d-3F3,5f-3F2,7,5,10068.77,6.40E-05,9.11E-05,8.66E+02,1.23E+03,Ar(3d[7/2]3),Ar(5f'[5/2]2),Ar(5f'[5/2]2)->Ar(3d[7/2]3),O,899.52,993.17
3d,5f,3d-1F3,5f-3D2,7,5,8141.46,0.010551,0.0098183,9.33E+04,8.68E+04,Ar(3d[5/2]3),Ar(5f[3/2]2),Ar(5f[3/2]2)->Ar(3d[5/2]3),O,1114.85,1228.28
3d,5f,3d-1F3,5f-1D2,7,5,8165.07,5.21E-03,4.49E-03,4.64E+04,4.34E+04,Ar(3d[5/2]3),Ar(5f[5/2]2),Ar(5f[5/2]2)->Ar(3d[5/2]3),O,1112.15,1224.73
3d,5f,3d-1F3,5f-3F2,7,5,9607.45,9.90E-05,1.28E-04,1.22E+03,1.58E+03,Ar(3d[5/2]3),Ar(5f'[5/2]2),Ar(5f'[5/2]2)->Ar(3d[5/2]3),O,959.61,1040.86
3d,5f,3d-3D3,5f-3D2,7,5,6953.22,6.54E-04,4.44E-04,4.22E+03,2.86E+03,Ar(3d'[5/2]3),Ar(5f[3/2]2),Ar(5f[3/2]2)->Ar(3d'[5/2]3),O,1271.54,1438.18
3d,5f,3d-3D3,5f-1D2,7,5,6976.83,9.70E-04,6.63E-04,6.30E+03,4.30E+03,Ar(3d'[5/2]3),Ar(5f[5/2]2),Ar(5f[5/2]2)->Ar(3d'[5/2]3),O,1268.04,1433.32
3d,5f,3d-3D3,5f-3F2,7,5,8419.2,2.48E-03,2.47E-03,2.35E+04,2.34E+04,Ar(3d'[5/2]3),Ar(5f'[5/2]2),Ar(5f'[5/2]2)->Ar(3d'[5/2]3),O,1073.48,1187.76
3d,5f,3d-3F3,5f-3D3,7,7,8626.11,8.46E-03,8.85E-03,6.00E+04,6.27E+04,Ar(3d[7/2]3),Ar(5f[5/2]3),Ar(5f[5/2]3)->Ar(3d[7/2]3),O,1032.25,1159.27
3d,5f,3d-3F3,5f-1F3,7,7,8637.51,0.135101,0.141583,9.60E+06,1.01E+07,Ar(3d[7/2]3),Ar(5f[7/2]3),Ar(5f[7/2]3)->Ar(3d[7/2]3),O,1031.2,1157.74
3d,5f,3d-3F3,5f-3G3,7,7,10068.26,5.14E-04,7.31E-04,4.96E+03,7.06E+03,Ar(3d[7/2]3),Ar(5f'[7/2]3),Ar(5f'[7/2]3)->Ar(3d[7/2]3),O,899.66,993.22
3d,5f,3d-3F3,5f-3F3,7,7,10068.45,9.75E-04,1.39E-03,9.42E+03,1.34E+04,Ar(3d[7/2]3),Ar(5f'[5/2]3),Ar(5f'[5/2]3)->Ar(3d[7/2]3),O,899.53,993.2
3d,5f,3d-1F3,5f-3D3,7,7,8164.78,0.182892,0.171161,1.16E+06,1.09E+06,Ar(3d[5/2]3),Ar(5f[5/2]3),Ar(5f[5/2]3)->Ar(3d[5/2]3),O,1112.18,1224.77
3d,5f,3d-1F3,5f-1F3,7,7,8176.19,7.03E-03,6.59E-03,4.48E+04,4.20E+04,Ar(3d[5/2]3),Ar(5f[7/2]3),Ar(5f[7/2]3)->Ar(3d[5/2]3),O,1110.95,1223.07
3d,5f,3d-1F3,5f-3G3,7,7,9606.94,1.15E-03,1.48E-03,1.01E+04,1.31E+04,Ar(3d[5/2]3),Ar(5f'[7/2]3),Ar(5f'[7/2]3)->Ar(3d[5/2]3),O,959.77,1040.92
3d,5f,3d-1F3,5f-3F3,7,7,9607.12,2.10E-03,2.72E-03,1.84E+04,2.39E+04,Ar(3d[5/2]3),Ar(5f'[5/2]3),Ar(5f'[5/2]3)->Ar(3d[5/2]3),O,959.63,1040.89
3d,5f,3d-3D3,5f-3D3,7,7,6976.54,0.011368,7.77E-03,5.27E+04,3.60E+04,Ar(3d'[5/2]3),Ar(5f[5/2]3),Ar(5f[5/2]3)->Ar(3d'[5/2]3),O,1268.08,1433.38
3d,5f,3d-3D3,5f-1F3,7,7,6987.94,5.57E-03,3.82E-03,2.59E+04,1.78E+04,Ar(3d'[5/2]3),Ar(5f[7/2]3),Ar(5f[7/2]3)->Ar(3d'[5/2]3),O,1266.48,1431.04
3d,5f,3d-3D3,5f-3G3,7,7,8418.69,0.038134,0.037943,2.58E+05,2.56E+05,Ar(3d'[5/2]3),Ar(5f'[7/2]3),Ar(5f'[7/2]3)->Ar(3d'[5/2]3),O,1073.68,1187.83
3d,5f,3d-3D3,5f-3F3,7,7,8418.88,0.04984,0.049591,3.37E+05,3.35E+05,Ar(3d'[5/2]3),Ar(5f'[5/2]3),Ar(5f'[5/2]3)->Ar(3d'[5/2]3),O,1073.51,1187.81
3d,5f,3d-3F3,5f-1G4,7,9,8613.74,0.943597,0.983425,5.19E+06,5.41E+06,Ar(3d[7/2]3),Ar(5f[9/2]4),Ar(5f[9/2]4)->Ar(3d[7/2]3),O,1033.56,1160.94
3d,5f,3d-3F3,5f-3F4,7,9,8637.54,0.02986,0.031297,1.65E+05,1.73E+05,Ar(3d[7/2]3),Ar(5f[7/2]4),Ar(5f[7/2]4)->Ar(3d[7/2]3),O,1031.19,1157.74
3d,5f,3d-3F3,5f-3G4,7,9,10068.35,0.017738,0.025243,1.33E+05,1.90E+05,Ar(3d[7/2]3),Ar(5f'[7/2]4),Ar(5f'[7/2]4)->Ar(3d[7/2]3),O,899.66,993.21
3d,5f,3d-1F3,5f-1G4,7,9,8152.41,0.078923,0.073635,1.33E+05,1.90E+05,Ar(3d[5/2]3),Ar(5f[9/2]4),Ar(5f[9/2]4)->Ar(3d[5/2]3),O,1113.69,1226.63
3d,5f,3d-1F3,5f-3F4,7,9,8176.22,0.889433,0.834711,4.41E+06,4.14E+06,Ar(3d[5/2]3),Ar(5f[7/2]4),Ar(5f[7/2]4)->Ar(3d[5/2]3),O,1110.95,1223.06
3d,5f,3d-1F3,5f-3G4,7,9,9607.02,0.029366,0.038049,2.01E+05,2.60E+05,Ar(3d[5/2]3),Ar(5f'[7/2]4),Ar(5f'[7/2]4)->Ar(3d[5/2]3),O,959.77,1040.91
3d,5f,3d-3D3,5f-1G4,7,9,6964.17,9.94E-03,6.77E-03,3.57E+04,2.43E+04,Ar(3d'[5/2]3),Ar(5f[9/2]4),Ar(5f[9/2]4)->Ar(3d'[5/2]3),O,1270.04,1435.92
3d,5f,3d-3D3,5f-3F4,7,9,6987.97,0.044268,0.03035,1.60E+05,1.10E+05,Ar(3d'[5/2]3),Ar(5f[7/2]4),Ar(5f[7/2]4)->Ar(3d'[5/2]3),O,1266.48,1431.03
3d,5f,3d-3D3,5f-3G4,7,9,8418.78,0.102619,0.102104,5.39E+05,5.36E+05,Ar(3d'[5/2]3),Ar(5f'[7/2]4),Ar(5f'[7/2]4)->Ar(3d'[5/2]3),O,1073.68,1187.82
3d,5f,3d-3F4,5f-3D3,9,7,8798.97,7.39E-03,8.03E-03,5.45E+04,5.92E+04,Ar(3d[7/2]4),Ar(5f[5/2]3),Ar(5f[5/2]3)->Ar(3d[7/2]4),O,1004.24,1136.5
3d,5f,3d-3F4,5f-1F3,9,7,8810.37,4.10E-03,4.47E-03,3.03E+04,3.30E+04,Ar(3d[7/2]4),Ar(5f[7/2]3),Ar(5f[7/2]3)->Ar(3d[7/2]4),O,1003.24,1135.03
3d,5f,3d-3F4,5f-3G3,9,7,10241.12,3.29E-07,4.84E-07,3.2845,4.83603,Ar(3d[7/2]4),Ar(5f'[7/2]3),Ar(5f'[7/2]3)->Ar(3d[7/2]4),O,878.31,976.46
3d,5f,3d-3F4,5f-3F3,9,7,10241.31,1.40E-06,2.06E-06,13.9806,20.5853,Ar(3d[7/2]4),Ar(5f'[5/2]3),Ar(5f'[5/2]3)->Ar(3d[7/2]4),O,878.19,976.44
3d,5f,3d-3F4,5f-1G4,9,9,8786.6,0.029143,0.031587,1.67E+05,1.81E+05,Ar(3d[7/2]4),Ar(5f[9/2]4),Ar(5f[9/2]4)->Ar(3d[7/2]4),O,1005.48,1138.1
3d,5f,3d-3F4,5f-3F4,9,9,8810.4,0.143068,0.155902,8.23E+05,8.97E+05,Ar(3d[7/2]4),Ar(5f[7/2]4),Ar(5f[7/2]4)->Ar(3d[7/2]4),O,1003.24,1135.02
3d,5f,3d-3F4,5f-3G4,9,9,10241.21,1.15E-05,1.69E-05,89.4528,1.32E+02,Ar(3d[7/2]4),Ar(5f'[7/2]4),Ar(5f'[7/2]4)->Ar(3d[7/2]4),O,878.31,976.45
3d,5f,3d-3F4,5f-3G5,9,11,8786.45,0.126585,0.137192,5.93E+05,6.42E+05,Ar(3d[7/2]4),Ar(5f[9/2]5),Ar(5f[9/2]5)->Ar(3d[7/2]4),O,1005.48,1138.12
4d,5f,4d-3P0,5f-3D1,1,3,3274.69,0.517425,0.675747,1.23E+06,1.61E+06,Ar(4d[1/2]0),Ar(5f[3/2]1),Ar(5f[3/2]1)->Ar(4d[1/2]0),O,2395.86,3053.7
4d,5f,4d-3P1,5f-3D1,3,3,3183.98,0.497633,0.614294,1.12E+06,1.38E+06,Ar(4d[1/2]1),Ar(5f[3/2]1),Ar(5f[3/2]1)->Ar(4d[1/2]1),O,2478.52,3140.69
4d,5f,4d-3D1,5f-3D1,3,3,2212.17,0.046388,0.027674,5.05E+04,3.01E+04,Ar(4d[3/2]1),Ar(5f[3/2]1),Ar(5f[3/2]1)->Ar(4d[3/2]1),O,3523.24,4520.45
4d,5f,4d-1P1,5f-3D1,3,3,771.99,9.23E-04,6.69E-04,122.289,88.5995,Ar(4d'[3/2]1),Ar(5f[3/2]1),Ar(5f[3/2]1)->Ar(4d'[3/2]1),O,5973.2,12953.7
4d,5f,4d-3P1,5f-3D2,3,5,3184.38,0.708711,0.874623,9.59E+05,1.18E+06,Ar(4d[1/2]1),Ar(5f[3/2]2),Ar(5f[3/2]2)->Ar(4d[1/2]1),O,2478.31,3140.29
4d,5f,4d-3P1,5f-1D2,3,5,3208,0.355248,0.445439,4.88E+05,6.12E+05,Ar(4d[1/2]1),Ar(5f[5/2]2),Ar(5f[5/2]2)->Ar(4d[1/2]1),O,2465.04,3117.18
4d,5f,4d-3P1,5f-3F2,3,5,4650.37,0.021671,0.057074,6.25E+04,1.65E+05,Ar(4d[1/2]1),Ar(5f'[5/2]2),Ar(5f'[5/2]2)->Ar(4d[1/2]1),O,1822.81,2150.35
4d,5f,4d-3D1,5f-3D2,3,5,2212.57,0.736545,0.438577,4.81E+05,2.86E+05,Ar(4d[3/2]1),Ar(5f[3/2]2),Ar(5f[3/2]2)->Ar(4d[3/2]1),O,3522.81,4519.61
4d,5f,4d-3D1,5f-1D2,3,5,2236.18,1.22293,0.744425,8.16E+05,4.97E+05,Ar(4d[3/2]1),Ar(5f[5/2]2),Ar(5f[5/2]2)->Ar(4d[3/2]1),O,3496.07,4471.89
4d,5f,4d-3D1,5f-3F2,3,5,3678.56,0.166502,0.274388,3.01E+05,4.95E+05,Ar(4d[3/2]1),Ar(5f'[5/2]2),Ar(5f'[5/2]2)->Ar(4d[3/2]1),O,2331.18,2718.46
4d,5f,4d-1P1,5f-3D2,3,5,772.39,0.63457,0.046056,5.05E+04,3.67E+03,Ar(4d'[3/2]1),Ar(5f[3/2]2),Ar(5f[3/2]2)->Ar(4d'[3/2]1),O,5971.97,12946.83
4d,5f,4d-1P1,5f-1D2,3,5,796,0.270633,0.020868,2.29E+04,1.76E+03,Ar(4d'[3/2]1),Ar(5f[5/2]2),Ar(5f[5/2]2)->Ar(4d'[3/2]1),O,5895.51,12562.81
4d,5f,4d-1P1,5f-3F2,3,5,2238.38,1.95219,1.1912,1.30E+06,7.96E+05,Ar(4d'[3/2]1),Ar(5f'[5/2]2),Ar(5f'[5/2]2)->Ar(4d'[3/2]1),O,3199.47,4467.54
4d,5f,4d-3P2,5f-3D1,5,3,3024.15,0.053401,0.059441,1.09E+05,1.21E+05,Ar(4d[3/2]2),Ar(5f[3/2]1),Ar(5f[3/2]1)->Ar(4d[3/2]2),O,2645.88,3306.69
4d,5f,4d-1D2,5f-3D1,5,3,2749.73,0.026138,0.024078,4.39E+04,4.05E+04,Ar(4d'[5/2]2),Ar(5f[3/2]1),Ar(5f[3/2]1)->Ar(4d'[5/2]2),O,4837.82,3636.69
4d,5f,4d-3F2,5f-3D1,5,3,1485.86,9.52E-04,2.56E-04,4.67E+02,1.26E+02,Ar(4d[5/2]2),Ar(5f[3/2]1),Ar(5f[3/2]1)->Ar(4d[5/2]2),O,3085.24,6730.02
4d,5f,4d-3D2,5f-3D1,5,3,1443.72,4.98E-04,1.26E-04,2.31E+03,5.85E+02,Ar(4d'[3/2]2),Ar(5f[3/2]1),Ar(5f[3/2]1)->Ar(4d'[3/2]2),O,4795.76,6926.5
4d,5f,4d-3P2,5f-3D2,5,5,3024.55,0.489832,0.545238,5.98E+05,6.65E+05,Ar(4d[3/2]2),Ar(5f[3/2]2),Ar(5f[3/2]2)->Ar(4d[3/2]2),O,2645.64,3306.24
4d,5f,4d-3P2,5f-1D2,5,5,3048.16,0.134021,0.151623,1.66E+05,1.88E+05,Ar(4d[3/2]2),Ar(5f[5/2]2),Ar(5f[5/2]2)->Ar(4d[3/2]2),O,2630.53,3280.64
4d,5f,4d-3P2,5f-3F2,5,5,4490.54,4.72E-03,1.16E-02,1.27E+04,3.12E+04,Ar(4d[3/2]2),Ar(5f'[5/2]2),Ar(5f'[5/2]2)->Ar(4d[3/2]2),O,1911.74,2226.89
4d,5f,4d-1D2,5f-3D2,5,5,2750.13,1.72E-03,1.57E-03,1.73E+03,1.59E+03,Ar(4d'[5/2]2),Ar(5f[3/2]2),Ar(5f[3/2]2)->Ar(4d'[5/2]2),O,4837.01,3636.15
4d,5f,4d-1D2,5f-1D2,5,5,2773.74,0.488528,0.457758,5.01E+05,4.70E+05,Ar(4d'[5/2]2),Ar(5f[5/2]2),Ar(5f[5/2]2)->Ar(4d'[5/2]2),O,4786.73,3605.2
4d,5f,4d-1D2,5f-3F2,5,5,4216.11,2.38E-03,5.15E-03,5.64E+03,1.22E+04,Ar(4d'[5/2]2),Ar(5f'[5/2]2),Ar(5f'[5/2]2)->Ar(4d'[5/2]2),O,2842.19,2371.84
4d,5f,4d-3F2,5f-3D2,5,5,1486.26,3.29E-05,8.77E-06,9.69027,2.58367,Ar(4d[5/2]2),Ar(5f[3/2]2),Ar(5f[3/2]2)->Ar(4d[5/2]2),O,3084.92,6728.16
4d,5f,4d-3F2,5f-1D2,5,5,1509.87,0.019205,5.33E-03,5.84E+03,1.62E+03,Ar(4d[5/2]2),Ar(5f[5/2]2),Ar(5f[5/2]2)->Ar(4d[5/2]2),O,3064.39,6622.96
4d,5f,4d-3F2,5f-3F2,5,5,2952.25,0.121334,0.128818,1.41E+05,1.50E+05,Ar(4d[5/2]2),Ar(5f'[5/2]2),Ar(5f'[5/2]2)->Ar(4d[5/2]2),O,2131.01,3387.22
4d,5f,4d-3D2,5f-3D2,5,5,1444.12,0.045741,0.011607,1.27E+04,3.23E+03,Ar(4d'[3/2]2),Ar(5f[3/2]2),Ar(5f[3/2]2)->Ar(4d'[3/2]2),O,4794.97,6924.54
4d,5f,4d-3D2,5f-1D2,5,5,1467.73,0.010317,2.71E-03,2.97E+03,7.78E+02,Ar(4d'[3/2]2),Ar(5f[5/2]2),Ar(5f[5/2]2)->Ar(4d'[3/2]2),O,4745.55,6813.15
4d,5f,4d-3D2,5f-3F2,5,5,2910.11,0.189556,0.195348,2.14E+05,2.21E+05,Ar(4d'[3/2]2),Ar(5f'[5/2]2),Ar(5f'[5/2]2)->Ar(4d'[3/2]2),O,2827.62,3436.28
4d,5f,4d-3P2,5f-3D3,5,7,3047.87,1.99942,2.25997,1.77E+06,2.00E+06,Ar(4d[3/2]2),Ar(5f[5/2]3),Ar(5f[5/2]3)->Ar(4d[3/2]2),O,2630.69,3280.95
4d,5f,4d-3P2,5f-3F4,5,9,3059.27,1.37E-05,1.34E-05,12.236,11.9681,Ar(4d[3/2]2),Ar(5f[7/2]4),Ar(5f[7/2]4)->Ar(4d[3/2]2),O,2623.82,3268.69
4d,5f,4d-3P2,5f-3G3,5,7,4490.02,1.16E-07,3.37E-07,0.222878,0.646601,Ar(4d[3/2]2),Ar(5f'[7/2]3),Ar(5f'[7/2]3)->Ar(4d[3/2]2),O,1912.39,2227.15
4d,5f,4d-3P2,5f-3F3,5,7,4490.21,0.066072,0.162078,1.27E+05,3.11E+05,Ar(4d[3/2]2),Ar(5f'[5/2]3),Ar(5f'[5/2]3)->Ar(4d[3/2]2),O,1911.83,2227.05
4d,5f,4d-1D2,5f-3D3,5,7,2773.45,0.033142,0.030948,2.43E+04,2.27E+04,Ar(4d'[5/2]2),Ar(5f[5/2]3),Ar(5f[5/2]3)->Ar(4d'[5/2]2),O,4787.24,3605.58
4d,5f,4d-1D2,5f-1F3,5,7,2784.85,2.44356,2.30757,1.81E+06,1.71E+06,Ar(4d'[5/2]2),Ar(5f[7/2]3),Ar(5f[7/2]3)->Ar(4d'[5/2]2),O,4764.61,3590.82
4d,5f,4d-1D2,5f-3G3,5,7,4215.6,0.031091,0.067289,5.27E+04,1.14E+05,Ar(4d'[5/2]2),Ar(5f'[7/2]3),Ar(5f'[7/2]3)->Ar(4d'[5/2]2),O,2843.61,2372.12
4d,5f,4d-1D2,5f-3F3,5,7,4215.79,1.96E-04,4.22E-04,3.31E+02,7.14E+02,Ar(4d'[5/2]2),Ar(5f'[5/2]3),Ar(5f'[5/2]3)->Ar(4d'[5/2]2),O,2842.36,2372.02
4d,5f,4d-3F2,5f-3D3,5,7,1509.58,1.07E-03,2.95E-04,2.32E+02,64.1156,Ar(4d[5/2]2),Ar(5f[5/2]3),Ar(5f[5/2]3)->Ar(4d[5/2]2),O,3064.6,6624.23
4d,5f,4d-3F2,5f-1F3,5,7,1520.98,0.072148,0.020323,1.59E+04,4.48E+03,Ar(4d[5/2]2),Ar(5f[7/2]3),Ar(5f[7/2]3)->Ar(4d[5/2]2),O,3055.31,6574.58
4d,5f,4d-3F2,5f-3G3,5,7,2951.73,0.268864,0.285276,2.23E+05,2.37E+05,Ar(4d[5/2]2),Ar(5f'[7/2]3),Ar(5f'[7/2]3)->Ar(4d[5/2]2),O,2131.81,3387.81
4d,5f,4d-3F2,5f-3F3,5,7,2951.92,0.011992,0.012686,9.96E+03,1.05E+04,Ar(4d[5/2]2),Ar(5f'[5/2]3),Ar(5f'[5/2]3)->Ar(4d[5/2]2),O,2131.11,3387.59
4d,5f,4d-3D2,5f-3D3,5,7,1467.44,0.156659,0.041047,3.21E+04,8.42E+03,Ar(4d'[3/2]2),Ar(5f[5/2]3),Ar(5f[5/2]3)->Ar(4d'[3/2]2),O,4746.06,6814.5
4d,5f,4d-3D2,5f-1F3,5,7,1478.84,5.19E-06,1.28E-06,1.08202,0.267006,Ar(4d'[3/2]2),Ar(5f[7/2]3),Ar(5f[7/2]3)->Ar(4d'[3/2]2),O,4723.82,6761.97
4d,5f,4d-3D2,5f-3G3,5,7,2909.59,2.63E-04,2.77E-04,2.12E+02,2.23E+02,Ar(4d'[3/2]2),Ar(5f'[7/2]3),Ar(5f'[7/2]3)->Ar(4d'[3/2]2),O,2829.03,3436.89
4d,5f,4d-3D2,5f-3F3,5,7,2909.78,2.60903,2.68762,2.10E+06,2.17E+06,Ar(4d'[3/2]2),Ar(5f'[5/2]3),Ar(5f'[5/2]3)->Ar(4d'[3/2]2),O,2827.8,3436.66
4d,5f,4d-3F3,5f-3D2,7,5,2934.16,3.47E-03,3.63E-03,3.98E+03,4.18E+03,Ar(4d[7/2]3),Ar(5f[3/2]2),Ar(5f[3/2]2)->Ar(4d[7/2]3),O,2878.91,3408.1
4d,5f,4d-3F3,5f-1D2,7,5,2957.77,0.034001,0.036226,3.70E+04,4.23E+04,Ar(4d[7/2]3),Ar(5f[5/2]2),Ar(5f[5/2]2)->Ar(4d[7/2]3),O,2861.02,3380.89
4d,5f,4d-3F3,5f-3F2,7,5,4400.14,8.86E-05,2.09E-04,2.29E+02,5.39E+02,Ar(4d[7/2]3),Ar(5f'[5/2]2),Ar(5f'[5/2]2)->Ar(4d[7/2]3),O,2030.64,2272.64
4d,5f,4d-3D3,5f-3D2,7,5,2696.72,0.038803,0.034332,3.76E+04,3.33E+04,Ar(4d'[5/2]3),Ar(5f[3/2]2),Ar(5f[3/2]2)->Ar(4d'[5/2]3),O,5173.47,3708.17
4d,5f,4d-3D3,5f-1D2,7,5,2720.33,0.018381,0.016549,1.81E+04,1.63E+04,Ar(4d'[5/2]3),Ar(5f[5/2]2),Ar(5f[5/2]2)->Ar(4d'[5/2]3),O,5115.99,3675.98
4d,5f,4d-3D3,5f-3F2,7,5,4162.71,5.47E-05,1.15E-04,1.26E+02,2.67E+02,Ar(4d'[5/2]3),Ar(5f'[5/2]2),Ar(5f'[5/2]2)->Ar(4d'[5/2]3),O,2955.11,2402.27
4d,5f,4d-1F3,5f-3D2,7,5,1411.28,7.53E-04,1.82E-04,2.00E+02,48.4911,Ar(4d[5/2]3),Ar(5f[3/2]2),Ar(5f[3/2]2)->Ar(4d[5/2]3),O,3204.74,7085.67
4d,5f,4d-1F3,5f-1D2,7,5,1434.89,1.59E-03,3.99E-04,4.37E+02,1.10E+02,Ar(4d[5/2]3),Ar(5f[5/2]2),Ar(5f[5/2]2)->Ar(4d[5/2]3),O,3182.59,6969.08
4d,5f,4d-1F3,5f-3F2,7,5,2877.27,9.13E-03,9.20E-03,1.01E+04,1.02E+04,Ar(4d[5/2]3),Ar(5f'[5/2]2),Ar(5f'[5/2]2)->Ar(4d[5/2]3),O,2187.51,3475.5
4d,5f,4d-3F3,5f-3D3,7,7,2957.48,0.041335,0.044032,3.45E+04,3.67E+04,Ar(4d[7/2]3),Ar(5f[5/2]3),Ar(5f[5/2]3)->Ar(4d[7/2]3),O,2861.2,3381.22
4d,5f,4d-3F3,5f-3G3,7,7,4399.63,4.97E-04,1.17E-03,9.17E+02,2.16E+03,Ar(4d[7/2]3),Ar(5f'[7/2]3),Ar(5f'[7/2]3)->Ar(4d[7/2]3),O,2031.36,2272.9
4d,5f,4d-3F3,5f-3F3,7,7,4399.82,1.20E-03,2.82E-03,2.21E+03,5.20E+03,Ar(4d[7/2]3),Ar(5f'[5/2]3),Ar(5f'[5/2]3)->Ar(4d[7/2]3),O,2030.73,2272.8
4d,5f,4d-3D3,5f-3D3,7,7,2720.04,0.671195,0.604166,4.73E+05,4.26E+05,Ar(4d'[5/2]3),Ar(5f[5/2]3),Ar(5f[5/2]3)->Ar(4d'[5/2]3),O,5116.58,3676.38
4d,5f,4d-3D3,5f-1F3,7,7,2731.45,0.021804,0.019792,1.55E+04,1.41E+04,Ar(4d'[5/2]3),Ar(5f[7/2]3),Ar(5f[7/2]3)->Ar(4d'[5/2]3),O,5090.74,3661.03
4d,5f,4d-3D3,5f-3G3,7,7,4162.2,4.41E-04,9.30E-04,7.28E+02,1.53E+03,Ar(4d'[5/2]3),Ar(5f'[7/2]3),Ar(5f'[7/2]3)->Ar(4d'[5/2]3),O,2956.66,2402.56
4d,5f,4d-3D3,5f-3F3,7,7,4162.38,1.25E-03,2.64E-03,2.07E+03,4.36E+03,Ar(4d'[5/2]3),Ar(5f'[5/2]3),Ar(5f'[5/2]3)->Ar(4d'[5/2]3),O,2955.31,2402.45
4d,5f,4d-1F3,5f-3D3,7,7,1434.6,0.013693,3.43E-03,2.69E+03,6.73E+02,Ar(4d[5/2]3),Ar(5f[5/2]3),Ar(5f[5/2]3)->Ar(4d[5/2]3),O,3182.82,6970.49
4d,5f,4d-1F3,5f-1F3,7,7,1446.01,0.010338,2.63E-03,2.06E+03,5.24E+02,Ar(4d[5/2]3),Ar(5f[7/2]3),Ar(5f[7/2]3)->Ar(4d[5/2]3),O,3172.8,6915.53
4d,5f,4d-1F3,5f-3G3,7,7,2876.76,0.138746,0.139698,1.09E+05,1.10E+05,Ar(4d[5/2]3),Ar(5f'[7/2]3),Ar(5f'[7/2]3)->Ar(4d[5/2]3),O,2188.36,3476.12
4d,5f,4d-1F3,5f-3F3,7,7,2876.94,0.183173,0.18445,1.44E+05,1.45E+05,Ar(4d[5/2]3),Ar(5f'[5/2]3),Ar(5f'[5/2]3)->Ar(4d[5/2]3),O,2187.62,3475.89
4d,5f,4d-3F3,5f-1G4,7,9,2945.11,3.27445,3.45889,2.10E+06,2.22E+06,Ar(4d[7/2]3),Ar(5f[9/2]4),Ar(5f[9/2]4)->Ar(4d[7/2]3),O,2871.23,3395.42
4d,5f,4d-3F3,5f-1F3,7,7,2968.91,0.151678,0.162826,9.91E+04,1.06E+05,Ar(4d[7/2]3),Ar(5f[7/2]3),Ar(5f[7/2]3)->Ar(4d[7/2]3),O,2853.11,3368.24
4d,5f,4d-3F3,5f-3G4,7,9,4399.72,0.019955,0.046996,2.86E+04,6.74E+04,Ar(4d[7/2]3),Ar(5f'[7/2]4),Ar(5f'[7/2]4)->Ar(4d[7/2]3),O,2031.35,2272.86
4d,5f,4d-3D3,5f-1G4,7,9,2707.67,0.32994,0.294298,1.79E+05,1.60E+05,Ar(4d'[5/2]3),Ar(5f[9/2]4),Ar(5f[9/2]4)->Ar(4d'[5/2]3),O,5148.73,3693.17
4d,5f,4d-3D3,5f-3G4,7,9,4162.28,0.010225,0.021553,1.31E+04,2.77E+04,Ar(4d'[5/2]3),Ar(5f'[7/2]4),Ar(5f'[7/2]4)->Ar(4d'[5/2]3),O,2956.63,2402.51
4d,5f,4d-1F3,5f-1G4,7,9,1422.24,0.03378,8.32E-03,5.06E+03,1.25E+03,Ar(4d[5/2]3),Ar(5f[9/2]4),Ar(5f[9/2]4)->Ar(4d[5/2]3),O,3195.23,7031.11
4d,5f,4d-1F3,5f-3F4,7,9,1446.04,0.041087,0.010437,6.36E+03,1.62E+03,Ar(4d[5/2]3),Ar(5f[7/2]4),Ar(5f[7/2]4)->Ar(4d[5/2]3),O,3172.77,6915.39
4d,5f,4d-1F3,5f-3G4,7,9,2876.84,0.042757,0.043052,2.29E+04,2.31E+04,Ar(4d[5/2]3),Ar(5f'[7/2]4),Ar(5f'[7/2]4)->Ar(4d[5/2]3),O,2188.34,3476.01
4d,5f,4d-3F4,5f-3D3,9,7,3072.36,0.025288,0.029041,2.27E+06,2.61E+06,Ar(4d[7/2]4),Ar(5f[5/2]3),Ar(5f[5/2]3)->Ar(4d[7/2]4),O,2714.25,3254.8
4d,5f,4d-3F4,5f-1F3,9,7,3083.76,0.013998,0.016195,1.27E+04,1.47E+04,Ar(4d[7/2]4),Ar(5f[7/2]3),Ar(5f[7/2]3)->Ar(4d[7/2]4),O,2706.96,3242.76
4d,5f,4d-3F4,5f-3G3,9,7,4514.51,8.91E-07,2.21E-06,1.73101,4.29222,Ar(4d[7/2]4),Ar(5f'[7/2]3),Ar(5f'[7/2]3)->Ar(4d[7/2]4),O,1956.17,2215.07
4d,5f,4d-3F4,5f-3F3,9,7,4514.7,3.79E-06,9.41E-06,7.36825,18.2717,Ar(4d[7/2]4),Ar(5f'[5/2]3),Ar(5f'[5/2]3)->Ar(4d[7/2]4),O,1955.58,2214.97
4d,5f,4d-3F4,5f-1G4,9,9,3059.99,0.100048,0.113976,6.94E+04,7.91E+04,Ar(4d[7/2]4),Ar(5f[9/2]4),Ar(5f[9/2]4)->Ar(4d[7/2]4),O,2723.28,3267.95
4d,5f,4d-3F4,5f-3F4,9,9,3083.79,0.488672,0.565386,3.44E+05,3.98E+05,Ar(4d[7/2]4),Ar(5f[7/2]4),Ar(5f[7/2]4)->Ar(4d[7/2]4),O,2706.94,3242.73
4d,5f,4d-3F4,5f-3G4,9,9,4514.6,3.12E-05,7.74E-05,47.144,1.17E+02,Ar(4d[7/2]4),Ar(5f'[7/2]4),Ar(5f'[7/2]4)->Ar(4d[7/2]4),O,1956.16,2215.02
4d,5f,4d-3F4,5f-3G5,9,11,3059.84,4.34573,4.95013,2.47E+06,2.81E+06,Ar(4d[7/2]4),Ar(5f[9/2]5),Ar(5f[9/2]5)->Ar(4d[7/2]4),O,2723.32,3268.11
5d,5f,5d-3P0,5f-3D1,1,3,453.45,0.209377,0.774811,9.57E+03,3.54E+04,Ar(5d[1/2]0),Ar(5f[3/2]1),Ar(5f[3/2]1)->Ar(5d[1/2]0),O,11211.19,22053.63
5d,5f,5d-3P1,5f-3D1,3,3,394.05,0.231334,0.645785,7.99E+03,2.23E+04,Ar(5d[1/2]1),Ar(5f[3/2]1),Ar(5f[3/2]1)->Ar(5d[1/2]1),O,13276.38,25377.49
5d,5f,5d-3D1,5f-3D1,3,3,201.45,0.178299,0.131512,1.61E+02,1.19E+02,Ar(5d[3/2]1),Ar(5f[3/2]1),Ar(5f[3/2]1)->Ar(5d[3/2]1),O,58182.5,-49637.65
5d,5f,5d-1P1,5f-3D1,3,3,2031.04,1.67E-04,7.19E-03,89.7665,3.88E+03,Ar(5d'[3/2]1),Ar(5f[3/2]1),Ar(5f[3/2]1)->Ar(5d'[3/2]1),R,8853.51,-4923.59
5d,5f,5d-3P1,5f-3D2,3,5,394.46,0.307816,0.857986,6.39E+03,1.78E+04,Ar(5d[1/2]1),Ar(5f[3/2]2),Ar(5f[3/2]2)->Ar(5d[1/2]1),O,13270.3,25351.11
5d,5f,5d-3P1,5f-1D2,3,5,418.07,0.168741,0.532299,3.93E+03,1.24E+04,Ar(5d[1/2]1),Ar(5f[5/2]2),Ar(5f[5/2]2)->Ar(5d[1/2]1),O,12898.59,23919.44
5d,5f,5d-3P1,5f-3F2,3,5,1860.44,1.17E-03,0.072606,5.38E+02,3.35E+04,Ar(5d[1/2]1),Ar(5f'[5/2]2),Ar(5f'[5/2]2)->Ar(5d[1/2]1),O,4535.99,5375.07
5d,5f,5d-3D1,5f-3D2,3,5,201.05,0.566145,0.408376,5.09E+03,3.67E+03,Ar(5d[3/2]1),Ar(5f[3/2]2),Ar(5f[3/2]2)->Ar(5d[3/2]1),O,58065.94,-49738.87
5d,5f,5d-3D1,5f-1D2,3,5,177.44,0.868821,0.490659,6.08E+03,3.43E+03,Ar(5d[3/2]1),Ar(5f[5/2]2),Ar(5f[5/2]2)->Ar(5d[3/2]1),O,51563.93,-56357.08
5d,5f,5d-3D1,5f-3F2,3,5,1264.94,0.011624,0.334698,2.48E+03,7.14E+04,Ar(5d[3/2]1),Ar(5f'[5/2]2),Ar(5f'[5/2]2)->Ar(5d[3/2]1),O,6160.5,7905.58
5d,5f,5d-1P1,5f-3D2,3,5,2030.63,7.63E-03,0.3305,4.11E+03,1.78E+05,Ar(5d'[3/2]1),Ar(5f[3/2]2),Ar(5f[3/2]2)->Ar(5d'[3/2]1),R,8856.22,-4924.58
5d,5f,5d-1P1,5f-1D2,3,5,2007.02,3.17E-03,0.133289,1.66E+03,6.97E+04,Ar(5d'[3/2]1),Ar(5f[5/2]2),Ar(5f[5/2]2)->Ar(5d'[3/2]1),R,9029.88,-4982.51
5d,5f,5d-1P1,5f-3F2,3,5,564.65,2.9524,0.437636,5.41E+03,8.01E+02,Ar(5d'[3/2]1),Ar(5f'[5/2]2),Ar(5f'[5/2]2)->Ar(5d'[3/2]1),O,31067.86,-17710.09
5d,5f,5d-3P2,5f-3D1,5,3,300.16,0.031197,0.05037,6.25E+02,1.01E+03,Ar(5d[3/2]2),Ar(5f[3/2]1),Ar(5f[3/2]1)->Ar(5d[3/2]2),O,16690.35,33315.57
5d,5f,5d-1D2,5f-3D1,5,3,159.74,0.025502,0.011745,1.45E+02,66.6431,Ar(5d'[5/2]2),Ar(5f[3/2]1),Ar(5f[3/2]1)->Ar(5d'[5/2]2),R,12203.69,62601.73
5d,5f,5d-3F2,5f-3D1,5,3,1174.16,1.87E-05,4.64E-04,3.43306,85.4003,Ar(5d[5/2]2),Ar(5f[3/2]1),Ar(5f[3/2]1)->Ar(5d[5/2]2),O,24754.86,-8516.8
5d,5f,5d-3D2,5f-3D1,5,3,1187.4,1.11E-04,2.81E-03,20.9427,5.29E+02,Ar(5d'[3/2]2),Ar(5f[3/2]1),Ar(5f[3/2]1)->Ar(5d'[3/2]2),R,14559.0,-8421.83
5d,5f,5d-3P2,5f-3D2,5,5,300.56,0.286529,0.463015,3.45E+03,5.58E+03,Ar(5d[3/2]2),Ar(5f[3/2]2),Ar(5f[3/2]2)->Ar(5d[3/2]2),O,16680.75,33270.12
5d,5f,5d-3P2,5f-1D2,5,5,324.17,0.072547,0.13703,1.02E+03,1.92E+03,Ar(5d[3/2]2),Ar(5f[5/2]2),Ar(5f[5/2]2)->Ar(5d[3/2]2),O,16097.63,30847.06
5d,5f,5d-3P2,5f-3F2,5,5,1766.55,2.00E-04,1.12E-02,83.2824,4.65E+03,Ar(5d[3/2]2),Ar(5f'[5/2]2),Ar(5f'[5/2]2)->Ar(5d[3/2]2),O,4876.81,5660.75
5d,5f,5d-1D2,5f-3D2,5,5,160.15,1.75E-03,1.70E-04,5.98575,2.63555,Ar(5d'[5/2]2),Ar(5f[3/2]2),Ar(5f[3/2]2)->Ar(5d'[5/2]2),R,12208.83,62441.46
5d,5f,5d-1D2,5f-1D2,5,5,183.76,0.419367,0.254938,1.89E+03,1.15E+03,Ar(5d'[5/2]2),Ar(5f[5/2]2),Ar(5f[5/2]2)->Ar(5d'[5/2]2),R,12541.33,54418.81
5d,5f,5d-1D2,5f-3F2,5,5,1626.13,1.24E-04,5.89E-03,43.6439,2.08E+03,Ar(5d'[5/2]2),Ar(5f'[5/2]2),Ar(5f'[5/2]2)->Ar(5d'[5/2]2),O,15824.13,6149.57
5d,5f,5d-3F2,5f-3D2,5,5,1173.76,2.54E-07,5.71E-06,0.046644,1.04981,Ar(5d[5/2]2),Ar(5f[3/2]2),Ar(5f[3/2]2)->Ar(5d[5/2]2),O,24733.74,-8519.77
5d,5f,5d-3F2,5f-1D2,5,5,1150.15,4.18E-04,9.96E-03,73.7661,1.76E+03,Ar(5d[5/2]2),Ar(5f[5/2]2),Ar(5f[5/2]2)->Ar(5d[5/2]2),O,23472.97,-8694.67
5d,5f,5d-3F2,5f-3F2,5,5,292.23,0.068374,0.105254,7.79E+02,1.20E+03,Ar(5d[5/2]2),Ar(5f'[5/2]2),Ar(5f'[5/2]2)->Ar(5d[5/2]2),O,5389.87,34218.45
5d,5f,5d-3D2,5f-3D2,5,5,1187,1.03E-03,0.025958,1.94E+02,4.88E+03,Ar(5d'[3/2]2),Ar(5f[3/2]2),Ar(5f[3/2]2)->Ar(5d'[3/2]2),R,14566.32,-8424.74
5d,5f,5d-3D2,5f-1D2,5,5,1163.39,2.04E-04,4.97E-03,36.8332,8.97E+02,Ar(5d'[3/2]2),Ar(5f[5/2]2),Ar(5f[5/2]2)->Ar(5d'[3/2]2),R,15042.13,-8595.72
5d,5f,5d-3D2,5f-3F2,5,5,278.98,0.16037,0.161637,1.20E+03,1.68E+03,Ar(5d'[3/2]2),Ar(5f'[5/2]2),Ar(5f'[5/2]2)->Ar(5d'[3/2]2),O,13080.26,35842.29
5d,5f,5d-3P2,5f-3D3,5,7,323.88,1.09071,2.04629,1.09E+04,2.05E+04,Ar(5d[3/2]2),Ar(5f[5/2]3),Ar(5f[5/2]3)->Ar(5d[3/2]2),O,16103.43,30874.68
5d,5f,5d-3P2,5f-1F3,5,7,335.29,2.13E-05,2.10E-05,0.228017,0.224657,Ar(5d[3/2]2),Ar(5f[7/2]3),Ar(5f[7/2]3)->Ar(5d[3/2]2),O,15850.21,29824.93
5d,5f,5d-3P2,5f-3G3,5,7,1766.04,7.21E-10,3.12E-07,2.14E-04,9.27E-02,Ar(5d[3/2]2),Ar(5f'[7/2]3),Ar(5f'[7/2]3)->Ar(5d[3/2]2),O,4881.02,5662.39
5d,5f,5d-3P2,5f-3F3,5,7,1766.22,2.80E-03,0.156312,8.33E+02,4.65E+04,Ar(5d[3/2]2),Ar(5f'[5/2]3),Ar(5f'[5/2]3)->Ar(5d[3/2]2),O,4877.34,5661.78
5d,5f,5d-1D2,5f-3D3,5,7,183.47,0.029086,0.017232,93.2941,55.2712,Ar(5d'[5/2]2),Ar(5f[5/2]3),Ar(5f[5/2]3)->Ar(5d'[5/2]2),R,12537.81,54504.82
5d,5f,5d-1D2,5f-1F3,5,7,194.87,1.98373,1.35425,7.18E+03,4.90E+03,Ar(5d'[5/2]2),Ar(5f[7/2]3),Ar(5f[7/2]3)->Ar(5d'[5/2]2),R,12695.73,51316.26
5d,5f,5d-1D2,5f-3G3,5,7,1625.62,1.05E-03,0.049742,2.63E+02,1.25E+04,Ar(5d'[5/2]2),Ar(5f'[7/2]3),Ar(5f'[7/2]3)->Ar(5d'[5/2]2),O,15868.5,6151.5
5d,5f,5d-1D2,5f-3F3,5,7,1625.81,1.03E-05,4.81E-04,2.60647,1.21E+02,Ar(5d'[5/2]2),Ar(5f'[5/2]3),Ar(5f'[5/2]3)->Ar(5d'[5/2]2),O,15829.69,6150.78
5d,5f,5d-3F2,5f-3D3,5,7,1150.44,1.97E-05,4.56E-04,3.46966,80.5411,Ar(5d[5/2]2),Ar(5f[5/2]3),Ar(5f[5/2]3)->Ar(5d[5/2]2),O,23485.31,-8692.48
5d,5f,5d-3F2,5f-1F3,5,7,1139.04,1.22E-03,0.028436,2.11E+02,4.92E+03,Ar(5d[5/2]2),Ar(5f[7/2]3),Ar(5f[7/2]3)->Ar(5d[5/2]2),O,22950.57,-8779.48
5d,5f,5d-3F2,5f-3G3,5,7,291.71,1.54394,2.36387,1.25E+04,1.92E+04,Ar(5d[5/2]2),Ar(5f'[7/2]3),Ar(5f'[7/2]3)->Ar(5d[5/2]2),O,5395.01,34278.27
5d,5f,5d-3F2,5f-3F3,5,7,291.9,8.86E-03,0.01331,71.8977,1.08E+02,Ar(5d[5/2]2),Ar(5f'[5/2]3),Ar(5f'[5/2]3)->Ar(5d[5/2]2),O,5390.52,34255.96
5d,5f,5d-3D2,5f-3D3,5,7,1163.68,3.20E-03,0.077565,5.79E+02,1.40E+04,Ar(5d'[3/2]2),Ar(5f[5/2]3),Ar(5f[5/2]3)->Ar(5d'[3/2]2),R,15037.07,-8593.58
5d,5f,5d-3D2,5f-1F3,5,7,1152.28,4.77E-07,8.50E-06,8.45E-02,1.50592,Ar(5d'[3/2]2),Ar(5f[7/2]3),Ar(5f[7/2]3)->Ar(5d'[3/2]2),R,15264.79,-8678.6
5d,5f,5d-3D2,5f-3G3,5,7,278.47,4.66E-04,7.05E-04,3.44477,5.20623,Ar(5d'[3/2]2),Ar(5f'[7/2]3),Ar(5f'[7/2]3)->Ar(5d'[3/2]2),O,13110.56,35907.93
5d,5f,5d-3D2,5f-3F3,5,7,278.66,1.57943,2.19217,1.17E+04,1.62E+04,Ar(5d'[3/2]2),Ar(5f'[5/2]3),Ar(5f'[5/2]3)->Ar(5d'[3/2]2),O,13084.06,35883.45
5d,5f,5d-3F3,5f-3D2,7,5,260.05,2.38E-03,2.90E-03,21.4635,26.1202,Ar(5d[7/2]3),Ar(5f[3/2]2),Ar(5f[3/2]2)->Ar(5d[7/2]3),O,19002.02,38452.66
5d,5f,5d-3F3,5f-1D2,7,5,283.66,0.020328,0.029438,2.18E+02,3.16E+02,Ar(5d[7/2]3),Ar(5f[5/2]2),Ar(5f[5/2]2)->Ar(5d[7/2]3),O,18248.98,35252.23
5d,5f,5d-3F3,5f-3F2,7,5,1726.04,6.12E-06,3.26E-04,2.43114,1.30E+02,Ar(5d[7/2]3),Ar(5f'[5/2]2),Ar(5f'[5/2]2)->Ar(5d[7/2]3),O,5057.44,5793.61
5d,5f,5d-3D3,5f-3D2,7,5,132.28,0.044661,0.013966,1.04E+02,32.6035,Ar(5d'[5/2]3),Ar(5f[3/2]2),Ar(5f[3/2]2)->Ar(5d'[5/2]3),R,11480.89,75591.5
5d,5f,5d-3D3,5f-1D2,7,5,155.9,0.017831,7.74E-03,57.8114,25.1047,Ar(5d'[5/2]3),Ar(5f[5/2]2),Ar(5f[5/2]2)->Ar(5d'[5/2]3),R,11774.45,64143.68
5d,5f,5d-3D3,5f-3F2,7,5,1598.27,2.83E-04,1.29E-04,96.2925,43.9535,Ar(5d'[5/2]3),Ar(5f'[5/2]2),Ar(5f'[5/2]2)->Ar(5d'[5/2]3),O,17240.98,6256.77
5d,5f,5d-1F3,5f-3D2,7,5,1220.12,1.30E-05,3.47E-04,1.84581,49.2212,Ar(5d[5/2]3),Ar(5f[3/2]2),Ar(5f[3/2]2)->Ar(5d[5/2]3),O,28031.78,-8195.98
5d,5f,5d-1F3,5f-1D2,7,5,1196.51,3.54E-05,9.11E-04,4.83527,1.24E+02,Ar(5d[5/2]3),Ar(5f[5/2]2),Ar(5f[5/2]2)->Ar(5d[5/2]3),O,26423.29,-8357.71
5d,5f,5d-1F3,5f-3F2,7,5,245.86,6.12E-03,6.61E-03,49.3421,53.298,Ar(5d[5/2]3),Ar(5f'[5/2]2),Ar(5f'[5/2]2)->Ar(5d[5/2]3),O,5531.7,40671.9
5d,5f,5d-3F3,5f-3D3,7,7,283.37,0.026689,0.038565,2.04E+02,2.95E+02,Ar(5d[7/2]3),Ar(5f[5/2]3),Ar(5f[5/2]3)->Ar(5d[7/2]3),O,18256.44,35288.31
5d,5f,5d-3F3,5f-1F3,7,7,294.78,0.276127,0.431823,2.29E+03,3.58E+03,Ar(5d[7/2]3),Ar(5f[7/2]3),Ar(5f[7/2]3)->Ar(5d[7/2]3),O,17931.66,33923.6
5d,5f,5d-3F3,5f-3G3,7,7,1725.53,1.74E-05,9.24E-04,4.94256,2.62E+02,Ar(5d[7/2]3),Ar(5f'[7/2]3),Ar(5f'[7/2]3)->Ar(5d[7/2]3),O,5061.96,5795.32
5d,5f,5d-3F3,5f-3F3,7,7,1725.71,6.76E-05,3.60E-03,19.1862,1.02E+03,Ar(5d[7/2]3),Ar(5f'[5/2]3),Ar(5f'[5/2]3)->Ar(5d[7/2]3),O,5058.01,5794.68
5d,5f,5d-3D3,5f-3D3,7,7,155.6,0.66331,0.287,1.53E+03,6.62E+02,Ar(5d'[5/2]3),Ar(5f[5/2]3),Ar(5f[5/2]3)->Ar(5d'[5/2]3),R,11771.34,64263.22
5d,5f,5d-3D3,5f-1F3,7,7,167.01,1.88E-02,9.35E-03,49.8697,24.847,Ar(5d'[5/2]3),Ar(5f[7/2]3),Ar(5f[7/2]3)->Ar(5d'[5/2]3),R,11910.44,59876.65
5d,5f,5d-3D3,5f-3G3,7,7,1597.76,1.30E-05,5.95E-04,3.17449,1.45E+02,Ar(5d'[5/2]3),Ar(5f'[7/2]3),Ar(5f'[7/2]3)->Ar(5d'[5/2]3),O,17293.67,6258.76
5d,5f,5d-3D3,5f-3F3,7,7,1597.94,7.12E-05,3.25E-03,17.3184,7.90E+02,Ar(5d'[5/2]3),Ar(5f'[5/2]3),Ar(5f'[5/2]3)->Ar(5d'[5/2]3),O,17247.59,6258.02
5d,5f,5d-1F3,5f-3D3,7,7,1196.8,2.78E-04,7.13E-03,37.9456,9.73E+02,Ar(5d[5/2]3),Ar(5f[5/2]3),Ar(5f[5/2]3)->Ar(5d[5/2]3),O,26438.94,-8355.68
5d,5f,5d-1F3,5f-1F3,7,7,1185.4,2.17E-04,5.49E-03,29.0712,7.35E+02,Ar(5d[5/2]3),Ar(5f[7/2]3),Ar(5f[7/2]3)->Ar(5d[5/2]3),O,25763.17,-8436.04
5d,5f,5d-1F3,5f-3G3,7,7,245.35,0.092641,0.099653,5.31E+02,5.72E+02,Ar(5d[5/2]3),Ar(5f'[7/2]3),Ar(5f'[7/2]3)->Ar(5d[5/2]3),O,5537.11,40756.44
5d,5f,5d-1F3,5f-3F3,7,7,245.53,0.12274,0.132234,7.05E+02,7.60E+02,Ar(5d[5/2]3),Ar(5f'[5/2]3),Ar(5f'[5/2]3)->Ar(5d[5/2]3),O,5532.37,40724.9
5d,5f,5d-3F3,5f-1G4,7,9,271.01,1.99015,2.63065,1.08E+04,1.43E+04,Ar(5d[7/2]3),Ar(5f[9/2]4),Ar(5f[9/2]4)->Ar(5d[7/2]3),O,18672.5,36899.01
5d,5f,5d-3F3,5f-3F4,7,9,294.81,0.09521,0.148895,6.13E+02,9.59E+02,Ar(5d[7/2]3),Ar(5f[7/2]4),Ar(5f[7/2]4)->Ar(5d[7/2]3),O,17930.7,33920.15
5d,5f,5d-3F3,5f-3G4,7,9,1725.61,9.79E-04,0.052094,2.16E+02,1.15E+04,Ar(5d[7/2]3),Ar(5f'[7/2]4),Ar(5f'[7/2]4)->Ar(5d[7/2]3),O,5061.89,5795.02
5d,5f,5d-3D3,5f-1G4,7,9,143.24,0.370963,0.136036,5.64E+02,2.07E+02,Ar(5d'[5/2]3),Ar(5f[9/2]4),Ar(5f[9/2]4)->Ar(5d'[5/2]3),R,11604.62,69812.9
5d,5f,5d-3D3,5f-3F4,7,9,167.04,0.0299722,0.0149444,6.20E+03,3.09E+03,Ar(5d'[5/2]3),Ar(5f[7/2]4),Ar(5f[7/2]4)->Ar(5d'[5/2]3),R,11910.86,59865.9
5d,5f,5d-3D3,5f-3G4,7,9,1597.84,2.44E-04,0.011132,46.1697,2.11E+03,Ar(5d'[5/2]3),Ar(5f'[7/2]4),Ar(5f'[7/2]4)->Ar(5d'[5/2]3),O,17292.8,6258.41
5d,5f,5d-1F3,5f-1G4,7,9,1209.17,8.61E-04,0.0227,1.20E+02,3.16E+03,Ar(5d[5/2]3),Ar(5f[9/2]4),Ar(5f[9/2]4)->Ar(5d[5/2]3),O,27320.54,-8270.2
5d,5f,5d-1F3,5f-3F4,7,9,1185.37,5.53E-04,0.01391,73.9928,1.86E+03,Ar(5d[5/2]3),Ar(5f[7/2]4),Ar(5f[7/2]4)->Ar(5d[5/2]3),O,25761.18,-8436.26
5d,5f,5d-1F3,5f-3G4,7,9,245.44,2.496,2.68697,1.11E+04,1.20E+04,Ar(5d[5/2]3),Ar(5f'[7/2]4),Ar(5f'[7/2]4)->Ar(5d[5/2]3),O,5537.02,40741.5
5d,5f,5d-3F4,5f-3D3,9,7,353.4,0.012422,0.027723,1.48E+02,3.30E+02,Ar(5d[7/2]4),Ar(5f[5/2]3),Ar(5f[5/2]3)->Ar(5d[7/2]4),O,14884.68,28296.55
5d,5f,5d-3F4,5f-1F3,9,7,364.8,6.69E-03,0.0159,84.7886,2.02E+02,Ar(5d[7/2]4),Ar(5f[7/2]3),Ar(5f[7/2]3)->Ar(5d[7/2]4),O,14668.08,27412.28
5d,5f,5d-3F4,5f-3G3,9,7,1795.55,1.27E-06,7.30E-06,3.89E-01,2.2412,Ar(5d[7/2]4),Ar(5f'[7/2]3),Ar(5f'[7/2]3)->Ar(5d[7/2]4),O,4762.82,5569.32
5d,5f,5d-3F4,5f-3F3,9,7,1795.74,5.39E-07,3.11E-05,0.165593,9.54238,Ar(5d[7/2]4),Ar(5f'[5/2]3),Ar(5f'[5/2]3)->Ar(5d[7/2]4),O,4759.31,5568.73
5d,5f,5d-3F4,5f-1G4,9,9,341.03,0.507257,0.10542,4.37E+03,9.09E+02,Ar(5d[7/2]4),Ar(5f[9/2]4),Ar(5f[9/2]4)->Ar(5d[7/2]4),O,15160.09,29322.93
5d,5f,5d-3F4,5f-3F4,9,9,364.83,0.233385,0.555119,2.30E+03,5.48E+03,Ar(5d[7/2]4),Ar(5f[7/2]4),Ar(5f[7/2]4)->Ar(5d[7/2]4),O,14667.43,27410.03
5d,5f,5d-3F4,5f-3G4,9,9,1795.64,4.43E-06,2.55E-04,1.05946,61.0457,Ar(5d[7/2]4),Ar(5f'[7/2]4),Ar(5f'[7/2]4)->Ar(5d[7/2]4),O,4762.75,5569.05
5d,5f,5d-3F4,5f-3G5,9,11,340.88,2.20404,4.57671,1.55E+04,3.22E+04,Ar(5d[7/2]4),Ar(5f[9/2]5),Ar(5f[9/2]5)->Ar(5d[7/2]4),O,15161.49,29335.84
g,6d,g-1S0,6d-3P1,1,3,122767.74,6.82E-04,7.68E-04,2.29E+06,2.58E+06,Ar,Ar(6d[1/2]1),Ar(6d[1/2]1)->Ar,O,80.99,81.45
g,6d,g-1S0,6d-3D1,1,3,123145.1,0.038123,0.043045,1.29E+08,1.45E+08,Ar,Ar(6d[3/2]1),Ar(6d[3/2]1)->Ar,O,80.65,81.21
g,6d,g-1S0,6d-1P1,1,3,124500.53,0.034463,0.038929,1.19E+08,1.34E+08,Ar,Ar(6d'[3/2]1),Ar(6d'[3/2]1)->Ar,O,79.82,80.32
6d,4f,6d-3P0,4f-3D1,1,3,3560.2,7.78E-03,7.25E-03,6.57E+04,6.13E+04,Ar(6d[1/2]0),Ar(4f[3/2]1),Ar(4f[3/2]1)->Ar(6d[1/2]0),R,3011.42,-2808.85
6d,4f,6d-3P1,4f-3D1,3,3,3599.09,7.47E-03,7.11E-03,2.15E+04,2.05E+04,Ar(6d[1/2]1),Ar(4f[3/2]1),Ar(4f[3/2]1)->Ar(6d[1/2]1),R,3049.02,-2778.5
6d,4f,6d-3D1,4f-3D1,3,3,3976.44,1.94E-04,2.26E-04,6.84E+02,7.95E+02,Ar(6d[3/2]1),Ar(4f[3/2]1),Ar(4f[3/2]1)->Ar(6d[3/2]1),R,2625.51,-2514.82
6d,4f,6d-1P1,4f-3D1,3,3,5331.87,7.50E-06,1.57E-05,47.4351,99.1782,Ar(6d'[3/2]1),Ar(4f[3/2]1),Ar(4f[3/2]1)->Ar(6d'[3/2]1),R,1961.54,-1875.52
6d,4f,6d-3P1,4f-3D2,3,5,3598.6,9.41E-03,8.96E-03,2.71E+04,2.58E+04,Ar(6d[1/2]1),Ar(4f[3/2]2),Ar(4f[3/2]2)->Ar(6d[1/2]1),R,3049.39,-2778.87
6d,4f,6d-3P1,4f-1D2,3,5,3553.04,6.25E-03,5.80E-03,1.75E+04,1.63E+04,Ar(6d[1/2]1),Ar(4f[5/2]2),Ar(4f[5/2]2)->Ar(6d[1/2]1),R,3088.41,-2814.5
6d,4f,6d-3P1,4f-3F2,3,5,2113.46,8.29E-05,2.72E-05,82.2954,27.0324,Ar(6d[1/2]1),Ar(4f'[5/2]2),Ar(4f'[5/2]2)->Ar(6d[1/2]1),R,5514.52,-4731.6
6d,4f,6d-3D1,4f-3D2,3,5,3975.95,9.22E-03,0.010721,3.24E+04,3.77E+04,Ar(6d[3/2]1),Ar(4f[3/2]2),Ar(4f[3/2]2)->Ar(6d[3/2]1),R,2625.79,-2515.12
6d,4f,6d-3D1,4f-1D2,3,5,3930.4,0.011135,0.01265,3.82E+04,4.35E+04,Ar(6d[3/2]1),Ar(4f[5/2]2),Ar(4f[5/2]2)->Ar(6d[3/2]1),R,2654.67,-2544.28
6d,4f,6d-3D1,4f-3F2,3,5,2490.82,8.12E-04,3.70E-04,1.12E+03,5.11E+02,Ar(6d[3/2]1),Ar(4f'[5/2]2),Ar(4f'[5/2]2)->Ar(6d[3/2]1),R,4269.07,-4014.76
6d,4f,6d-1P1,4f-3D2,3,5,5331.38,2.63E-04,5.50E-04,1.66E+03,3.47E+03,Ar(6d'[3/2]1),Ar(4f[3/2]2),Ar(4f[3/2]2)->Ar(6d'[3/2]1),R,1961.7,-1875.69
6d,4f,6d-1P1,4f-1D2,3,5,5285.82,1.47E-04,3.01E-04,9.10E+02,1.87E+03,Ar(6d'[3/2]1),Ar(4f[5/2]2),Ar(4f[5/2]2)->Ar(6d'[3/2]1),R,1977.77,-1891.85
6d,4f,6d-1P1,4f-3F2,3,5,3846.24,0.021018,0.022866,6.91E+04,7.52E+04,Ar(6d'[3/2]1),Ar(4f'[5/2]2),Ar(4f'[5/2]2)->Ar(6d'[3/2]1),R,2753.55,-2599.94
6d,4f,6d-3P2,4f-3D1,5,3,3656.3,7.51E-04,7.39E-04,1.34E+03,1.32E+03,Ar(6d[3/2]2),Ar(4f[3/2]1),Ar(4f[3/2]1)->Ar(6d[3/2]2),R,2762.22,-2735.01
6d,4f,6d-1D2,4f-3D1,5,3,3736.47,3.20E-04,3.28E-04,5.95E+02,6.11E+02,Ar(6d'[5/2]2),Ar(4f[3/2]1),Ar(4f[3/2]1)->Ar(6d'[5/2]2),R,2030.4,-2676.34
6d,4f,6d-3F2,4f-3D1,5,3,5112.67,4.44E-07,8.53E-07,1.5469,2.97342,Ar(6d[5/2]2),Ar(4f[3/2]1),Ar(4f[3/2]1)->Ar(6d[5/2]2),R,2748.37,-1955.93
6d,4f,6d-3D2,4f-3D1,5,3,5117.24,2.701E-06,5.20E-06,9.43767,18.1749,Ar(6d'[3/2]2),Ar(4f[3/2]1),Ar(4f[3/2]1)->Ar(6d'[3/2]2),R,2049.94,-1954.18
6d,4f,6d-3P2,4f-3D2,5,5,3655.82,6.87E-03,6.75E-03,1.22E+04,1.20E+04,Ar(6d[3/2]2),Ar(4f[3/2]2),Ar(4f[3/2]2)->Ar(6d[3/2]2),R,2762.52,-2735.37
6d,4f,6d-3P2,4f-1D2,5,5,3610.26,1.95E-03,1.87E-03,3.40E+03,3.26E+03,Ar(6d[3/2]2),Ar(4f[5/2]2),Ar(4f[5/2]2)->Ar(6d[3/2]2),R,2794.51,-2769.89
6d,4f,6d-3P2,4f-3F2,5,5,2170.68,8.83E-06,3.06E-06,5.54753,1.92243,Ar(6d[3/2]2),Ar(4f'[5/2]2),Ar(4f'[5/2]2)->Ar(6d[3/2]2),R,4642.67,-4606.87
6d,4f,6d-1D2,4f-3D2,5,5,3735.98,2.51E-05,2.58E-05,46.7812,48.0545,Ar(6d'[5/2]2),Ar(4f[3/2]2),Ar(4f[3/2]2)->Ar(6d'[5/2]2),R,2030.56,-2676.68
6d,4f,6d-1D2,4f-1D2,5,5,3690.42,6.10E-03,6.11E-03,1.11E+04,1.11E+04,Ar(6d'[5/2]2),Ar(4f[5/2]2),Ar(4f[5/2]2)->Ar(6d'[5/2]2),R,2047.79,-2709.73
6d,4f,6d-1D2,4f-3F2,5,5,2250.84,2.47E-05,9.22E-06,16.7203,6.22937,Ar(6d'[5/2]2),Ar(4f'[5/2]2),Ar(4f'[5/2]2)->Ar(6d'[5/2]2),R,2891.18,-4442.81
6d,4f,6d-3F2,4f-3D2,5,5,5112.18,9.55E-11,1.86E-10,3.33E+04,6.48E+04,Ar(6d[5/2]2),Ar(4f[3/2]2),Ar(4f[3/2]2)->Ar(6d[5/2]2),R,2748.67,-1956.11
6d,4f,6d-3F2,4f-1D2,5,5,5066.63,1.40E-05,2.64E-05,47.8559,90.4309,Ar(6d[5/2]2),Ar(4f[5/2]2),Ar(4f[5/2]2)->Ar(6d[5/2]2),R,2780.34,-1973.7
6d,4f,6d-3F2,4f-3F2,5,5,3627.05,1.56E-03,1.51E-03,2.74E+03,2.65E+03,Ar(6d[5/2]2),Ar(4f'[5/2]2),Ar(4f'[5/2]2)->Ar(6d[5/2]2),R,4603.69,-2757.07
6d,4f,6d-3D2,4f-3D2,5,5,5116.76,2.49E-05,4.80E-05,87.1348,1.68E+02,Ar(6d'[3/2]2),Ar(4f[3/2]2),Ar(4f[3/2]2)->Ar(6d'[3/2]2),R,2050.1,-1954.37
6d,4f,6d-3D2,4f-1D2,5,5,5071.2,1.80E-06,3.40E-06,6.17412,11.6755,Ar(6d'[3/2]2),Ar(4f[5/2]2),Ar(4f[5/2]2)->Ar(6d'[3/2]2),R,2067.67,-1971.92
6d,4f,6d-3D2,4f-3F2,5,5,3631.62,2.67E-03,2.59E-03,4.69E+03,4.55E+03,Ar(6d'[3/2]2),Ar(4f'[5/2]2),Ar(4f'[5/2]2)->Ar(6d'[3/2]2),R,2930.96,-2753.6
6d,4f,6d-3P2,4f-3D3,5,7,3610.61,0.028678,0.027496,4.99E+04,4.78E+04,Ar(6d[3/2]2),Ar(4f[5/2]3),Ar(4f[5/2]3)->Ar(6d[3/2]2),R,2794.26,-2769.62
6d,4f,6d-3P2,4f-1F3,5,7,3588.03,4.24E-07,4.07E-07,0.728767,0.698232,Ar(6d[3/2]2),Ar(4f[7/2]3),Ar(4f[7/2]3)->Ar(6d[3/2]2),R,2810.06,-2787.05
6d,4f,6d-3P2,4f-3G3,5,7,2171.77,2.13E-10,7.10E-11,1.34E-04,4.47E-05,Ar(6d[3/2]2),Ar(4f'[7/2]3),Ar(4f'[7/2]3)->Ar(6d[3/2]2),R,4639.78,-4604.56
6d,4f,6d-3P2,4f-3F3,5,7,2171.06,1.24E-04,4.28E-05,77.6826,26.9302,Ar(6d[3/2]2),Ar(4f'[5/2]3),Ar(4f'[5/2]3)->Ar(6d[3/2]2),R,4641.92,-4606.07
6d,4f,6d-1D2,4f-3D3,5,7,3690.78,4.15E-04,0.00030808,7.55E+02,7.57E+02,Ar(6d'[5/2]2),Ar(4f[5/2]3),Ar(4f[5/2]3)->Ar(6d'[5/2]2),R,2047.66,-2709.46
6d,4f,6d-1D2,4f-1F3,5,7,3668.2,0.030808,0.030485,5.53E+04,5.47E+04,Ar(6d'[5/2]2),Ar(4f[7/2]3),Ar(4f[7/2]3)->Ar(6d'[5/2]2),R,2056.13,-2726.15
6d,4f,6d-1D2,4f-3G3,5,7,2251.93,3.04E-05,1.13E-05,20.577,7.67365,Ar(6d'[5/2]2),Ar(4f'[7/2]3),Ar(4f'[7/2]3)->Ar(6d'[5/2]2),R,2890.06,-4440.66
6d,4f,6d-1D2,4f-3F3,5,7,2251.22,1.92E-06,7.15E-07,1.29577,0.483131,Ar(6d'[5/2]2),Ar(4f'[5/2]3),Ar(4f'[5/2]3)->Ar(6d'[5/2]2),R,2890.89,-4442.06
6d,4f,6d-3F2,4f-3D3,5,7,5066.98,6.74E-07,1.27E-06,2.30725,4.35835,Ar(6d[5/2]2),Ar(4f[5/2]3),Ar(4f[5/2]3)->Ar(6d[5/2]2),R,2780.09,-1973.56
6d,4f,6d-3F2,4f-1F3,5,7,5044.4,8.84E-06,1.65E-05,30.0014,56.1417,Ar(6d[5/2]2),Ar(4f[7/2]3),Ar(4f[7/2]3)->Ar(6d[5/2]2),R,2795.74,-1982.4
6d,4f,6d-3F2,4f-3G3,5,7,3628.13,0.036281,0.03512,6.37E+04,6.17E+04,Ar(6d[5/2]2),Ar(4f'[7/2]3),Ar(4f'[7/2]3)->Ar(6d[5/2]2),R,4600.85,-2756.24
6d,4f,6d-3F2,4f-3F3,5,7,3627.43,2.85E-04,2.76E-04,5.01E+02,4.85E+02,Ar(6d[5/2]2),Ar(4f'[5/2]3),Ar(4f'[5/2]3)->Ar(6d[5/2]2),R,4602.96,-2756.78
6d,4f,6d-3D2,4f-3D3,5,7,5071.55,3.14E-05,5.95E-05,1.08E+02,2.04E+02,Ar(6d'[3/2]2),Ar(4f[5/2]3),Ar(4f[5/2]3)->Ar(6d'[3/2]2),R,2067.53,-1971.78
6d,4f,6d-3D2,4f-1F3,5,7,5048.97,9.24E-09,1.74E-08,0.031419,0.059235,Ar(6d'[3/2]2),Ar(4f[7/2]3),Ar(4f[7/2]3)->Ar(6d'[3/2]2),R,2076.17,-1980.61
6d,4f,6d-3D2,4f-3G3,5,7,3632.71,3.46E-05,3.35E-05,60.8995,59.0555,Ar(6d'[3/2]2),Ar(4f'[7/2]3),Ar(4f'[7/2]3)->Ar(6d'[3/2]2),R,2929.81,-2752.77
6d,4f,6d-3D2,4f-3F3,5,7,3632,0.035423,0.034368,6.23E+04,6.05E+04,Ar(6d'[3/2]2),Ar(4f'[5/2]3),Ar(4f'[5/2]3)->Ar(6d'[3/2]2),R,2930.66,-2753.31
6d,4f,6d-3F3,4f-3D2,7,5,3677.2,4.95E-05,4.92E-05,63.7644,63.4054,Ar(6d[7/2]3),Ar(4f[3/2]2),Ar(4f[3/2]2)->Ar(6d[7/2]3),R,2789.22,-2719.47
6d,4f,6d-3F3,4f-1D2,7,5,3631.64,4.69E-04,4.55E-04,5.90E+02,5.72E+02,Ar(6d[7/2]3),Ar(4f[5/2]2),Ar(4f[5/2]2)->Ar(6d[7/2]3),R,2821.83,-2753.58
6d,4f,6d-3F3,4f-3F2,7,5,2192.06,1.65E-06,5.84E-07,0.756439,0.267304,Ar(6d[7/2]3),Ar(4f'[5/2]2),Ar(4f'[5/2]2)->Ar(6d[7/2]3),R,4718.58,-4561.94
6d,4f,6d-3D3,4f-3D2,7,5,3752.2,4.53E-04,4.69E-04,6.07E+02,6.29E+02,Ar(6d'[5/2]3),Ar(4f[3/2]2),Ar(4f[3/2]2)->Ar(6d'[5/2]3),R,2015.6,-2665.11
6d,4f,6d-3D3,4f-1D2,7,5,3706.64,2.18E-04,2.20E-04,2.85E+02,2.88E+02,Ar(6d'[5/2]3),Ar(4f[5/2]2),Ar(4f[5/2]2)->Ar(6d'[5/2]3),R,2032.57,-2697.87
6d,4f,6d-3D3,4f-3F2,7,5,2267.06,6.69E-07,2.53E-07,0.327873,0.12393,Ar(6d'[5/2]3),Ar(4f'[5/2]2),Ar(4f'[5/2]2)->Ar(6d'[5/2]3),R,2860.94,-4411.02
6d,4f,6d-1F3,4f-3D2,7,5,5141.12,2.97E-07,5.77E-07,0.747259,1.45255,Ar(6d[5/2]3),Ar(4f[3/2]2),Ar(4f[3/2]2)->Ar(6d[5/2]3),R,2744.4,-1945.11
6d,4f,6d-1F3,4f-1D2,7,5,5095.56,1.25E-06,2.39E-06,3.0981,5.91572,Ar(6d[5/2]3),Ar(4f[5/2]2),Ar(4f[5/2]2)->Ar(6d[5/2]3),R,2775.96,-1962.5
6d,4f,6d-1F3,4f-3F2,7,5,3655.98,1.20E-04,1.18E-04,1.52E+02,1.50E+02,Ar(6d[5/2]3),Ar(4f'[5/2]2),Ar(4f'[5/2]2)->Ar(6d[5/2]3),R,4591.71,-2735.25
6d,4f,6d-3F3,4f-3D3,7,7,3632,6.37E-04,6.18E-04,8.00E+02,7.76E+02,Ar(6d[7/2]3),Ar(4f[5/2]3),Ar(4f[5/2]3)->Ar(6d[7/2]3),R,2821.58,-2753.31
6d,4f,6d-3F3,4f-1F3,7,7,3609.41,6.60E-03,6.33E-03,8.20E+03,7.85E+03,Ar(6d[7/2]3),Ar(4f[7/2]3),Ar(4f[7/2]3)->Ar(6d[7/2]3),R,2837.7,-2770.54
6d,4f,6d-3F3,4f-3G3,7,7,2193.15,1.75E-08,6.18E-09,8.02E-03,6.18E-03,Ar(6d[7/2]3),Ar(4f'[7/2]3),Ar(4f'[7/2]3)->Ar(6d[7/2]3),R,4715.59,-4559.67
6d,4f,6d-3F3,4f-3F3,7,7,2192.44,9.48E-06,3.35E-06,4.34431,1.53578,Ar(6d[7/2]3),Ar(4f'[5/2]3),Ar(4f'[5/2]3)->Ar(6d[7/2]3),R,4717.81,-4561.15
6d,4f,6d-3D3,4f-3D3,7,7,3707,8.06E-03,8.15E-03,1.06E+04,1.07E+04,Ar(6d'[5/2]3),Ar(4f[5/2]3),Ar(4f[5/2]3)->Ar(6d'[5/2]3),R,2032.44,-2697.61
6d,4f,6d-3D3,4f-1F3,7,7,3684.42,2.34E-04,2.34E-04,3.03E+02,3.02E+02,Ar(6d'[5/2]3),Ar(4f[7/2]3),Ar(4f[7/2]3)->Ar(6d'[5/2]3),R,2040.79,-2714.15
6d,4f,6d-3D3,4f-3G3,7,7,2268.15,4.08E-07,1.54E-07,0.199818,0.075603,Ar(6d'[5/2]3),Ar(4f'[7/2]3),Ar(4f'[7/2]3)->Ar(6d'[5/2]3),R,2859.84,-4408.9
6d,4f,6d-3D3,4f-3F3,7,7,2267.44,2.02E-05,7.64E-06,9.89898,3.7431,Ar(6d'[5/2]3),Ar(4f'[5/2]3),Ar(4f'[5/2]3)->Ar(6d'[5/2]3),R,2860.65,-4410.28
6d,4f,6d-1F3,4f-3D3,7,7,5095.92,1.13E-05,2.15E-05,27.8383,53.1672,Ar(6d[5/2]3),Ar(4f[5/2]3),Ar(4f[5/2]3)->Ar(6d[5/2]3),R,2775.72,-1962.36
6d,4f,6d-1F3,4f-1F3,7,7,5073.33,3.48E-06,6.59E-06,8.54377,16.171,Ar(6d[5/2]3),Ar(4f[7/2]3),Ar(4f[7/2]3)->Ar(6d[5/2]3),R,2791.31,-1971.1
6d,4f,6d-1F3,4f-3G3,7,7,3657.07,1.81E-03,1.78E-03,2.31E+03,2.35E+03,Ar(6d[5/2]3),Ar(4f'[7/2]3),Ar(4f'[7/2]3)->Ar(6d[5/2]3),R,4588.88,-2734.44
6d,4f,6d-1F3,4f-3F3,7,7,3656.36,2.39E-03,2.35E-03,3.05E+03,3.00E+03,Ar(6d[5/2]3),Ar(4f'[5/2]3),Ar(4f'[5/2]3)->Ar(6d[5/2]3),R,4590.98,-2734.97
6d,4f,6d-3F3,4f-1G4,7,9,3655.65,0.042907,0.042167,5.46E+04,5.37E+04,Ar(6d[7/2]3),Ar(4f[9/2]4),Ar(4f[9/2]4)->Ar(6d[7/2]3),R,2803.72,-2735.5
6d,4f,6d-3F3,4f-3F4,7,9,3609.37,2.42E-03,2.32E-03,3.00E+03,2.88E+03,Ar(6d[7/2]3),Ar(4f[7/2]4),Ar(4f[7/2]4)->Ar(6d[7/2]3),R,2837.73,-2770.57
6d,4f,6d-3F3,4f-3G4,7,9,2193.04,7.02E-05,2.48E-05,32.1778,11.3823,Ar(6d[7/2]3),Ar(4f'[7/2]4),Ar(4f'[7/2]4)->Ar(6d[7/2]3),R,4715.69,-4559.9
6d,4f,6d-3D3,4f-1G4,7,9,3730.65,4.30E-03,4.40E-03,5.71E+03,5.84E+03,Ar(6d'[5/2]3),Ar(4f[9/2]4),Ar(4f[9/2]4)->Ar(6d'[5/2]3),R,2023.16,-2680.51
6d,4f,6d-3D3,4f-3F4,7,9,3684.38,0.039344,0.039281,5.09E+04,5.08E+04,Ar(6d'[5/2]3),Ar(4f[7/2]4),Ar(4f[7/2]4)->Ar(6d'[5/2]3),R,2040.81,-2714.17
6d,4f,6d-3D3,4f-3G4,7,9,2268.04,1.91E-07,7.24E-08,0.093772,0.035476,Ar(6d'[5/2]3),Ar(4f'[7/2]4),Ar(4f'[7/2]4)->Ar(6d'[5/2]3),R,2859.87,-4409.11
6d,4f,6d-1F3,4f-1G4,7,9,5119.57,2.34E-05,4.50E-05,58.3375,1.12E+02,Ar(6d[5/2]3),Ar(4f[9/2]4),Ar(4f[9/2]4)->Ar(6d[5/2]3),R,2758.44,-1953.29
6d,4f,6d-1F3,4f-3F4,7,9,5073.3,9.74E-07,1.84E-06,2.38849,4.52063,Ar(6d[5/2]3),Ar(4f[7/2]4),Ar(4f[7/2]4)->Ar(6d[5/2]3),R,2791.34,-1971.11
6d,4f,6d-1F3,4f-3G4,7,9,3656.96,0.048752,0.047952,6.21E+04,6.11E+04,Ar(6d[5/2]3),Ar(4f'[7/2]4),Ar(4f'[7/2]4)->Ar(6d[5/2]3),R,4588.97,-2734.52
6d,4f,6d-3F4,4f-3D3,9,7,3588.1,3.55E-04,3.36E-04,3.39E+02,3.21E+02,Ar(6d[7/2]4),Ar(4f[5/2]3),Ar(4f[5/2]3)->Ar(6d[7/2]4),R,2921.05,-2787.0
6d,4f,6d-3F4,4f-1F3,9,7,3565.52,1.99E-04,1.86E-04,1.87E+02,1.75E+02,Ar(6d[7/2]4),Ar(4f[7/2]3),Ar(4f[7/2]3)->Ar(6d[7/2]4),R,2938.32,-2804.66
6d,4f,6d-3F4,4f-3G3,9,7,2149.25,1.19E-07,4.04E-08,0.040735,0.013838,Ar(6d[7/2]4),Ar(4f'[7/2]3),Ar(4f'[7/2]3)->Ar(6d[7/2]4),R,5000.15,-4652.81
6d,4f,6d-3F4,4f-3F3,9,7,2148.55,5.00E-07,1.70E-07,0.171114,0.058095,Ar(6d[7/2]4),Ar(4f'[5/2]3),Ar(4f'[5/2]3)->Ar(6d[7/2]4),R,5002.64,-4654.35
6d,4f,6d-3F4,4f-1G4,9,9,3611.75,1.38E-03,1.33E-03,1.34E+03,1.28E+03,Ar(6d[7/2]4),Ar(4f[9/2]4),Ar(4f[9/2]4)->Ar(6d[7/2]4),R,2901.91,-2768.75
6d,4f,6d-3F4,4f-3F4,9,9,3565.48,6.94E-03,6.49E-03,6.54E+03,6.11E+03,Ar(6d[7/2]4),Ar(4f[7/2]4),Ar(4f[7/2]4)->Ar(6d[7/2]4),R,2938.36,-2804.68
6d,4f,6d-3F4,4f-3G4,9,9,2149.15,4.18E-06,1.42E-06,1.42997,0.485764,Ar(6d[7/2]4),Ar(4f'[7/2]4),Ar(4f'[7/2]4)->Ar(6d[7/2]4),R,5000.26,-4653.05
6d,4f,6d-3F4,4f-3G5,9,11,3611.93,0.060385,0.05794,5.84E+04,5.60E+04,Ar(6d[7/2]4),Ar(4f[9/2]5),Ar(4f[9/2]5)->Ar(6d[7/2]4),R,2901.88,-2768.62
6d,5f,6d-3P0,5f-3D1,1,3,1072.69,0.130107,0.104091,9.99E+04,7.99E+04,Ar(6d[1/2]0),Ar(5f[3/2]1),Ar(5f[3/2]1)->Ar(6d[1/2]0),R,12152.71,-9322.44
6d,5f,6d-3P1,5f-3D1,3,3,1111.58,0.121902,0.104739,3.35E+04,2.88E+04,Ar(6d[1/2]1),Ar(5f[3/2]1),Ar(5f[3/2]1)->Ar(6d[1/2]1),R,12789.22,-8996.28
6d,5f,6d-3D1,5f-3D1,3,3,1488.93,2.16E-03,4.03E-03,1.29E+03,1.99E+03,Ar(6d[3/2]1),Ar(5f[3/2]1),Ar(5f[3/2]1)->Ar(6d[3/2]1),R,7628.09,-6716.23
6d,5f,6d-1P1,5f-3D1,3,3,2844.36,7.09E-05,3.99E-05,1.28E+03,7.18E+02,Ar(6d'[3/2]1),Ar(5f[3/2]1),Ar(5f[3/2]1)->Ar(6d'[3/2]1),R,3845.87,-3515.73
6d,5f,6d-3P1,5f-3D2,3,5,1111.18,0.154866,0.133016,4.25E+04,3.65E+04,Ar(6d[1/2]1),Ar(5f[3/2]2),Ar(5f[3/2]2)->Ar(6d[1/2]1),R,12794.87,-8999.6
6d,5f,6d-3P1,5f-1D2,3,5,1087.57,0.101293,0.083278,2.66E+04,2.19E+04,Ar(6d[1/2]1),Ar(5f[5/2]2),Ar(5f[5/2]2)->Ar(6d[1/2]1),R,13160.54,-9194.98
6d,5f,6d-3P1,5f-3F2,3,5,354.81,3.36E-03,2.94E-04,56.3749,4.93466,Ar(6d[1/2]1),Ar(5f'[5/2]2),Ar(5f'[5/2]2)->Ar(6d[1/2]1),O,14937.35,28183.3
6d,5f,6d-3D1,5f-3D2,3,5,1488.53,0.122728,0.189243,6.05E+04,9.32E+04,Ar(6d[3/2]1),Ar(5f[3/2]2),Ar(5f[3/2]2)->Ar(6d[3/2]1),R,7630.09,-6718.08
6d,5f,6d-3D1,5f-1D2,3,5,1464.92,0.152964,0.228321,7.30E+04,1.09E+05,Ar(6d[3/2]1),Ar(5f[5/2]2),Ar(5f[5/2]2)->Ar(6d[3/2]1),R,7758.65,-6826.36
6d,5f,6d-3D1,5f-3F2,3,5,22.55,0.395172,1.40E-04,44.6598,0.015783,Ar(6d[3/2]1),Ar(5f'[5/2]2),Ar(5f'[5/2]2)->Ar(6d[3/2]1),O,71211.88,-443655.72
6d,5f,6d-1P1,5f-3D2,3,5,2843.96,2.47E-03,0.013926,4.45E+03,2.50E+04,Ar(6d'[3/2]1),Ar(5f[3/2]2),Ar(5f[3/2]2)->Ar(6d'[3/2]1),R,3846.38,-3516.24
6d,5f,6d-1P1,5f-1D2,3,5,2820.35,1.03E-03,5.70E-03,1.82E+03,1.01E+04,Ar(6d'[3/2]1),Ar(5f[5/2]2),Ar(5f[5/2]2)->Ar(6d'[3/2]1),R,3878.77,-3545.67
6d,5f,6d-1P1,5f-3F2,3,5,1377.97,0.296505,0.391452,1.25E+05,1.65E+05,Ar(6d'[3/2]1),Ar(5f'[5/2]2),Ar(5f'[5/2]2)->Ar(6d'[3/2]1),R,8704.55,-7257.05
6d,5f,6d-3P2,5f-3D1,5,3,1168.79,0.01185,0.011261,2.16E+03,2.05E+03,Ar(6d[3/2]2),Ar(5f[3/2]1),Ar(5f[3/2]1)->Ar(6d[3/2]2),R,8909.1,-8555.86
6d,5f,6d-1D2,5f-3D1,5,3,1248.96,4.82E-03,5.23E-03,1.00E+03,1.09E+03,Ar(6d'[5/2]2),Ar(5f[3/2]1),Ar(5f[3/2]1)->Ar(6d'[5/2]2),R,4119.79,-8006.73
6d,5f,6d-3F2,5f-3D1,5,3,2625.16,4.36E-06,2.09E-05,4.00403,19.1809,Ar(6d[5/2]2),Ar(5f[3/2]1),Ar(5f[3/2]1)->Ar(6d[5/2]2),R,8766.66,-3809.29
6d,5f,6d-3D2,5f-3D1,5,3,2629.73,2.65E-05,1.27E-04,24.4503,1.18E+02,Ar(6d'[3/2]2),Ar(5f[3/2]1),Ar(5f[3/2]1)->Ar(6d'[3/2]2),R,4201.03,-3802.67
6d,5f,6d-3P2,5f-3D2,5,5,1168.39,0.10892,0.103452,1.98E+04,1.88E+04,Ar(6d[3/2]2),Ar(5f[3/2]2),Ar(5f[3/2]2)->Ar(6d[3/2]2),R,8911.84,-8558.86
6d,5f,6d-3P2,5f-1D2,5,5,1144.78,0.030384,0.027689,5.31E+03,4.84E+03,Ar(6d[3/2]2),Ar(5f[5/2]2),Ar(5f[5/2]2)->Ar(6d[3/2]2),R,9087.71,-8735.38
6d,5f,6d-3P2,5f-3F2,5,5,297.59,5.30E-04,3.26E-05,6.2564,0.385516,Ar(6d[3/2]2),Ar(5f'[5/2]2),Ar(5f'[5/2]2)->Ar(6d[3/2]2),O,30402.25,33602.15
6d,5f,6d-1D2,5f-3D2,5,5,1248.56,3.20E-04,3.48E-04,66.46,72.4031,Ar(6d'[5/2]2),Ar(5f[3/2]2),Ar(5f[3/2]2)->Ar(6d'[5/2]2),R,4120.37,-8009.35
6d,5f,6d-1D2,5f-1D2,5,5,1224.95,0.092862,0.096878,1.86E+04,1.94E+04,Ar(6d'[5/2]2),Ar(5f[5/2]2),Ar(5f[5/2]2)->Ar(6d'[5/2]2),R,4157.57,-8163.73
6d,5f,6d-1D2,5f-3F2,5,5,217.43,6.61E-04,2.17E-05,4.17183,0.137115,Ar(6d'[5/2]2),Ar(5f'[5/2]2),Ar(5f'[5/2]2)->Ar(6d'[5/2]2),R,10246.53,45989.7
6d,5f,6d-3F2,5f-3D2,5,5,2624.76,2.53E-11,7.31E-11,2.33E-05,6.71E-05,Ar(6d[5/2]2),Ar(5f[3/2]2),Ar(5f[3/2]2)->Ar(6d[5/2]2),R,8769.31,-3809.89
6d,5f,6d-3F2,5f-1D2,5,5,2601.15,1.05E-04,4.93E-04,94.5186,4.45E+02,Ar(6d[5/2]2),Ar(5f[5/2]2),Ar(5f[5/2]2)->Ar(6d[5/2]2),R,8939.55,-3844.47
6d,5f,6d-3F2,5f-3F2,5,5,1158.77,0.024668,0.023026,4.42E+03,4.12E+03,Ar(6d[5/2]2),Ar(5f'[5/2]2),Ar(5f'[5/2]2)->Ar(6d[5/2]2),O,32186.84,-8629.84
6d,5f,6d-3D2,5f-3D2,5,5,2629.33,2.46E-04,1.19E-03,2.27E+02,1.09E+03,Ar(6d'[3/2]2),Ar(5f[3/2]2),Ar(5f[3/2]2)->Ar(6d'[3/2]2),R,4201.64,-3803.26
6d,5f,6d-3D2,5f-1D2,5,5,2605.72,3.66E-05,1.73E-04,33.1887,1.57E+02,Ar(6d'[3/2]2),Ar(5f[5/2]2),Ar(5f[5/2]2)->Ar(6d'[3/2]2),R,4240.33,-3837.73
6d,5f,6d-3D2,5f-3F2,5,5,1163.35,0.041906,0.039456,7.57E+03,7.12E+03,Ar(6d'[3/2]2),Ar(5f'[5/2]2),Ar(5f'[5/2]2)->Ar(6d'[3/2]2),R,10764.31,-8595.94
6d,5f,6d-3P2,5f-3D3,5,7,1145.07,0.455138,0.415213,7.96E+04,7.26E+04,Ar(6d[3/2]2),Ar(5f[5/2]3),Ar(5f[5/2]3)->Ar(6d[3/2]2),R,9085.86,-8733.17
6d,5f,6d-3P2,5f-1F3,5,7,1133.67,6.65E-06,6.41E-06,1.14089,1.109918,Ar(6d[3/2]2),Ar(5f[7/2]3),Ar(5f[7/2]3)->Ar(6d[3/2]2),R,9168.51,-8820.99
6d,5f,6d-3P2,5f-3G3,5,7,297.08,8.70E-09,4.27E-10,7.32E-05,3.59E-06,Ar(6d[3/2]2),Ar(5f'[7/2]3),Ar(5f'[7/2]3)->Ar(6d[3/2]2),O,30566.46,33659.83
6d,5f,6d-3P2,5f-3F3,5,7,297.27,7.44E-03,4.57E-04,62.614,3.85003,Ar(6d[3/2]2),Ar(5f'[5/2]3),Ar(5f'[5/2]3)->Ar(6d[3/2]2),O,30422.79,33638.32
6d,5f,6d-1D2,5f-3D3,5,7,1225.24,6.32E-03,6.62E-03,1.27E+03,1.32E+03,Ar(6d'[5/2]2),Ar(5f[5/2]3),Ar(5f[5/2]3)->Ar(6d'[5/2]2),R,4157.18,-8161.8
6d,5f,6d-1D2,5f-1F3,5,7,1213.83,0.469086,0.480606,9.22E+04,9.45E+04,Ar(6d'[5/2]2),Ar(5f[7/2]3),Ar(5f[7/2]3)->Ar(6d'[5/2]2),R,4174.4,-8238.45
6d,5f,6d-1D2,5f-3G3,5,7,216.92,3.04E-03,9.93E-05,13.6127,0.445352,Ar(6d'[5/2]2),Ar(5f'[7/2]3),Ar(5f'[7/2]3)->Ar(6d'[5/2]2),R,10228.01,46097.82
6d,5f,6d-1D2,5f-3F3,5,7,217.1,5.34E-05,1.75E-06,0.239835,7.88E-03,Ar(6d'[5/2]2),Ar(5f'[5/2]3),Ar(5f'[5/2]3)->Ar(6d'[5/2]2),R,10244.2,46057.48
6d,5f,6d-3F2,5f-3D3,5,7,2601.44,3.77E-06,1.78E-05,3.40717,16.0815,Ar(6d[5/2]2),Ar(5f[5/2]3),Ar(5f[5/2]3)->Ar(6d[5/2]2),R,8937.76,-3844.04
6d,5f,6d-3F2,5f-1F3,5,7,2590.04,1.98E-04,9.22E-04,1.77E+02,8.25E+02,Ar(6d[5/2]2),Ar(5f[7/2]3),Ar(5f[7/2]3)->Ar(6d[5/2]2),R,9017.73,-3860.96
6d,5f,6d-3F2,5f-3G3,5,7,1159.29,0.572234,0.534732,1.03E+05,9.59E+04,Ar(6d[5/2]2),Ar(5f'[7/2]3),Ar(5f'[7/2]3)->Ar(6d[5/2]2),O,32370.95,-8626.04
6d,5f,6d-3F2,5f-3F3,5,7,1159.1,4.44E-03,4.16E-03,7.96E+02,7.45E+02,Ar(6d[5/2]2),Ar(5f'[5/2]3),Ar(5f'[5/2]3)->Ar(6d[5/2]2),O,32209.85,-8627.46
6d,5f,6d-3D2,5f-3D3,5,7,2606.01,6.07E-04,2.87E-03,5.50E+02,2.60E+03,Ar(6d'[3/2]2),Ar(5f[5/2]3),Ar(5f[5/2]3)->Ar(6d'[3/2]2),R,4239.93,-3837.3
6d,5f,6d-3D2,5f-1F3,5,7,2594.61,1.97E-07,9.42E-07,0.176718,0.846189,Ar(6d'[3/2]2),Ar(5f[7/2]3),Ar(5f[7/2]3)->Ar(6d'[3/2]2),R,4257.84,-3854.16
6d,5f,6d-3D2,5f-3G3,5,7,1163.86,5.21E-04,4.88E-04,94.188,88.2744,Ar(6d'[3/2]2),Ar(5f'[7/2]3),Ar(5f'[7/2]3)->Ar(6d'[3/2]2),R,10743.87,-8592.17
6d,5f,6d-3D2,5f-3F3,5,7,1163.67,0.556758,0.524585,1.01E+05,9.48E+04,Ar(6d'[3/2]2),Ar(5f'[5/2]3),Ar(5f'[5/2]3)->Ar(6d'[3/2]2),R,10761.74,-8593.58
6d,5f,6d-3F3,5f-3D2,7,5,1189.77,7.96E-04,7.84E-04,1.07E+02,1.06E+02,Ar(6d[7/2]3),Ar(5f[3/2]2),Ar(5f[3/2]2)->Ar(6d[7/2]3),R,9195.81,-8405.06
6d,5f,6d-3F3,5f-1D2,7,5,1166.16,7.35E-03,6.95E-03,9.52E+02,9.00E+02,Ar(6d[7/2]3),Ar(5f[5/2]2),Ar(5f[5/2]2)->Ar(6d[7/2]3),R,9383.19,-8575.23
6d,5f,6d-3F3,5f-3F2,7,5,276.21,3.17E-05,1.68E-06,0.322142,0.017095,Ar(6d[7/2]3),Ar(5f'[5/2]2),Ar(5f'[5/2]2)->Ar(6d[7/2]3),O,27504.67,36203.03
6d,5f,6d-3D3,5f-3D2,7,5,1264.78,6.82E-03,7.59E-03,1.04E+03,1.16E+03,Ar(6d'[5/2]3),Ar(5f[3/2]2),Ar(5f[3/2]2)->Ar(6d'[5/2]3),R,4059.22,-7906.64
6d,5f,6d-3D3,5f-1D2,7,5,1241.17,3.23E-03,3.46E-03,4.74E+02,5.09E+02,Ar(6d'[5/2]3),Ar(5f[5/2]2),Ar(5f[5/2]2)->Ar(6d'[5/2]3),R,4095.32,-8057.04
6d,5f,6d-3D3,5f-3F2,7,5,201.21,1.70E-05,4.78E-07,0.091664,2.58E-03,Ar(6d'[5/2]3),Ar(5f'[5/2]2),Ar(5f'[5/2]2)->Ar(6d'[5/2]3),R,9876.53,49696.85
6d,5f,6d-1F3,5f-3D2,7,5,2653.69,2.94E-06,1.44E-05,1.97023,9.65154,Ar(6d[5/2]3),Ar(5f[3/2]2),Ar(5f[3/2]2)->Ar(6d[5/2]3),R,8725.93,-3768.35
6d,5f,6d-1F3,5f-1D2,7,5,2630.08,9.48E-06,4.56E-05,6.24671,30.0525,Ar(6d[5/2]3),Ar(5f[5/2]2),Ar(5f[5/2]2)->Ar(6d[5/2]3),R,8894.48,-3802.18
6d,5f,6d-1F3,5f-3F2,7,5,1187.71,1.86E-03,1.83E-03,2.50E+02,2.46E+02,Ar(6d[5/2]3),Ar(5f'[5/2]2),Ar(5f'[5/2]2)->Ar(6d[5/2]3),O,32785.06,-8419.63
6d,5f,6d-3F3,5f-3D3,7,7,1166.45,0.01001,9.47E-03,1.30E+03,1.23E+03,Ar(6d[7/2]3),Ar(5f[5/2]3),Ar(5f[5/2]3)->Ar(6d[7/2]3),R,9381.22,-8573.09
6d,5f,6d-3F3,5f-1F3,7,7,1155.05,0.104017,0.096488,1.32E+04,1.23E+04,Ar(6d[7/2]3),Ar(5f[7/2]3),Ar(5f[7/2]3)->Ar(6d[7/2]3),R,9469.35,-8657.71
6d,5f,6d-3F3,5f-3G3,7,7,275.7,2.85E-05,1.51E-06,0.206539,0.010933,Ar(6d[7/2]3),Ar(5f'[7/2]3),Ar(5f'[7/2]3)->Ar(6d[7/2]3),O,27639.0,36269.99
6d,5f,6d-3F3,5f-3F3,7,7,275.89,2.75E-04,1.45E-05,1.99269,0.105522,Ar(6d[7/2]3),Ar(5f'[5/2]3),Ar(5f'[5/2]3)->Ar(6d[7/2]3),O,27521.48,36245.02
6d,5f,6d-3D3,5f-3D3,7,7,1241.46,0.121459,0.130254,1.78E+04,1.91E+04,Ar(6d'[5/2]3),Ar(5f[5/2]3),Ar(5f[5/2]3)->Ar(6d'[5/2]3),R,4094.95,-8055.16
6d,5f,6d-3D3,5f-1F3,7,7,1230.05,3.53E-03,3.72E-03,5.09E+02,5.36E+02,Ar(6d'[5/2]3),Ar(5f[7/2]3),Ar(5f[7/2]3)->Ar(6d'[5/2]3),R,4111.65,-8129.82
6d,5f,6d-3D3,5f-3G3,7,7,200.7,3.81E-05,1.07E-06,0.146374,4.10E-03,Ar(6d'[5/2]3),Ar(5f'[7/2]3),Ar(5f'[7/2]3)->Ar(6d'[5/2]3),R,9859.33,49823.13
6d,5f,6d-3D3,5f-3F3,7,7,200.88,4.68E-04,1.31E-05,1.79856,0.050502,Ar(6d'[5/2]3),Ar(5f'[5/2]3),Ar(5f'[5/2]3)->Ar(6d'[5/2]3),R,9874.37,49776.01
6d,5f,6d-1F3,5f-3D3,7,7,2630.37,7.47E-05,3.60E-04,49.2472,2.37E+02,Ar(6d[5/2]3),Ar(5f[5/2]3),Ar(5f[5/2]3)->Ar(6d[5/2]3),R,8892.71,-3801.76
6d,5f,6d-1F3,5f-1F3,7,7,2618.97,4.75E-05,2.26E-04,31.0358,1.48E+02,Ar(6d[5/2]3),Ar(5f[7/2]3),Ar(5f[7/2]3)->Ar(6d[5/2]3),R,8971.86,-3818.31
6d,5f,6d-1F3,5f-3G3,7,7,1188.22,0.028045,0.027551,3.77E+03,3.71E+03,Ar(6d[5/2]3),Ar(5f'[7/2]3),Ar(5f'[7/2]3)->Ar(6d[5/2]3),O,32976.09,-8416.02
6d,5f,6d-1F3,5f-3F3,7,7,1188.03,0.037267,0.0366,5.01E+03,4.92E+03,Ar(6d[5/2]3),Ar(5f'[5/2]3),Ar(5f'[5/2]3)->Ar(6d[5/2]3),O,32808.94,-8417.37
6d,5f,6d-3F3,5f-1G4,7,9,1178.82,0.671116,0.648423,8.89E+04,8.59E+04,Ar(6d[7/2]3),Ar(5f[9/2]4),Ar(5f[9/2]4)->Ar(6d[7/2]3),R,9275.02,-8483.13
6d,5f,6d-3F3,5f-3F4,7,9,1155.02,0.037664,0.034937,4.79E+03,4.44E+03,Ar(6d[7/2]3),Ar(5f[7/2]4),Ar(5f[7/2]4)->Ar(6d[7/2]3),R,9469.62,-8657.93
6d,5f,6d-3F3,5f-3G4,7,9,275.79,3.23E-03,1.71E-04,18.2188,0.964251,Ar(6d[7/2]3),Ar(5f'[7/2]4),Ar(5f'[7/2]4)->Ar(6d[7/2]3),O,27636.78,36258.16
6d,5f,6d-3D3,5f-1G4,7,9,1253.82,0.064143,0.070163,9.61E+03,1.05E+04,Ar(6d'[5/2]3),Ar(5f[9/2]4),Ar(5f[9/2]4)->Ar(6d'[5/2]3),R,4074.58,-7975.69
6d,5f,6d-3D3,5f-3F4,7,9,1230.02,0.594499,0.625861,8.57E+04,9.02E+04,Ar(6d'[5/2]3),Ar(5f[7/2]4),Ar(5f[7/2]4)->Ar(6d'[5/2]3),R,4111.7,-8130.02
6d,5f,6d-3D3,5f-3G4,7,9,200.78,4.48E-04,1.26E-05,1.33728,0.0375128,Ar(6d'[5/2]3),Ar(5f'[7/2]4),Ar(5f'[7/2]4)->Ar(6d'[5/2]3),R,9859.61,49800.8
6d,5f,6d-1F3,5f-1G4,7,9,2642.74,2.29E-04,1.11E-03,1.52E+02,7.40E+02,Ar(6d[5/2]3),Ar(5f[9/2]4),Ar(5f[9/2]4)->Ar(6d[5/2]3),R,8797.23,-3783.97
6d,5f,6d-1F3,5f-3F4,7,9,2618.94,7.32E-05,3.49E-04,47.8548,2.28E+02,Ar(6d[5/2]3),Ar(5f[7/2]4),Ar(5f[7/2]4)->Ar(6d[5/2]3),R,8972.1,-3818.35
6d,5f,6d-1F3,5f-3G4,7,9,1188.13,0.756371,0.742961,1.02E+05,9.99E+04,Ar(6d[5/2]3),Ar(5f'[7/2]4),Ar(5f'[7/2]4)->Ar(6d[5/2]3),O,32972.94,-8416.66
6d,5f,6d-3F4,5f-3D3,9,7,1122.56,5.72E-03,5.02E-03,5.35E+02,4.69E+02,Ar(6d[7/2]4),Ar(5f[5/2]3),Ar(5f[5/2]3)->Ar(6d[7/2]4),R,10578.93,-8908.37
6d,5f,6d-3F4,5f-1F3,9,7,1111.15,3.21E-03,2.76E-03,2.94E+02,2.53E+02,Ar(6d[7/2]4),Ar(5f[7/2]3),Ar(5f[7/2]3)->Ar(6d[7/2]4),R,10691.14,-8999.77
6d,5f,6d-3F4,5f-3G3,9,7,319.6,1.04E-06,7.40E-08,0.010133,7.20E-04,Ar(6d[7/2]4),Ar(5f'[7/2]3),Ar(5f'[7/2]3)->Ar(6d[7/2]4),O,20725.73,31288.13
6d,5f,6d-3F4,5f-3F3,9,7,319.78,4.43E-06,3.15E-07,0.043158,3.07E-03,Ar(6d[7/2]4),Ar(5f'[5/2]3),Ar(5f'[5/2]3)->Ar(6d[7/2]4),O,20659.58,31269.54
6d,5f,6d-3F4,5f-1G4,9,9,1134.93,0.022307,0.019992,2.13E+03,1.91E+03,Ar(6d[7/2]4),Ar(5f[9/2]4),Ar(5f[9/2]4)->Ar(6d[7/2]4),R,10444.08,-8811.27
6d,5f,6d-3F4,5f-3F4,9,9,1111.12,0.112153,0.096364,1.03E+04,8.82E+03,Ar(6d[7/2]4),Ar(5f[7/2]4),Ar(5f[7/2]4)->Ar(6d[7/2]4),R,10691.48,-9000.01
6d,5f,6d-3F4,5f-3G4,9,9,319.68,3.64E-05,2.59E-06,0.276057,0.019631,Ar(6d[7/2]4),Ar(5f'[7/2]4),Ar(5f'[7/2]4)->Ar(6d[7/2]4),O,20724.49,31279.32
6d,5f,6d-3F4,5f-3G5,9,11,1135.08,0.968737,0.86847,9.25E+04,8.29E+04,Ar(6d[7/2]4),Ar(5f[9/2]5),Ar(5f[9/2]5)->Ar(6d[7/2]4),R,10443.42,-8810.11
7s,7p,7s-3P0,7p-3S1,1,3,765.83,1.89E-03,2.07E-03,7.41E+02,8.11E+02,Ar(7s'[1/2]0),Ar(7p[1/2]1),Ar(7p[1/2]1)->Ar(7s'[1/2]0),R,14263.71,-13057.73
7s,7p,7s-3P0,7p-1P1,1,3,667.65,4.56E-04,3.83E-04,1.36E+02,1.14E+02,Ar(7s'[1/2]0),Ar(7p'[3/2]1),Ar(7p'[3/2]1)->Ar(7s'[1/2]0),O,12979.43,-14977.91
7s,7p,7s-3P0,7p-3D1,1,3,261.72,1.17438,1.19874,1.41E+05,1.44E+05,Ar(7s'[1/2]0),Ar(7p[3/2]1),Ar(7p[3/2]1)->Ar(7s'[1/2]0),R,16178.87,38208.77
7s,7p,7s-3P0,7p-3P1,1,3,742.01,1.18851,1.22319,1.45E+05,1.50E+05,Ar(7s'[1/2]0),Ar(7p'[1/2]1),Ar(7p'[1/2]1)->Ar(7s'[1/2]0),O,12854.3,13476.91
7s,7p,7s-3P1,7p-1S0,3,1,856.84,0.680266,0.934786,3.33E+05,4.58E+05,Ar(7s[3/2]1),Ar(7p'[1/2]0),Ar(7p'[1/2]0)->Ar(7s[3/2]1),O,4404.47,11670.79
7s,7p,7s-3P1,7p-3P0,3,1,2251.38,3.36E-04,3.17E-03,1.14E+03,1.07E+04,Ar(7s[3/2]1),Ar(7p[1/2]0),Ar(7p[1/2]0)->Ar(7s[3/2]1),O,11041.65,4441.72
7s,7p,7s-1P1,7p-1S0,3,1,567.83,1.32E-03,8.07E-04,94.3386,57.8274,Ar(7s'[1/2]1),Ar(7p'[1/2]0),Ar(7p'[1/2]0)->Ar(7s'[1/2]1),O,11526.02,-17610.59
7s,7p,7s-1P1,7p-3P0,3,1,826.71,0.70101,0.905368,3.20E+05,4.13E+05,Ar(7s'[1/2]1),Ar(7p[1/2]0),Ar(7p[1/2]0)->Ar(7s'[1/2]1),R,20114.29,12096.29
7s,7p,7s-3P1,7p-3S1,3,3,635.58,0.426072,0.319972,3.83E+04,2.87E+04,Ar(7s[3/2]1),Ar(7p[1/2]1),Ar(7p[1/2]1)->Ar(7s[3/2]1),O,14439.64,15733.66
7s,7p,7s-3P1,7p-1P1,3,3,733.76,2.01484,2.03674,2.41E+05,2.44E+05,Ar(7s[3/2]1),Ar(7p'[3/2]1),Ar(7p'[3/2]1)->Ar(7s[3/2]1),O,4620.93,13628.43
7s,7p,7s-3P1,7p-3D1,3,3,1663.13,6.13E-06,4.96E-05,6.22485,50.3704,Ar(7s[3/2]1),Ar(7p[3/2]1),Ar(7p[3/2]1)->Ar(7s[3/2]1),O,12894.44,6012.76
7s,7p,7s-3P1,7p-3P1,3,3,2143.42,1.84E-06,1.41E-05,1.87762,14.4221,Ar(7s[3/2]1),Ar(7p'[1/2]1),Ar(7p'[1/2]1)->Ar(7s[3/2]1),O,4604.97,4665.44
7s,7p,7s-1P1,7p-3S1,3,3,789.09,2.19E-03,2.57E-03,3.03E+02,3.55E+02,Ar(7s'[1/2]1),Ar(7p[1/2]1),Ar(7p[1/2]1)->Ar(7s'[1/2]1),R,14078.9,-12672.67
7s,7p,7s-1P1,7p-1P1,3,3,690.91,2.67E-04,2.37E-04,28.2922,25.1254,Ar(7s'[1/2]1),Ar(7p'[3/2]1),Ar(7p'[3/2]1)->Ar(7s'[1/2]1),O,13136.34,-14473.46
7s,7p,7s-1P1,7p-3D1,3,3,238.45,1.23138,1.18236,1.39E+05,1.33E+05,Ar(7s'[1/2]1),Ar(7p[3/2]1),Ar(7p[3/2]1)->Ar(7s'[1/2]1),R,15941.51,41937.51
7s,7p,7s-1P1,7p-3P1,3,3,718.75,1.20362,1.16591,1.38E+05,1.34E+05,Ar(7s'[1/2]1),Ar(7p'[1/2]1),Ar(7p'[1/2]1)->Ar(7s'[1/2]1),O,13008.18,13913.24
7s,7p,7s-3P1,7p-1D2,3,5,697.46,3.15012,2.8898,2.04E+05,1.88E+05,Ar(7s[3/2]1),Ar(7p'[3/2]2),Ar(7p'[3/2]2)->Ar(7s[3/2]1),O,4589.14,14337.53
7s,7p,7s-3P1,7p-3P2,3,5,738.67,0.963604,0.980502,7.01E+04,7.14E+04,Ar(7s[3/2]1),Ar(7p[3/2]2),Ar(7p[3/2]2)->Ar(7s[3/2]1),O,12785.39,13537.66
7s,7p,7s-3P1,7p-3D2,3,5,2150.73,4.21E-04,3.63E-03,2.60E+02,2.24E+03,Ar(7s[3/2]1),Ar(7p[5/2]2),Ar(7p[5/2]2)->Ar(7s[3/2]1),O,13489.67,4649.58
7s,7p,7s-1P1,7p-1D2,3,5,727.21,2.28E-04,2.30E-04,26.7667,27.0134,Ar(7s'[1/2]1),Ar(7p'[3/2]2),Ar(7p'[3/2]2)->Ar(7s'[1/2]1),O,12882.66,-13751.19
7s,7p,7s-1P1,7p-3P2,3,5,686,2.12E-03,1.86E-03,2.22E+02,1.95E+02,Ar(7s'[1/2]1),Ar(7p[3/2]2),Ar(7p[3/2]2)->Ar(7s'[1/2]1),R,16111.41,-14577.26
7s,7p,7s-1P1,7p-3D2,3,5,726.06,4.01699,3.96344,2.82E+05,2.79E+05,Ar(7s'[1/2]1),Ar(7p[5/2]2),Ar(7p[5/2]2)->Ar(7s'[1/2]1),R,15116.86,13773.16
7s,7p,7s-3P2,7p-3S1,5,3,680.34,2.16405,1.88694,2.23E+05,1.94E+05,Ar(7s[3/2]2),Ar(7p[1/2]1),Ar(7p[1/2]1)->Ar(7s[3/2]2),O,13663.95,14698.75
7s,7p,7s-3P2,7p-1P1,5,3,778.52,0.342431,0.394878,4.61E+04,5.32E+04,Ar(7s[3/2]2),Ar(7p'[3/2]1),Ar(7p'[3/2]1)->Ar(7s[3/2]2),O,4538.48,12845.05
7s,7p,7s-3P2,7p-3D1,5,3,1707.88,1.05E-06,8.91E-06,1.11416,9.43294,Ar(7s[3/2]2),Ar(7p[3/2]1),Ar(7p[3/2]1)->Ar(7s[3/2]2),O,12272.31,5855.21
7s,7p,7s-3P2,7p-3P1,5,3,2188.17,1.66E-03,0.0149947,1.77E+03,1.60E+04,Ar(7s[3/2]2),Ar(7p'[1/2]1),Ar(7p'[1/2]1)->Ar(7s[3/2]2),O,4523.08,4570.03
7s,7p,7s-3P2,7p-1D2,5,5,742.22,0.950279,0.992907,6.98E+04,7.30E+04,Ar(7s[3/2]2),Ar(7p'[3/2]2),Ar(7p'[3/2]2)->Ar(7s[3/2]2),O,4507.81,13473.09
7s,7p,7s-3P2,7p-3P2,5,5,783.43,2.81294,3.23814,2.30E+05,2.62E+05,Ar(7s[3/2]2),Ar(7p[3/2]2),Ar(7p[3/2]2)->Ar(7s[3/2]2),O,12173.48,12764.38
7s,7p,7s-3P2,7p-3D2,5,5,2195.48,3.24E-04,2.95E-03,2.09E+02,1.89E+03,Ar(7s[3/2]2),Ar(7p[5/2]2),Ar(7p[5/2]2)->Ar(7s[3/2]2),O,12810.28,4554.81
7s,7p,7s-3P2,7p-3D3,5,7,727.91,5.61259,5.56606,2.83E+05,2.81E+05,Ar(7s[3/2]2),Ar(7p[5/2]3),Ar(7p[5/2]3)->Ar(7s[3/2]2),O,13059.73,13738.15
g,8s,g-1S0,8s-3P1,1,3,123782.2,2.20E-03,2.18E-03,6.77E+06,7.43E+06,Ar,Ar(8s[3/2]1),Ar(8s[3/2]1)->Ar,O,80.69,80.79
g,8s,g-1S0,8s-1P1,1,3,125220.63,1.01E-03,1.11E-03,3.52E+06,3.86E+06,Ar,Ar(8s'[1/2]1),Ar(8s'[1/2]1)->Ar,O,79.77,79.86
8s,7p,8s-3P0,7p-3S1,1,3,3026.76,5.19E-05,2.37E-04,3.55E+02,1.45E+03,Ar(8s'[1/2]0),Ar(7p[1/2]1),Ar(7p[1/2]1)->Ar(8s'[1/2]0),R,4623.7,-3303.86
8s,7p,8s-3P0,7p-1P1,1,3,2928.58,1.28E-05,4.87E-05,73.2986,2.78E+02,Ar(8s'[1/2]0),Ar(7p'[3/2]1),Ar(7p'[3/2]1)->Ar(8s'[1/2]0),R,14466.76,-3414.62
8s,7p,8s-3P0,7p-3D1,1,3,1999.21,0.06992,0.071993,1.09E+05,1.12E+05,Ar(8s'[1/2]0),Ar(7p[3/2]1),Ar(7p[3/2]1)->Ar(8s'[1/2]0),R,4808.2,-5001.98
8s,7p,8s-3P0,7p-3P1,1,3,1518.92,0.070663,0.072501,1.09E+05,1.12E+05,Ar(8s'[1/2]0),Ar(7p'[1/2]1),Ar(7p'[1/2]1)->Ar(8s'[1/2]0),R,14625.44,-6583.63
8s,7p,8s-3P1,7p-1S0,3,1,1375.2,0.051625,0.043388,2.17E+04,1.82E+04,Ar(8s[3/2]1),Ar(7p'[1/2]0),Ar(7p'[1/2]0)->Ar(8s[3/2]1),O,12285.99,-7271.62
8s,7p,8s-3P1,7p-3P0,3,1,19.34,9.37E-03,1.56E-06,2.33777,3.89E-04,Ar(8s[3/2]1),Ar(7p[1/2]0),Ar(7p[1/2]0)->Ar(8s[3/2]1),R,18154.55,517330.57
8s,7p,8s-1P1,7p-1S0,3,1,2813.61,1.32E-03,8.07E-04,1.15E+03,4.01E+02,Ar(8s'[1/2]1),Ar(7p'[1/2]0),Ar(7p'[1/2]0)->Ar(8s'[1/2]1),R,16572.07,-3554.14
8s,7p,8s-1P1,7p-3P0,3,1,1419.07,0.050497,0.04496,2.26E+04,2.01E+04,Ar(8s'[1/2]1),Ar(7p[1/2]0),Ar(7p[1/2]0)->Ar(8s'[1/2]1),R,5080.82,-7046.82
8s,7p,8s-3P1,7p-3S1,3,3,1596.47,0.020414,0.023207,1.16E+04,1.42E+04,Ar(8s[3/2]1),Ar(7p[1/2]1),Ar(7p[1/2]1)->Ar(8s[3/2]1),R,13089.86,-6263.82
8s,7p,8s-3P1,7p-1P1,3,3,1498.28,0.120942,0.120453,6.04E+04,6.01E+04,Ar(8s[3/2]1),Ar(7p'[3/2]1),Ar(7p'[3/2]1)->Ar(8s[3/2]1),O,14132.68,-6674.28
8s,7p,8s-3P1,7p-3D1,3,3,568.92,3.81E-04,1.53E-06,0.764,3.07E-03,Ar(8s[3/2]1),Ar(7p[3/2]1),Ar(7p[3/2]1)->Ar(8s[3/2]1),R,14685.15,-17577.16
8s,7p,8s-3P1,7p-3P1,3,3,88.63,3.25E-04,1.14E-06,0.568224,2.00E-03,Ar(8s[3/2]1),Ar(7p'[1/2]1),Ar(7p'[1/2]1)->Ar(8s[3/2]1),O,13984.45,-112828.61
8s,7p,8s-1P1,7p-3S1,3,3,3034.87,2.19E-03,2.57E-03,2.00E+02,8.16E+02,Ar(8s'[1/2]1),Ar(7p[1/2]1),Ar(7p[1/2]1)->Ar(8s'[1/2]1),R,4584.4,-3295.02
8s,7p,8s-1P1,7p-1P1,3,3,2936.69,7.48E-07,2.82E-06,1.43465,5.40337,Ar(8s'[1/2]1),Ar(7p'[3/2]1),Ar(7p'[3/2]1)->Ar(8s'[1/2]1),R,14088.87,-3405.18
8s,7p,8s-1P1,7p-3D1,3,3,2007.33,0.070944,0.073704,3.71E+04,3.85E+04,Ar(8s'[1/2]1),Ar(7p[3/2]1),Ar(7p[3/2]1)->Ar(8s'[1/2]1),R,4765.72,-4981.74
8s,7p,8s-1P1,7p-3P1,3,3,1527.04,0.069269,0.071712,3.59E+04,3.72E+04,Ar(8s'[1/2]1),Ar(7p'[1/2]1),Ar(7p'[1/2]1)->Ar(8s'[1/2]1),R,14239.33,-6548.62
8s,7p,8s-3P1,7p-1D2,3,5,1534.58,0.176688,0.184169,9.25E+04,9.64E+04,Ar(8s[3/2]1),Ar(7p'[3/2]2),Ar(7p'[3/2]2)->Ar(8s[3/2]1),O,13839.49,-6516.44
8s,7p,8s-3P1,7p-3P2,3,5,1493.37,0.057857,0.057454,2.87E+04,2.85E+04,Ar(8s[3/2]1),Ar(7p[3/2]2),Ar(7p[3/2]2)->Ar(8s[3/2]1),R,14829.2,-6696.26
8s,7p,8s-3P1,7p-3D2,3,5,81.32,3.90E-05,1.17E-07,0.057336,1.71E-04,Ar(8s[3/2]1),Ar(7p[5/2]2),Ar(7p[5/2]2)->Ar(8s[3/2]1),R,13982.49,-122970.98
8s,7p,8s-1P1,7p-1D2,3,5,2972.99,3.07E-06,1.21E-05,6.03183,23.8231,Ar(8s'[1/2]1),Ar(7p'[3/2]2),Ar(7p'[3/2]2)->Ar(8s'[1/2]1),R,14392.84,-3363.62
8s,7p,8s-1P1,7p-3P2,3,5,2931.78,2.77E-05,1.06E-04,52.9161,2.02E+02,Ar(8s'[1/2]1),Ar(7p[3/2]2),Ar(7p[3/2]2)->Ar(8s'[1/2]1),R,4780.79,-3410.9
8s,7p,8s-1P1,7p-3D2,3,5,1519.73,0.234115,0.240293,1.20E+05,1.23E+05,Ar(8s'[1/2]1),Ar(7p[5/2]2),Ar(7p[5/2]2)->Ar(8s'[1/2]1),R,4689.24,-6580.12
8s,7p,8s-3P2,7p-3S1,5,3,1580.37,0.114775,0.126952,3.82E+04,4.23E+04,Ar(8s[3/2]2),Ar(7p[1/2]1),Ar(7p[1/2]1)->Ar(8s[3/2]2),R,13674.28,-6327.63
8s,7p,8s-3P2,7p-1P1,5,3,1482.19,0.022506,0.021782,6.60E+03,6.38E+03,Ar(8s[3/2]2),Ar(7p'[3/2]1),Ar(7p'[3/2]1)->Ar(8s[3/2]2),O,13509.31,-6746.77
8s,7p,8s-3P2,7p-3D1,5,3,552.82,3.27E-06,9.32E-09,2.72E-03,7.74E-06,Ar(8s[3/2]2),Ar(7p[3/2]1),Ar(7p[3/2]1)->Ar(8s[3/2]2),R,15424.72,-18089.07
8s,7p,8s-3P2,7p-3P1,5,3,72.53,6.18E-03,1.44E-05,4.33699,1.01E-02,Ar(8s[3/2]2),Ar(7p'[1/2]1),Ar(7p'[1/2]1)->Ar(8s[3/2]2),O,13373.81,-137873.98
8s,7p,8s-3P2,7p-1D2,5,5,1518.49,0.057838,0.058849,1.78E+04,1.81E+04,Ar(8s[3/2]2),Ar(7p'[3/2]2),Ar(7p'[3/2]2)->Ar(8s[3/2]2),O,13241.17,-6585.53
8s,7p,8s-3P2,7p-3P2,5,5,1477.28,0.182521,0.17682,5.31E+04,5.15E+04,Ar(8s[3/2]2),Ar(7p[3/2]2),Ar(7p[3/2]2)->Ar(8s[3/2]2),R,15583.73,-6769.24
8s,7p,8s-3P2,7p-3D2,5,5,65.22,1.35E-03,2.53E-06,0.763354,1.44E-03,Ar(8s[3/2]2),Ar(7p[5/2]2),Ar(7p[5/2]2)->Ar(8s[3/2]2),R,14651.37,-153327.2
8s,7p,8s-3P2,7p-3D3,5,7,1532.8,0.325048,0.33939,1.02E+05,1.06E+05,Ar(8s[3/2]2),Ar(7p[5/2]3),Ar(7p[5/2]3)->Ar(8s[3/2]2),R,14338.15,-6524.01