obs_wl_vac(nm),ritz_wl_vac(nm),intens,Aki(s^-1),fik,Acc,Ei(cm-1),Ek(cm-1),conf_i,term_i,J_i,conf_k,term_k,J_k,g_i,g_k,Type,tp_ref,line_ref,Source
86.6800,86.6800,180,3.13e+08,1.06e-01,C+,0.0000,115366.866,3s2.3p6,1S,0,3s2.3p5.(2P*<1/2>).3d,2[3/2]*,1,1,3,,"T1355,T1618n",L2131,NIST
86.9754,86.9754,150,3.50e+07,1.19e-02,C,0.0000,114975.019,3s2.3p6,1S,0,3s2.3p5.(2P*<1/2>).5s,2[1/2]*,1,1,3,,"T1355,T1618n,T1372",L2131,NIST
87.6058,87.6058,180r,2.70e+08,9.32e-02,C+,0.0000,114147.732,3s2.3p6,1S,0,3s2.3p5.(2P*<3/2>).3d,2[3/2]*,1,1,3,,"T1355,T1618n",L2131,NIST
87.9947,87.9947,180r,7.7e+07,2.7e-02,C,0.0000,113643.260,3s2.3p6,1S,0,3s2.3p5.(2P*<3/2>).5s,2[3/2]*,1,1,3,,"T1355,T1618n,T1372",L2131,NIST
104.8220,104.8220,1000r,5.32e+08,2.629e-01,AA,0.0000,95399.8276,3s2.3p6,1S,0,3s2.3p5.(2P*<1/2>).4s,2[1/2]*,1,1,3,,T7574,L2131,NIST
106.6660,106.6660,500r,1.320e+08,6.75e-02,A+,0.0000,93750.5978,3s2.3p6,1S,0,3s2.3p5.(2P*<3/2>).4s,2[3/2]*,1,1,3,,T7574,L2131,NIST
,340.6180,,3.9e+05,2.3e-04,D,95399.8276,124749.805,3s2.3p5.(2P*<1/2>).4s,2[1/2]*,1,3s2.3p5.(2P*<1/2>).7p,2[1/2],0,3,1,,T1086n,,NIST
346.107,346.1078,7,6.7e+04,2.0e-04,D,93750.5978,122635.054,3s2.3p5.(2P*<3/2>).4s,2[3/2]*,1,3s2.3p5.(2P*<1/2>).6p,2[3/2],2,3,5,,T1086n,L3512,NIST
355.4306,355.4305,7,2.7e+05,5.1e-04,D,93143.7600,121270.617,3s2.3p5.(2P*<3/2>).4s,2[3/2]*,2,3s2.3p5.(2P*<3/2>).6p,2[3/2],2,5,5,,T1086n,L2634,NIST
,356.3286,,1.2e+05,6.9e-04,D,94553.6652,122609.637,3s2.3p5.(2P*<1/2>).4s,2[1/2]*,0,3s2.3p5.(2P*<1/2>).6p,2[3/2],1,1,3,,T1086n,,NIST
,356.7656,,1.1e+05,2.9e-04,D,93143.7600,121165.367,3s2.3p5.(2P*<3/2>).4s,2[3/2]*,2,3s2.3p5.(2P*<3/2>).6p,2[5/2],3,5,7,,T1086n,,NIST
,357.2295,,5.1e+05,3.3e-04,D,95399.8276,123385.044,3s2.3p5.(2P*<1/2>).4s,2[1/2]*,1,3s2.3p5.(2P*<3/2>).7p,2[1/2],0,3,1,,T1086n,,NIST
360.6522,360.6522,7,7.6e+05,4.9e-04,D,93750.5978,121470.238,3s2.3p5.(2P*<3/2>).4s,2[3/2]*,1,3s2.3p5.(2P*<3/2>).6p,2[1/2],0,3,1,,T1086n,L2634,NIST
,363.2683,,6.6e+04,2.2e-04,D,93750.5978,121270.617,3s2.3p5.(2P*<3/2>).4s,2[3/2]*,1,3s2.3p5.(2P*<3/2>).6p,2[3/2],2,3,5,,T1086n,,NIST
,363.4460,,1.3e+05,2.6e-04,D,93750.5978,121257.161,3s2.3p5.(2P*<3/2>).4s,2[3/2]*,1,3s2.3p5.(2P*<3/2>).6p,2[3/2],1,3,3,,T1086n,,NIST
,364.3116,,2.4e+04,8.0e-05,D,93750.5978,121191.805,3s2.3p5.(2P*<3/2>).4s,2[3/2]*,1,3s2.3p5.(2P*<3/2>).6p,2[5/2],2,3,5,,T1086n,,NIST
,364.9832,,8.0e+05,5.3e-04,D,95399.8276,122790.547,3s2.3p5.(2P*<1/2>).4s,2[1/2]*,1,3s2.3p5.(2P*<1/2>).6p,2[1/2],0,3,1,,T1086n,,NIST
,365.9529,,4.4e+04,8.8e-05,D,93750.5978,121068.736,3s2.3p5.(2P*<3/2>).4s,2[3/2]*,1,3s2.3p5.(2P*<3/2>).6p,2[1/2],1,3,3,,T1086n,,NIST
,367.0670,,3.1e+04,1.0e-04,D,95399.8276,122635.054,3s2.3p5.(2P*<1/2>).4s,2[1/2]*,1,3s2.3p5.(2P*<1/2>).6p,2[3/2],2,3,5,,T1086n,,NIST
,367.5235,,4.9e+04,9.9e-05,D,95399.8276,122601.225,3s2.3p5.(2P*<1/2>).4s,2[1/2]*,1,3s2.3p5.(2P*<1/2>).6p,2[1/2],1,3,3,,T1086n,,NIST
377.0369,377.0369,20,7.0e+04,4.5e-04,D,94553.6652,121068.736,3s2.3p5.(2P*<1/2>).4s,2[1/2]*,0,3s2.3p5.(2P*<3/2>).6p,2[1/2],1,1,3,,T1086n,L2634,NIST
383.4679,383.4678,7,7.5e+05,5.5e-04,D,95399.8276,121470.238,3s2.3p5.(2P*<1/2>).4s,2[1/2]*,1,3s2.3p5.(2P*<3/2>).6p,2[1/2],0,3,1,,T1086n,L2634,NIST
,389.4660,,5.7e+04,1.3e-04,D,95399.8276,121068.736,3s2.3p5.(2P*<1/2>).4s,2[1/2]*,1,3s2.3p5.(2P*<3/2>).6p,2[1/2],1,3,3,,T1086n,,NIST
394.7505,394.7505,7,5.6e+04,1.31e-04,C+,93143.7600,118469.0508,3s2.3p5.(2P*<3/2>).4s,2[3/2]*,2,3s2.3p5.(2P*<1/2>).5p,2[3/2],2,5,5,,T5223,L2634,NIST
394.8979,394.8979,35,4.6e+05,6.4e-04,B,93143.7600,118459.5975,3s2.3p5.(2P*<3/2>).4s,2[3/2]*,2,3s2.3p5.(2P*<1/2>).5p,2[1/2],1,5,3,,T5223,L2634,NIST
404.4418,404.4418,50,3.3e+05,1.36e-03,B,93750.5978,118469.0508,3s2.3p5.(2P*<3/2>).4s,2[3/2]*,1,3s2.3p5.(2P*<1/2>).5p,2[3/2],2,3,5,,T5223,L2634,NIST
,404.5965,,4.1e+04,1.01e-04,B,93750.5978,118459.5975,3s2.3p5.(2P*<3/2>).4s,2[3/2]*,1,3s2.3p5.(2P*<1/2>).5p,2[1/2],1,3,3,,T5223,,NIST
,405.4526,,2.7e+04,6.7e-05,C+,93750.5978,118407.4303,3s2.3p5.(2P*<3/2>).4s,2[3/2]*,1,3s2.3p5.(2P*<1/2>).5p,2[3/2],1,3,3,,T5223,,NIST
415.8590,415.8591,400,1.40e+06,3.6e-03,B,93143.7600,117183.5901,3s2.3p5.(2P*<3/2>).4s,2[3/2]*,2,3s2.3p5.(2P*<3/2>).5p,2[3/2],2,5,5,,T5223,L2634,NIST
416.4180,416.4180,50,2.9e+05,4.5e-04,B,93143.7600,117151.3264,3s2.3p5.(2P*<3/2>).4s,2[3/2]*,2,3s2.3p5.(2P*<3/2>).5p,2[3/2],1,5,3,,T5223,L2634,NIST
418.1884,418.1884,50,5.6e+05,4.4e-03,B,94553.6652,118459.5975,3s2.3p5.(2P*<1/2>).4s,2[1/2]*,0,3s2.3p5.(2P*<1/2>).5p,2[1/2],1,1,3,,T5223,L2634,NIST
419.0713,419.0713,100,2.80e+05,7.4e-04,B,93143.7600,116999.3259,3s2.3p5.(2P*<3/2>).4s,2[3/2]*,2,3s2.3p5.(2P*<3/2>).5p,2[5/2],2,5,5,,T5223,L2634,NIST
419.1029,419.1029,50,5.4e+05,4.3e-03,C+,94553.6652,118407.4303,3s2.3p5.(2P*<1/2>).4s,2[1/2]*,0,3s2.3p5.(2P*<1/2>).5p,2[3/2],1,1,3,,T5223,L2634,NIST
419.8317,419.8317,200,2.57e+06,2.26e-03,B,93750.5978,117562.9553,3s2.3p5.(2P*<3/2>).4s,2[3/2]*,1,3s2.3p5.(2P*<3/2>).5p,2[1/2],0,3,1,,T5223,L2634,NIST
420.0674,420.0675,400,9.7e+05,3.6e-03,B+,93143.7600,116942.7542,3s2.3p5.(2P*<3/2>).4s,2[3/2]*,2,3s2.3p5.(2P*<3/2>).5p,2[5/2],3,5,7,,T5223,L2634,NIST
425.1185,425.1185,25,1.11e+05,1.8e-04,C+,93143.7600,116659.9934,3s2.3p5.(2P*<3/2>).4s,2[3/2]*,2,3s2.3p5.(2P*<3/2>).5p,2[1/2],1,5,3,,T5223,L2634,NIST
425.9362,425.9362,200,3.98e+06,3.61e-03,B+,95399.8276,118870.9170,3s2.3p5.(2P*<1/2>).4s,2[1/2]*,1,3s2.3p5.(2P*<1/2>).5p,2[1/2],0,3,1,,T5223,L2634,NIST
426.6286,426.6287,100,3.1e+05,1.42e-03,C+,93750.5978,117183.5901,3s2.3p5.(2P*<3/2>).4s,2[3/2]*,1,3s2.3p5.(2P*<3/2>).5p,2[3/2],2,3,5,,T5223,L2634,NIST
427.2169,427.2169,150,8.0e+05,2.18e-03,B,93750.5978,117151.3264,3s2.3p5.(2P*<3/2>).4s,2[3/2]*,1,3s2.3p5.(2P*<3/2>).5p,2[3/2],1,3,3,,T5223,L2634,NIST
430.0101,430.0101,100,3.77e+05,1.74e-03,B+,93750.5978,116999.3259,3s2.3p5.(2P*<3/2>).4s,2[3/2]*,1,3s2.3p5.(2P*<3/2>).5p,2[5/2],2,3,5,,T5223,L2634,NIST
433.3561,433.3561,100,5.7e+05,2.67e-03,B+,95399.8276,118469.0508,3s2.3p5.(2P*<1/2>).4s,2[1/2]*,1,3s2.3p5.(2P*<1/2>).5p,2[3/2],2,3,5,,T5223,L2634,NIST
433.5338,433.5338,50,3.9e+05,1.09e-03,C+,95399.8276,118459.5975,3s2.3p5.(2P*<1/2>).4s,2[1/2]*,1,3s2.3p5.(2P*<1/2>).5p,2[1/2],1,3,3,,T5223,L2634,NIST
434.5168,434.5168,25,3.0e+05,8.4e-04,B,95399.8276,118407.4303,3s2.3p5.(2P*<1/2>).4s,2[1/2]*,1,3s2.3p5.(2P*<1/2>).5p,2[3/2],1,3,3,,T5223,L2634,NIST
,436.3795,,1.20e+04,3.4e-05,B,93750.5978,116659.9934,3s2.3p5.(2P*<3/2>).4s,2[3/2]*,1,3s2.3p5.(2P*<3/2>).5p,2[1/2],1,3,3,,T5223,,NIST
,442.3994,,7.3e+03,6.4e-05,C+,94553.6652,117151.3264,3s2.3p5.(2P*<1/2>).4s,2[1/2]*,0,3s2.3p5.(2P*<3/2>).5p,2[3/2],1,1,3,,T5223,,NIST
451.0733,451.0733,100,1.18e+06,1.20e-03,B+,95399.8276,117562.9553,3s2.3p5.(2P*<1/2>).4s,2[1/2]*,1,3s2.3p5.(2P*<3/2>).5p,2[1/2],0,3,1,,T5223,L2634,NIST
452.2323,452.2323,20,9.0e+04,8.3e-04,B,94553.6652,116659.9934,3s2.3p5.(2P*<1/2>).4s,2[1/2]*,0,3s2.3p5.(2P*<3/2>).5p,2[1/2],1,1,3,,T5223,L2634,NIST
,454.4746,,8.3e+04,2.6e-04,E,104102.0990,126099.36,3s2.3p5.(2P*<3/2>).4p,2[1/2],1,3s2.3p5.(2P*<3/2>).11d,2[1/2]*,1,3,3,,T1164n,,NIST
,455.4324,,3.8e+04,2.0e-04,E,104102.0990,126053.10,3s2.3p5.(2P*<3/2>).4p,2[1/2],1,3s2.3p5.(2P*<1/2>).7d,2[3/2]*,2,3,5,,T1164n,,NIST
,458.4956,,1.6e+05,8.4e-04,E,104102.0990,125906.45,3s2.3p5.(2P*<3/2>).4p,2[1/2],1,3s2.3p5.(2P*<3/2>).10d,2[3/2]*,2,3,5,,T1164n,,NIST
,458.6611,,2.3e+05,7.3e-04,E,104102.0990,125898.58,3s2.3p5.(2P*<3/2>).4p,2[1/2],1,3s2.3p5.(2P*<3/2>).10d,2[1/2]*,1,3,3,,T1164n,,NIST
,458.7209,,4.9e+05,5.2e-04,E,104102.0990,125895.74,3s2.3p5.(2P*<3/2>).4p,2[1/2],1,3s2.3p5.(2P*<3/2>).10d,2[1/2]*,0,3,1,,T1164n,,NIST
,458.9289,,6.2e+03,3.3e-05,C,95399.8276,117183.5901,3s2.3p5.(2P*<1/2>).4s,2[1/2]*,1,3s2.3p5.(2P*<3/2>).5p,2[3/2],2,3,5,,T5223,,NIST
459.6097,459.6097,15,9.5e+04,3.0e-04,B,95399.8276,117151.3264,3s2.3p5.(2P*<1/2>).4s,2[1/2]*,1,3s2.3p5.(2P*<3/2>).5p,2[3/2],1,3,3,,T5223,L2634,NIST
462.8441,462.8441,7,3.83e+04,2.05e-04,B+,95399.8276,116999.3259,3s2.3p5.(2P*<1/2>).4s,2[1/2]*,1,3s2.3p5.(2P*<3/2>).5p,2[5/2],2,3,5,,T5223,L2634,NIST
,464.2137,,9.6e+04,5.2e-04,E,104102.0990,125637.87,3s2.3p5.(2P*<3/2>).4p,2[1/2],1,3s2.3p5.(2P*<3/2>).9d,2[3/2]*,2,3,5,,T1164n,,NIST
,464.7489,,1.2e+05,3.9e-04,E,104102.0990,125613.07,3s2.3p5.(2P*<3/2>).4p,2[1/2],1,3s2.3p5.(2P*<3/2>).9d,2[1/2]*,1,3,3,,T1164n,,NIST
470.2316,470.2316,15,1.09e+05,3.6e-04,B,95399.8276,116659.9934,3s2.3p5.(2P*<1/2>).4s,2[1/2]*,1,3s2.3p5.(2P*<3/2>).5p,2[1/2],1,3,3,,T5223,L2634,NIST
,474.6821,,3.6e+05,4.1e-04,E,104102.0990,125162.94,3s2.3p5.(2P*<3/2>).4p,2[1/2],1,3s2.3p5.(2P*<3/2>).8d,2[1/2]*,0,3,1,,T1164n,,NIST
,475.2939,,4.5e+05,1.5e-03,E,104102.0990,125135.831,3s2.3p5.(2P*<3/2>).4p,2[1/2],1,3s2.3p5.(2P*<3/2>).8d,2[1/2]*,1,3,3,,T1164n,,NIST
,476.8673,,8.6e+05,4.9e-03,D,104102.0990,125066.432,3s2.3p5.(2P*<3/2>).4p,2[1/2],1,3s2.3p5.(2P*<1/2>).6d,2[3/2]*,2,3,5,,T1218n,,NIST
,479.8742,,8.8e+04,3.9e-04,E,105462.7596,126295.73,3s2.3p5.(2P*<3/2>).4p,2[5/2],3,3s2.3p5.(2P*<3/2>).12d,2[7/2]*,4,7,9,,T1164n,,NIST
,483.5970,,9.3e+04,4.2e-04,E,105462.7596,126135.36,3s2.3p5.(2P*<3/2>).4p,2[5/2],3,3s2.3p5.(2P*<3/2>).11d,2[7/2]*,4,7,9,,T1164n,,NIST
,483.6697,,1.02e+05,5.97e-04,C,104102.0990,124771.59,3s2.3p5.(2P*<3/2>).4p,2[1/2],1,3s2.3p5.(2P*<3/2>).9s,2[3/2]*,2,3,5,,T1164n,,NIST
,487.6261,,7.8e+05,4.6e-03,D,104102.0990,124603.890,3s2.3p5.(2P*<3/2>).4p,2[1/2],1,3s2.3p5.(2P*<3/2>).7d,2[3/2]*,2,3,5,,T1218n,,NIST
,488.6290,,1.2e+05,5.5e-04,E,105462.7596,125922.47,3s2.3p5.(2P*<3/2>).4p,2[5/2],3,3s2.3p5.(2P*<3/2>).10d,2[7/2]*,4,7,9,,T1164n,,NIST
,488.7947,,1.3e+06,4.7e-03,D,104102.0990,124554.874,3s2.3p5.(2P*<3/2>).4p,2[1/2],1,3s2.3p5.(2P*<3/2>).7d,2[1/2]*,1,3,3,,T1218n,,NIST
,489.4691,,1.8e+06,2.2e-03,D,104102.0990,124526.695,3s2.3p5.(2P*<3/2>).4p,2[1/2],1,3s2.3p5.(2P*<3/2>).7d,2[1/2]*,0,3,1,,T1218n,,NIST
,492.1034,,5.9e+04,3.0e-04,E,105617.2700,125932.53,3s2.3p5.(2P*<3/2>).4p,2[5/2],2,3s2.3p5.(2P*<3/2>).10d,2[7/2]*,3,5,7,,T1164n,,NIST
,493.7720,,3.6e+04,9.4e-05,E,105462.7596,125709.37,3s2.3p5.(2P*<3/2>).4p,2[5/2],3,3s2.3p5.(2P*<3/2>).11s,2[3/2]*,2,7,5,,T1164n,,NIST
,495.6750,,1.8e+05,8.5e-04,E,105462.7596,125631.64,3s2.3p5.(2P*<3/2>).4p,2[5/2],3,3s2.3p5.(2P*<3/2>).9d,2[7/2]*,4,7,9,,T1164n,,NIST
,498.9943,,1.1e+05,5.8e-04,E,105617.2700,125651.99,3s2.3p5.(2P*<3/2>).4p,2[5/2],2,3s2.3p5.(2P*<3/2>).9d,2[7/2]*,3,5,7,,T1164n,,NIST
,503.2024,,8.2e+04,2.2e-04,E,105462.7596,125329.94,3s2.3p5.(2P*<3/2>).4p,2[5/2],3,3s2.3p5.(2P*<3/2>).10s,2[3/2]*,2,7,5,,T1164n,,NIST
,504.8811,,4.6e+05,2.9e-03,D,104102.0990,123903.220,3s2.3p5.(2P*<3/2>).4p,2[1/2],1,3s2.3p5.(2P*<3/2>).8s,2[3/2]*,2,3,5,,T1218n,,NIST
,505.4176,,4.5e+05,1.7e-03,D,104102.0990,123882.203,3s2.3p5.(2P*<3/2>).4p,2[1/2],1,3s2.3p5.(2P*<1/2>).7s,2[1/2]*,1,3,3,,T1218n,,NIST
,505.6529,,5.7e+05,7.3e-04,D,104102.0990,123873.000,3s2.3p5.(2P*<3/2>).4p,2[1/2],1,3s2.3p5.(2P*<1/2>).7s,2[1/2]*,0,3,1,,T1218n,,NIST
,506.0079,,3.7e+05,1.8e-03,E,105462.7596,125219.788,3s2.3p5.(2P*<3/2>).4p,2[5/2],3,3s2.3p5.(2P*<3/2>).8d,2[7/2]*,4,7,9,,T1164n,,NIST
,507.0977,,2.6e+05,6.0e-04,E,105617.2700,125331.84,3s2.3p5.(2P*<3/2>).4p,2[5/2],2,3s2.3p5.(2P*<3/2>).10s,2[3/2]*,1,5,3,,T1164n,,NIST
,507.3076,,5.9e+04,3.8e-04,D,104102.0990,123808.513,3s2.3p5.(2P*<3/2>).4p,2[1/2],1,3s2.3p5.(2P*<3/2>).6d,2[3/2]*,2,3,5,,T1164n,,NIST
,507.8033,,4.7e+04,1.8e-04,E,105462.7596,125149.937,3s2.3p5.(2P*<3/2>).4p,2[5/2],3,3s2.3p5.(2P*<1/2>).6d,2[5/2]*,3,7,7,,T1164n,,NIST
,508.7084,,1.6e+05,8.7e-04,E,105617.2700,125269.42,3s2.3p5.(2P*<3/2>).4p,2[5/2],2,3s2.3p5.(2P*<3/2>).8d,2[7/2]*,3,5,7,,T1164n,,NIST
,510.4729,,8.7e+04,5.7e-04,E,106087.2598,125671.48,3s2.3p5.(2P*<3/2>).4p,2[3/2],1,3s2.3p5.(2P*<3/2>).9d,2[5/2]*,2,3,5,,T1164n,,NIST
,511.8202,,2.7e+05,1.5e-03,D+,105617.2700,125149.937,3s2.3p5.(2P*<3/2>).4p,2[5/2],2,3s2.3p5.(2P*<1/2>).6d,2[5/2]*,3,5,7,,T1218n,,NIST
,512.7801,,3.3e+04,1.3e-04,D,105617.2700,125113.376,3s2.3p5.(2P*<3/2>).4p,2[5/2],2,3s2.3p5.(2P*<1/2>).6d,2[5/2]*,2,5,5,,T1218n,,NIST
515.1391,515.1391,5,2.39e+06,3.17e-03,C,104102.0990,123508.927,3s2.3p5.(2P*<3/2>).4p,2[1/2],1,3s2.3p5.(2P*<3/2>).6d,2[1/2]*,0,3,1,,T1218n,L2634,NIST
,515.2303,,1.1e+05,7.3e-04,D,104102.0990,123505.4896,3s2.3p5.(2P*<3/2>).4p,2[1/2],1,3s2.3p5.(2P*<1/2>).5d,2[5/2]*,2,3,5,,T1218n,,NIST
516.2285,516.2285,15,1.90e+06,7.60e-03,C,104102.0990,123467.9733,3s2.3p5.(2P*<3/2>).4p,2[1/2],1,3s2.3p5.(2P*<3/2>).6d,2[1/2]*,1,3,3,,T1218n,L2634,NIST
,517.7536,,2.4e+05,6.9e-04,D,105462.7596,124771.59,3s2.3p5.(2P*<3/2>).4p,2[5/2],3,3s2.3p5.(2P*<3/2>).9s,2[3/2]*,2,7,5,,T1218n,,NIST
518.7746,518.7746,20,1.38e+06,9.29e-03,C,104102.0990,123372.9253,3s2.3p5.(2P*<3/2>).4p,2[1/2],1,3s2.3p5.(2P*<1/2>).5d,2[3/2]*,2,3,5,,"T1218n,T1164n",L2634,NIST
,519.2733,,1.2e+04,4.9e-05,D,105462.7596,124715.081,3s2.3p5.(2P*<3/2>).4p,2[5/2],3,3s2.3p5.(2P*<3/2>).7d,2[5/2]*,3,7,7,,T1218n,,NIST
,519.4052,,7.8e+05,1.1e-03,D,106087.2598,125334.69,3s2.3p5.(2P*<3/2>).4p,2[3/2],1,3s2.3p5.(2P*<1/2>).8s,2[1/2]*,0,3,1,,T1218n,,NIST
,521.0486,,1.1e+05,4.5e-04,D,105462.7596,124649.485,3s2.3p5.(2P*<3/2>).4p,2[5/2],3,3s2.3p5.(2P*<3/2>).7d,2[7/2]*,3,7,7,,T1164n,,NIST
,521.4774,,2.1e+05,5.1e-04,D,105617.2700,124788.22,3s2.3p5.(2P*<3/2>).4p,2[5/2],2,3s2.3p5.(2P*<3/2>).7d,2[3/2]*,1,5,3,,T1164n,,NIST
,521.6300,,1.3e+05,3.2e-04,D,105617.2700,124782.61,3s2.3p5.(2P*<3/2>).4p,2[5/2],2,3s2.3p5.(2P*<3/2>).9s,2[3/2]*,1,5,3,,T1164n,,NIST
522.1271,522.1270,7,8.8e+05,4.6e-03,D,105462.7596,124609.856,3s2.3p5.(2P*<3/2>).4p,2[5/2],3,3s2.3p5.(2P*<3/2>).7d,2[7/2]*,4,7,9,,T1164n,L2634,NIST
,524.1093,,1.3e+05,5.4e-04,D,105617.2700,124691.951,3s2.3p5.(2P*<3/2>).4p,2[5/2],2,3s2.3p5.(2P*<3/2>).7d,2[5/2]*,2,5,5,,T1164n,,NIST
,524.6198,,1.2e+05,6.9e-04,E,106237.5518,125293.67,3s2.3p5.(2P*<3/2>).4p,2[3/2],2,3s2.3p5.(2P*<3/2>).8d,2[5/2]*,3,5,7,,T1164n,,NIST
,524.9165,,7.9e+04,3.3e-04,E,106237.5518,125282.90,3s2.3p5.(2P*<3/2>).4p,2[3/2],2,3s2.3p5.(2P*<3/2>).8d,2[3/2]*,2,5,5,,T1164n,,NIST
,525.2787,,5.4e+05,3.1e-03,D,105617.2700,124649.485,3s2.3p5.(2P*<3/2>).4p,2[5/2],2,3s2.3p5.(2P*<3/2>).7d,2[7/2]*,3,5,7,,T1164n,,NIST
,525.4471,,3.6e+05,2.5e-03,E,106087.2598,125113.376,3s2.3p5.(2P*<3/2>).4p,2[3/2],1,3s2.3p5.(2P*<1/2>).6d,2[5/2]*,2,3,5,,T1164n,,NIST
,528.6069,,9.6e+04,5.6e-04,E,106237.5518,125149.937,3s2.3p5.(2P*<3/2>).4p,2[3/2],2,3s2.3p5.(2P*<1/2>).6d,2[5/2]*,3,5,7,,T1164n,,NIST
,529.0015,,9.0e+04,2.3e-04,E,106237.5518,125135.831,3s2.3p5.(2P*<3/2>).4p,2[3/2],2,3s2.3p5.(2P*<3/2>).8d,2[1/2]*,1,5,3,,T1164n,,NIST
,530.9513,,1.2e+05,5.1e-04,E,106237.5518,125066.432,3s2.3p5.(2P*<3/2>).4p,2[3/2],2,3s2.3p5.(2P*<1/2>).6d,2[3/2]*,2,5,5,,T1164n,,NIST
,531.7715,,2.6e+05,1.5e-03,E,107289.7001,126089.54,3s2.3p5.(2P*<1/2>).4p,2[3/2],2,3s2.3p5.(2P*<1/2>).7d,2[5/2]*,3,5,7,,T1164n,,NIST
,537.3494,,2.7e+05,1.9e-03,D,106087.2598,124691.951,3s2.3p5.(2P*<3/2>).4p,2[3/2],1,3s2.3p5.(2P*<3/2>).7d,2[5/2]*,2,3,5,,T1164n,,NIST
,539.3979,,9.6e+04,4.2e-04,D,106237.5518,124771.59,3s2.3p5.(2P*<3/2>).4p,2[3/2],2,3s2.3p5.(2P*<3/2>).9s,2[3/2]*,2,5,5,,T1164n,,NIST
,541.0475,,2.0e+05,1.2e-03,D,106237.5518,124715.081,3s2.3p5.(2P*<3/2>).4p,2[3/2],2,3s2.3p5.(2P*<3/2>).7d,2[5/2]*,3,5,7,,T1164n,,NIST
542.1352,542.1351,5,6.0e+05,1.9e-03,D,105462.7596,123903.220,3s2.3p5.(2P*<3/2>).4p,2[5/2],3,3s2.3p5.(2P*<3/2>).8s,2[3/2]*,2,7,5,,T1164n,L2634,NIST
,543.9989,,1.9e+05,8.4e-04,D+,104102.0990,122479.3820,3s2.3p5.(2P*<3/2>).4p,2[1/2],1,3s2.3p5.(2P*<3/2>).7s,2[3/2]*,1,3,3,,T1218n,,NIST
,544.2246,,9.3e+04,4.1e-04,D,105462.7596,123832.419,3s2.3p5.(2P*<3/2>).4p,2[5/2],3,3s2.3p5.(2P*<3/2>).6d,2[5/2]*,3,7,7,,T1164n,,NIST
545.1652,545.1652,10,4.7e+05,3.5e-03,D+,104102.0990,122440.0672,3s2.3p5.(2P*<3/2>).4p,2[1/2],1,3s2.3p5.(2P*<3/2>).7s,2[3/2]*,2,3,5,,T1218n,L2634,NIST
,545.7416,,3.6e+05,9.6e-04,D,105617.2700,123935.870,3s2.3p5.(2P*<3/2>).4p,2[5/2],2,3s2.3p5.(2P*<3/2>).8s,2[3/2]*,1,5,3,,T1218n,,NIST
,545.9651,,3.8e+04,1.7e-04,D,105462.7596,123773.8614,3s2.3p5.(2P*<3/2>).4p,2[5/2],3,3s2.3p5.(2P*<3/2>).6d,2[7/2]*,3,7,7,,T1218n,,NIST
,546.7160,,7.6e+04,3.4e-04,D,105617.2700,123903.220,3s2.3p5.(2P*<3/2>).4p,2[5/2],2,3s2.3p5.(2P*<3/2>).8s,2[3/2]*,2,5,5,,T1218n,,NIST
,547.3451,,2.0e+05,5.4e-04,D,105617.2700,123882.203,3s2.3p5.(2P*<3/2>).4p,2[5/2],2,3s2.3p5.(2P*<1/2>).7s,2[1/2]*,1,5,3,,T1218n,,NIST
,549.0120,,8.5e+04,3.8e-04,D,105617.2700,123826.750,3s2.3p5.(2P*<3/2>).4p,2[5/2],2,3s2.3p5.(2P*<3/2>).6d,2[5/2]*,2,5,5,,T1164n,,NIST
,549.2080,,5.6e+05,8.4e-04,E,107131.7086,125334.69,3s2.3p5.(2P*<1/2>).4p,2[3/2],1,3s2.3p5.(2P*<1/2>).8s,2[1/2]*,0,3,1,,T1164n,,NIST
549.5874,549.5873,25,1.69e+06,9.84e-03,C,105462.7596,123653.177,3s2.3p5.(2P*<3/2>).4p,2[5/2],3,3s2.3p5.(2P*<3/2>).6d,2[7/2]*,4,7,9,,T1218n,L2634,NIST
550.6113,550.6112,5,3.6e+05,2.3e-03,D+,105617.2700,123773.8614,3s2.3p5.(2P*<3/2>).4p,2[5/2],2,3s2.3p5.(2P*<3/2>).6d,2[7/2]*,3,5,7,,T1218n,L2634,NIST
,552.4957,,1.7e+05,7.8e-04,D+,105462.7596,123557.4227,3s2.3p5.(2P*<3/2>).4p,2[5/2],3,3s2.3p5.(2P*<1/2>).5d,2[5/2]*,3,7,7,,T1218n,,NIST
,552.8961,,1.2e+05,1.7e-03,E,107054.2720,125135.831,3s2.3p5.(2P*<3/2>).4p,2[1/2],0,3s2.3p5.(2P*<3/2>).8d,2[1/2]*,1,1,3,,T1164n,,NIST
,553.4479,,2.7e+05,7.4e-04,D+,107289.7001,125353.23,3s2.3p5.(2P*<1/2>).4p,2[3/2],2,3s2.3p5.(2P*<1/2>).8s,2[1/2]*,1,5,3,,T1218n,,NIST
,554.0860,,4.1e+04,1.3e-04,D,105462.7596,123505.4896,3s2.3p5.(2P*<3/2>).4p,2[5/2],3,3s2.3p5.(2P*<1/2>).5d,2[5/2]*,2,7,5,,T1218n,,NIST
,555.2741,,7.9e+04,3.7e-04,E,107131.7086,125135.831,3s2.3p5.(2P*<1/2>).4p,2[3/2],1,3s2.3p5.(2P*<3/2>).8d,2[1/2]*,1,3,3,,T1164n,,NIST
555.8702,555.8702,25,1.42e+06,1.10e-02,C,104102.0990,122086.9164,3s2.3p5.(2P*<3/2>).4p,2[1/2],1,3s2.3p5.(2P*<3/2>).5d,2[3/2]*,2,3,5,,T1218n,L2634,NIST
,555.9676,,2.2e+05,1.7e-03,D+,107131.7086,125113.376,3s2.3p5.(2P*<1/2>).4p,2[3/2],1,3s2.3p5.(2P*<1/2>).6d,2[5/2]*,2,3,5,,T1218n,,NIST
557.2541,557.2541,10,6.6e+05,4.3e-03,C,105617.2700,123557.4227,3s2.3p5.(2P*<3/2>).4p,2[5/2],2,3s2.3p5.(2P*<1/2>).5d,2[5/2]*,3,5,7,,T1218n,L2634,NIST
,557.4228,,4.6e+04,3.6e-04,D,107131.7086,125066.432,3s2.3p5.(2P*<1/2>).4p,2[3/2],1,3s2.3p5.(2P*<1/2>).6d,2[3/2]*,2,3,5,,T1218n,,NIST
,558.1871,,5.6e+04,1.9e-04,D+,105462.7596,123372.9253,3s2.3p5.(2P*<3/2>).4p,2[5/2],3,3s2.3p5.(2P*<1/2>).5d,2[3/2]*,2,7,5,,T1218n,,NIST
,558.8720,,1.5e+05,7.0e-04,D+,105617.2700,123505.4896,3s2.3p5.(2P*<3/2>).4p,2[5/2],2,3s2.3p5.(2P*<1/2>).5d,2[5/2]*,2,5,5,,T1218n,,NIST
,559.7476,,4.2e+05,2.8e-03,E,107289.7001,125149.937,3s2.3p5.(2P*<1/2>).4p,2[3/2],2,3s2.3p5.(2P*<1/2>).6d,2[5/2]*,3,5,7,,T1164n,,NIST
560.6733,560.6733,35,2.20e+06,1.04e-02,C,104102.0990,121932.8477,3s2.3p5.(2P*<3/2>).4p,2[1/2],1,3s2.3p5.(2P*<3/2>).5d,2[1/2]*,1,3,3,,T1218n,L2634,NIST
,561.8014,,2.1e+05,9.9e-04,D,106087.2598,123882.203,3s2.3p5.(2P*<3/2>).4p,2[3/2],1,3s2.3p5.(2P*<1/2>).7s,2[1/2]*,1,3,3,,T1218n,,NIST
,562.0921,,3.6e+05,5.7e-04,D,106087.2598,123873.000,3s2.3p5.(2P*<3/2>).4p,2[3/2],1,3s2.3p5.(2P*<1/2>).7s,2[1/2]*,0,3,1,,T1218n,,NIST
,562.3770,,1.4e+05,6.6e-04,D,107289.7001,125066.432,3s2.3p5.(2P*<1/2>).4p,2[3/2],2,3s2.3p5.(2P*<1/2>).6d,2[3/2]*,2,5,5,,T1218n,,NIST
,563.5576,,9.6e+04,7.6e-04,D,106087.2598,123826.750,3s2.3p5.(2P*<3/2>).4p,2[3/2],1,3s2.3p5.(2P*<3/2>).6d,2[5/2]*,2,3,5,,T1164n,,NIST
,563.734,,9.1e+04,1.3e-03,D,107054.2720,124788.22,3s2.3p5.(2P*<3/2>).4p,2[1/2],0,3s2.3p5.(2P*<3/2>).7d,2[3/2]*,1,1,3,,T1164n,,NIST
,563.912,,2.1e+05,3.0e-03,D,107054.2720,124782.61,3s2.3p5.(2P*<3/2>).4p,2[1/2],0,3s2.3p5.(2P*<3/2>).9s,2[3/2]*,1,1,3,,T1164n,,NIST
,564.1376,,8.7e+04,6.9e-04,D,106087.2598,123808.513,3s2.3p5.(2P*<3/2>).4p,2[3/2],1,3s2.3p5.(2P*<3/2>).6d,2[3/2]*,2,3,5,,T1164n,,NIST
,564.8687,,1.2e+05,3.4e-04,D,106237.5518,123935.870,3s2.3p5.(2P*<3/2>).4p,2[3/2],2,3s2.3p5.(2P*<3/2>).8s,2[3/2]*,1,5,3,,T1218n,,NIST
565.0704,565.0704,20,3.20e+06,5.11e-03,C,104102.0990,121794.0988,3s2.3p5.(2P*<3/2>).4p,2[1/2],1,3s2.3p5.(2P*<3/2>).5d,2[1/2]*,0,3,1,,T1218n,L2634,NIST
,565.9127,,2.6e+05,1.2e-03,D,106237.5518,123903.220,3s2.3p5.(2P*<3/2>).4p,2[3/2],2,3s2.3p5.(2P*<3/2>).8s,2[3/2]*,2,5,5,,T1218n,,NIST
,568.1899,,2.0e+05,1.4e-03,D,106237.5518,123832.419,3s2.3p5.(2P*<3/2>).4p,2[3/2],2,3s2.3p5.(2P*<3/2>).6d,2[5/2]*,3,5,7,,T1218n,,NIST
,568.3730,,2.0e+05,9.7e-04,D,106237.5518,123826.750,3s2.3p5.(2P*<3/2>).4p,2[3/2],2,3s2.3p5.(2P*<3/2>).6d,2[5/2]*,2,5,5,,T1218n,,NIST
,570.0872,,5.9e+05,4.0e-03,D,106237.5518,123773.8614,3s2.3p5.(2P*<3/2>).4p,2[3/2],2,3s2.3p5.(2P*<3/2>).6d,2[7/2]*,3,5,7,,T1218n,,NIST
,571.2504,,8.7e+04,1.3e-03,D,107054.2720,124554.874,3s2.3p5.(2P*<3/2>).4p,2[1/2],0,3s2.3p5.(2P*<3/2>).7d,2[1/2]*,1,1,3,,T1164n,,NIST
573.9520,573.9519,10,8.7e+05,7.2e-03,D,106087.2598,123505.4896,3s2.3p5.(2P*<3/2>).4p,2[3/2],1,3s2.3p5.(2P*<1/2>).5d,2[5/2]*,2,3,5,,T1218n,L2634,NIST
,577.2114,,2.0e+05,1.4e-03,D,106237.5518,123557.4227,3s2.3p5.(2P*<3/2>).4p,2[3/2],2,3s2.3p5.(2P*<1/2>).5d,2[5/2]*,3,5,7,,T1218n,,NIST
,577.4008,,1.1e+05,5.5e-04,D,107289.7001,124603.890,3s2.3p5.(2P*<1/2>).4p,2[3/2],2,3s2.3p5.(2P*<3/2>).7d,2[3/2]*,2,5,5,,T1218n,,NIST
,578.3536,,8.1e+04,6.8e-04,D,106087.2598,123372.9253,3s2.3p5.(2P*<3/2>).4p,2[3/2],1,3s2.3p5.(2P*<1/2>).5d,2[3/2]*,2,3,5,,T1218n,,NIST
,578.9474,,4.6e+04,2.3e-04,D,106237.5518,123505.4896,3s2.3p5.(2P*<3/2>).4p,2[3/2],2,3s2.3p5.(2P*<1/2>).5d,2[5/2]*,2,5,5,,T1218n,,NIST
,579.0401,,3.4e+04,1.0e-04,D,107289.7001,124554.874,3s2.3p5.(2P*<1/2>).4p,2[3/2],2,3s2.3p5.(2P*<3/2>).7d,2[1/2]*,1,5,3,,T1218n,,NIST
,580.2080,,4.2e+05,1.3e-03,D,106237.5518,123467.9733,3s2.3p5.(2P*<3/2>).4p,2[3/2],2,3s2.3p5.(2P*<3/2>).6d,2[1/2]*,1,5,3,,T1218n,,NIST
583.4263,583.4264,5,5.2e+05,2.7e-03,C,106237.5518,123372.9253,3s2.3p5.(2P*<3/2>).4p,2[3/2],2,3s2.3p5.(2P*<1/2>).5d,2[3/2]*,2,5,5,,"T1218n,T1164n",L2634,NIST
,584.3779,,3.3e+04,2.8e-04,D,107496.4166,124603.890,3s2.3p5.(2P*<1/2>).4p,2[1/2],1,3s2.3p5.(2P*<3/2>).7d,2[3/2]*,2,3,5,,T1218n,,NIST
586.0310,586.0310,10,2.85e+05,1.47e-03,C,104102.0990,121161.3135,3s2.3p5.(2P*<3/2>).4p,2[1/2],1,3s2.3p5.(2P*<1/2>).6s,2[1/2]*,1,3,3,,"T1218n,T1164n",L2634,NIST
588.2624,588.2624,15,1.23e+06,2.13e-03,C,104102.0990,121096.605,3s2.3p5.(2P*<3/2>).4p,2[1/2],1,3s2.3p5.(2P*<1/2>).6s,2[1/2]*,0,3,1,,T1218n,L2634,NIST
588.8584,588.8584,25,1.29e+06,4.79e-03,C,105462.7596,122440.0672,3s2.3p5.(2P*<3/2>).4p,2[5/2],3,3s2.3p5.(2P*<3/2>).7s,2[3/2]*,2,7,5,,T1218n,L2634,NIST
591.2085,591.2085,50,1.05e+06,5.51e-03,C,104102.0990,121011.9198,3s2.3p5.(2P*<3/2>).4p,2[1/2],1,3s2.3p5.(2P*<1/2>).4d,2[3/2]*,1,3,3,,"T1218n,T1164n",L2634,NIST
,591.6598,,5.9e+04,1.9e-04,D,105617.2700,122514.192,3s2.3p5.(2P*<3/2>).4p,2[5/2],2,3s2.3p5.(2P*<3/2>).5d,2[3/2]*,1,5,3,,T1218n,,NIST
,592.7125,,3.7e+04,1.9e-04,D+,105462.7596,122329.672,3s2.3p5.(2P*<3/2>).4p,2[5/2],3,3s2.3p5.(2P*<3/2>).5d,2[5/2]*,3,7,7,,T1218n,,NIST
592.8813,592.8812,15,1.1e+06,3.5e-03,D+,105617.2700,122479.3820,3s2.3p5.(2P*<3/2>).4p,2[5/2],2,3s2.3p5.(2P*<3/2>).7s,2[3/2]*,1,5,3,,T1218n,L2634,NIST
,594.0855,,1.2e+05,1.9e-03,D,107054.2720,123882.203,3s2.3p5.(2P*<3/2>).4p,2[1/2],0,3s2.3p5.(2P*<1/2>).7s,2[1/2]*,1,1,3,,T1218n,,NIST
594.2669,594.2668,5,1.8e+05,9.5e-04,D,105617.2700,122440.0672,3s2.3p5.(2P*<3/2>).4p,2[5/2],2,3s2.3p5.(2P*<3/2>).7s,2[3/2]*,2,5,5,,T1218n,L2634,NIST
,594.3888,,3.6e+04,1.4e-04,D,105462.7596,122282.104,3s2.3p5.(2P*<3/2>).4p,2[5/2],3,3s2.3p5.(2P*<3/2>).5d,2[5/2]*,2,7,5,,T1218n,,NIST
,594.9259,,1.5e+05,8.0e-04,D,107131.7086,123935.870,3s2.3p5.(2P*<1/2>).4p,2[3/2],1,3s2.3p5.(2P*<3/2>).8s,2[3/2]*,1,3,3,,T1218n,,NIST
,596.448,,7.7e+04,1.2e-03,D,107054.2720,123815.56,3s2.3p5.(2P*<3/2>).4p,2[1/2],0,3s2.3p5.(2P*<1/2>).5d,2[3/2]*,1,1,3,,T1218n,,NIST
,596.8320,,1.8e+05,9.6e-04,D,107131.7086,123882.203,3s2.3p5.(2P*<1/2>).4p,2[3/2],1,3s2.3p5.(2P*<1/2>).7s,2[1/2]*,1,3,3,,T1218n,,NIST
,597.1601,,1.1e+06,2.0e-03,D+,107131.7086,123873.000,3s2.3p5.(2P*<1/2>).4p,2[3/2],1,3s2.3p5.(2P*<1/2>).7s,2[1/2]*,0,3,1,,T1218n,,NIST
,598.1923,,1.2e+04,9.0e-05,D,105617.2700,122329.672,3s2.3p5.(2P*<3/2>).4p,2[5/2],2,3s2.3p5.(2P*<3/2>).5d,2[5/2]*,3,5,7,,T1218n,,NIST
598.7302,598.7301,7,1.2e+05,6.5e-04,D,105462.7596,122160.1502,3s2.3p5.(2P*<3/2>).4p,2[5/2],3,3s2.3p5.(2P*<3/2>).5d,2[7/2]*,3,7,7,,T1218n,L2634,NIST
,598.8144,,6.1e+04,5.5e-04,D,107131.7086,123826.750,3s2.3p5.(2P*<1/2>).4p,2[3/2],1,3s2.3p5.(2P*<3/2>).6d,2[5/2]*,2,3,5,,T1218n,,NIST
,599.4692,,2.6e+04,2.3e-04,D,107131.7086,123808.513,3s2.3p5.(2P*<1/2>).4p,2[3/2],1,3s2.3p5.(2P*<3/2>).6d,2[3/2]*,2,3,5,,T1164n,,NIST
599.8999,599.8998,5,1.4e+05,7.6e-04,D,105617.2700,122282.104,3s2.3p5.(2P*<3/2>).4p,2[5/2],2,3s2.3p5.(2P*<3/2>).5d,2[5/2]*,2,5,5,,T1218n,L2634,NIST
,600.5725,,1.4e+05,4.5e-04,D+,107289.7001,123935.870,3s2.3p5.(2P*<1/2>).4p,2[3/2],2,3s2.3p5.(2P*<3/2>).8s,2[3/2]*,1,5,3,,T1218n,,NIST
,601.3677,,1.4e+05,5.4e-04,D+,105462.7596,122086.9164,3s2.3p5.(2P*<3/2>).4p,2[5/2],3,3s2.3p5.(2P*<3/2>).5d,2[3/2]*,2,7,5,,T1218n,,NIST
602.5150,602.5150,5,9.0e+05,2.9e-03,D+,107289.7001,123882.203,3s2.3p5.(2P*<1/2>).4p,2[3/2],2,3s2.3p5.(2P*<1/2>).7s,2[1/2]*,1,5,3,,T1218n,L2634,NIST
603.2127,603.2127,70,2.46e+06,1.73e-02,C,105462.7596,122036.0704,3s2.3p5.(2P*<3/2>).4p,2[5/2],3,3s2.3p5.(2P*<3/2>).5d,2[7/2]*,4,7,9,,"T1218n,T1164n",L2634,NIST
604.3223,604.3223,35,1.47e+06,1.13e-02,C,105617.2700,122160.1502,3s2.3p5.(2P*<3/2>).4p,2[5/2],2,3s2.3p5.(2P*<3/2>).5d,2[7/2]*,3,5,7,,T1218n,L2634,NIST
605.2723,605.2723,10,1.9e+05,1.7e-03,D+,104102.0990,120619.0162,3s2.3p5.(2P*<3/2>).4p,2[1/2],1,3s2.3p5.(2P*<1/2>).4d,2[5/2]*,2,3,5,,T1218n,L2634,NIST
605.9372,605.9372,20,4.2e+05,3.9e-03,C,104102.0990,120600.8905,3s2.3p5.(2P*<3/2>).4p,2[1/2],1,3s2.3p5.(2P*<1/2>).4d,2[3/2]*,2,3,5,,"T1218n,T1164n",L2634,NIST
,606.4750,,5.8e+04,4.5e-04,D,107289.7001,123773.8614,3s2.3p5.(2P*<1/2>).4p,2[3/2],2,3s2.3p5.(2P*<3/2>).6d,2[7/2]*,3,5,7,,T1218n,,NIST
,608.1244,,7.5e+04,4.2e-04,D,107496.4166,123935.870,3s2.3p5.(2P*<1/2>).4p,2[1/2],1,3s2.3p5.(2P*<3/2>).8s,2[3/2]*,1,3,3,,T1218n,,NIST
,608.5879,,9.0e+03,5.0e-05,,106087.2598,122514.192,3s2.3p5.(2P*<3/2>).4p,2[3/2],1,3s2.3p5.(2P*<3/2>).5d,2[3/2]*,1,3,3,,T1218n,,NIST
,609.0785,,3.0e+05,5.0e-03,D,107054.2720,123467.9733,3s2.3p5.(2P*<3/2>).4p,2[1/2],0,3s2.3p5.(2P*<3/2>).6d,2[1/2]*,1,1,3,,T1218n,,NIST
609.8803,609.8803,7,5.2e+05,2.9e-03,D+,106087.2598,122479.3820,3s2.3p5.(2P*<3/2>).4p,2[3/2],1,3s2.3p5.(2P*<3/2>).7s,2[3/2]*,1,3,3,,T1218n,L2634,NIST
,610.1161,,3.3e+05,1.8e-03,D+,107496.4166,123882.203,3s2.3p5.(2P*<1/2>).4p,2[1/2],1,3s2.3p5.(2P*<1/2>).7s,2[1/2]*,1,3,3,,T1218n,,NIST
,610.4590,,3.4e+05,6.3e-04,D,107496.4166,123873.000,3s2.3p5.(2P*<1/2>).4p,2[1/2],1,3s2.3p5.(2P*<1/2>).7s,2[1/2]*,0,3,1,,T1218n,,NIST
610.5635,610.5635,10,1.21e+06,1.13e-02,C,107131.7086,123505.4896,3s2.3p5.(2P*<1/2>).4p,2[3/2],1,3s2.3p5.(2P*<1/2>).5d,2[5/2]*,2,3,5,,T1218n,L2634,NIST
,611.3466,,4.7e+04,4.4e-04,D+,106087.2598,122440.0672,3s2.3p5.(2P*<3/2>).4p,2[3/2],1,3s2.3p5.(2P*<3/2>).7s,2[3/2]*,2,3,5,,T1218n,,NIST
,611.9656,,5.1e+04,2.9e-04,D+,107131.7086,123467.9733,3s2.3p5.(2P*<1/2>).4p,2[3/2],1,3s2.3p5.(2P*<3/2>).6d,2[1/2]*,1,3,3,,T1218n,,NIST
,612.1879,,1.3e+04,1.2e-04,D,107496.4166,123826.750,3s2.3p5.(2P*<1/2>).4p,2[1/2],1,3s2.3p5.(2P*<3/2>).6d,2[5/2]*,2,3,5,,T1164n,,NIST
,612.7416,,1.1e+05,3.7e-04,D+,105617.2700,121932.8477,3s2.3p5.(2P*<3/2>).4p,2[5/2],2,3s2.3p5.(2P*<3/2>).5d,2[1/2]*,1,5,3,,T1218n,,NIST
,612.8724,,8.6e+04,8.1e-04,D,107496.4166,123808.513,3s2.3p5.(2P*<1/2>).4p,2[1/2],1,3s2.3p5.(2P*<3/2>).6d,2[3/2]*,2,3,5,,T1164n,,NIST
614.5441,614.5441,10,7.6e+05,6.0e-03,C,107289.7001,123557.4227,3s2.3p5.(2P*<1/2>).4p,2[3/2],2,3s2.3p5.(2P*<1/2>).5d,2[5/2]*,3,5,7,,T1218n,L2634,NIST
,615.5238,,5.1e+05,1.7e-03,D,106237.5518,122479.3820,3s2.3p5.(2P*<3/2>).4p,2[3/2],2,3s2.3p5.(2P*<3/2>).7s,2[3/2]*,1,5,3,,T1218n,,NIST
,616.5123,,9.89e+04,5.64e-04,C,107289.7001,123505.4896,3s2.3p5.(2P*<1/2>).4p,2[3/2],2,3s2.3p5.(2P*<1/2>).5d,2[5/2]*,2,5,5,,T1218n,,NIST
617.0174,617.0174,7,5.0e+05,2.9e-03,C,106237.5518,122440.0672,3s2.3p5.(2P*<3/2>).4p,2[3/2],2,3s2.3p5.(2P*<3/2>).7s,2[3/2]*,2,5,5,,T1218n,L2634,NIST
617.3096,617.3096,10,6.7e+05,6.4e-03,C,106087.2598,122282.104,3s2.3p5.(2P*<3/2>).4p,2[3/2],1,3s2.3p5.(2P*<3/2>).5d,2[5/2]*,2,3,5,,T1218n,L2634,NIST
,617.9419,,6.6e+04,2.3e-04,D,107289.7001,123467.9733,3s2.3p5.(2P*<1/2>).4p,2[3/2],2,3s2.3p5.(2P*<3/2>).6d,2[1/2]*,1,5,3,,T1218n,,NIST
621.2503,621.2503,10,3.9e+05,3.2e-03,D+,106237.5518,122329.672,3s2.3p5.(2P*<3/2>).4p,2[3/2],2,3s2.3p5.(2P*<3/2>).5d,2[5/2]*,3,5,7,,T1218n,L2634,NIST
621.5938,621.5939,5,5.7e+05,3.3e-03,D+,107289.7001,123372.9253,3s2.3p5.(2P*<1/2>).4p,2[3/2],2,3s2.3p5.(2P*<1/2>).5d,2[3/2]*,2,5,5,,T1218n,L2634,NIST
,623.0921,,1.2e+04,7.0e-05,D,106237.5518,122282.104,3s2.3p5.(2P*<3/2>).4p,2[3/2],2,3s2.3p5.(2P*<3/2>).5d,2[5/2]*,2,5,5,,T1164n,,NIST
,624.3390,,1.3e+05,2.5e-04,D,107496.4166,123508.927,3s2.3p5.(2P*<1/2>).4p,2[1/2],1,3s2.3p5.(2P*<3/2>).6d,2[1/2]*,0,3,1,,T1218n,,NIST
,624.4730,,2.0e+04,1.9e-04,D,107496.4166,123505.4896,3s2.3p5.(2P*<1/2>).4p,2[1/2],1,3s2.3p5.(2P*<1/2>).5d,2[5/2]*,2,3,5,,T1218n,,NIST
,624.8406,,6.8e+04,6.6e-04,D,106087.2598,122086.9164,3s2.3p5.(2P*<3/2>).4p,2[3/2],1,3s2.3p5.(2P*<3/2>).5d,2[3/2]*,2,3,5,,T1218n,,NIST
,627.8645,,2.0e+04,1.7e-04,D,106237.5518,122160.1502,3s2.3p5.(2P*<3/2>).4p,2[3/2],2,3s2.3p5.(2P*<3/2>).5d,2[7/2]*,3,5,7,,T1218n,,NIST
629.6872,629.6873,7,9.0e+05,8.9e-03,D+,107496.4166,123372.9253,3s2.3p5.(2P*<1/2>).4p,2[1/2],1,3s2.3p5.(2P*<1/2>).5d,2[3/2]*,2,3,5,,T1218n,L2634,NIST
630.7657,630.7657,15,6.0e+05,3.6e-03,D+,106237.5518,122086.9164,3s2.3p5.(2P*<3/2>).4p,2[3/2],2,3s2.3p5.(2P*<3/2>).5d,2[3/2]*,2,5,5,,T1218n,L2634,NIST
,630.9160,,7.6e+04,4.5e-04,D,106087.2598,121932.8477,3s2.3p5.(2P*<3/2>).4p,2[3/2],1,3s2.3p5.(2P*<3/2>).5d,2[1/2]*,1,3,3,,T1218n,,NIST
,636.4894,,5.6e+05,1.1e-03,D+,106087.2598,121794.0988,3s2.3p5.(2P*<3/2>).4p,2[3/2],1,3s2.3p5.(2P*<3/2>).5d,2[1/2]*,0,3,1,,T1218n,,NIST
636.9575,636.9575,7,4.2e+05,1.5e-03,D+,106237.5518,121932.8477,3s2.3p5.(2P*<3/2>).4p,2[3/2],2,3s2.3p5.(2P*<3/2>).5d,2[1/2]*,1,5,3,,T1218n,L2634,NIST
638.4717,638.4717,20,4.21e+05,2.57e-03,C,104102.0990,119760.1725,3s2.3p5.(2P*<3/2>).4p,2[1/2],1,3s2.3p5.(2P*<3/2>).6s,2[3/2]*,1,3,3,,T1218n,L2634,NIST
641.6307,641.6307,70,1.16e+06,1.19e-02,C,104102.0990,119683.0821,3s2.3p5.(2P*<3/2>).4p,2[1/2],1,3s2.3p5.(2P*<3/2>).6s,2[3/2]*,2,3,5,,T1218n,L2634,NIST
,643.1555,,5.1e+04,1.9e-04,D,105617.2700,121161.3135,3s2.3p5.(2P*<3/2>).4p,2[5/2],2,3s2.3p5.(2P*<1/2>).6s,2[1/2]*,1,5,3,,T1218n,,NIST
,646.6552,,1.5e+05,2.8e-03,D,107054.2720,122514.192,3s2.3p5.(2P*<3/2>).4p,2[1/2],0,3s2.3p5.(2P*<3/2>).5d,2[3/2]*,1,1,3,,T1218n,,NIST
,648.1145,,9.4e+04,1.8e-03,D,107054.2720,122479.3820,3s2.3p5.(2P*<3/2>).4p,2[1/2],0,3s2.3p5.(2P*<3/2>).7s,2[3/2]*,1,1,3,,T1218n,,NIST
,649.3969,,3.1e+04,1.2e-04,D,105617.2700,121011.9198,3s2.3p5.(2P*<3/2>).4p,2[5/2],2,3s2.3p5.(2P*<1/2>).4d,2[3/2]*,1,5,3,,T1164n,,NIST
,651.3846,,5.4e+04,3.4e-04,D,107131.7086,122479.3820,3s2.3p5.(2P*<1/2>).4p,2[3/2],1,3s2.3p5.(2P*<3/2>).7s,2[3/2]*,1,3,3,,T1164n,,NIST
653.8112,653.8112,15,1.1e+05,7.1e-04,D+,105462.7596,120753.4714,3s2.3p5.(2P*<3/2>).4p,2[5/2],3,3s2.3p5.(2P*<1/2>).4d,2[5/2]*,3,7,7,,T1218n,L2634,NIST
,659.6113,,2.3e+04,1.1e-04,D,105462.7596,120619.0162,3s2.3p5.(2P*<3/2>).4p,2[5/2],3,3s2.3p5.(2P*<1/2>).4d,2[5/2]*,2,7,5,,T1164n,,NIST
,659.8678,,3.6e+04,2.4e-04,D,107289.7001,122440.0672,3s2.3p5.(2P*<1/2>).4p,2[3/2],2,3s2.3p5.(2P*<3/2>).7s,2[3/2]*,2,5,5,,T1164n,,NIST
,660.4011,,2.8e+05,1.3e-03,D+,105462.7596,120600.8905,3s2.3p5.(2P*<3/2>).4p,2[5/2],3,3s2.3p5.(2P*<1/2>).4d,2[3/2]*,2,7,5,,T1218n,,NIST
660.4853,660.4853,15,1.3e+04,1.2e-04,D,105617.2700,120753.4714,3s2.3p5.(2P*<3/2>).4p,2[5/2],2,3s2.3p5.(2P*<1/2>).4d,2[5/2]*,3,5,7,,T1218n,L2634,NIST
,663.2084,,5.3e+04,3.5e-04,D,106087.2598,121161.3135,3s2.3p5.(2P*<3/2>).4p,2[3/2],1,3s2.3p5.(2P*<1/2>).6s,2[1/2]*,1,3,3,,T1218n,,NIST
,665.6938,,3.1e+04,2.1e-04,D,107496.4166,122514.192,3s2.3p5.(2P*<1/2>).4p,2[1/2],1,3s2.3p5.(2P*<3/2>).5d,2[3/2]*,1,3,3,,T1164n,,NIST
666.0676,666.0677,5,7.8e+05,1.7e-03,D,106087.2598,121096.605,3s2.3p5.(2P*<3/2>).4p,2[3/2],1,3s2.3p5.(2P*<1/2>).6s,2[1/2]*,0,3,1,,T1218n,L2634,NIST
666.4051,666.4051,5,1.5e+05,1.0e-03,D+,105617.2700,120619.0162,3s2.3p5.(2P*<3/2>).4p,2[5/2],2,3s2.3p5.(2P*<1/2>).4d,2[5/2]*,2,5,5,,T1218n,L2634,NIST
667.7282,667.7281,100,2.36e+05,5.3e-04,B,93750.5978,108722.6194,3s2.3p5.(2P*<3/2>).4s,2[3/2]*,1,3s2.3p5.(2P*<1/2>).4p,2[1/2],0,3,1,,T5223,L2634,NIST
,668.4788,,3.9e+04,4.4e-04,D,107131.7086,122086.9164,3s2.3p5.(2P*<1/2>).4p,2[3/2],1,3s2.3p5.(2P*<3/2>).5d,2[3/2]*,2,3,5,,T1218n,,NIST
,669.8471,,2.5e+04,1.7e-04,D,106087.2598,121011.9198,3s2.3p5.(2P*<3/2>).4p,2[3/2],1,3s2.3p5.(2P*<1/2>).4d,2[3/2]*,1,3,3,,T1218n,,NIST
,669.8874,,1.6e+05,6.5e-04,D+,106237.5518,121161.3135,3s2.3p5.(2P*<3/2>).4p,2[3/2],2,3s2.3p5.(2P*<1/2>).6s,2[1/2]*,1,5,3,,T1218n,,NIST
,671.9219,,2.4e+05,4.9e-03,D,107054.2720,121932.8477,3s2.3p5.(2P*<3/2>).4p,2[1/2],0,3s2.3p5.(2P*<3/2>).5d,2[1/2]*,1,1,3,,T1218n,,NIST
,672.2890,,3.2e+04,3.0e-04,D,107289.7001,122160.1502,3s2.3p5.(2P*<1/2>).4p,2[3/2],2,3s2.3p5.(2P*<3/2>).5d,2[7/2]*,3,5,7,,T1218n,,NIST
675.2834,675.2834,150,1.93e+06,2.20e-02,C,104102.0990,118906.6110,3s2.3p5.(2P*<3/2>).4p,2[1/2],1,3s2.3p5.(2P*<3/2>).4d,2[3/2]*,2,3,5,,T1218n,L2634,NIST
,675.4372,,2.1e+05,1.4e-03,D,107131.7086,121932.8477,3s2.3p5.(2P*<1/2>).4p,2[3/2],1,3s2.3p5.(2P*<3/2>).5d,2[1/2]*,1,3,3,,T1218n,,NIST
675.6163,675.6163,5,3.6e+05,2.5e-03,D+,107289.7001,122086.9164,3s2.3p5.(2P*<1/2>).4p,2[3/2],2,3s2.3p5.(2P*<3/2>).5d,2[3/2]*,2,5,5,,T1218n,L2634,NIST
676.6612,676.6611,15,4.0e+05,1.6e-03,D+,106237.5518,121011.9198,3s2.3p5.(2P*<3/2>).4p,2[3/2],2,3s2.3p5.(2P*<1/2>).4d,2[3/2]*,1,5,3,,T1218n,L2634,NIST
,677.9926,,1.21e+05,2.50e-03,C,108722.6194,123467.9733,3s2.3p5.(2P*<1/2>).4p,2[1/2],0,3s2.3p5.(2P*<3/2>).6d,2[1/2]*,1,1,3,,T1164n,,NIST
,681.8289,,2.0e+05,4.6e-04,D,107131.7086,121794.0988,3s2.3p5.(2P*<1/2>).4p,2[3/2],1,3s2.3p5.(2P*<3/2>).5d,2[1/2]*,0,3,1,,T1218n,,NIST
,682.7249,,2.4e+05,1.0e-03,D,107289.7001,121932.8477,3s2.3p5.(2P*<1/2>).4p,2[3/2],2,3s2.3p5.(2P*<3/2>).5d,2[1/2]*,1,5,3,,T1218n,,NIST
,685.1884,,6.7e+04,7.9e-04,D,107496.4166,122086.9164,3s2.3p5.(2P*<1/2>).4p,2[1/2],1,3s2.3p5.(2P*<3/2>).5d,2[3/2]*,2,3,5,,T1218n,,NIST
687.1289,687.1289,150,2.78e+06,1.97e-02,C,104102.0990,118651.3950,3s2.3p5.(2P*<3/2>).4p,2[1/2],1,3s2.3p5.(2P*<3/2>).4d,2[1/2]*,1,3,3,,T1218n,L2634,NIST
687.9582,687.9583,5,1.8e+05,2.1e-03,D+,106087.2598,120619.0162,3s2.3p5.(2P*<3/2>).4p,2[3/2],1,3s2.3p5.(2P*<1/2>).4d,2[5/2]*,2,3,5,,T1218n,L2634,NIST
,688.7088,,1.3e+05,1.3e-03,D+,106237.5518,120753.4714,3s2.3p5.(2P*<3/2>).4p,2[3/2],2,3s2.3p5.(2P*<1/2>).4d,2[5/2]*,3,5,7,,T1218n,,NIST
688.8174,688.8174,10,2.5e+05,3.0e-03,D+,106087.2598,120600.8905,3s2.3p5.(2P*<3/2>).4p,2[3/2],1,3s2.3p5.(2P*<1/2>).4d,2[3/2]*,2,3,5,,T1218n,L2634,NIST
,692.5009,,1.2e+05,8.6e-04,D+,107496.4166,121932.8477,3s2.3p5.(2P*<1/2>).4p,2[1/2],1,3s2.3p5.(2P*<3/2>).5d,2[1/2]*,1,3,3,,T1218n,,NIST
693.7664,693.7664,50,3.08e+06,7.41e-03,C,104102.0990,118512.197,3s2.3p5.(2P*<3/2>).4p,2[1/2],1,3s2.3p5.(2P*<3/2>).4d,2[1/2]*,0,3,1,,T1218n,L2634,NIST
695.1478,695.1477,7,2.2e+05,1.6e-03,D,106237.5518,120619.0162,3s2.3p5.(2P*<3/2>).4p,2[3/2],2,3s2.3p5.(2P*<1/2>).4d,2[5/2]*,2,5,5,,T1218n,L2634,NIST
696.0250,696.0250,7,2.4e+05,1.7e-03,D,106237.5518,120600.8905,3s2.3p5.(2P*<3/2>).4p,2[3/2],2,3s2.3p5.(2P*<1/2>).4d,2[3/2]*,2,5,5,,T1218n,L2634,NIST
696.5431,696.5430,10000,6.4e+06,2.79e-02,B+,93143.7600,107496.4166,3s2.3p5.(2P*<3/2>).4s,2[3/2]*,2,3s2.3p5.(2P*<1/2>).4p,2[1/2],1,5,3,,T5223,L2634,NIST
,699.2212,,7.5e+05,1.8e-03,D+,107496.4166,121794.0988,3s2.3p5.(2P*<1/2>).4p,2[1/2],1,3s2.3p5.(2P*<3/2>).5d,2[1/2]*,0,3,1,,T1218n,,NIST
703.0251,703.0251,150,2.67e+06,1.41e-02,C,105462.7596,119683.0821,3s2.3p5.(2P*<3/2>).4p,2[5/2],3,3s2.3p5.(2P*<3/2>).6s,2[3/2]*,2,7,5,,T1218n,L2634,NIST
706.7218,706.7217,10000,3.8e+06,2.85e-02,B,93143.7600,107289.7001,3s2.3p5.(2P*<3/2>).4s,2[3/2]*,2,3s2.3p5.(2P*<1/2>).4p,2[3/2],2,5,5,,T5223,L2634,NIST
706.8736,706.8735,100,2.0e+06,9.0e-03,D+,105617.2700,119760.1725,3s2.3p5.(2P*<3/2>).4p,2[5/2],2,3s2.3p5.(2P*<3/2>).6s,2[3/2]*,1,5,3,,T1218n,L2634,NIST
,708.6705,,1.5e+05,3.4e-03,D+,107054.2720,121161.3135,3s2.3p5.(2P*<3/2>).4p,2[1/2],0,3s2.3p5.(2P*<1/2>).6s,2[1/2]*,1,1,3,,T1218n,,NIST
710.7478,710.7477,25,4.5e+05,3.4e-03,D+,105617.2700,119683.0821,3s2.3p5.(2P*<3/2>).4p,2[5/2],2,3s2.3p5.(2P*<3/2>).6s,2[3/2]*,2,5,5,,T1218n,L2634,NIST
712.5820,712.5820,25,6.0e+05,4.6e-03,D+,107131.7086,121161.3135,3s2.3p5.(2P*<1/2>).4p,2[3/2],1,3s2.3p5.(2P*<1/2>).6s,2[1/2]*,1,3,3,,T1218n,L2634,NIST
714.7042,714.7041,1000,6.3e+05,2.87e-03,B,93143.7600,107131.7086,3s2.3p5.(2P*<3/2>).4s,2[3/2]*,2,3s2.3p5.(2P*<1/2>).4p,2[3/2],1,5,3,,T5223,L2634,NIST
715.8839,715.8839,15,2.1e+06,5.4e-03,D+,107131.7086,121096.605,3s2.3p5.(2P*<1/2>).4p,2[3/2],1,3s2.3p5.(2P*<1/2>).6s,2[1/2]*,0,3,1,,T1218n,L2634,NIST
,716.2557,,5.8e+04,1.3e-03,D,107054.2720,121011.9198,3s2.3p5.(2P*<3/2>).4p,2[1/2],0,3s2.3p5.(2P*<1/2>).4d,2[3/2]*,1,1,3,,T1218n,,NIST
720.6980,720.6980,70,2.48e+06,1.16e-02,C,107289.7001,121161.3135,3s2.3p5.(2P*<1/2>).4p,2[3/2],2,3s2.3p5.(2P*<1/2>).6s,2[1/2]*,1,5,3,,T1218n,L2634,NIST
,722.994,,6.6e+04,5.2e-04,D,105617.2700,119444.83,3s2.3p5.(2P*<3/2>).4p,2[5/2],2,3s2.3p5.(2P*<3/2>).4d,2[5/2]*,2,5,5,,T1218n,,NIST
726.5172,726.517,15,1.7e+05,1.3e-03,D,106087.2598,119847.77,3s2.3p5.(2P*<3/2>).4p,2[3/2],1,3s2.3p5.(2P*<3/2>).4d,2[3/2]*,1,3,3,,T1218n,L2634,NIST
727.0664,727.067,7,1.1e+05,8.7e-04,D,105462.7596,119212.87,3s2.3p5.(2P*<3/2>).4p,2[5/2],3,3s2.3p5.(2P*<3/2>).4d,2[7/2]*,3,7,7,,T1218n,L2634,NIST
727.2936,727.2935,2000,1.83e+06,1.45e-02,B+,93750.5978,107496.4166,3s2.3p5.(2P*<3/2>).4s,2[3/2]*,1,3s2.3p5.(2P*<1/2>).4p,2[1/2],1,3,3,,T5223,L2634,NIST
,728.5443,,1.2e+05,5.7e-04,D,107289.7001,121011.9198,3s2.3p5.(2P*<1/2>).4p,2[3/2],2,3s2.3p5.(2P*<1/2>).4d,2[3/2]*,1,5,3,,T1218n,,NIST
731.1716,731.1716,35,1.7e+06,1.4e-02,D+,106087.2598,119760.1725,3s2.3p5.(2P*<3/2>).4p,2[3/2],1,3s2.3p5.(2P*<3/2>).6s,2[3/2]*,1,3,3,,T1218n,L2634,NIST
731.6005,731.6005,25,9.6e+05,7.7e-03,D+,107496.4166,121161.3135,3s2.3p5.(2P*<1/2>).4p,2[1/2],1,3s2.3p5.(2P*<1/2>).6s,2[1/2]*,1,3,3,,T1218n,L2634,NIST
735.0814,735.0814,5,1.2e+06,3.2e-03,D+,107496.4166,121096.605,3s2.3p5.(2P*<1/2>).4p,2[1/2],1,3s2.3p5.(2P*<1/2>).6s,2[1/2]*,0,3,1,,T1218n,L2634,NIST
,735.3175,,2.1e+05,2.8e-03,E,106087.2598,119683.0821,3s2.3p5.(2P*<3/2>).4p,2[3/2],1,3s2.3p5.(2P*<3/2>).6s,2[3/2]*,2,3,5,,T1203,,NIST
735.3293,735.330,70,9.6e+05,1.1e-02,D+,105617.2700,119212.87,3s2.3p5.(2P*<3/2>).4p,2[5/2],2,3s2.3p5.(2P*<3/2>).4d,2[7/2]*,3,5,7,,T1218n,L2634,NIST
737.2118,737.2117,200,1.9e+06,2.0e-02,D+,105462.7596,119023.648,3s2.3p5.(2P*<3/2>).4p,2[5/2],3,3s2.3p5.(2P*<3/2>).4d,2[7/2]*,4,7,9,,T1218n,L2634,NIST
738.3980,738.3980,10000,8.5e+06,1.15e-01,B,93750.5978,107289.7001,3s2.3p5.(2P*<3/2>).4s,2[3/2]*,1,3s2.3p5.(2P*<1/2>).4p,2[3/2],2,3,5,,T5223,L2634,NIST
739.2980,739.2980,20,7.2e+05,3.5e-03,D+,106237.5518,119760.1725,3s2.3p5.(2P*<3/2>).4p,2[3/2],2,3s2.3p5.(2P*<3/2>).6s,2[3/2]*,1,5,3,,T1218n,L2634,NIST
741.2337,741.2337,15,3.9e+05,5.4e-03,D+,107131.7086,120619.0162,3s2.3p5.(2P*<1/2>).4p,2[3/2],1,3s2.3p5.(2P*<1/2>).4d,2[5/2]*,2,3,5,,T1218n,L2634,NIST
,742.2312,,6.6e+04,9.1e-04,D,107131.7086,120600.8905,3s2.3p5.(2P*<1/2>).4p,2[3/2],1,3s2.3p5.(2P*<1/2>).4d,2[3/2]*,2,3,5,,T1218n,,NIST
742.5294,742.5294,10,3.1e+05,3.6e-03,D,107289.7001,120753.4714,3s2.3p5.(2P*<1/2>).4p,2[3/2],2,3s2.3p5.(2P*<1/2>).4d,2[5/2]*,3,5,7,,T1218n,L2634,NIST
743.5368,743.5368,25,9.0e+05,7.5e-03,D+,106237.5518,119683.0821,3s2.3p5.(2P*<3/2>).4p,2[3/2],2,3s2.3p5.(2P*<3/2>).6s,2[3/2]*,2,5,5,,T1218n,L2634,NIST
743.6297,743.6297,10,2.7e+05,1.6e-03,D,105462.7596,118906.6110,3s2.3p5.(2P*<3/2>).4p,2[5/2],3,3s2.3p5.(2P*<3/2>).4d,2[3/2]*,2,7,5,,T1218n,L2634,NIST
,747.1164,,2.20e+04,1.84e-04,B,93750.5978,107131.7086,3s2.3p5.(2P*<3/2>).4s,2[3/2]*,1,3s2.3p5.(2P*<1/2>).4p,2[3/2],1,3,3,,T5223,,NIST
,748.433,,3.4e+05,4.8e-03,D+,106087.2598,119444.83,3s2.3p5.(2P*<3/2>).4p,2[3/2],1,3s2.3p5.(2P*<3/2>).4d,2[5/2]*,2,3,5,,T1218n,,NIST
750.3869,750.3868,20000,4.5e+07,1.25e-01,B,95399.8276,108722.6194,3s2.3p5.(2P*<1/2>).4s,2[1/2]*,1,3s2.3p5.(2P*<1/2>).4p,2[1/2],0,3,1,,T5223,L2634,NIST
,751.0408,,4.5e+05,3.8e-03,D,107289.7001,120600.8905,3s2.3p5.(2P*<1/2>).4p,2[3/2],2,3s2.3p5.(2P*<1/2>).4d,2[3/2]*,2,5,5,,T1164n,,NIST
751.4652,751.4651,15000,4.0e+07,1.14e-01,B,93750.5978,107054.2720,3s2.3p5.(2P*<3/2>).4s,2[3/2]*,1,3s2.3p5.(2P*<3/2>).4p,2[1/2],0,3,1,,T5223,L2634,NIST
,761.8344,,2.9e+05,4.2e-03,D,107496.4166,120619.0162,3s2.3p5.(2P*<1/2>).4p,2[1/2],1,3s2.3p5.(2P*<1/2>).4d,2[5/2]*,2,3,5,,T1218n,,NIST
,762.8882,,2.9e+05,4.2e-03,D,107496.4166,120600.8905,3s2.3p5.(2P*<1/2>).4p,2[1/2],1,3s2.3p5.(2P*<1/2>).4d,2[3/2]*,2,3,5,,T1218n,,NIST
763.5106,763.5105,25000,2.45e+07,2.14e-01,B,93143.7600,106237.5518,3s2.3p5.(2P*<3/2>).4s,2[3/2]*,2,3s2.3p5.(2P*<3/2>).4p,2[3/2],2,5,5,,T5223,L2634,NIST
,767.0057,,2.8e+05,1.5e-03,D,105617.2700,118651.3950,3s2.3p5.(2P*<3/2>).4p,2[5/2],2,3s2.3p5.(2P*<3/2>).4d,2[1/2]*,1,5,3,,T1218n,,NIST
,770.482,,6.3e+04,7.9e-04,D,106237.5518,119212.87,3s2.3p5.(2P*<3/2>).4p,2[3/2],2,3s2.3p5.(2P*<3/2>).4d,2[7/2]*,3,5,7,,T1218n,,NIST
772.3761,772.3760,15000,5.2e+06,2.78e-02,B+,93143.7600,106087.2598,3s2.3p5.(2P*<3/2>).4s,2[3/2]*,2,3s2.3p5.(2P*<3/2>).4p,2[3/2],1,5,3,,T5223,L2634,NIST
772.4207,772.4207,10000,1.17e+07,3.14e-01,B+,94553.6652,107496.4166,3s2.3p5.(2P*<1/2>).4s,2[1/2]*,0,3s2.3p5.(2P*<1/2>).4p,2[1/2],1,1,3,,T5223,L2634,NIST
,779.8561,,8.7e+04,1.3e-03,D+,106087.2598,118906.6110,3s2.3p5.(2P*<3/2>).4p,2[3/2],1,3s2.3p5.(2P*<3/2>).4d,2[3/2]*,2,3,5,,T1218n,,NIST
,786.8194,,3.50e+05,9.75e-03,C,107054.2720,119760.1725,3s2.3p5.(2P*<3/2>).4p,2[1/2],0,3s2.3p5.(2P*<3/2>).6s,2[3/2]*,1,1,3,,T1218n,,NIST
789.1075,789.1075,10,9.5e+05,8.9e-03,C,106237.5518,118906.6110,3s2.3p5.(2P*<3/2>).4p,2[3/2],2,3s2.3p5.(2P*<3/2>).4d,2[3/2]*,2,5,5,,T1218n,L2634,NIST
,791.6442,,1.2e+05,1.1e-03,D+,107131.7086,119760.1725,3s2.3p5.(2P*<1/2>).4p,2[3/2],1,3s2.3p5.(2P*<3/2>).6s,2[3/2]*,1,3,3,,T1218n,,NIST
794.8176,794.8176,20000,1.86e+07,5.3e-01,B,94553.6652,107131.7086,3s2.3p5.(2P*<1/2>).4s,2[1/2]*,0,3s2.3p5.(2P*<1/2>).4p,2[3/2],1,1,3,,T5223,L2634,NIST
,796.5065,,3.4e+04,5.4e-04,E,107131.7086,119683.0821,3s2.3p5.(2P*<1/2>).4p,2[3/2],1,3s2.3p5.(2P*<3/2>).6s,2[3/2]*,2,3,5,,T1203,,NIST
800.6157,800.6156,20000,4.9e+06,7.9e-02,C+,93750.5978,106237.5518,3s2.3p5.(2P*<3/2>).4s,2[3/2]*,1,3s2.3p5.(2P*<3/2>).4p,2[3/2],2,3,5,,T5223,L2634,NIST
801.4786,801.4785,25000,9.3e+06,8.9e-02,B,93143.7600,105617.2700,3s2.3p5.(2P*<3/2>).4s,2[3/2]*,2,3s2.3p5.(2P*<3/2>).4p,2[5/2],2,5,5,,T5223,L2634,NIST
,801.6738,,4.2e+03,2.4e-05,E,107289.7001,119760.1725,3s2.3p5.(2P*<1/2>).4p,2[3/2],2,3s2.3p5.(2P*<3/2>).6s,2[3/2]*,1,5,3,,T1203,,NIST
,803.7219,,3.59e+05,1.04e-02,C,108722.6194,121161.3135,3s2.3p5.(2P*<1/2>).4p,2[1/2],0,3s2.3p5.(2P*<1/2>).6s,2[1/2]*,1,1,3,,T1218n,,NIST
,804.6118,,1.12e+06,3.63e-03,C,106087.2598,118512.197,3s2.3p5.(2P*<3/2>).4p,2[3/2],1,3s2.3p5.(2P*<3/2>).4d,2[1/2]*,0,3,1,,T1218n,,NIST
805.3308,805.3308,7,8.6e+05,5.0e-03,C,106237.5518,118651.3950,3s2.3p5.(2P*<3/2>).4p,2[3/2],2,3s2.3p5.(2P*<3/2>).4d,2[1/2]*,1,5,3,,T1218n,L2634,NIST
,806.6604,,1.4e+05,1.4e-03,D+,107289.7001,119683.0821,3s2.3p5.(2P*<1/2>).4p,2[3/2],2,3s2.3p5.(2P*<3/2>).6s,2[3/2]*,2,5,5,,T1218n,,NIST
810.3693,810.3692,20000,2.50e+07,2.46e-01,B+,93750.5978,106087.2598,3s2.3p5.(2P*<3/2>).4s,2[3/2]*,1,3s2.3p5.(2P*<3/2>).4p,2[3/2],1,3,3,,T5223,L2634,NIST
811.5311,811.5311,35000,3.3e+07,4.6e-01,B,93143.7600,105462.7596,3s2.3p5.(2P*<3/2>).4s,2[3/2]*,2,3s2.3p5.(2P*<3/2>).4p,2[5/2],3,5,7,,T5223,L2634,NIST
,815.1868,,3.3e+04,3.3e-04,E,107496.4166,119760.1725,3s2.3p5.(2P*<1/2>).4p,2[1/2],1,3s2.3p5.(2P*<3/2>).6s,2[3/2]*,1,3,3,,T1203,,NIST
,820.3435,,1.6e+05,2.7e-03,E,107496.4166,119683.0821,3s2.3p5.(2P*<1/2>).4p,2[1/2],1,3s2.3p5.(2P*<3/2>).6s,2[3/2]*,2,3,5,,T1203,,NIST
826.4522,826.4521,10000,1.53e+07,1.57e-01,B+,95399.8276,107496.4166,3s2.3p5.(2P*<1/2>).4s,2[1/2]*,1,3s2.3p5.(2P*<1/2>).4p,2[1/2],1,3,3,,T5223,L2634,NIST
,838.473,,2.4e+05,3.5e-03,D,107289.7001,119212.87,3s2.3p5.(2P*<1/2>).4p,2[3/2],2,3s2.3p5.(2P*<3/2>).4d,2[7/2]*,3,5,7,,T1218n,,NIST
840.8210,840.8209,15000,2.23e+07,3.94e-01,B+,95399.8276,107289.7001,3s2.3p5.(2P*<1/2>).4s,2[1/2]*,1,3s2.3p5.(2P*<1/2>).4p,2[3/2],2,3,5,,T5223,L2634,NIST
842.4648,842.4647,20000,2.15e+07,3.81e-01,B+,93750.5978,105617.2700,3s2.3p5.(2P*<3/2>).4s,2[3/2]*,1,3s2.3p5.(2P*<3/2>).4p,2[5/2],2,3,5,,T5223,L2634,NIST
,849.0307,,9.6e+04,1.7e-03,D,107131.7086,118906.6110,3s2.3p5.(2P*<1/2>).4p,2[3/2],1,3s2.3p5.(2P*<3/2>).4d,2[3/2]*,2,3,5,,T1218n,,NIST
852.1442,852.1441,15000,1.39e+07,1.51e-01,B,95399.8276,107131.7086,3s2.3p5.(2P*<1/2>).4s,2[1/2]*,1,3s2.3p5.(2P*<1/2>).4p,2[3/2],1,3,3,,T5223,L2634,NIST
860.5776,860.5776,7,1.04e+06,1.16e-02,C,107289.7001,118906.6110,3s2.3p5.(2P*<1/2>).4p,2[3/2],2,3s2.3p5.(2P*<3/2>).4d,2[3/2]*,2,5,5,,T1218n,L2634,NIST
,862.0460,,9.2e+05,3.1e-02,C,107054.2720,118651.3950,3s2.3p5.(2P*<3/2>).4p,2[1/2],0,3s2.3p5.(2P*<3/2>).4d,2[1/2]*,1,1,3,,T1218n,,NIST
866.7944,866.7943,4500,2.43e+06,8.2e-02,B,94553.6652,106087.2598,3s2.3p5.(2P*<1/2>).4s,2[1/2]*,0,3s2.3p5.(2P*<3/2>).4p,2[3/2],1,1,3,,T5223,L2634,NIST
,876.1686,,9.5e+05,1.8e-02,D+,107496.4166,118906.6110,3s2.3p5.(2P*<1/2>).4p,2[1/2],1,3s2.3p5.(2P*<3/2>).4d,2[3/2]*,2,3,5,,T1218n,,NIST
,878.4557,,2.4e+05,9.3e-04,D,107131.7086,118512.197,3s2.3p5.(2P*<1/2>).4p,2[3/2],1,3s2.3p5.(2P*<3/2>).4d,2[1/2]*,0,3,1,,T1218n,,NIST
,879.9087,,4.6e+05,3.2e-03,D+,107289.7001,118651.3950,3s2.3p5.(2P*<1/2>).4p,2[3/2],2,3s2.3p5.(2P*<3/2>).4d,2[1/2]*,1,5,3,,T1218n,,NIST
,896.2147,,1.6e+05,1.9e-03,D+,107496.4166,118651.3950,3s2.3p5.(2P*<1/2>).4p,2[1/2],1,3s2.3p5.(2P*<3/2>).4d,2[1/2]*,1,3,3,,T1218n,,NIST
,905.7493,,9.7e+04,3.6e-03,E,108722.6194,119760.1725,3s2.3p5.(2P*<1/2>).4p,2[1/2],0,3s2.3p5.(2P*<3/2>).6s,2[3/2]*,1,1,3,,T1203,,NIST
907.5394,907.5395,20,1.2e+06,4.9e-03,D,107496.4166,118512.197,3s2.3p5.(2P*<1/2>).4p,2[1/2],1,3s2.3p5.(2P*<3/2>).4d,2[1/2]*,0,3,1,,T1218n,L2634,NIST
912.2967,912.2967,35000,1.89e+07,1.42e-01,B,93143.7600,104102.0990,3s2.3p5.(2P*<3/2>).4s,2[3/2]*,2,3s2.3p5.(2P*<3/2>).4p,2[1/2],1,5,3,,T5223,L2634,NIST
919.4638,919.4638,550,1.76e+06,2.23e-02,C,104102.0990,114975.019,3s2.3p5.(2P*<3/2>).4p,2[1/2],1,3s2.3p5.(2P*<1/2>).5s,2[1/2]*,1,3,3,,T1618n,L2634,NIST
922.4499,922.4498,15000,5.0e+06,1.07e-01,B,95399.8276,106237.5518,3s2.3p5.(2P*<1/2>).4s,2[1/2]*,1,3s2.3p5.(2P*<3/2>).4p,2[3/2],2,3,5,,T5223,L2634,NIST
929.1531,929.1532,400,3.26e+06,1.41e-02,C,104102.0990,114861.635,3s2.3p5.(2P*<3/2>).4p,2[1/2],1,3s2.3p5.(2P*<1/2>).5s,2[1/2]*,0,3,1,,T1618n,L2634,NIST
935.4220,935.4218,1600,1.06e+06,1.39e-02,B,95399.8276,106087.2598,3s2.3p5.(2P*<1/2>).4s,2[1/2]*,1,3s2.3p5.(2P*<3/2>).4p,2[3/2],1,3,3,,T5223,L2634,NIST
965.7786,965.7786,25000,5.4e+06,7.6e-02,B,93750.5978,104102.0990,3s2.3p5.(2P*<3/2>).4s,2[3/2]*,1,3s2.3p5.(2P*<3/2>).4p,2[1/2],1,3,3,,T5223,L2634,NIST
978.4503,978.4502,4500,1.47e+06,3.5e-02,B,95399.8276,105617.2700,3s2.3p5.(2P*<1/2>).4s,2[1/2]*,1,3s2.3p5.(2P*<3/2>).4p,2[5/2],2,3,5,,T5223,L2634,NIST
1047.0054,1047.0053,1600,9.8e+05,4.8e-02,C+,94553.6652,104102.0990,3s2.3p5.(2P*<1/2>).4s,2[1/2]*,0,3s2.3p5.(2P*<3/2>).4p,2[1/2],1,1,3,,T5223,L2634,NIST
1047.8034,1047.8034,13,2.44e+06,4.02e-02,C,104102.0990,113643.260,3s2.3p5.(2P*<3/2>).4p,2[1/2],1,3s2.3p5.(2P*<3/2>).5s,2[3/2]*,1,3,3,,T1618n,L2634,NIST
,1050.6118,,1.58e+06,2.62e-02,C,112138.924,121654.580,3s2.3p5.(2P*<3/2>).3d,2[3/2]*,2,3s2.3p5.(2P*<1/2>).4f,2[5/2],2,5,5,,T1618n,,NIST
1050.650,1050.6500,180,1.58e+06,3.66e-02,C,112138.924,121654.234,3s2.3p5.(2P*<3/2>).3d,2[3/2]*,2,3s2.3p5.(2P*<1/2>).4f,2[5/2],3,5,7,,T1618n,L2131,NIST
1067.3565,1067.3566,200,4.9e+06,1.4e-01,D,104102.0990,113468.473,3s2.3p5.(2P*<3/2>).4p,2[1/2],1,3s2.3p5.(2P*<3/2>).5s,2[3/2]*,2,3,5,,T1372,L2634,NIST
,1068.3404,,2.1e+05,2.2e-03,E,105617.2700,114975.019,3s2.3p5.(2P*<3/2>).4p,2[5/2],2,3s2.3p5.(2P*<1/2>).5s,2[1/2]*,1,5,3,,T1372,,NIST
,1095.0726,,3.96e+05,4.27e-03,C,106237.5518,115366.866,3s2.3p5.(2P*<3/2>).4p,2[3/2],2,3s2.3p5.(2P*<1/2>).3d,2[3/2]*,1,5,3,,T1618n,,NIST
1107.8869,1107.8868,11,8.3e+05,1.5e-02,C,105617.2700,114640.992,3s2.3p5.(2P*<3/2>).4p,2[5/2],2,3s2.3p5.(2P*<1/2>).3d,2[5/2]*,2,5,5,,T1618n,L2634,NIST
,1124.8350,,2.8e+05,5.3e-03,E,106087.2598,114975.019,3s2.3p5.(2P*<3/2>).4p,2[3/2],1,3s2.3p5.(2P*<1/2>).5s,2[1/2]*,1,3,3,,T1372,,NIST
,1139.3703,,2.22e+06,1.44e-02,C,106087.2598,114861.635,3s2.3p5.(2P*<3/2>).4p,2[3/2],1,3s2.3p5.(2P*<1/2>).5s,2[1/2]*,0,3,1,,T1618n,,NIST
1144.1832,1144.1832,12,1.39e+06,1.64e-02,C,106237.5518,114975.019,3s2.3p5.(2P*<3/2>).4p,2[3/2],2,3s2.3p5.(2P*<1/2>).5s,2[1/2]*,1,5,3,,T1618n,L2634,NIST
,1146.7545,,3.69e+05,1.21e-02,C,106087.2598,114805.135,3s2.3p5.(2P*<3/2>).4p,2[3/2],1,3s2.3p5.(2P*<1/2>).3d,2[3/2]*,2,3,5,,T1618n,,NIST
1148.8109,1148.8108,400,1.9e+05,3.8e-03,C,95399.8276,104102.0990,3s2.3p5.(2P*<1/2>).4s,2[1/2]*,1,3s2.3p5.(2P*<3/2>).4p,2[1/2],1,3,3,,T1242n,L2634,NIST
,1158.0389,,3.46e+05,8.95e-03,C,113020.355,121653.280,3s2.3p5.(2P*<3/2>).3d,2[7/2]*,3,3s2.3p5.(2P*<1/2>).4f,2[7/2],4,7,9,,T1618n,,NIST
,1158.0446,,3.46e+05,6.96e-03,C,113020.355,121653.238,3s2.3p5.(2P*<3/2>).3d,2[7/2]*,3,3s2.3p5.(2P*<1/2>).4f,2[7/2],3,7,7,,T1618n,,NIST
1166.8710,1166.8709,200,3.76e+06,7.68e-02,C,106237.5518,114805.135,3s2.3p5.(2P*<3/2>).4p,2[3/2],2,3s2.3p5.(2P*<1/2>).3d,2[3/2]*,2,5,5,,T1618n,L2634,NIST
1171.9488,1171.9487,12,9.52e+05,1.18e-02,C,105617.2700,114147.732,3s2.3p5.(2P*<3/2>).4p,2[5/2],2,3s2.3p5.(2P*<3/2>).3d,2[3/2]*,1,5,3,,T1618n,L2634,NIST
,1173.3236,,6.7e+05,4.2e-02,C,111667.766,120188.232,3s2.3p5.(2P*<3/2>).3d,2[1/2]*,0,3s2.3p5.(2P*<3/2>).4f,2[3/2],1,1,3,,T1618n,,NIST
,1194.3302,,4.6e+06,1.6e-01,D+,111818.028,120188.631,3s2.3p5.(2P*<3/2>).3d,2[1/2]*,1,3s2.3p5.(2P*<3/2>).4f,2[3/2],2,3,5,,T1618n,,NIST
,1194.3871,,4.6e+06,9.8e-02,D+,111818.028,120188.232,3s2.3p5.(2P*<3/2>).3d,2[1/2]*,1,3s2.3p5.(2P*<3/2>).4f,2[3/2],1,3,3,,T1618n,,NIST
,1202.6648,,4.2e+05,2.7e-02,D,107054.2720,115366.866,3s2.3p5.(2P*<3/2>).4p,2[1/2],0,3s2.3p5.(2P*<1/2>).3d,2[3/2]*,1,1,3,,T1618n,,NIST
1211.2326,1211.2324,200,3.1e+06,6.8e-02,D,105462.7596,113716.555,3s2.3p5.(2P*<3/2>).4p,2[5/2],3,3s2.3p5.(2P*<3/2>).3d,2[5/2]*,3,7,7,,T1618n,L2634,NIST
1213.9738,1213.9737,50,4.5e+06,9.9e-02,D,107131.7086,115366.866,3s2.3p5.(2P*<1/2>).4p,2[3/2],1,3s2.3p5.(2P*<1/2>).3d,2[3/2]*,1,3,3,,T1618n,L2634,NIST
1234.3393,1234.3392,50,2.0e+06,6.4e-02,D,105617.2700,113716.555,3s2.3p5.(2P*<3/2>).4p,2[5/2],2,3s2.3p5.(2P*<3/2>).3d,2[5/2]*,3,5,7,,T1618n,L2634,NIST
,1235.5819,,3.5e+06,8.0e-02,D,112138.924,120230.063,3s2.3p5.(2P*<3/2>).3d,2[3/2]*,2,3s2.3p5.(2P*<3/2>).4f,2[5/2],2,5,5,,T1618n,,NIST
,1235.6297,,3.5e+06,1.1e-01,D,112138.924,120229.750,3s2.3p5.(2P*<3/2>).3d,2[3/2]*,2,3s2.3p5.(2P*<3/2>).4f,2[5/2],3,5,7,,T1618n,,NIST
1240.2827,1240.2828,200,1.1e+07,2.5e-01,D,106087.2598,114147.732,3s2.3p5.(2P*<3/2>).4p,2[3/2],1,3s2.3p5.(2P*<3/2>).3d,2[3/2]*,1,3,3,,T1618n,L2634,NIST
1243.9321,1243.9321,200,4.9e+06,1.9e-01,D,104102.0990,112138.924,3s2.3p5.(2P*<3/2>).4p,2[1/2],1,3s2.3p5.(2P*<3/2>).3d,2[3/2]*,2,3,5,,T1618n,L2634,NIST
1245.612,1245.6114,100,8.9e+06,1.2e-01,D,105617.2700,113643.260,3s2.3p5.(2P*<3/2>).4p,2[5/2],2,3s2.3p5.(2P*<3/2>).5s,2[3/2]*,1,5,3,,T1618n,L2634,NIST
1248.7663,1248.7663,200,1.1e+07,1.8e-01,D,105462.7596,113468.473,3s2.3p5.(2P*<3/2>).4p,2[5/2],3,3s2.3p5.(2P*<3/2>).5s,2[3/2]*,2,7,5,,T1618n,L2634,NIST
,1255.4324,,1.2e+05,2.0e-03,D,105462.7596,113425.964,3s2.3p5.(2P*<3/2>).4p,2[5/2],3,3s2.3p5.(2P*<3/2>).3d,2[5/2]*,2,7,5,,T1618n,,NIST
,1262.1619,,3.8e+05,2.7e-02,E,107054.2720,114975.019,3s2.3p5.(2P*<3/2>).4p,2[1/2],0,3s2.3p5.(2P*<1/2>).5s,2[1/2]*,1,1,3,,T1372,,NIST
1270.2281,1270.2280,150,7.1e+06,1.7e-01,D,107496.4166,115366.866,3s2.3p5.(2P*<1/2>).4p,2[1/2],1,3s2.3p5.(2P*<1/2>).3d,2[3/2]*,1,3,3,,T1618n,L2634,NIST
1273.3418,1273.3418,30,1.1e+06,2.7e-02,D,105617.2700,113468.473,3s2.3p5.(2P*<3/2>).4p,2[5/2],2,3s2.3p5.(2P*<3/2>).5s,2[3/2]*,2,5,5,,T1618n,L2634,NIST
1274.6232,1274.6232,12,2.0e+06,4.9e-02,D,107131.7086,114975.019,3s2.3p5.(2P*<1/2>).4p,2[3/2],1,3s2.3p5.(2P*<1/2>).5s,2[1/2]*,1,3,3,,T1618n,L2634,NIST
1280.2739,1280.2737,200,5.7e+06,1.4e-01,D,105617.2700,113425.964,3s2.3p5.(2P*<3/2>).4p,2[5/2],2,3s2.3p5.(2P*<3/2>).3d,2[5/2]*,2,5,5,,T1618n,L2634,NIST
1293.3195,1293.3196,50,1.0e+07,8.4e-02,D,107131.7086,114861.635,3s2.3p5.(2P*<1/2>).4p,2[3/2],1,3s2.3p5.(2P*<1/2>).5s,2[1/2]*,0,3,1,,T1618n,L2634,NIST
1295.6659,1295.6658,500,7.4e+06,1.9e-01,D,104102.0990,111818.028,3s2.3p5.(2P*<3/2>).4p,2[1/2],1,3s2.3p5.(2P*<3/2>).3d,2[1/2]*,1,3,3,,T1618n,L2634,NIST
1300.8264,1300.8264,200,8.9e+06,1.4e-01,D,107289.7001,114975.019,3s2.3p5.(2P*<1/2>).4p,2[3/2],2,3s2.3p5.(2P*<1/2>).5s,2[1/2]*,1,5,3,,T1618n,L2634,NIST
1321.399,1321.3991,200,8.1e+06,7.1e-02,D,104102.0990,111667.766,3s2.3p5.(2P*<3/2>).4p,2[1/2],1,3s2.3p5.(2P*<3/2>).3d,2[1/2]*,0,3,1,,T1618n,L2634,NIST
1323.090,1323.0897,100,4.6e+06,1.2e-01,D,106087.2598,113643.260,3s2.3p5.(2P*<3/2>).4p,2[3/2],1,3s2.3p5.(2P*<3/2>).5s,2[3/2]*,1,3,3,,T1372,L2634,NIST
1327.264,1327.2635,500,1.5e+07,5.5e-01,D,107289.7001,114821.939,3s2.3p5.(2P*<1/2>).4p,2[3/2],2,3s2.3p5.(2P*<1/2>).3d,2[5/2]*,3,5,7,,T1618n,L2634,NIST
1331.3210,1331.3209,1000,1.3e+07,5.8e-01,D,107131.7086,114640.992,3s2.3p5.(2P*<1/2>).4p,2[3/2],1,3s2.3p5.(2P*<1/2>).3d,2[5/2]*,2,3,5,,T1618n,L2634,NIST
,1336.7827,,3.4e+06,9.1e-02,D,107496.4166,114975.019,3s2.3p5.(2P*<1/2>).4p,2[1/2],1,3s2.3p5.(2P*<1/2>).5s,2[1/2]*,1,3,3,,T1372,,NIST
,1340.6513,,6.5e+06,1.8e-01,D,112750.153,120207.175,3s2.3p5.(2P*<3/2>).3d,2[7/2]*,4,3s2.3p5.(2P*<3/2>).4f,2[9/2],4,9,9,,T1618n,,NIST
,1340.6587,,6.5e+06,2.1e-01,D,112750.153,120207.134,3s2.3p5.(2P*<3/2>).3d,2[7/2]*,4,3s2.3p5.(2P*<3/2>).4f,2[9/2],5,9,11,,T1618n,,NIST
1349.941,1349.9406,30,2.7e+06,4.4e-02,D,106237.5518,113643.260,3s2.3p5.(2P*<3/2>).4p,2[3/2],2,3s2.3p5.(2P*<3/2>).5s,2[3/2]*,1,5,3,,T1372,L2634,NIST
1350.4191,1350.4189,1000,1.1e+07,4.2e-01,D,105617.2700,113020.355,3s2.3p5.(2P*<3/2>).4p,2[5/2],2,3s2.3p5.(2P*<3/2>).3d,2[7/2]*,3,5,7,,T1618n,L2634,NIST
,1354.4205,,4.6e+05,2.1e-02,E,106087.2598,113468.473,3s2.3p5.(2P*<3/2>).4p,2[3/2],1,3s2.3p5.(2P*<3/2>).5s,2[3/2]*,2,3,5,,T1372,,NIST
1357.3617,1357.3618,11,5.1e+06,4.7e-02,D,107496.4166,114861.635,3s2.3p5.(2P*<1/2>).4p,2[1/2],1,3s2.3p5.(2P*<1/2>).5s,2[1/2]*,0,3,1,,T1372,L2634,NIST
1359.9333,1359.9333,30,2.2e+06,6.1e-02,D,107289.7001,114640.992,3s2.3p5.(2P*<1/2>).4p,2[3/2],2,3s2.3p5.(2P*<1/2>).3d,2[5/2]*,2,5,5,,T1618n,L2634,NIST
1362.2659,1362.2659,400,7.3e+06,3.4e-01,D,106087.2598,113425.964,3s2.3p5.(2P*<3/2>).4p,2[3/2],1,3s2.3p5.(2P*<3/2>).3d,2[5/2]*,2,3,5,,T1618n,L2634,NIST
1367.8550,1367.8549,200,6.2e+06,2.9e-01,D,107496.4166,114805.135,3s2.3p5.(2P*<1/2>).4p,2[1/2],1,3s2.3p5.(2P*<1/2>).3d,2[3/2]*,2,3,5,,T1618n,L2634,NIST
1382.5715,1382.5716,10,3.3e+06,9.5e-02,D,106237.5518,113468.473,3s2.3p5.(2P*<3/2>).4p,2[3/2],2,3s2.3p5.(2P*<3/2>).5s,2[3/2]*,2,5,5,,T1372,L2634,NIST
1409.3640,1409.3640,200,4.3e+06,3.8e-01,D,107054.2720,114147.732,3s2.3p5.(2P*<3/2>).4p,2[1/2],0,3s2.3p5.(2P*<3/2>).3d,2[3/2]*,1,1,3,,T1618n,L2634,NIST
,1459.5734,,5.3e+06,1.7e-01,D,114805.135,121654.580,3s2.3p5.(2P*<1/2>).3d,2[3/2]*,2,3s2.3p5.(2P*<1/2>).4f,2[5/2],2,5,5,,T1618n,,NIST
,1459.6471,,5.3e+06,2.4e-01,D,114805.135,121654.234,3s2.3p5.(2P*<1/2>).3d,2[3/2]*,2,3s2.3p5.(2P*<1/2>).4f,2[5/2],3,5,7,,T1618n,,NIST
,1463.4414,,9.0e+06,3.7e-01,D,114821.939,121653.280,3s2.3p5.(2P*<1/2>).3d,2[5/2]*,3,3s2.3p5.(2P*<1/2>).4f,2[7/2],4,7,9,,T1618n,,NIST
,1463.4504,,9.0e+06,2.9e-01,D,114821.939,121653.238,3s2.3p5.(2P*<1/2>).3d,2[5/2]*,3,3s2.3p5.(2P*<1/2>).4f,2[7/2],3,7,7,,T1618n,,NIST
,1473.9139,,8.8e+04,4.0e-03,D,106237.5518,113020.355,3s2.3p5.(2P*<3/2>).4p,2[3/2],2,3s2.3p5.(2P*<3/2>).3d,2[7/2]*,3,5,7,,T1618n,,NIST
,1478.5380,,2.1e+05,6.9e-03,D,113468.473,120230.063,3s2.3p5.(2P*<3/2>).5s,2[3/2]*,2,3s2.3p5.(2P*<3/2>).4f,2[5/2],2,5,5,,T1618n,,NIST
,1478.6064,,2.1e+05,9.6e-03,D,113468.473,120229.750,3s2.3p5.(2P*<3/2>).5s,2[3/2]*,2,3s2.3p5.(2P*<3/2>).4f,2[5/2],3,5,7,,T1618n,,NIST
,1487.6537,,6.0e+04,2.0e-03,D,113468.473,120188.631,3s2.3p5.(2P*<3/2>).5s,2[3/2]*,2,3s2.3p5.(2P*<3/2>).4f,2[3/2],2,5,5,,T1618n,,NIST
,1487.7420,,6.0e+04,1.2e-03,D,113468.473,120188.232,3s2.3p5.(2P*<3/2>).5s,2[3/2]*,2,3s2.3p5.(2P*<3/2>).4f,2[3/2],1,5,3,,T1618n,,NIST
1504.650,1504.6503,100,5.2e+06,5.3e-01,D,108722.6194,115366.866,3s2.3p5.(2P*<1/2>).4p,2[1/2],0,3s2.3p5.(2P*<1/2>).3d,2[3/2]*,1,1,3,,T1618n,L2634,NIST
1517.269,1517.2691,25,1.3e+06,1.3e-01,D,107054.2720,113643.260,3s2.3p5.(2P*<3/2>).4p,2[1/2],0,3s2.3p5.(2P*<3/2>).5s,2[3/2]*,1,1,3,,T1618n,L2634,NIST
,1530.1881,,5.4e+06,2.4e-01,D,113716.555,120249.914,3s2.3p5.(2P*<3/2>).3d,2[5/2]*,3,3s2.3p5.(2P*<3/2>).4f,2[7/2],4,7,9,,T1618n,,NIST
,1530.1970,,5.4e+06,1.9e-01,D,113716.555,120249.876,3s2.3p5.(2P*<3/2>).3d,2[5/2]*,3,3s2.3p5.(2P*<3/2>).4f,2[7/2],3,7,7,,T1618n,,NIST
1532.934,1532.9345,10,1.2e+05,4.2e-03,E,105617.2700,112138.924,3s2.3p5.(2P*<3/2>).4p,2[5/2],2,3s2.3p5.(2P*<3/2>).3d,2[3/2]*,2,5,5,,T1618n,L2634,NIST
,1535.3128,,4.5e+05,1.6e-02,E,107131.7086,113643.260,3s2.3p5.(2P*<1/2>).4p,2[3/2],1,3s2.3p5.(2P*<3/2>).5s,2[3/2]*,1,3,3,,T1372,,NIST
,1540.2640,,1.4e+06,6.4e-02,D,113716.555,120207.175,3s2.3p5.(2P*<3/2>).3d,2[5/2]*,3,3s2.3p5.(2P*<3/2>).4f,2[9/2],4,7,9,,T1618n,,NIST
,1555.5460,,9.8e+03,5.0e-04,D,107289.7001,113716.555,3s2.3p5.(2P*<1/2>).4p,2[3/2],2,3s2.3p5.(2P*<3/2>).3d,2[5/2]*,3,5,7,,T1618n,,NIST
,1573.4909,,2.9e+04,6.5e-04,D,107289.7001,113643.260,3s2.3p5.(2P*<1/2>).4p,2[3/2],2,3s2.3p5.(2P*<3/2>).5s,2[3/2]*,1,5,3,,T1618n,,NIST
,1577.6614,,5.9e+04,3.7e-03,E,107131.7086,113468.473,3s2.3p5.(2P*<1/2>).4p,2[3/2],1,3s2.3p5.(2P*<3/2>).5s,2[3/2]*,2,3,5,,T1372,,NIST
,1581.6777,,8.7e+04,2.0e-03,E,112138.924,118459.5975,3s2.3p5.(2P*<3/2>).3d,2[3/2]*,2,3s2.3p5.(2P*<1/2>).5p,2[1/2],1,5,3,,T1618n,,NIST
,1589.9687,,7.7e+06,4.9e-01,D,115366.866,121654.580,3s2.3p5.(2P*<1/2>).3d,2[3/2]*,1,3s2.3p5.(2P*<1/2>).4f,2[5/2],2,3,5,,T1618n,,NIST
1598.949,1598.9491,30,1.9e+06,2.2e-01,D,108722.6194,114975.019,3s2.3p5.(2P*<1/2>).4p,2[1/2],0,3s2.3p5.(2P*<1/2>).5s,2[1/2]*,1,1,3,,T1618n,L2634,NIST
,1612.2656,,3.9e+04,9.1e-04,D,105617.2700,111818.028,3s2.3p5.(2P*<3/2>).4p,2[5/2],2,3s2.3p5.(2P*<3/2>).3d,2[1/2]*,1,5,3,,T1618n,,NIST
,1618.0023,,1.2e+05,4.7e-03,D,107289.7001,113468.473,3s2.3p5.(2P*<1/2>).4p,2[3/2],2,3s2.3p5.(2P*<3/2>).5s,2[3/2]*,2,5,5,,T1618n,,NIST
,1626.4070,,3.0e+04,1.2e-03,D,107496.4166,113643.260,3s2.3p5.(2P*<1/2>).4p,2[1/2],1,3s2.3p5.(2P*<3/2>).5s,2[3/2]*,1,3,3,,T1618n,,NIST
,1643.6575,,5.9e+06,4.0e-01,D,114147.732,120230.063,3s2.3p5.(2P*<3/2>).3d,2[3/2]*,1,3s2.3p5.(2P*<3/2>).4f,2[5/2],2,3,5,,T1618n,,NIST
1651.986,1651.9867,30,2.6e+05,1.8e-02,D,106087.2598,112138.924,3s2.3p5.(2P*<3/2>).4p,2[3/2],1,3s2.3p5.(2P*<3/2>).3d,2[3/2]*,2,3,5,,T1618n,L2634,NIST
,1654.9307,,1.6e+06,1.1e-01,D,114147.732,120188.631,3s2.3p5.(2P*<3/2>).3d,2[3/2]*,1,3s2.3p5.(2P*<3/2>).4f,2[3/2],2,3,5,,T1618n,,NIST
,1655.0400,,1.6e+06,6.6e-02,D,114147.732,120188.232,3s2.3p5.(2P*<3/2>).3d,2[3/2]*,1,3s2.3p5.(2P*<3/2>).4f,2[3/2],1,3,3,,T1618n,,NIST
,1674.0078,,3.1e+05,2.2e-02,D,107496.4166,113468.473,3s2.3p5.(2P*<1/2>).4p,2[1/2],1,3s2.3p5.(2P*<3/2>).5s,2[3/2]*,2,3,5,,T1618n,,NIST
1694.058,1694.0584,500,2.5e+06,1.1e-01,D,106237.5518,112138.924,3s2.3p5.(2P*<3/2>).4p,2[3/2],2,3s2.3p5.(2P*<3/2>).3d,2[3/2]*,2,5,5,,T1618n,L2634,NIST
,1782.399,,8.4e+05,5.6e-02,E,114640.992,120249.876,3s2.3p5.(2P*<1/2>).3d,2[5/2]*,2,3s2.3p5.(2P*<3/2>).4f,2[7/2],3,5,7,,T1618n,,NIST
,2032.256,,1.6e+05,3.0e-02,D,108722.6194,113643.260,3s2.3p5.(2P*<1/2>).4p,2[1/2],0,3s2.3p5.(2P*<3/2>).5s,2[3/2]*,1,1,3,,T1618n,,NIST
2062.186,2062.186,50,3.9e+05,2.5e-02,D,107289.7001,112138.924,3s2.3p5.(2P*<1/2>).4p,2[3/2],2,3s2.3p5.(2P*<3/2>).3d,2[3/2]*,2,5,5,,T1618n,L2634,NIST
,2081.672,,7.6e+04,6.9e-03,D,112138.924,116942.7542,3s2.3p5.(2P*<3/2>).3d,2[3/2]*,2,3s2.3p5.(2P*<3/2>).5p,2[5/2],3,5,7,,T1618n,,NIST
,2133.871,,3.2e+04,2.2e-03,D,107131.7086,111818.028,3s2.3p5.(2P*<1/2>).4p,2[3/2],1,3s2.3p5.(2P*<3/2>).3d,2[1/2]*,1,3,3,,T1618n,,NIST
,2154.008,,1.1e+05,1.3e-02,D,107496.4166,112138.924,3s2.3p5.(2P*<1/2>).4p,2[1/2],1,3s2.3p5.(2P*<3/2>).3d,2[3/2]*,2,3,5,,T1618n,,NIST
,2204.558,,1.2e+05,2.9e-03,D,107131.7086,111667.766,3s2.3p5.(2P*<1/2>).4p,2[3/2],1,3s2.3p5.(2P*<3/2>).3d,2[1/2]*,0,3,1,,T1618n,,NIST
,2208.321,,1.4e+05,6.1e-03,D,107289.7001,111818.028,3s2.3p5.(2P*<1/2>).4p,2[3/2],2,3s2.3p5.(2P*<3/2>).3d,2[1/2]*,1,5,3,,T1618n,,NIST
2313.951,2313.952,20,1.7e+05,1.4e-02,D,107496.4166,111818.028,3s2.3p5.(2P*<1/2>).4p,2[1/2],1,3s2.3p5.(2P*<3/2>).3d,2[1/2]*,1,3,3,,T1618n,L2634,NIST
,2385.154,,1.1e+06,7.3e-02,D,112750.153,116942.7542,3s2.3p5.(2P*<3/2>).3d,2[7/2]*,4,3s2.3p5.(2P*<3/2>).5p,2[5/2],3,9,7,,T1618n,,NIST
2397.306,2397.306,20,3.6e+05,1.0e-02,D,107496.4166,111667.766,3s2.3p5.(2P*<1/2>).4p,2[1/2],1,3s2.3p5.(2P*<3/2>).3d,2[1/2]*,0,3,1,,T1618n,L2634,NIST
,89.431017331123,,2779998.94044467,0.001,,0.0,111818.028,3s2.3p6,1S,0,3s2.3p5.(2P*<3/2>).3d,2[1/2]*,1,1.0,3.0,,,,BSR
,84.2805093020609,,5321273.6249045,0.0017,,0.0,118651.395,3s2.3p6,1S,0,3s2.3p5.(2P*<3/2>).4d,2[1/2]*,1,1.0,3.0,,,,BSR
,83.5002137292346,,43050635.5176384,0.0135,,0.0,119760.1725,3s2.3p6,1S,0,3s2.3p5.(2P*<3/2>).6s,2[3/2]*,1,1.0,3.0,,,,BSR
,83.4391828900947,,159360775.097897,0.0499,,0.0,119847.77,3s2.3p6,1S,0,3s2.3p5.(2P*<3/2>).4d,2[3/2]*,1,1.0,3.0,,,,BSR
,82.6364875173231,,14000570.4096201,0.0043,,0.0,121011.9198,3s2.3p6,1S,0,3s2.3p5.(2P*<1/2>).4d,2[3/2]*,1,1.0,3.0,,,,BSR
,82.5345955002378,,109996488.030231,0.0337,,0.0,121161.3135,3s2.3p6,1S,0,3s2.3p5.(2P*<1/2>).6s,2[1/2]*,1,1.0,3.0,,,,BSR
,82.0123550677969,,8264230.36812785,0.0025,,0.0,121932.8477,3s2.3p6,1S,0,3s2.3p5.(2P*<3/2>).5d,2[1/2],1,1.0,3.0,,,,BSR
,81.6463949826266,,22680668.8703942,0.0068,,0.0,122479.382,3s2.3p6,1S,0,3s2.3p5.(2P*<3/2>).7s,2[3/2]*,1,1.0,3.0,,,,BSR
,81.6231967640125,,105792050.569485,0.0317,,0.0,122514.192,3s2.3p6,1S,0,3s2.3p5.(2P*<3/2>).5d,2[3/2]*,1,1.0,3.0,,,,BSR
,858.041761304383,,8643.18384420115,3.18E-05,,95399.8276,107054.272,3s2.3p5.(2P*<1/2>).4s,2[1/2]*,1,3s2.3p5.(2P*<3/2>).4p,2[1/2],0,3.0,1.0,,,,BSR
,395.825304924122,,178.806955157581,2.52E-07,,93143.76,118407.4303,3s2.3p5.(2P*<3/2>).4s,2[3/2]*,2,3s2.3p5.(2P*<1/2>).5p,2[3/2],1,5.0,3.0,,,,BSR
,398.084113517156,,13763.8612917871,1.09E-05,,93750.5978,118870.917,3s2.3p5.(2P*<3/2>).4s,2[3/2]*,1,3s2.3p5.(2P*<1/2>).5p,2[1/2],0,3.0,1.0,,,,BSR
,995.457429113725,,13462.5347979335,2E-04,,104102.099,114147.732,3s2.3p5.(2P*<3/2>).4p,2[1/2],1,3s2.3p5.(2P*<3/2>).3d,2[3/2]*,1,3.0,3.0,,,,BSR
,1072.51660121634,,5845.13724596646,1.68E-04,,104102.099,113425.964,3s2.3p5.(2P*<3/2>).4p,2[1/2],1,3s2.3p5.(2P*<3/2>).3d,2[5/2]*,2,3.0,5.0,,,,BSR
,948.866261380584,,7512.25242877971,1.69E-04,,104102.099,114640.992,3s2.3p5.(2P*<3/2>).4p,2[1/2],1,3s2.3p5.(2P*<1/2>).3d,2[5/2]*,2,3.0,5.0,,,,BSR
,934.314338473682,,189346.595941951,4.13E-03,,104102.099,114805.135,3s2.3p5.(2P*<3/2>).4p,2[1/2],1,3s2.3p5.(2P*<1/2>).3d,2[3/2]*,2,3.0,5.0,,,,BSR
,887.723643107754,,20314.1144782432,2.4E-04,,104102.099,115366.866,3s2.3p5.(2P*<3/2>).4p,2[1/2],1,3s2.3p5.(2P*<1/2>).3d,2[3/2]*,1,3.0,3.0,,,,BSR
,1497.86605015299,,98228.228370755,2.36E-03,,105462.7596,112138.924,3s2.3p5.(2P*<3/2>).4p,2[5/2],3,3s2.3p5.(2P*<3/2>).3d,2[3/2]*,2,7.0,5.0,,,,BSR
,1372.23276569644,,15952206.0845497,5.79E-01,,105462.7596,112750.153,3s2.3p5.(2P*<3/2>).4p,2[5/2],3,3s2.3p5.(2P*<3/2>).3d,2[7/2]*,4,7.0,9.0,,,,BSR
,1323.17218251721,,2285918.5599525,6E-02,,105462.7596,113020.355,3s2.3p5.(2P*<3/2>).4p,2[5/2],3,3s2.3p5.(2P*<3/2>).3d,2[7/2]*,3,7.0,7.0,,,,BSR
,1089.53440751838,,43030.4303735465,5.47E-04,,105462.7596,114640.992,3s2.3p5.(2P*<3/2>).4p,2[5/2],3,3s2.3p5.(2P*<1/2>).3d,2[5/2]*,2,7.0,5.0,,,,BSR
,1068.46974212291,,736187.292360828,1.26E-02,,105462.7596,114821.939,3s2.3p5.(2P*<3/2>).4p,2[5/2],3,3s2.3p5.(2P*<1/2>).3d,2[5/2]*,3,7.0,7.0,,,,BSR
,1070.39158370793,,151599.523403033,1.86E-03,,105462.7596,114805.135,3s2.3p5.(2P*<3/2>).4p,2[5/2],3,3s2.3p5.(2P*<1/2>).3d,2[3/2]*,2,7.0,5.0,,,,BSR
,1086.40517111479,,41982.0733209564,1.04E-03,,105617.27,114821.939,3s2.3p5.(2P*<3/2>).4p,2[5/2],2,3s2.3p5.(2P*<1/2>).3d,2[5/2]*,3,5.0,7.0,,,,BSR
,1088.3921346254,,720744.617453293,1.28E-02,,105617.27,114805.135,3s2.3p5.(2P*<3/2>).4p,2[5/2],2,3s2.3p5.(2P*<1/2>).3d,2[3/2]*,2,5.0,5.0,,,,BSR
,1025.6835257584,,83270.3584951579,7.88E-04,,105617.27,115366.866,3s2.3p5.(2P*<3/2>).4p,2[5/2],2,3s2.3p5.(2P*<1/2>).3d,2[3/2]*,1,5.0,3.0,,,,BSR
,1791.95213509484,,772738.156011613,1.24E-02,,106087.2598,111667.766,3s2.3p5.(2P*<3/2>).4p,2[3/2],1,3s2.3p5.(2P*<3/2>).3d,2[1/2]*,0,3.0,1.0,,,,BSR
,1744.96675681281,,308878.034246816,1.41E-02,,106087.2598,111818.028,3s2.3p5.(2P*<3/2>).4p,2[3/2],1,3s2.3p5.(2P*<3/2>).3d,2[1/2]*,1,3.0,3.0,,,,BSR
,1169.08032262221,,50072.6857946453,1.71E-03,,106087.2598,114640.992,3s2.3p5.(2P*<3/2>).4p,2[3/2],1,3s2.3p5.(2P*<1/2>).3d,2[5/2]*,2,3.0,5.0,,,,BSR
,1077.63193657938,,390005.825807194,6.79E-03,,106087.2598,115366.866,3s2.3p5.(2P*<3/2>).4p,2[3/2],1,3s2.3p5.(2P*<1/2>).3d,2[3/2]*,1,3.0,3.0,,,,BSR
,1791.96176842399,,1370972.31056893,3.96E-02,,106237.5518,111818.028,3s2.3p5.(2P*<3/2>).4p,2[3/2],2,3s2.3p5.(2P*<3/2>).3d,2[1/2]*,1,5.0,3.0,,,,BSR
,1264.19370319781,,40066.9436071751,5.76E-04,,106237.5518,114147.732,3s2.3p5.(2P*<3/2>).4p,2[3/2],2,3s2.3p5.(2P*<3/2>).3d,2[3/2]*,1,5.0,3.0,,,,BSR
,1391.12779314464,,199566.084397998,5.79E-03,,106237.5518,113425.964,3s2.3p5.(2P*<3/2>).4p,2[3/2],2,3s2.3p5.(2P*<3/2>).3d,2[5/2]*,2,5.0,5.0,,,,BSR
,1337.07657726367,,15004102.5792159,5.63E-01,,106237.5518,113716.555,3s2.3p5.(2P*<3/2>).4p,2[3/2],2,3s2.3p5.(2P*<3/2>).3d,2[5/2]*,3,5.0,7.0,,,,BSR
,1189.98883338279,,208670.079475707,4.43E-03,,106237.5518,114640.992,3s2.3p5.(2P*<3/2>).4p,2[3/2],2,3s2.3p5.(2P*<1/2>).3d,2[5/2]*,2,5.0,5.0,,,,BSR
,1164.90551591149,,93041.9196623858,2.65E-03,,106237.5518,114821.939,3s2.3p5.(2P*<3/2>).4p,2[3/2],2,3s2.3p5.(2P*<1/2>).3d,2[5/2]*,3,5.0,7.0,,,,BSR
,2099.18392125877,,575207.899308419,1.14E-01,,107054.272,111818.028,3s2.3p5.(2P*<3/2>).4p,2[1/2],0,3s2.3p5.(2P*<3/2>).3d,2[1/2]*,1,1.0,3.0,,,,BSR
,1997.11799895806,,94121.5053753672,9.38E-03,,107131.7086,112138.924,3s2.3p5.(2P*<1/2>).4p,2[3/2],1,3s2.3p5.(2P*<3/2>).3d,2[3/2]*,2,3.0,5.0,,,,BSR
,1425.30881524711,,896369.213816982,2.73E-02,,107131.7086,114147.732,3s2.3p5.(2P*<1/2>).4p,2[3/2],1,3s2.3p5.(2P*<3/2>).3d,2[3/2]*,1,3.0,3.0,,,,BSR
,1588.75027537014,,1544.33372981301,9.74E-05,,107131.7086,113425.964,3s2.3p5.(2P*<1/2>).4p,2[3/2],1,3s2.3p5.(2P*<3/2>).3d,2[5/2]*,2,3.0,5.0,,,,BSR
,1303.19879004769,,172026.360701555,7.3E-03,,107131.7086,114805.135,3s2.3p5.(2P*<1/2>).4p,2[3/2],1,3s2.3p5.(2P*<1/2>).3d,2[3/2]*,2,3.0,5.0,,,,BSR
,1458.14428188939,,44495.8532182683,8.51E-04,,107289.7001,114147.732,3s2.3p5.(2P*<1/2>).4p,2[3/2],2,3s2.3p5.(2P*<3/2>).3d,2[3/2]*,1,5.0,3.0,,,,BSR
,1745.00125631366,,2534.7650966616,1.62E-04,,107289.7001,113020.355,3s2.3p5.(2P*<1/2>).4p,2[3/2],2,3s2.3p5.(2P*<3/2>).3d,2[7/2]*,3,5.0,7.0,,,,BSR
,1629.65611697372,,20796.0389387574,8.28E-04,,107289.7001,113425.964,3s2.3p5.(2P*<1/2>).4p,2[3/2],2,3s2.3p5.(2P*<3/2>).3d,2[5/2]*,2,5.0,5.0,,,,BSR
,1330.59498659219,,580191.260481776,1.54E-02,,107289.7001,114805.135,3s2.3p5.(2P*<1/2>).4p,2[3/2],2,3s2.3p5.(2P*<1/2>).3d,2[3/2]*,2,5.0,5.0,,,,BSR
,1238.05801735483,,48449.0700787066,6.68E-04,,107289.7001,115366.866,3s2.3p5.(2P*<1/2>).4p,2[3/2],2,3s2.3p5.(2P*<1/2>).3d,2[3/2]*,1,5.0,3.0,,,,BSR
,1503.46200692873,,58723.2912290125,1.99E-03,,107496.4166,114147.732,3s2.3p5.(2P*<1/2>).4p,2[1/2],1,3s2.3p5.(2P*<3/2>).3d,2[3/2]*,1,3.0,3.0,,,,BSR
,1686.46935852136,,675.426048067979,4.8E-05,,107496.4166,113425.964,3s2.3p5.(2P*<1/2>).4p,2[1/2],1,3s2.3p5.(2P*<3/2>).3d,2[5/2]*,2,3.0,5.0,,,,BSR
,1399.66330259458,,3350.34996071797,1.64E-04,,107496.4166,114640.992,3s2.3p5.(2P*<1/2>).4p,2[1/2],1,3s2.3p5.(2P*<1/2>).3d,2[5/2]*,2,3.0,5.0,,,,BSR
,3230.59126992151,,2492.54383151728,1.17E-03,,108722.6194,111818.028,3s2.3p5.(2P*<1/2>).4p,2[1/2],0,3s2.3p5.(2P*<3/2>).3d,2[1/2]*,1,1.0,3.0,,,,BSR
,1843.2797136782,,876886.298319543,1.34E-01,,108722.6194,114147.732,3s2.3p5.(2P*<1/2>).4p,2[1/2],0,3s2.3p5.(2P*<3/2>).3d,2[3/2]*,1,1.0,3.0,,,,BSR
,5560.6268472402,,4340.0,0.008278,,114861.635,116659.9934,3s2.3p5.(2P*<1/2>).5s,2[1/2]*,0,3s2.3p5.(2P*<3/2>).5p,2[1/2],1,1.0,3.0,,,,MCDHF
,2820.24176635351,,3540.0,0.003966,,114861.635,118407.4303,3s2.3p5.(2P*<1/2>).5s,2[1/2]*,0,3s2.3p5.(2P*<1/2>).5p,2[3/2],1,1.0,3.0,,,,MCDHF
,4367.40077724009,,2240000.0,0.93772,,114861.635,117151.3264,3s2.3p5.(2P*<1/2>).5s,2[1/2]*,0,3s2.3p5.(2P*<3/2>).5p,2[3/2],1,1.0,3.0,,,,MCDHF
,2779.35081313382,,1510000.0,0.61077,,114861.635,118459.5975,3s2.3p5.(2P*<1/2>).5s,2[1/2]*,0,3s2.3p5.(2P*<1/2>).5p,2[1/2],1,1.0,3.0,,,,MCDHF
,3864.08274423138,,5140000.0,0.57374,,114975.019,117562.9553,3s2.3p5.(2P*<1/2>).5s,2[1/2]*,1,3s2.3p5.(2P*<3/2>).5p,2[1/2],0,3.0,1.0,,,,MCDHF
,2566.80231361293,,188000.0,0.01114,,114975.019,118870.917,3s2.3p5.(2P*<1/2>).5s,2[1/2]*,1,3s2.3p5.(2P*<1/2>).5p,2[1/2],0,3.0,1.0,,,,MCDHF
,2551.21871335254,,18100.0,0.00513,,113643.26,117562.9553,3s2.3p5.(2P*<3/2>).5s,2[3/2]*,1,3s2.3p5.(2P*<3/2>).5p,2[1/2],0,3.0,1.0,,,,MCDHF
,1912.90285495012,,5120000.0,0.57404,,113643.26,118870.917,3s2.3p5.(2P*<3/2>).5s,2[3/2]*,1,3s2.3p5.(2P*<1/2>).5p,2[1/2],0,3.0,1.0,,,,MCDHF
,5934.80826771016,,365000.0,0.21397,,114975.019,116659.9934,3s2.3p5.(2P*<1/2>).5s,2[1/2]*,1,3s2.3p5.(2P*<3/2>).5p,2[1/2],1,3.0,3.0,,,,MCDHF
,2913.40376370395,,3010000.0,1.2923,,114975.019,118407.4303,3s2.3p5.(2P*<1/2>).5s,2[1/2]*,1,3s2.3p5.(2P*<1/2>).5p,2[3/2],1,3.0,3.0,,,,MCDHF
,4594.93911567823,,213.0,4.716E-05,,114975.019,117151.3264,3s2.3p5.(2P*<1/2>).5s,2[1/2]*,1,3s2.3p5.(2P*<3/2>).5p,2[3/2],1,3.0,3.0,,,,MCDHF
,2869.78755106249,,4410.0,0.000873,,114975.019,118459.5975,3s2.3p5.(2P*<1/2>).5s,2[1/2]*,1,3s2.3p5.(2P*<1/2>).5p,2[1/2],1,3.0,3.0,,,,MCDHF
,3314.84379759907,,1050.0,0.007097,,113643.26,116659.9934,3s2.3p5.(2P*<3/2>).5s,2[3/2]*,1,3s2.3p5.(2P*<3/2>).5p,2[1/2],1,3.0,3.0,,,,MCDHF
,2099.00137280986,,2390.0,0.003069,,113643.26,118407.4303,3s2.3p5.(2P*<3/2>).5s,2[3/2]*,1,3s2.3p5.(2P*<1/2>).5p,2[3/2],1,3.0,3.0,,,,MCDHF
,2850.57318185311,,1320000.0,0.59948,,113643.26,117151.3264,3s2.3p5.(2P*<3/2>).5s,2[3/2]*,1,3s2.3p5.(2P*<3/2>).5p,2[3/2],1,3.0,3.0,,,,MCDHF
,2076.26645765584,,2050000.0,0.89641,,113643.26,118459.5975,3s2.3p5.(2P*<3/2>).5s,2[3/2]*,1,3s2.3p5.(2P*<1/2>).5p,2[1/2],1,3.0,3.0,,,,MCDHF
,4939.96241380199,,2340000.0,1.85322,,114975.019,116999.3259,3s2.3p5.(2P*<1/2>).5s,2[1/2]*,1,3s2.3p5.(2P*<3/2>).5p,2[5/2],2,3.0,5.0,,,,MCDHF
,4527.81438641482,,853000.0,0.60153,,114975.019,117183.5901,3s2.3p5.(2P*<1/2>).5s,2[1/2]*,1,3s2.3p5.(2P*<3/2>).5p,2[3/2],2,3.0,5.0,,,,MCDHF
,2862.02317906781,,107000.0,0.03846,,114975.019,118469.0508,3s2.3p5.(2P*<1/2>).5s,2[1/2]*,1,3s2.3p5.(2P*<1/2>).5p,2[3/2],2,3.0,5.0,,,,MCDHF
,2979.67927268651,,1600.0,0.004107,,113643.26,116999.3259,3s2.3p5.(2P*<3/2>).5s,2[3/2]*,1,3s2.3p5.(2P*<3/2>).5p,2[5/2],2,3.0,5.0,,,,MCDHF
,2824.59536753366,,9120.0,0.0192,,113643.26,117183.5901,3s2.3p5.(2P*<3/2>).5s,2[3/2]*,1,3s2.3p5.(2P*<3/2>).5p,2[3/2],2,3.0,5.0,,,,MCDHF
,2072.19923416489,,3400000.0,2.49713,,113643.26,118469.0508,3s2.3p5.(2P*<3/2>).5s,2[3/2]*,1,3s2.3p5.(2P*<1/2>).5p,2[3/2],2,3.0,5.0,,,,MCDHF
,3133.30286091857,,2290000.0,1.15953,,113468.473,116659.9934,3s2.3p5.(2P*<3/2>).5s,2[3/2]*,2,3s2.3p5.(2P*<3/2>).5p,2[1/2],1,5.0,3.0,,,,MCDHF
,2024.71886120578,,677000.0,0.02559,,113468.473,118407.4303,3s2.3p5.(2P*<3/2>).5s,2[3/2]*,2,3s2.3p5.(2P*<1/2>).5p,2[3/2],1,5.0,3.0,,,,MCDHF
,2715.28592476692,,5120.0,0.001034,,113468.473,117151.3264,3s2.3p5.(2P*<3/2>).5s,2[3/2]*,2,3s2.3p5.(2P*<3/2>).5p,2[3/2],1,5.0,3.0,,,,MCDHF
,2003.55651316652,,333000.0,0.0654,,113468.473,118459.5975,3s2.3p5.(2P*<3/2>).5s,2[3/2]*,2,3s2.3p5.(2P*<1/2>).5p,2[1/2],1,5.0,3.0,,,,MCDHF
,2832.17689414362,,850000.0,0.62914,,113468.473,116999.3259,3s2.3p5.(2P*<3/2>).5s,2[3/2]*,2,3s2.3p5.(2P*<3/2>).5p,2[5/2],2,5.0,5.0,,,,MCDHF
,2691.70519551052,,3340000.0,2.07997,,113468.473,117183.5901,3s2.3p5.(2P*<3/2>).5s,2[3/2]*,2,3s2.3p5.(2P*<3/2>).5p,2[3/2],2,5.0,5.0,,,,MCDHF
,1999.76890670514,,59600.0,0.0196,,113468.473,118469.0508,3s2.3p5.(2P*<3/2>).5s,2[3/2]*,2,3s2.3p5.(2P*<1/2>).5p,2[3/2],2,5.0,5.0,,,,MCDHF
,2878.29321357178,,3580000.0,3.59213,,113468.473,116942.7542,3s2.3p5.(2P*<3/2>).5s,2[3/2]*,2,3s2.3p5.(2P*<3/2>).5p,2[5/2],3,5.0,7.0,,,,MCDHF
,2779.04517676978,,251000.0,0.2559,,117562.9553,121161.3135,3s2.3p5.(2P*<3/2>).5p,2[1/2],0,3s2.3p5.(2P*<1/2>).6s,2[1/2]*,1,1.0,3.0,,,,MCDHF
,4551.21141414695,,43300.0,0.01587,,117562.9553,119760.1725,3s2.3p5.(2P*<3/2>).5p,2[1/2],0,3s2.3p5.(2P*<3/2>).6s,2[3/2]*,1,1.0,3.0,,,,MCDHF
,4366.05627016981,,407.0,0.003385,,118870.917,121161.3135,3s2.3p5.(2P*<1/2>).5p,2[1/2],0,3s2.3p5.(2P*<1/2>).6s,2[1/2]*,1,1.0,3.0,,,,MCDHF
,11245.3619910138,,264000.0,0.25862,,118870.917,119760.1725,3s2.3p5.(2P*<1/2>).5p,2[1/2],0,3s2.3p5.(2P*<3/2>).6s,2[3/2]*,1,1.0,3.0,,,,MCDHF
,2253.97237837994,,237000.0,0.01879,,116659.9934,121096.605,3s2.3p5.(2P*<3/2>).5p,2[1/2],1,3s2.3p5.(2P*<1/2>).6s,2[1/2]*,0,3.0,1.0,,,,MCDHF
,3718.61300048675,,61000.0,0.006076,,118407.4303,121096.605,3s2.3p5.(2P*<1/2>).5p,2[3/2],1,3s2.3p5.(2P*<1/2>).6s,2[1/2]*,0,3.0,1.0,,,,MCDHF
,2534.67524448084,,2680000.0,0.5905,,117151.3264,121096.605,3s2.3p5.(2P*<3/2>).5p,2[3/2],1,3s2.3p5.(2P*<1/2>).6s,2[1/2]*,0,3.0,1.0,,,,MCDHF
,3792.17730704218,,1610000.0,0.37265,,118459.5975,121096.605,3s2.3p5.(2P*<1/2>).5p,2[1/2],1,3s2.3p5.(2P*<1/2>).6s,2[1/2]*,0,3.0,1.0,,,,MCDHF
,2221.57051217042,,354000.0,0.17809,,116659.9934,121161.3135,3s2.3p5.(2P*<3/2>).5p,2[1/2],1,3s2.3p5.(2P*<1/2>).6s,2[1/2]*,1,3.0,3.0,,,,MCDHF
,3225.62009401328,,125000.0,0.02899,,116659.9934,119760.1725,3s2.3p5.(2P*<3/2>).5p,2[1/2],1,3s2.3p5.(2P*<3/2>).6s,2[3/2]*,1,3.0,3.0,,,,MCDHF
,3631.23606694722,,1140000.0,0.80308,,118407.4303,121161.3135,3s2.3p5.(2P*<1/2>).5p,2[3/2],1,3s2.3p5.(2P*<1/2>).6s,2[1/2]*,1,3.0,3.0,,,,MCDHF
,7392.39154363636,,316.0,9.209E-05,,118407.4303,119760.1725,3s2.3p5.(2P*<1/2>).5p,2[3/2],1,3s2.3p5.(2P*<3/2>).6s,2[3/2]*,1,3.0,3.0,,,,MCDHF
,2493.77360839889,,429.0,0.001232,,117151.3264,121161.3135,3s2.3p5.(2P*<3/2>).5p,2[3/2],1,3s2.3p5.(2P*<1/2>).6s,2[1/2]*,1,3.0,3.0,,,,MCDHF
,3833.11227136013,,621000.0,0.39534,,117151.3264,119760.1725,3s2.3p5.(2P*<3/2>).5p,2[3/2],1,3s2.3p5.(2P*<3/2>).6s,2[3/2]*,1,3.0,3.0,,,,MCDHF
,3701.35128932871,,186.0,0.000594,,118459.5975,121161.3135,3s2.3p5.(2P*<1/2>).5p,2[1/2],1,3s2.3p5.(2P*<1/2>).6s,2[1/2]*,1,3.0,3.0,,,,MCDHF
,7688.90682967151,,860000.0,0.57541,,118459.5975,119760.1725,3s2.3p5.(2P*<1/2>).5p,2[1/2],1,3s2.3p5.(2P*<3/2>).6s,2[3/2]*,1,3.0,3.0,,,,MCDHF
,3307.87515430825,,1000000.0,0.89326,,116659.9934,119683.0821,3s2.3p5.(2P*<3/2>).5p,2[1/2],1,3s2.3p5.(2P*<3/2>).6s,2[3/2]*,2,3.0,5.0,,,,MCDHF
,7839.12976879746,,112000.0,0.14105,,118407.4303,119683.0821,3s2.3p5.(2P*<1/2>).5p,2[3/2],1,3s2.3p5.(2P*<3/2>).6s,2[3/2]*,2,3.0,5.0,,,,MCDHF
,3949.82817654959,,35.7,0.0001976,,117151.3264,119683.0821,3s2.3p5.(2P*<3/2>).5p,2[3/2],1,3s2.3p5.(2P*<3/2>).6s,2[3/2]*,2,3.0,5.0,,,,MCDHF
,8173.37627298295,,1920.0,0.01188,,118459.5975,119683.0821,3s2.3p5.(2P*<1/2>).5p,2[1/2],1,3s2.3p5.(2P*<3/2>).6s,2[3/2]*,2,3.0,5.0,,,,MCDHF
,2402.69817238283,,2050000.0,1.28003,,116999.3259,121161.3135,3s2.3p5.(2P*<3/2>).5p,2[5/2],2,3s2.3p5.(2P*<1/2>).6s,2[1/2]*,1,5.0,3.0,,,,MCDHF
,3622.07737293336,,751.0,0.0002021,,116999.3259,119760.1725,3s2.3p5.(2P*<3/2>).5p,2[5/2],2,3s2.3p5.(2P*<3/2>).6s,2[3/2]*,1,5.0,3.0,,,,MCDHF
,2514.00084782164,,529000.0,0.38057,,117183.5901,121161.3135,3s2.3p5.(2P*<3/2>).5p,2[3/2],2,3s2.3p5.(2P*<1/2>).6s,2[1/2]*,1,5.0,3.0,,,,MCDHF
,3881.11010926722,,50600.0,0.01491,,117183.5901,119760.1725,3s2.3p5.(2P*<3/2>).5p,2[3/2],2,3s2.3p5.(2P*<3/2>).6s,2[3/2]*,1,5.0,3.0,,,,MCDHF
,3714.34778634343,,228.0,0.0007162,,118469.0508,121161.3135,3s2.3p5.(2P*<1/2>).5p,2[3/2],2,3s2.3p5.(2P*<1/2>).6s,2[1/2]*,1,5.0,3.0,,,,MCDHF
,7745.20326007996,,2690000.0,1.63853,,118469.0508,119760.1725,3s2.3p5.(2P*<1/2>).5p,2[3/2],2,3s2.3p5.(2P*<3/2>).6s,2[3/2]*,1,5.0,3.0,,,,MCDHF
,3726.12087491404,,349000.0,0.38888,,116999.3259,119683.0821,3s2.3p5.(2P*<3/2>).5p,2[5/2],2,3s2.3p5.(2P*<3/2>).6s,2[3/2]*,2,5.0,5.0,,,,MCDHF
,4000.81296519453,,893000.0,1.1502,,117183.5901,119683.0821,3s2.3p5.(2P*<3/2>).5p,2[3/2],2,3s2.3p5.(2P*<3/2>).6s,2[3/2]*,2,5.0,5.0,,,,MCDHF
,8237.01991867918,,592.0,0.003607,,118469.0508,119683.0821,3s2.3p5.(2P*<1/2>).5p,2[3/2],2,3s2.3p5.(2P*<3/2>).6s,2[3/2]*,2,5.0,5.0,,,,MCDHF
,3649.19833133837,,2200000.0,2.34989,,116942.7542,119683.0821,3s2.3p5.(2P*<3/2>).5p,2[5/2],3,3s2.3p5.(2P*<3/2>).6s,2[3/2]*,2,7.0,5.0,,,,MCDHF
,2074.10099129582,,28200.0,0.010639,,115366.866,120188.232,3s2.3p5.(2P*<1/2>).3d,2[3/2]*,1,3s2.3p5.(2P*<3/2>).4f,2[3/2],1,3.0,3.0,,,,MCDHF
,1188.77299012665,,2680000.0,0.455585,,111818.028,120230.063,3s2.3p5.(2P*<3/2>).3d,2[1/2]*,1,3s2.3p5.(2P*<3/2>).4f,2[5/2],2,3.0,5.0,,,,MCDHF
,1016.61639159738,,686000.0,0.078629,,111818.028,121654.58,3s2.3p5.(2P*<3/2>).3d,2[1/2]*,1,3s2.3p5.(2P*<1/2>).4f,2[5/2],2,3.0,5.0,,,,MCDHF
,1332.11702168473,,2460000.0,0.436427,,114147.732,121654.58,3s2.3p5.(2P*<3/2>).3d,2[3/2]*,1,3s2.3p5.(2P*<1/2>).4f,2[5/2],2,3.0,5.0,,,,MCDHF
,2073.92935989207,,1090000.0,0.687459,,115366.866,120188.631,3s2.3p5.(2P*<1/2>).3d,2[3/2]*,1,3s2.3p5.(2P*<3/2>).4f,2[3/2],2,3.0,5.0,,,,MCDHF
,2056.26052162806,,4960000.0,0.303941,,115366.866,120230.063,3s2.3p5.(2P*<1/2>).3d,2[3/2]*,1,3s2.3p5.(2P*<3/2>).4f,2[5/2],2,3.0,5.0,,,,MCDHF
,1242.34282002875,,641000.0,0.071725,,112138.924,120188.232,3s2.3p5.(2P*<3/2>).3d,2[3/2]*,2,3s2.3p5.(2P*<3/2>).4f,2[3/2],1,5.0,3.0,,,,MCDHF
,1478.79380113299,,263000.0,0.035582,,113425.964,120188.232,3s2.3p5.(2P*<3/2>).3d,2[5/2]*,2,3s2.3p5.(2P*<3/2>).4f,2[3/2],1,5.0,3.0,,,,MCDHF
,1802.69827878368,,19200.0,0.00416,,114640.992,120188.232,3s2.3p5.(2P*<1/2>).3d,2[5/2]*,2,3s2.3p5.(2P*<3/2>).4f,2[3/2],1,5.0,3.0,,,,MCDHF
,1857.66669261208,,61800.0,0.014134,,114805.135,120188.232,3s2.3p5.(2P*<1/2>).3d,2[3/2]*,2,3s2.3p5.(2P*<3/2>).4f,2[3/2],1,5.0,3.0,,,,MCDHF
,1242.28124079547,,3510000.0,0.653991,,112138.924,120188.631,3s2.3p5.(2P*<3/2>).3d,2[3/2]*,2,3s2.3p5.(2P*<3/2>).4f,2[3/2],2,5.0,5.0,,,,MCDHF
,1478.70655171991,,12800.0,0.00288,,113425.964,120188.631,3s2.3p5.(2P*<3/2>).3d,2[5/2]*,2,3s2.3p5.(2P*<3/2>).4f,2[3/2],2,5.0,5.0,,,,MCDHF
,1469.70230738853,,2970000.0,0.661336,,113425.964,120230.063,3s2.3p5.(2P*<3/2>).3d,2[5/2]*,2,3s2.3p5.(2P*<3/2>).4f,2[5/2],2,5.0,5.0,,,,MCDHF
,1215.27119505881,,129000.0,0.018419,,113425.964,121654.58,3s2.3p5.(2P*<3/2>).3d,2[5/2]*,2,3s2.3p5.(2P*<1/2>).4f,2[5/2],2,5.0,5.0,,,,MCDHF
,1802.56862423817,,753.0,0.000271,,114640.992,120188.631,3s2.3p5.(2P*<1/2>).3d,2[5/2]*,2,3s2.3p5.(2P*<3/2>).4f,2[3/2],2,5.0,5.0,,,,MCDHF
,1789.20611314474,,240000.0,0.084836,,114640.992,120230.063,3s2.3p5.(2P*<1/2>).3d,2[5/2]*,2,3s2.3p5.(2P*<3/2>).4f,2[5/2],2,5.0,5.0,,,,MCDHF
,1425.80373982618,,815000.0,0.167079,,114640.992,121654.58,3s2.3p5.(2P*<1/2>).3d,2[5/2]*,2,3s2.3p5.(2P*<1/2>).4f,2[5/2],2,5.0,5.0,,,,MCDHF
,1857.52901088809,,338000.0,0.128723,,114805.135,120188.631,3s2.3p5.(2P*<1/2>).3d,2[3/2]*,2,3s2.3p5.(2P*<3/2>).4f,2[3/2],2,5.0,5.0,,,,MCDHF
,1843.34243698718,,79500.0,0.029722,,114805.135,120230.063,3s2.3p5.(2P*<1/2>).3d,2[3/2]*,2,3s2.3p5.(2P*<3/2>).4f,2[5/2],2,5.0,5.0,,,,MCDHF
,1232.90089745322,,52.1344,1.33E-05,,112138.924,120249.876,3s2.3p5.(2P*<3/2>).3d,2[3/2]*,2,3s2.3p5.(2P*<3/2>).4f,2[7/2],3,5.0,7.0,,,,MCDHF
,1051.04792631397,,3.62786,6.22E-07,,112138.924,121653.238,3s2.3p5.(2P*<3/2>).3d,2[3/2]*,2,3s2.3p5.(2P*<1/2>).4f,2[7/2],3,5.0,7.0,,,,MCDHF
,1469.7699192773,,147000.0,0.045623,,113425.964,120229.75,3s2.3p5.(2P*<3/2>).3d,2[5/2]*,2,3s2.3p5.(2P*<3/2>).4f,2[5/2],3,5.0,7.0,,,,MCDHF
,1465.43507595057,,10900000.0,3.3706,,113425.964,120249.876,3s2.3p5.(2P*<3/2>).3d,2[5/2]*,2,3s2.3p5.(2P*<3/2>).4f,2[7/2],3,5.0,7.0,,,,MCDHF
,1215.46942523125,,1260000.0,0.252278,,113425.964,121653.238,3s2.3p5.(2P*<3/2>).3d,2[5/2]*,2,3s2.3p5.(2P*<1/2>).4f,2[7/2],3,5.0,7.0,,,,MCDHF
,1215.32229739666,,7750.0,0.00149,,113425.964,121654.234,3s2.3p5.(2P*<3/2>).3d,2[5/2]*,2,3s2.3p5.(2P*<1/2>).4f,2[5/2],3,5.0,7.0,,,,MCDHF
,1789.30631814797,,11000.0,0.00545,,114640.992,120229.75,3s2.3p5.(2P*<1/2>).3d,2[5/2]*,2,3s2.3p5.(2P*<3/2>).4f,2[5/2],3,5.0,7.0,,,,MCDHF
,1426.07660940589,,13200000.0,3.78497,,114640.992,121653.238,3s2.3p5.(2P*<1/2>).3d,2[5/2]*,2,3s2.3p5.(2P*<1/2>).4f,2[7/2],3,5.0,7.0,,,,MCDHF
,1425.8740822005,,50000.0,0.014343,,114640.992,121654.234,3s2.3p5.(2P*<1/2>).3d,2[5/2]*,2,3s2.3p5.(2P*<1/2>).4f,2[5/2],3,5.0,7.0,,,,MCDHF
,1843.44879774878,,834000.0,0.436511,,114805.135,120229.75,3s2.3p5.(2P*<1/2>).3d,2[3/2]*,2,3s2.3p5.(2P*<3/2>).4f,2[5/2],3,5.0,7.0,,,,MCDHF
,1836.63465351244,,6.85536,3.55E-06,,114805.135,120249.876,3s2.3p5.(2P*<1/2>).3d,2[3/2]*,2,3s2.3p5.(2P*<3/2>).4f,2[7/2],3,5.0,7.0,,,,MCDHF
,1460.25841024879,,388.0,0.000116,,114805.135,121653.238,3s2.3p5.(2P*<1/2>).3d,2[3/2]*,2,3s2.3p5.(2P*<1/2>).4f,2[7/2],3,5.0,7.0,,,,MCDHF
,1395.03557061698,,18600.0,0.00373,,113020.355,120188.631,3s2.3p5.(2P*<3/2>).3d,2[7/2]*,3,3s2.3p5.(2P*<3/2>).4f,2[3/2],2,7.0,5.0,,,,MCDHF
,1387.0187253076,,236000.0,0.046675,,113020.355,120230.063,3s2.3p5.(2P*<3/2>).3d,2[7/2]*,3,3s2.3p5.(2P*<3/2>).4f,2[5/2],2,7.0,5.0,,,,MCDHF
,1158.18153916536,,3210.0,0.000416,,113020.355,121654.58,3s2.3p5.(2P*<3/2>).3d,2[7/2]*,3,3s2.3p5.(2P*<1/2>).4f,2[5/2],2,7.0,5.0,,,,MCDHF
,1545.09928498985,,236000.0,0.055269,,113716.555,120188.631,3s2.3p5.(2P*<3/2>).3d,2[5/2]*,3,3s2.3p5.(2P*<3/2>).4f,2[3/2],2,7.0,5.0,,,,MCDHF
,1535.27100910907,,120000.0,0.027659,,113716.555,120230.063,3s2.3p5.(2P*<3/2>).3d,2[5/2]*,3,3s2.3p5.(2P*<3/2>).4f,2[5/2],2,7.0,5.0,,,,MCDHF
,1259.75919702949,,3990.0,0.000518,,113716.555,121654.58,3s2.3p5.(2P*<3/2>).3d,2[5/2]*,3,3s2.3p5.(2P*<1/2>).4f,2[5/2],2,7.0,5.0,,,,MCDHF
,1863.34524135166,,9810.0,0.00369,,114821.939,120188.631,3s2.3p5.(2P*<1/2>).3d,2[5/2]*,3,3s2.3p5.(2P*<3/2>).4f,2[3/2],2,7.0,5.0,,,,MCDHF
,1849.07002871976,,15800.0,0.00582,,114821.939,120230.063,3s2.3p5.(2P*<1/2>).3d,2[5/2]*,3,3s2.3p5.(2P*<3/2>).4f,2[5/2],2,7.0,5.0,,,,MCDHF
,1463.5629180576,,59800.0,0.012658,,114821.939,121654.58,3s2.3p5.(2P*<1/2>).3d,2[5/2]*,3,3s2.3p5.(2P*<1/2>).4f,2[5/2],2,7.0,5.0,,,,MCDHF
,1387.07894351745,,156000.0,0.043016,,113020.355,120229.75,3s2.3p5.(2P*<3/2>).3d,2[7/2]*,3,3s2.3p5.(2P*<3/2>).4f,2[5/2],3,7.0,7.0,,,,MCDHF
,1383.21750500483,,2520000.0,0.692961,,113020.355,120249.876,3s2.3p5.(2P*<3/2>).3d,2[7/2]*,3,3s2.3p5.(2P*<3/2>).4f,2[7/2],3,7.0,7.0,,,,MCDHF
,1158.22795292823,,28100.0,0.0051,,113020.355,121654.234,3s2.3p5.(2P*<3/2>).3d,2[7/2]*,3,3s2.3p5.(2P*<1/2>).4f,2[5/2],3,7.0,7.0,,,,MCDHF
,1535.3447885408,,2960000.0,0.956972,,113716.555,120229.75,3s2.3p5.(2P*<3/2>).3d,2[5/2]*,3,3s2.3p5.(2P*<3/2>).4f,2[5/2],3,7.0,7.0,,,,MCDHF
,1259.97220753305,,26300.0,0.00542,,113716.555,121653.238,3s2.3p5.(2P*<3/2>).3d,2[5/2]*,3,3s2.3p5.(2P*<1/2>).4f,2[7/2],3,7.0,7.0,,,,MCDHF
,1259.8141093889,,63200.0,0.013006,,113716.555,121654.234,3s2.3p5.(2P*<3/2>).3d,2[5/2]*,3,3s2.3p5.(2P*<1/2>).4f,2[5/2],3,7.0,7.0,,,,MCDHF
,1849.17705149089,,133000.0,0.068713,,114821.939,120229.75,3s2.3p5.(2P*<1/2>).3d,2[5/2]*,3,3s2.3p5.(2P*<3/2>).4f,2[5/2],3,7.0,7.0,,,,MCDHF
,1842.32057225425,,58400.0,0.029793,,114821.939,120249.876,3s2.3p5.(2P*<1/2>).3d,2[5/2]*,3,3s2.3p5.(2P*<3/2>).4f,2[7/2],3,7.0,7.0,,,,MCDHF
,1463.63703557882,,860000.0,0.254916,,114821.939,121654.234,3s2.3p5.(2P*<1/2>).3d,2[5/2]*,3,3s2.3p5.(2P*<1/2>).4f,2[5/2],3,7.0,7.0,,,,MCDHF
,1391.43598977016,,13600000.0,4.85558,,113020.355,120207.175,3s2.3p5.(2P*<3/2>).3d,2[7/2]*,3,3s2.3p5.(2P*<3/2>).4f,2[9/2],4,7.0,9.0,,,,MCDHF
,1383.21023453851,,445000.0,0.157217,,113020.355,120249.914,3s2.3p5.(2P*<3/2>).3d,2[7/2]*,3,3s2.3p5.(2P*<3/2>).4f,2[7/2],4,7.0,9.0,,,,MCDHF
,1259.96553994248,,496000.0,0.131407,,113716.555,121653.28,3s2.3p5.(2P*<3/2>).3d,2[5/2]*,3,3s2.3p5.(2P*<1/2>).4f,2[7/2],4,7.0,9.0,,,,MCDHF
,1856.92883283109,,84000.0,0.056298,,114821.939,120207.175,3s2.3p5.(2P*<1/2>).3d,2[5/2]*,3,3s2.3p5.(2P*<3/2>).4f,2[9/2],4,7.0,9.0,,,,MCDHF
,1842.30767459319,,345000.0,0.226176,,114821.939,120249.914,3s2.3p5.(2P*<1/2>).3d,2[5/2]*,3,3s2.3p5.(2P*<3/2>).4f,2[7/2],4,7.0,9.0,,,,MCDHF
,1336.97042768481,,144000.0,0.037586,,112750.153,120229.75,3s2.3p5.(2P*<3/2>).3d,2[7/2]*,4,3s2.3p5.(2P*<3/2>).4f,2[5/2],3,9.0,7.0,,,,MCDHF
,1333.38257959661,,80100.0,0.020812,,112750.153,120249.876,3s2.3p5.(2P*<3/2>).3d,2[7/2]*,4,3s2.3p5.(2P*<3/2>).4f,2[7/2],3,9.0,7.0,,,,MCDHF
,1123.20616954685,,35.3963,6.15E-06,,112750.153,121653.238,3s2.3p5.(2P*<3/2>).3d,2[7/2]*,4,3s2.3p5.(2P*<1/2>).4f,2[7/2],3,9.0,7.0,,,,MCDHF
,1123.08052902933,,149.0,2.58E-05,,112750.153,121654.234,3s2.3p5.(2P*<3/2>).3d,2[7/2]*,4,3s2.3p5.(2P*<1/2>).4f,2[5/2],3,9.0,7.0,,,,MCDHF
,1333.37582357624,,2180000.0,0.727333,,112750.153,120249.914,3s2.3p5.(2P*<3/2>).3d,2[7/2]*,4,3s2.3p5.(2P*<3/2>).4f,2[7/2],4,9.0,9.0,,,,MCDHF
,1123.20087088503,,967.0,0.000216,,112750.153,121653.28,3s2.3p5.(2P*<3/2>).3d,2[7/2]*,4,3s2.3p5.(2P*<1/2>).4f,2[7/2],4,9.0,9.0,,,,MCDHF
,5966.46251420763,,13700.0,0.099786,,118512.197,120188.232,3s2.3p5.(2P*<3/2>).4d,2[1/2]*,0,3s2.3p5.(2P*<3/2>).4f,2[3/2],1,1.0,3.0,,,,MCDHF
,6506.87093035892,,11400.0,0.10562,,118651.395,120188.232,3s2.3p5.(2P*<3/2>).4d,2[1/2]*,1,3s2.3p5.(2P*<3/2>).4f,2[3/2],1,3.0,3.0,,,,MCDHF
,29371.8535401895,,289.0,0.01712,,119847.77,120188.232,3s2.3p5.(2P*<3/2>).4d,2[3/2]*,1,3s2.3p5.(2P*<3/2>).4f,2[3/2],1,3.0,3.0,,,,MCDHF
,12140.5221735711,,128.0,0.000196,,120188.232,121011.9198,3s2.3p5.(2P*<3/2>).4f,2[3/2],1,3s2.3p5.(2P*<1/2>).4d,2[3/2]*,1,3.0,3.0,,,,MCDHF
,6505.18202800355,,9710.0,0.0149901,,118651.395,120188.631,3s2.3p5.(2P*<3/2>).4d,2[1/2]*,1,3s2.3p5.(2P*<3/2>).4f,2[3/2],2,3.0,5.0,,,,MCDHF
,6334.4541094138,,5330.0,0.072519,,118651.395,120230.063,3s2.3p5.(2P*<3/2>).4d,2[1/2]*,1,3s2.3p5.(2P*<3/2>).4f,2[5/2],2,3.0,5.0,,,,MCDHF
,3329.79819758024,,1230.0,0.00194,,118651.395,121654.58,3s2.3p5.(2P*<3/2>).4d,2[1/2]*,1,3s2.3p5.(2P*<1/2>).4f,2[5/2],2,3.0,5.0,,,,MCDHF
,29337.4718726997,,4730.0,0.281782,,119847.77,120188.631,3s2.3p5.(2P*<3/2>).4d,2[3/2]*,1,3s2.3p5.(2P*<3/2>).4f,2[3/2],2,3.0,5.0,,,,MCDHF
,26157.9469150632,,6350.0,0.543089,,119847.77,120230.063,3s2.3p5.(2P*<3/2>).4d,2[3/2]*,1,3s2.3p5.(2P*<3/2>).4f,2[5/2],2,3.0,5.0,,,,MCDHF
,5534.6162573818,,4860.0,0.024864,,119847.77,121654.58,3s2.3p5.(2P*<3/2>).4d,2[3/2]*,1,3s2.3p5.(2P*<1/2>).4f,2[5/2],2,3.0,5.0,,,,MCDHF
,12146.4059756429,,8800.0,0.013452,,120188.631,121011.9198,3s2.3p5.(2P*<3/2>).4f,2[3/2],2,3s2.3p5.(2P*<1/2>).4d,2[3/2]*,1,5.0,3.0,,,,MCDHF
,12790.0659046515,,4160.0,0.00671,,120230.063,121011.9198,3s2.3p5.(2P*<3/2>).4f,2[5/2],2,3s2.3p5.(2P*<1/2>).4d,2[3/2]*,1,5.0,3.0,,,,MCDHF
,15560.322546814,,10300.0,0.875554,,121011.9198,121654.58,3s2.3p5.(2P*<1/2>).4d,2[3/2]*,1,3s2.3p5.(2P*<1/2>).4f,2[5/2],2,3.0,5.0,,,,MCDHF
,7802.6187148931,,898.0,0.014026,,118906.611,120188.232,3s2.3p5.(2P*<3/2>).4d,2[3/2]*,2,3s2.3p5.(2P*<3/2>).4f,2[3/2],1,5.0,3.0,,,,MCDHF
,23213.4790458892,,194.0,0.012661,,120188.232,120619.0162,3s2.3p5.(2P*<3/2>).4f,2[3/2],1,3s2.3p5.(2P*<1/2>).4d,2[5/2]*,2,3.0,5.0,,,,MCDHF
,13451.6721773683,,8.73401,6.53E-05,,119444.83,120188.232,3s2.3p5.(2P*<3/2>).4d,2[5/2]*,2,3s2.3p5.(2P*<3/2>).4f,2[3/2],1,5.0,3.0,,,,MCDHF
,24233.1128523955,,46.659,0.000321,,120188.232,120600.8905,3s2.3p5.(2P*<3/2>).4f,2[3/2],1,3s2.3p5.(2P*<1/2>).4d,2[3/2]*,2,3.0,5.0,,,,MCDHF
,7800.19032464399,,4930.0,0.128152,,118906.611,120188.631,3s2.3p5.(2P*<3/2>).4d,2[3/2]*,2,3s2.3p5.(2P*<3/2>).4f,2[3/2],2,5.0,5.0,,,,MCDHF
,7555.99749745368,,1510.0,0.033421,,118906.611,120230.063,3s2.3p5.(2P*<3/2>).4d,2[3/2]*,2,3s2.3p5.(2P*<3/2>).4f,2[5/2],2,5.0,5.0,,,,MCDHF
,3639.05124111662,,234.0,0.000234,,118906.611,121654.58,3s2.3p5.(2P*<3/2>).4d,2[3/2]*,2,3s2.3p5.(2P*<1/2>).4f,2[5/2],2,5.0,5.0,,,,MCDHF
,23234.9997165328,,9.62705,0.00105,,120188.631,120619.0162,3s2.3p5.(2P*<3/2>).4f,2[3/2],2,3s2.3p5.(2P*<1/2>).4d,2[5/2]*,2,5.0,5.0,,,,MCDHF
,25710.0340092328,,2570.0,0.203026,,120230.063,120619.0162,3s2.3p5.(2P*<3/2>).4f,2[5/2],2,3s2.3p5.(2P*<1/2>).4d,2[5/2]*,2,5.0,5.0,,,,MCDHF
,9656.57548091191,,147.0,0.00036,,120619.0162,121654.58,3s2.3p5.(2P*<1/2>).4d,2[5/2]*,2,3s2.3p5.(2P*<1/2>).4f,2[5/2],2,5.0,5.0,,,,MCDHF
,13444.4562456895,,0.402524,3.01E-06,,119444.83,120188.631,3s2.3p5.(2P*<3/2>).4d,2[5/2]*,2,3s2.3p5.(2P*<3/2>).4f,2[3/2],2,5.0,5.0,,,,MCDHF
,12735.0735386823,,189.0,0.00155,,119444.83,120230.063,3s2.3p5.(2P*<3/2>).4d,2[5/2]*,2,3s2.3p5.(2P*<3/2>).4f,2[5/2],2,5.0,5.0,,,,MCDHF
,4525.39880076932,,1060.0,0.033963,,119444.83,121654.58,3s2.3p5.(2P*<3/2>).4d,2[5/2]*,2,3s2.3p5.(2P*<1/2>).4f,2[5/2],2,5.0,5.0,,,,MCDHF
,24256.5665557737,,427.0,0.00294,,120188.631,120600.8905,3s2.3p5.(2P*<3/2>).4f,2[3/2],2,3s2.3p5.(2P*<1/2>).4d,2[3/2]*,2,5.0,5.0,,,,MCDHF
,26966.7163303693,,80.1127,0.000603,,120230.063,120600.8905,3s2.3p5.(2P*<3/2>).4f,2[5/2],2,3s2.3p5.(2P*<1/2>).4d,2[3/2]*,2,5.0,5.0,,,,MCDHF
,9490.46184858056,,1530.0,0.058564,,120600.8905,121654.58,3s2.3p5.(2P*<1/2>).4d,2[3/2]*,2,3s2.3p5.(2P*<1/2>).4f,2[5/2],2,5.0,5.0,,,,MCDHF
,7557.78493416038,,15900.0,0.491975,,118906.611,120229.75,3s2.3p5.(2P*<3/2>).4d,2[3/2]*,2,3s2.3p5.(2P*<3/2>).4f,2[5/2],3,5.0,7.0,,,,MCDHF
,7444.54742735053,,0.313624,8.99E-06,,118906.611,120249.876,3s2.3p5.(2P*<3/2>).4d,2[3/2]*,2,3s2.3p5.(2P*<3/2>).4f,2[7/2],3,5.0,7.0,,,,MCDHF
,3640.82927896654,,0.00139,3.56E-09,,118906.611,121653.238,3s2.3p5.(2P*<3/2>).4d,2[3/2]*,2,3s2.3p5.(2P*<1/2>).4f,2[7/2],3,5.0,7.0,,,,MCDHF
,3639.50949602621,,2340.0,0.00601,,118906.611,121654.234,3s2.3p5.(2P*<3/2>).4d,2[3/2]*,2,3s2.3p5.(2P*<1/2>).4f,2[5/2],3,5.0,7.0,,,,MCDHF
,25689.3611621046,,128.0,0.014183,,120229.75,120619.0162,3s2.3p5.(2P*<3/2>).4f,2[5/2],3,3s2.3p5.(2P*<1/2>).4d,2[5/2]*,2,7.0,5.0,,,,MCDHF
,27089.9782792558,,9970.0,0.958322,,120249.876,120619.0162,3s2.3p5.(2P*<3/2>).4f,2[7/2],3,3s2.3p5.(2P*<1/2>).4d,2[5/2]*,2,7.0,5.0,,,,MCDHF
,9669.1057952946,,879.0,0.00302,,120619.0162,121653.238,3s2.3p5.(2P*<1/2>).4d,2[5/2]*,2,3s2.3p5.(2P*<1/2>).4f,2[7/2],3,5.0,7.0,,,,MCDHF
,9659.80299024999,,8.7681,3.01E-05,,120619.0162,121654.234,3s2.3p5.(2P*<1/2>).4d,2[5/2]*,2,3s2.3p5.(2P*<1/2>).4f,2[5/2],3,5.0,7.0,,,,MCDHF
,12740.1518626102,,11.1562,9.15E-05,,119444.83,120229.75,3s2.3p5.(2P*<3/2>).4d,2[5/2]*,2,3s2.3p5.(2P*<3/2>).4f,2[5/2],3,5.0,7.0,,,,MCDHF
,12421.6504398506,,537.0,0.00462,,119444.83,120249.876,3s2.3p5.(2P*<3/2>).4d,2[5/2]*,2,3s2.3p5.(2P*<3/2>).4f,2[7/2],3,5.0,7.0,,,,MCDHF
,4528.1487841015,,17000.0,0.763722,,119444.83,121653.238,3s2.3p5.(2P*<3/2>).4d,2[5/2]*,2,3s2.3p5.(2P*<1/2>).4f,2[7/2],3,5.0,7.0,,,,MCDHF
,4526.10749324253,,78.7454,0.00353,,119444.83,121654.234,3s2.3p5.(2P*<3/2>).4d,2[5/2]*,2,3s2.3p5.(2P*<1/2>).4f,2[5/2],3,5.0,7.0,,,,MCDHF
,26943.9740475646,,1210.0,0.00908,,120229.75,120600.8905,3s2.3p5.(2P*<3/2>).4f,2[5/2],3,3s2.3p5.(2P*<1/2>).4d,2[3/2]*,2,7.0,5.0,,,,MCDHF
,28488.8516001484,,0.731,5.75E-06,,120249.876,120600.8905,3s2.3p5.(2P*<3/2>).4f,2[7/2],3,3s2.3p5.(2P*<1/2>).4d,2[3/2]*,2,7.0,5.0,,,,MCDHF
,9502.56450459565,,1.42995,7.73E-05,,120600.8905,121653.238,3s2.3p5.(2P*<1/2>).4d,2[3/2]*,2,3s2.3p5.(2P*<1/2>).4f,2[7/2],3,5.0,7.0,,,,MCDHF
,9493.57925501033,,15000.0,0.807998,,120600.8905,121654.234,3s2.3p5.(2P*<1/2>).4d,2[3/2]*,2,3s2.3p5.(2P*<1/2>).4f,2[5/2],3,5.0,7.0,,,,MCDHF
,10248.4112400475,,27.1831,0.00102,,119212.87,120188.631,3s2.3p5.(2P*<3/2>).4d,2[7/2]*,3,3s2.3p5.(2P*<3/2>).4f,2[3/2],2,7.0,5.0,,,,MCDHF
,9830.97602913116,,3070.0,0.00948,,119212.87,120230.063,3s2.3p5.(2P*<3/2>).4d,2[7/2]*,3,3s2.3p5.(2P*<3/2>).4f,2[5/2],2,7.0,5.0,,,,MCDHF
,4095.49045545948,,7.06786,1.42E-05,,119212.87,121654.58,3s2.3p5.(2P*<3/2>).4d,2[7/2]*,3,3s2.3p5.(2P*<1/2>).4f,2[5/2],2,7.0,5.0,,,,MCDHF
,17704.1160653522,,136.0,0.023216,,120188.631,120753.4714,3s2.3p5.(2P*<3/2>).4f,2[3/2],2,3s2.3p5.(2P*<1/2>).4d,2[5/2]*,3,5.0,7.0,,,,MCDHF
,19105.5397658884,,80.5753,9.3E-05,,120230.063,120753.4714,3s2.3p5.(2P*<3/2>).4f,2[5/2],2,3s2.3p5.(2P*<1/2>).4d,2[5/2]*,3,5.0,7.0,,,,MCDHF
,11097.4415292451,,3.55311,9.28E-06,,120753.4714,121654.58,3s2.3p5.(2P*<1/2>).4d,2[5/2]*,3,3s2.3p5.(2P*<1/2>).4f,2[5/2],2,7.0,5.0,,,,MCDHF
,16061.6510413573,,5.01391,4.54E-05,,119566.03,120188.631,3s2.3p5.(2P*<3/2>).4d,2[5/2]*,3,3s2.3p5.(2P*<3/2>).4f,2[3/2],2,7.0,5.0,,,,MCDHF
,15059.492525221,,11.5341,0.000114,,119566.03,120230.063,3s2.3p5.(2P*<3/2>).4d,2[5/2]*,3,3s2.3p5.(2P*<3/2>).4f,2[5/2],2,7.0,5.0,,,,MCDHF
,4788.01082090445,,66.4841,0.00298,,119566.03,121654.58,3s2.3p5.(2P*<3/2>).4d,2[5/2]*,3,3s2.3p5.(2P*<1/2>).4f,2[5/2],2,7.0,5.0,,,,MCDHF
,9834.00204547238,,264.0,0.0115,,119212.87,120229.75,3s2.3p5.(2P*<3/2>).4d,2[7/2]*,3,3s2.3p5.(2P*<3/2>).4f,2[5/2],3,7.0,7.0,,,,MCDHF
,4097.74263553693,,10.9474,3.08E-05,,119212.87,121653.238,3s2.3p5.(2P*<3/2>).4d,2[7/2]*,3,3s2.3p5.(2P*<1/2>).4f,2[7/2],3,7.0,7.0,,,,MCDHF
,4096.0708849643,,51.6114,0.000145,,119212.87,121654.234,3s2.3p5.(2P*<3/2>).4d,2[7/2]*,3,3s2.3p5.(2P*<1/2>).4f,2[5/2],3,7.0,7.0,,,,MCDHF
,19094.1214164632,,2070.0,0.334987,,120229.75,120753.4714,3s2.3p5.(2P*<3/2>).4f,2[5/2],3,3s2.3p5.(2P*<1/2>).4d,2[5/2]*,3,7.0,7.0,,,,MCDHF
,19857.210768804,,73.7697,0.010083,,120249.876,120753.4714,3s2.3p5.(2P*<3/2>).4f,2[7/2],3,3s2.3p5.(2P*<1/2>).4d,2[5/2]*,3,7.0,7.0,,,,MCDHF
,11113.9933400506,,12.4548,4.56E-05,,120753.4714,121653.238,3s2.3p5.(2P*<1/2>).4d,2[5/2]*,3,3s2.3p5.(2P*<1/2>).4f,2[7/2],3,7.0,7.0,,,,MCDHF
,11101.7042670288,,63.0465,0.000231,,120753.4714,121654.234,3s2.3p5.(2P*<1/2>).4d,2[5/2]*,3,3s2.3p5.(2P*<1/2>).4f,2[5/2],3,7.0,7.0,,,,MCDHF
,15066.5943470138,,104.0,0.00102,,119566.03,120229.75,3s2.3p5.(2P*<3/2>).4d,2[5/2]*,3,3s2.3p5.(2P*<3/2>).4f,2[5/2],3,7.0,7.0,,,,MCDHF
,14623.1753932902,,60.3087,0.000622,,119566.03,120249.876,3s2.3p5.(2P*<3/2>).4d,2[5/2]*,3,3s2.3p5.(2P*<3/2>).4f,2[7/2],3,7.0,7.0,,,,MCDHF
,4791.08934040115,,729.0,0.046003,,119566.03,121653.238,3s2.3p5.(2P*<3/2>).4d,2[5/2]*,3,3s2.3p5.(2P*<1/2>).4f,2[7/2],3,7.0,7.0,,,,MCDHF
,4788.80415898064,,953.0,0.059915,,119566.03,121654.234,3s2.3p5.(2P*<3/2>).4d,2[5/2]*,3,3s2.3p5.(2P*<1/2>).4f,2[5/2],3,7.0,7.0,,,,MCDHF
,10057.27618789,,15500.0,0.954264,,119212.87,120207.175,3s2.3p5.(2P*<3/2>).4d,2[7/2]*,3,3s2.3p5.(2P*<3/2>).4f,2[9/2],4,7.0,9.0,,,,MCDHF
,9643.14574843339,,810.0,0.041296,,119212.87,120249.876,3s2.3p5.(2P*<3/2>).4d,2[7/2]*,3,3s2.3p5.(2P*<3/2>).4f,2[7/2],3,7.0,7.0,,,,MCDHF
,4097.6721124729,,563.0,0.0467205,,119212.87,121653.28,3s2.3p5.(2P*<3/2>).4d,2[7/2]*,3,3s2.3p5.(2P*<1/2>).4f,2[7/2],4,7.0,9.0,,,,MCDHF
,18305.0812709001,,720.0,0.182218,,120207.175,120753.4714,3s2.3p5.(2P*<3/2>).4f,2[9/2],4,3s2.3p5.(2P*<1/2>).4d,2[5/2]*,3,9.0,7.0,,,,MCDHF
,12426.2996169717,,187.0,0.00088,,120207.175,121011.9198,3s2.3p5.(2P*<3/2>).4f,2[9/2],4,3s2.3p5.(2P*<1/2>).4d,2[3/2]*,1,9.0,3.0,,,,MCDHF
,15597.0958207581,,222.0,0.0021,,119566.03,120207.175,3s2.3p5.(2P*<3/2>).4d,2[5/2]*,3,3s2.3p5.(2P*<3/2>).4f,2[9/2],4,7.0,9.0,,,,MCDHF
,14622.3628568586,,203.0,0.0021,,119566.03,120249.914,3s2.3p5.(2P*<3/2>).4d,2[5/2]*,3,3s2.3p5.(2P*<3/2>).4f,2[7/2],4,7.0,9.0,,,,MCDHF
,4790.99293328542,,15200.0,1.23392,,119566.03,121653.28,3s2.3p5.(2P*<3/2>).4d,2[5/2]*,3,3s2.3p5.(2P*<1/2>).4f,2[7/2],4,7.0,9.0,,,,MCDHF
,8291.17272005188,,210.0,0.00599,,119023.648,120229.75,3s2.3p5.(2P*<3/2>).4d,2[7/2]*,4,3s2.3p5.(2P*<3/2>).4f,2[5/2],3,9.0,7.0,,,,MCDHF
,3802.87421232968,,0.14216,1.5E-06,,119023.648,121653.238,3s2.3p5.(2P*<3/2>).4d,2[7/2]*,4,3s2.3p5.(2P*<1/2>).4f,2[7/2],3,9.0,7.0,,,,MCDHF
,3801.43435721167,,0.597566,1.5E-05,,119023.648,121654.234,3s2.3p5.(2P*<3/2>).4d,2[7/2]*,4,3s2.3p5.(2P*<1/2>).4f,2[5/2],3,9.0,7.0,,,,MCDHF
,8449.32139275233,,616.0,0.024443,,119023.648,120207.175,3s2.3p5.(2P*<3/2>).4d,2[7/2]*,4,3s2.3p5.(2P*<3/2>).4f,2[9/2],4,9.0,9.0,,,,MCDHF
,8155.09024422862,,3290.0,0.112065,,119023.648,120249.876,3s2.3p5.(2P*<3/2>).4d,2[7/2]*,4,3s2.3p5.(2P*<3/2>).4f,2[7/2],3,9.0,7.0,,,,MCDHF
,3802.81347352025,,3.88179,1.25E-05,,119023.648,121653.28,3s2.3p5.(2P*<3/2>).4d,2[7/2]*,4,3s2.3p5.(2P*<1/2>).4f,2[7/2],4,9.0,9.0,,,,MCDHF
,8449.61410612374,,22000.0,1.0669,,119023.648,120207.134,3s2.3p5.(2P*<3/2>).4d,2[7/2]*,4,3s2.3p5.(2P*<3/2>).4f,2[9/2],5,9.0,11.0,,,,MCDHF
,80.7652931505539,,231000000.0,0.068294,,0.0,123815.56,3s2.3p6,1S,0,3s2.3p5.(2P*<1/2>).5d,2[3/2]*,1,1.0,3.0,,,,MCDHF
,6227.16653710007,,139000.0,0.050392,,120188.232,121794.0988,3s2.3p5.(2P*<3/2>).4f,2[3/2],1,3s2.3p5.(2P*<3/2>).5d,2[1/2]*,0,3.0,1.0,,,,MCDHF
,5731.92136239519,,45800.0,0.041429,,120188.232,121932.8477,3s2.3p5.(2P*<3/2>).4f,2[3/2],1,3s2.3p5.(2P*<3/2>).5d,2[1/2]*,1,3.0,3.0,,,,MCDHF
,4299.30007394798,,2330.0,0.00145,,120188.232,122514.192,3s2.3p5.(2P*<3/2>).4f,2[3/2],1,3s2.3p5.(2P*<3/2>).5d,2[3/2]*,1,3.0,3.0,,,,MCDHF
,2756.85022143022,,250.0,6.88E-05,,120188.232,123815.56,3s2.3p5.(2P*<3/2>).4f,2[3/2],1,3s2.3p5.(2P*<1/2>).5d,2[3/2]*,1,3.0,3.0,,,,MCDHF
,5733.23257368191,,60300.0,0.061962,,120188.631,121932.8477,3s2.3p5.(2P*<3/2>).4f,2[3/2],2,3s2.3p5.(2P*<3/2>).5d,2[1/2]*,1,5.0,3.0,,,,MCDHF
,5872.73305897098,,35400.0,0.037954,,120230.063,121932.8477,3s2.3p5.(2P*<3/2>).4f,2[5/2],2,3s2.3p5.(2P*<3/2>).5d,2[1/2]*,1,5.0,3.0,,,,MCDHF
,35936.6178683337,,266.0,0.00324,,121654.58,121932.8477,3s2.3p5.(2P*<1/2>).4f,2[5/2],2,3s2.3p5.(2P*<3/2>).5d,2[1/2]*,1,5.0,3.0,,,,MCDHF
,4300.03771133073,,74000.0,0.04605,,120188.631,122514.192,3s2.3p5.(2P*<3/2>).4f,2[3/2],2,3s2.3p5.(2P*<3/2>).5d,2[3/2]*,1,5.0,3.0,,,,MCDHF
,4378.03644189973,,95900.0,0.061725,,120230.063,122514.192,3s2.3p5.(2P*<3/2>).4f,2[5/2],2,3s2.3p5.(2P*<3/2>).5d,2[3/2]*,1,5.0,3.0,,,,MCDHF
,11633.1554236098,,4640.0,0.014403,,121654.58,122514.192,3s2.3p5.(2P*<1/2>).4f,2[5/2],2,3s2.3p5.(2P*<3/2>).5d,2[3/2]*,1,5.0,3.0,,,,MCDHF
,2757.15350369417,,11500.0,0.00317,,120188.631,123815.56,3s2.3p5.(2P*<3/2>).4f,2[3/2],2,3s2.3p5.(2P*<1/2>).5d,2[3/2]*,1,5.0,3.0,,,,MCDHF
,2789.0136290729,,5590.0,0.00157,,120230.063,123815.56,3s2.3p5.(2P*<3/2>).4f,2[5/2],2,3s2.3p5.(2P*<1/2>).5d,2[3/2]*,1,5.0,3.0,,,,MCDHF
,4627.53010208332,,164000.0,0.112601,,121654.58,123815.56,3s2.3p5.(2P*<1/2>).4f,2[5/2],2,3s2.3p5.(2P*<1/2>).5d,2[3/2]*,1,5.0,3.0,,,,MCDHF
,5266.80474121977,,2940.0,0.00461,,120188.232,122086.9164,3s2.3p5.(2P*<3/2>).4f,2[3/2],1,3s2.3p5.(2P*<3/2>).5d,2[3/2]*,2,3.0,5.0,,,,MCDHF
,3014.53827402491,,1370.0,0.00189,,120188.232,123505.4896,3s2.3p5.(2P*<3/2>).4f,2[3/2],1,3s2.3p5.(2P*<1/2>).5d,2[5/2]*,2,3.0,5.0,,,,MCDHF
,4775.84112113825,,11.5756,6.47E-06,,120188.232,122282.104,3s2.3p5.(2P*<3/2>).4f,2[3/2],1,3s2.3p5.(2P*<3/2>).5d,2[5/2]*,2,3.0,5.0,,,,MCDHF
,3140.01979405678,,69.8023,3.87E-05,,120188.232,123372.9253,3s2.3p5.(2P*<3/2>).4f,2[3/2],1,3s2.3p5.(2P*<1/2>).5d,2[3/2]*,2,3.0,5.0,,,,MCDHF
,5267.91176922077,,26900.0,0.042132,,120188.631,122086.9164,3s2.3p5.(2P*<3/2>).4f,2[3/2],2,3s2.3p5.(2P*<3/2>).5d,2[3/2]*,2,5.0,5.0,,,,MCDHF
,5385.45476988111,,7420.0,0.012127,,120230.063,122086.9164,3s2.3p5.(2P*<3/2>).4f,2[5/2],2,3s2.3p5.(2P*<3/2>).5d,2[3/2]*,2,5.0,5.0,,,,MCDHF
,23130.136625091,,27.5946,0.00042,,121654.58,122086.9164,3s2.3p5.(2P*<1/2>).4f,2[5/2],2,3s2.3p5.(2P*<3/2>).5d,2[3/2]*,2,5.0,5.0,,,,MCDHF
,3014.90090653849,,108.0,0.00015,,120188.631,123505.4896,3s2.3p5.(2P*<3/2>).4f,2[3/2],2,3s2.3p5.(2P*<1/2>).5d,2[5/2]*,2,5.0,5.0,,,,MCDHF
,3053.03742724688,,25300.0,0.036385,,120230.063,123505.4896,3s2.3p5.(2P*<3/2>).4f,2[5/2],2,3s2.3p5.(2P*<1/2>).5d,2[5/2]*,2,5.0,5.0,,,,MCDHF
,5402.7490051378,,39.7713,0.00042,,121654.58,123505.4896,3s2.3p5.(2P*<1/2>).4f,2[5/2],2,3s2.3p5.(2P*<1/2>).5d,2[5/2]*,2,5.0,5.0,,,,MCDHF
,4776.7513600605,,0.204119,1.14E-07,,120188.631,122282.104,3s2.3p5.(2P*<3/2>).4f,2[3/2],2,3s2.3p5.(2P*<3/2>).5d,2[5/2]*,2,5.0,5.0,,,,MCDHF
,4873.19697803306,,298.0,0.000171,,120230.063,122282.104,3s2.3p5.(2P*<3/2>).4f,2[5/2],2,3s2.3p5.(2P*<3/2>).5d,2[5/2]*,2,5.0,5.0,,,,MCDHF
,15935.6454892561,,6240.0,0.00988,,121654.58,122282.104,3s2.3p5.(2P*<1/2>).4f,2[5/2],2,3s2.3p5.(2P*<3/2>).5d,2[5/2]*,2,5.0,5.0,,,,MCDHF
,3140.413246351,,641.0,0.000356,,120188.631,123372.9253,3s2.3p5.(2P*<3/2>).4f,2[3/2],2,3s2.3p5.(2P*<1/2>).5d,2[3/2]*,2,5.0,5.0,,,,MCDHF
,3181.81296075236,,88.9462,5.06E-05,,120230.063,123372.9253,3s2.3p5.(2P*<3/2>).4f,2[5/2],2,3s2.3p5.(2P*<1/2>).5d,2[3/2]*,2,5.0,5.0,,,,MCDHF
,5819.5521005004,,10400.0,0.015949,,121654.58,123372.9253,3s2.3p5.(2P*<1/2>).4f,2[5/2],2,3s2.3p5.(2P*<1/2>).5d,2[3/2]*,2,5.0,5.0,,,,MCDHF
,5384.54712512567,,109000.0,0.017799,,120229.75,122086.9164,3s2.3p5.(2P*<3/2>).4f,2[5/2],3,3s2.3p5.(2P*<3/2>).5d,2[3/2]*,2,7.0,5.0,,,,MCDHF
,5443.53842190951,,1.51921,2.54E-06,,120249.876,122086.9164,3s2.3p5.(2P*<3/2>).4f,2[7/2],3,3s2.3p5.(2P*<3/2>).5d,2[3/2]*,2,7.0,5.0,,,,MCDHF
,23058.5613671327,,0.00084,1.28E-08,,121653.238,122086.9164,3s2.3p5.(2P*<1/2>).4f,2[7/2],3,3s2.3p5.(2P*<3/2>).5d,2[3/2]*,2,7.0,5.0,,,,MCDHF
,23111.6403163149,,386.0,0.00587,,121654.234,122086.9164,3s2.3p5.(2P*<1/2>).4f,2[5/2],3,3s2.3p5.(2P*<3/2>).5d,2[3/2]*,2,7.0,5.0,,,,MCDHF
,3052.74570664897,,1730.0,0.00249,,120229.75,123505.4896,3s2.3p5.(2P*<3/2>).4f,2[5/2],3,3s2.3p5.(2P*<1/2>).5d,2[5/2]*,2,7.0,5.0,,,,MCDHF
,3071.61758999901,,126000.0,0.184805,,120249.876,123505.4896,3s2.3p5.(2P*<3/2>).4f,2[7/2],3,3s2.3p5.(2P*<1/2>).5d,2[5/2]*,2,7.0,5.0,,,,MCDHF
,5398.83458597093,,152.0,0.0016,,121653.238,123505.4896,3s2.3p5.(2P*<1/2>).4f,2[7/2],3,3s2.3p5.(2P*<1/2>).5d,2[5/2]*,2,7.0,5.0,,,,MCDHF
,5401.73923039043,,3.18954,3.37E-05,,121654.234,123505.4896,3s2.3p5.(2P*<1/2>).4f,2[5/2],3,3s2.3p5.(2P*<1/2>).5d,2[5/2]*,2,7.0,5.0,,,,MCDHF
,4872.45377746722,,15.3741,8.81E-06,,120229.75,122282.104,3s2.3p5.(2P*<3/2>).4f,2[5/2],3,3s2.3p5.(2P*<3/2>).5d,2[5/2]*,2,7.0,5.0,,,,MCDHF
,4920.70771586652,,496.0,0.000288,,120249.876,122282.104,3s2.3p5.(2P*<3/2>).4f,2[7/2],3,3s2.3p5.(2P*<3/2>).5d,2[5/2]*,2,7.0,5.0,,,,MCDHF
,15901.6388228969,,141000.0,0.223495,,121653.238,122282.104,3s2.3p5.(2P*<1/2>).4f,2[7/2],3,3s2.3p5.(2P*<3/2>).5d,2[5/2]*,2,7.0,5.0,,,,MCDHF
,15926.8638412408,,813.0,0.00129,,121654.234,122282.104,3s2.3p5.(2P*<1/2>).4f,2[5/2],3,3s2.3p5.(2P*<3/2>).5d,2[5/2]*,2,7.0,5.0,,,,MCDHF
,3181.4961131821,,1390.0,0.00079,,120229.75,123372.9253,3s2.3p5.(2P*<3/2>).4f,2[5/2],3,3s2.3p5.(2P*<1/2>).5d,2[3/2]*,2,7.0,5.0,,,,MCDHF
,3201.99876447676,,0.172647,9.95E-08,,120249.876,123372.9253,3s2.3p5.(2P*<3/2>).4f,2[7/2],3,3s2.3p5.(2P*<1/2>).5d,2[3/2]*,2,7.0,5.0,,,,MCDHF
,5815.01067083531,,46.212,7.22E-05,,121653.238,123372.9253,3s2.3p5.(2P*<1/2>).4f,2[7/2],3,3s2.3p5.(2P*<1/2>).5d,2[3/2]*,2,7.0,5.0,,,,MCDHF
,5818.38053174527,,139000.0,0.216659,,121654.234,123372.9253,3s2.3p5.(2P*<1/2>).4f,2[5/2],3,3s2.3p5.(2P*<1/2>).5d,2[3/2]*,2,7.0,5.0,,,,MCDHF
,5072.23059252984,,137.0,0.00029,,120188.631,122160.1502,3s2.3p5.(2P*<3/2>).4f,2[3/2],2,3s2.3p5.(2P*<3/2>).5d,2[7/2]*,3,5.0,7.0,,,,MCDHF
,5181.11306059123,,1300.0,0.00286,,120230.063,122160.1502,3s2.3p5.(2P*<3/2>).4f,2[5/2],2,3s2.3p5.(2P*<3/2>).5d,2[7/2]*,3,5.0,7.0,,,,MCDHF
,19779.6468225381,,1.42785,2.72E-05,,121654.58,122160.1502,3s2.3p5.(2P*<1/2>).4f,2[5/2],2,3s2.3p5.(2P*<3/2>).5d,2[7/2]*,3,5.0,7.0,,,,MCDHF
,2968.42336675194,,1420.0,0.00268,,120188.631,123557.4227,3s2.3p5.(2P*<3/2>).4f,2[3/2],2,3s2.3p5.(2P*<1/2>).5d,2[5/2]*,3,5.0,7.0,,,,MCDHF
,3005.38592205706,,667.0,0.00131,,120230.063,123557.4227,3s2.3p5.(2P*<3/2>).4f,2[5/2],2,3s2.3p5.(2P*<1/2>).5d,2[5/2]*,3,5.0,7.0,,,,MCDHF
,5255.29514341886,,0.744065,1.03E-05,,121654.58,123557.4227,3s2.3p5.(2P*<1/2>).4f,2[5/2],2,3s2.3p5.(2P*<1/2>).5d,2[5/2]*,3,5.0,7.0,,,,MCDHF
,4670.62517719182,,5.95502,4.55E-06,,120188.631,122329.672,3s2.3p5.(2P*<3/2>).4f,2[3/2],2,3s2.3p5.(2P*<3/2>).5d,2[5/2]*,3,5.0,7.0,,,,MCDHF
,4762.79154833112,,18.8564,1.48E-05,,120230.063,122329.672,3s2.3p5.(2P*<3/2>).4f,2[5/2],2,3s2.3p5.(2P*<3/2>).5d,2[5/2]*,3,5.0,7.0,,,,MCDHF
,14812.7958855977,,341.0,0.000724,,121654.58,122329.672,3s2.3p5.(2P*<1/2>).4f,2[5/2],2,3s2.3p5.(2P*<3/2>).5d,2[5/2]*,3,5.0,7.0,,,,MCDHF
,5180.27298173715,,1690.0,0.00373,,120229.75,122160.1502,3s2.3p5.(2P*<3/2>).4f,2[5/2],3,3s2.3p5.(2P*<3/2>).5d,2[7/2]*,3,7.0,7.0,,,,MCDHF
,5234.85057799556,,18100.0,0.040701,,120249.876,122160.1502,3s2.3p5.(2P*<3/2>).4f,2[7/2],3,3s2.3p5.(2P*<3/2>).5d,2[7/2]*,3,7.0,7.0,,,,MCDHF
,19727.2821605001,,0.598734,1.14E-05,,121653.238,122160.1502,3s2.3p5.(2P*<1/2>).4f,2[7/2],3,3s2.3p5.(2P*<3/2>).5d,2[7/2]*,3,7.0,7.0,,,,MCDHF
,19766.1193691759,,11.0247,0.00021,,121654.234,122160.1502,3s2.3p5.(2P*<1/2>).4f,2[5/2],3,3s2.3p5.(2P*<3/2>).5d,2[7/2]*,3,7.0,7.0,,,,MCDHF
,3005.1032362648,,24400.0,0.047988,,120229.75,123557.4227,3s2.3p5.(2P*<3/2>).4f,2[5/2],3,3s2.3p5.(2P*<1/2>).5d,2[5/2]*,3,7.0,7.0,,,,MCDHF
,3023.38890634561,,735.0,0.00147,,120249.876,123557.4227,3s2.3p5.(2P*<3/2>).4f,2[7/2],3,3s2.3p5.(2P*<1/2>).5d,2[5/2]*,3,7.0,7.0,,,,MCDHF
,5251.5914028718,,1.46519,2.03E-05,,121653.238,123557.4227,3s2.3p5.(2P*<1/2>).4f,2[7/2],3,3s2.3p5.(2P*<1/2>).5d,2[5/2]*,3,7.0,7.0,,,,MCDHF
,5254.33972994901,,20.6502,0.000286,,121654.234,123557.4227,3s2.3p5.(2P*<1/2>).4f,2[5/2],3,3s2.3p5.(2P*<1/2>).5d,2[5/2]*,3,7.0,7.0,,,,MCDHF
,4762.08163922278,,161.0,0.000126,,120229.75,122329.672,3s2.3p5.(2P*<3/2>).4f,2[5/2],3,3s2.3p5.(2P*<3/2>).5d,2[5/2]*,3,7.0,7.0,,,,MCDHF
,4808.16387761107,,80.137,6.35E-05,,120249.876,122329.672,3s2.3p5.(2P*<3/2>).4f,2[7/2],3,3s2.3p5.(2P*<3/2>).5d,2[5/2]*,3,7.0,7.0,,,,MCDHF
,14783.4082852132,,5200.0,0.011028,,121653.238,122329.672,3s2.3p5.(2P*<1/2>).4f,2[7/2],3,3s2.3p5.(2P*<3/2>).5d,2[5/2]*,3,7.0,7.0,,,,MCDHF
,14805.2078799236,,6830.0,0.014514,,121654.234,122329.672,3s2.3p5.(2P*<1/2>).4f,2[5/2],3,3s2.3p5.(2P*<3/2>).5d,2[5/2]*,3,7.0,7.0,,,,MCDHF
,5120.39272183282,,122000.0,0.263854,,120207.175,122160.1502,3s2.3p5.(2P*<3/2>).4f,2[9/2],4,3s2.3p5.(2P*<3/2>).5d,2[7/2]*,3,9.0,7.0,,,,MCDHF
,5234.95471397726,,6320.0,0.014224,,120249.914,122160.1502,3s2.3p5.(2P*<3/2>).4f,2[7/2],4,3s2.3p5.(2P*<3/2>).5d,2[7/2]*,3,9.0,7.0,,,,MCDHF
,19728.9167917149,,119.0,0.00226,,121653.28,122160.1502,3s2.3p5.(2P*<1/2>).4f,2[7/2],4,3s2.3p5.(2P*<3/2>).5d,2[7/2]*,3,9.0,7.0,,,,MCDHF
,2984.8539258754,,12800.0,0.024643,,120207.175,123557.4227,3s2.3p5.(2P*<3/2>).4f,2[9/2],4,3s2.3p5.(2P*<1/2>).5d,2[5/2]*,3,9.0,7.0,,,,MCDHF
,3023.4236420905,,117000.0,0.023528,,120249.914,123557.4227,3s2.3p5.(2P*<3/2>).4f,2[7/2],4,3s2.3p5.(2P*<1/2>).5d,2[5/2]*,3,9.0,7.0,,,,MCDHF
,5251.70723811825,,15.3713,0.000213,,121653.28,123557.4227,3s2.3p5.(2P*<1/2>).4f,2[7/2],4,3s2.3p5.(2P*<1/2>).5d,2[5/2]*,3,9.0,7.0,,,,MCDHF
,4711.4318653925,,394.0,0.000304,,120207.175,122329.672,3s2.3p5.(2P*<3/2>).4f,2[9/2],4,3s2.3p5.(2P*<3/2>).5d,2[5/2]*,3,9.0,7.0,,,,MCDHF
,4808.25172928773,,125.0,9.91E-05,,120249.914,122329.672,3s2.3p5.(2P*<3/2>).4f,2[7/2],4,3s2.3p5.(2P*<3/2>).5d,2[5/2]*,3,9.0,7.0,,,,MCDHF
,14784.326248684,,140000.0,0.296413,,121653.28,122329.672,3s2.3p5.(2P*<1/2>).4f,2[7/2],4,3s2.3p5.(2P*<3/2>).5d,2[5/2]*,3,9.0,7.0,,,,MCDHF
,5536.11640548378,,738.0,0.00223,,120229.75,122036.0704,3s2.3p5.(2P*<3/2>).4f,2[5/2],3,3s2.3p5.(2P*<3/2>).5d,2[7/2]*,4,7.0,9.0,,,,MCDHF
,5598.49476630317,,406.0,0.00125,,120249.876,122036.0704,3s2.3p5.(2P*<3/2>).4f,2[7/2],3,3s2.3p5.(2P*<3/2>).5d,2[7/2]*,4,7.0,9.0,,,,MCDHF
,26121.091109321,,0.0472632,1.41E-06,,121653.238,122036.0704,3s2.3p5.(2P*<1/2>).4f,2[7/2],3,3s2.3p5.(2P*<3/2>).5d,2[7/2]*,4,7.0,9.0,,,,MCDHF
,26189.226590236,,0.198396,5.92E-06,,121654.234,122036.0704,3s2.3p5.(2P*<1/2>).4f,2[5/2],3,3s2.3p5.(2P*<3/2>).5d,2[7/2]*,4,7.0,9.0,,,,MCDHF
,5467.78126294157,,2930.0,0.00867,,120207.175,122036.0704,3s2.3p5.(2P*<3/2>).4f,2[9/2],4,3s2.3p5.(2P*<3/2>).5d,2[7/2]*,4,9.0,9.0,,,,MCDHF
,5598.61387278294,,14200.0,0.043843,,120249.914,122036.0704,3s2.3p5.(2P*<3/2>).4f,2[7/2],4,3s2.3p5.(2P*<3/2>).5d,2[7/2]*,4,9.0,9.0,,,,MCDHF
,26123.9571316314,,1.65898,4.94E-05,,121653.28,122036.0704,3s2.3p5.(2P*<1/2>).4f,2[7/2],4,3s2.3p5.(2P*<3/2>).5d,2[7/2]*,4,9.0,9.0,,,,MCDHF
,5467.65868949847,,128000.0,0.378195,,120207.134,122036.0704,3s2.3p5.(2P*<3/2>).4f,2[9/2],5,3s2.3p5.(2P*<3/2>).5d,2[7/2]*,4,11.0,9.0,,,,MCDHF
,13786.2046413188,,644000.0,0.889186,,121068.736,121794.0988,3s2.3p5.(2P*<3/2>).6p,2[1/2],1,3s2.3p5.(2P*<3/2>).5d,2[1/2]*,0,3.0,1.0,,,,MCDHF
,12261.8413214734,,97300.0,0.201893,,121794.0988,122609.637,3s2.3p5.(2P*<3/2>).5d,2[1/2]*,0,3s2.3p5.(2P*<1/2>).6p,2[3/2],1,1.0,3.0,,,,MCDHF
,18624.1311377216,,1.39466,2.36E-05,,121257.161,121794.0988,3s2.3p5.(2P*<3/2>).6p,2[3/2],1,3s2.3p5.(2P*<3/2>).5d,2[1/2]*,0,3.0,1.0,,,,MCDHF
,12389.6362179793,,911.0,0.014442,,121794.0988,122601.225,3s2.3p5.(2P*<3/2>).5d,2[1/2]*,0,3s2.3p5.(2P*<1/2>).6p,2[1/2],1,1.0,3.0,,,,MCDHF
,11659.0977747095,,9940.0,0.093519,,121932.8477,122790.547,3s2.3p5.(2P*<3/2>).5d,2[1/2]*,1,3s2.3p5.(2P*<1/2>).6p,2[1/2],0,3.0,1.0,,,,MCDHF
,21616.4944228363,,4660.0,0.015317,,121470.238,121932.8477,3s2.3p5.(2P*<3/2>).6p,2[1/2],0,3s2.3p5.(2P*<3/2>).5d,2[1/2]*,1,1.0,3.0,,,,MCDHF
,36185.3413182306,,498000.0,1.3522,,122514.192,122790.547,3s2.3p5.(2P*<3/2>).5d,2[3/2]*,1,3s2.3p5.(2P*<1/2>).6p,2[1/2],0,3.0,1.0,,,,MCDHF
,9578.96612302843,,1230.0,0.287079,,121470.238,122514.192,3s2.3p5.(2P*<3/2>).6p,2[1/2],0,3s2.3p5.(2P*<3/2>).5d,2[3/2]*,1,1.0,3.0,,,,MCDHF
,9755.9738266735,,16300.0,0.010526,,122790.547,123815.56,3s2.3p5.(2P*<1/2>).6p,2[1/2],0,3s2.3p5.(2P*<1/2>).5d,2[3/2]*,1,1.0,3.0,,,,MCDHF
,4263.80684613882,,514000.0,1.42007,,121470.238,123815.56,3s2.3p5.(2P*<3/2>).6p,2[1/2],0,3s2.3p5.(2P*<1/2>).5d,2[3/2]*,1,1.0,3.0,,,,MCDHF
,11572.5779433377,,554000.0,2.05341,,121068.736,121932.8477,3s2.3p5.(2P*<3/2>).6p,2[1/2],1,3s2.3p5.(2P*<3/2>).5d,2[1/2]*,1,3.0,3.0,,,,MCDHF
,14775.6473100268,,34600.0,0.188206,,121932.8477,122609.637,3s2.3p5.(2P*<3/2>).5d,2[1/2]*,1,3s2.3p5.(2P*<1/2>).6p,2[3/2],1,3.0,3.0,,,,MCDHF
,14799.7585271398,,537.0,0.011591,,121257.161,121932.8477,3s2.3p5.(2P*<3/2>).6p,2[3/2],1,3s2.3p5.(2P*<3/2>).5d,2[1/2]*,1,3.0,3.0,,,,MCDHF
,14961.6092587224,,302.0,0.00607,,121932.8477,122601.225,3s2.3p5.(2P*<3/2>).5d,2[1/2]*,1,3s2.3p5.(2P*<1/2>).6p,2[1/2],1,3.0,3.0,,,,MCDHF
,6918.23203196781,,11500.0,0.017902,,121068.736,122514.192,3s2.3p5.(2P*<3/2>).6p,2[1/2],1,3s2.3p5.(2P*<3/2>).5d,2[3/2]*,1,3.0,3.0,,,,MCDHF
,104772.382000097,,449000.0,0.891352,,122514.192,122609.637,3s2.3p5.(2P*<3/2>).5d,2[3/2]*,1,3s2.3p5.(2P*<1/2>).6p,2[3/2],1,3.0,3.0,,,,MCDHF
,7955.25329128715,,534.0,0.12413,,121257.161,122514.192,3s2.3p5.(2P*<3/2>).6p,2[3/2],1,3s2.3p5.(2P*<3/2>).5d,2[3/2]*,1,3.0,3.0,,,,MCDHF
,114898.946376648,,846.0,0.254515,,122514.192,122601.225,3s2.3p5.(2P*<3/2>).5d,2[3/2]*,1,3s2.3p5.(2P*<1/2>).6p,2[1/2],1,3.0,3.0,,,,MCDHF
,3640.56816162959,,6350.0,0.00307,,121068.736,123815.56,3s2.3p5.(2P*<3/2>).6p,2[1/2],1,3s2.3p5.(2P*<1/2>).5d,2[3/2]*,1,3.0,3.0,,,,MCDHF
,8292.40341215819,,23800.0,0.013063,,122609.637,123815.56,3s2.3p5.(2P*<1/2>).6p,2[3/2],1,3s2.3p5.(2P*<1/2>).5d,2[3/2]*,1,3.0,3.0,,,,MCDHF
,3908.69446087181,,200000.0,0.402181,,121257.161,123815.56,3s2.3p5.(2P*<3/2>).6p,2[3/2],1,3s2.3p5.(2P*<1/2>).5d,2[3/2]*,1,3.0,3.0,,,,MCDHF
,8234.95987515806,,242000.0,0.497754,,122601.225,123815.56,3s2.3p5.(2P*<1/2>).6p,2[1/2],1,3s2.3p5.(2P*<1/2>).5d,2[3/2]*,1,3.0,3.0,,,,MCDHF
,14240.8292263968,,33300.0,0.156524,,121932.8477,122635.054,3s2.3p5.(2P*<3/2>).5d,2[1/2]*,1,3s2.3p5.(2P*<1/2>).6p,2[3/2],2,3.0,5.0,,,,MCDHF
,15100.4778244198,,128000.0,0.712097,,121270.617,121932.8477,3s2.3p5.(2P*<3/2>).6p,2[3/2],2,3s2.3p5.(2P*<3/2>).5d,2[1/2]*,1,5.0,3.0,,,,MCDHF
,13494.4990349408,,196.0,0.00631,,121191.805,121932.8477,3s2.3p5.(2P*<3/2>).6p,2[5/2],2,3s2.3p5.(2P*<3/2>).5d,2[1/2]*,1,5.0,3.0,,,,MCDHF
,82738.991577165,,40900.0,0.07421,,122514.192,122635.054,3s2.3p5.(2P*<3/2>).5d,2[3/2]*,1,3s2.3p5.(2P*<1/2>).6p,2[3/2],2,3.0,5.0,,,,MCDHF
,8041.33244878678,,63.811,0.63811,,121270.617,122514.192,3s2.3p5.(2P*<3/2>).6p,2[3/2],2,3s2.3p5.(2P*<3/2>).5d,2[3/2]*,1,5.0,3.0,,,,MCDHF
,7562.082809344,,84.4743,0.029278,,121191.805,122514.192,3s2.3p5.(2P*<3/2>).6p,2[5/2],2,3s2.3p5.(2P*<3/2>).5d,2[3/2]*,1,5.0,3.0,,,,MCDHF
,8470.94381561809,,631.0,0.00033,,122635.054,123815.56,3s2.3p5.(2P*<1/2>).6p,2[3/2],2,3s2.3p5.(2P*<1/2>).5d,2[3/2]*,1,5.0,3.0,,,,MCDHF
,3929.36108981616,,4260.0,0.00235,,121270.617,123815.56,3s2.3p5.(2P*<3/2>).6p,2[3/2],2,3s2.3p5.(2P*<1/2>).5d,2[3/2]*,1,5.0,3.0,,,,MCDHF
,3811.33146959224,,28100.0,0.05851,,121191.805,123815.56,3s2.3p5.(2P*<3/2>).6p,2[5/2],2,3s2.3p5.(2P*<1/2>).5d,2[3/2]*,1,5.0,3.0,,,,MCDHF
,9821.44225129459,,364000.0,1.91181,,121068.736,122086.9164,3s2.3p5.(2P*<3/2>).6p,2[1/2],1,3s2.3p5.(2P*<3/2>).5d,2[3/2]*,2,3.0,5.0,,,,MCDHF
,19130.6789898848,,42800.0,0.318472,,122086.9164,122609.637,3s2.3p5.(2P*<3/2>).5d,2[3/2]*,2,3s2.3p5.(2P*<1/2>).6p,2[3/2],1,5.0,3.0,,,,MCDHF
,12051.7444056404,,123.0,0.00422,,121257.161,122086.9164,3s2.3p5.(2P*<3/2>).6p,2[3/2],1,3s2.3p5.(2P*<3/2>).5d,2[3/2]*,2,3.0,5.0,,,,MCDHF
,19443.5792051697,,1260.0,0.03941,,122086.9164,122601.225,3s2.3p5.(2P*<3/2>).5d,2[3/2]*,2,3s2.3p5.(2P*<1/2>).6p,2[1/2],1,5.0,3.0,,,,MCDHF
,4103.82075561518,,262.0,0.0011,,121068.736,123505.4896,3s2.3p5.(2P*<3/2>).6p,2[1/2],1,3s2.3p5.(2P*<1/2>).5d,2[5/2]*,2,3.0,5.0,,,,MCDHF
,11162.5506249577,,529000.0,3.03174,,122609.637,123505.4896,3s2.3p5.(2P*<1/2>).6p,2[3/2],1,3s2.3p5.(2P*<1/2>).5d,2[5/2]*,2,3.0,5.0,,,,MCDHF
,4447.74842965569,,445.0,0.040584,,121257.161,123505.4896,3s2.3p5.(2P*<3/2>).6p,2[3/2],1,3s2.3p5.(2P*<1/2>).5d,2[5/2]*,2,3.0,5.0,,,,MCDHF
,11058.7100280162,,7.28792,0.000574,,122601.225,123505.4896,3s2.3p5.(2P*<1/2>).6p,2[1/2],1,3s2.3p5.(2P*<1/2>).5d,2[5/2]*,2,3.0,5.0,,,,MCDHF
,8241.52276967909,,0.982619,1.03E-06,,121068.736,122282.104,3s2.3p5.(2P*<3/2>).6p,2[1/2],1,3s2.3p5.(2P*<3/2>).5d,2[5/2]*,2,3.0,5.0,,,,MCDHF
,30531.2747112509,,1050.0,0.00128,,122282.104,122609.637,3s2.3p5.(2P*<3/2>).5d,2[5/2]*,2,3s2.3p5.(2P*<1/2>).6p,2[3/2],1,5.0,3.0,,,,MCDHF
,9756.64012535318,,727000.0,4.40617,,121257.161,122282.104,3s2.3p5.(2P*<3/2>).6p,2[3/2],1,3s2.3p5.(2P*<3/2>).5d,2[5/2]*,2,3.0,5.0,,,,MCDHF
,31336.0762845442,,13300.0,0.083285,,122282.104,122601.225,3s2.3p5.(2P*<3/2>).5d,2[5/2]*,2,3s2.3p5.(2P*<1/2>).6p,2[1/2],1,5.0,3.0,,,,MCDHF
,4339.92120352265,,75.0961,7.82E-05,,121068.736,123372.9253,3s2.3p5.(2P*<3/2>).6p,2[1/2],1,3s2.3p5.(2P*<1/2>).5d,2[3/2]*,2,3.0,5.0,,,,MCDHF
,13101.2095953783,,1830.0,0.00221,,122609.637,123372.9253,3s2.3p5.(2P*<1/2>).6p,2[3/2],1,3s2.3p5.(2P*<1/2>).5d,2[3/2]*,2,3.0,5.0,,,,MCDHF
,4726.42439424843,,0.111647,6.61E-07,,121257.161,123372.9253,3s2.3p5.(2P*<3/2>).6p,2[3/2],1,3s2.3p5.(2P*<1/2>).5d,2[3/2]*,2,3.0,5.0,,,,MCDHF
,12958.3984870811,,682000.0,4.16531,,122601.225,123372.9253,3s2.3p5.(2P*<1/2>).6p,2[1/2],1,3s2.3p5.(2P*<1/2>).5d,2[3/2]*,2,3.0,5.0,,,,MCDHF
,18243.5943091661,,4230.0,0.027577,,122086.9164,122635.054,3s2.3p5.(2P*<3/2>).5d,2[3/2]*,2,3s2.3p5.(2P*<1/2>).6p,2[3/2],2,5.0,5.0,,,,MCDHF
,12250.4071422813,,342000.0,2.59327,,121270.617,122086.9164,3s2.3p5.(2P*<3/2>).6p,2[3/2],2,3s2.3p5.(2P*<3/2>).5d,2[3/2]*,2,5.0,5.0,,,,MCDHF
,11171.7938124795,,1120.0,0.055824,,121191.805,122086.9164,3s2.3p5.(2P*<3/2>).6p,2[5/2],2,3s2.3p5.(2P*<3/2>).5d,2[3/2]*,2,5.0,5.0,,,,MCDHF
,11488.5007001093,,290000.0,1.47773,,122635.054,123505.4896,3s2.3p5.(2P*<1/2>).6p,2[3/2],2,3s2.3p5.(2P*<1/2>).5d,2[5/2]*,2,5.0,5.0,,,,MCDHF
,4474.52798875425,,21600.0,0.125555,,121270.617,123505.4896,3s2.3p5.(2P*<3/2>).6p,2[3/2],2,3s2.3p5.(2P*<1/2>).5d,2[5/2]*,2,5.0,5.0,,,,MCDHF
,4322.1102824473,,6.19013,0.000759,,121191.805,123505.4896,3s2.3p5.(2P*<3/2>).6p,2[5/2],2,3s2.3p5.(2P*<1/2>).5d,2[5/2]*,2,5.0,5.0,,,,MCDHF
,28332.6250177081,,2090.0,0.00242,,122282.104,122635.054,3s2.3p5.(2P*<3/2>).5d,2[5/2]*,2,3s2.3p5.(2P*<1/2>).6p,2[3/2],2,5.0,5.0,,,,MCDHF
,9886.43452659295,,61.1136,7.52E-05,,121270.617,122282.104,3s2.3p5.(2P*<3/2>).6p,2[3/2],2,3s2.3p5.(2P*<3/2>).5d,2[5/2]*,2,5.0,5.0,,,,MCDHF
,9171.79599357596,,76500.0,0.485611,,121191.805,122282.104,3s2.3p5.(2P*<3/2>).6p,2[5/2],2,3s2.3p5.(2P*<3/2>).5d,2[5/2]*,2,5.0,5.0,,,,MCDHF
,13552.498924948,,546.0,0.000625,,122635.054,123372.9253,3s2.3p5.(2P*<1/2>).6p,2[3/2],2,3s2.3p5.(2P*<1/2>).5d,2[3/2]*,2,5.0,5.0,,,,MCDHF
,4756.67626865193,,14900.0,0.018081,,121270.617,123372.9253,3s2.3p5.(2P*<3/2>).6p,2[3/2],2,3s2.3p5.(2P*<1/2>).5d,2[3/2]*,2,5.0,5.0,,,,MCDHF
,4584.79983887177,,121000.0,0.752005,,121191.805,123372.9253,3s2.3p5.(2P*<3/2>).6p,2[5/2],2,3s2.3p5.(2P*<1/2>).5d,2[3/2]*,2,5.0,5.0,,,,MCDHF
,10851.2902292595,,36900.0,0.229301,,121165.367,122086.9164,3s2.3p5.(2P*<3/2>).6p,2[5/2],3,3s2.3p5.(2P*<3/2>).5d,2[3/2]*,2,7.0,5.0,,,,MCDHF
,4273.28038283122,,18300.0,0.08916,,121165.367,123505.4896,3s2.3p5.(2P*<3/2>).6p,2[5/2],3,3s2.3p5.(2P*<1/2>).5d,2[5/2]*,2,7.0,5.0,,,,MCDHF
,8954.65987067674,,204.0,0.000231,,121165.367,122282.104,3s2.3p5.(2P*<3/2>).6p,2[5/2],3,3s2.3p5.(2P*<3/2>).5d,2[5/2]*,2,7.0,5.0,,,,MCDHF
,4529.89169074266,,1230.0,0.00138,,121165.367,123372.9253,3s2.3p5.(2P*<3/2>).6p,2[5/2],3,3s2.3p5.(2P*<1/2>).5d,2[3/2]*,2,7.0,5.0,,,,MCDHF
,21056.8961545475,,705000.0,5.97128,,122160.1502,122635.054,3s2.3p5.(2P*<3/2>).5d,2[7/2]*,3,3s2.3p5.(2P*<1/2>).6p,2[3/2],2,7.0,5.0,,,,MCDHF
,11241.8513440532,,4380.0,0.042923,,121270.617,122160.1502,3s2.3p5.(2P*<3/2>).6p,2[3/2],2,3s2.3p5.(2P*<3/2>).5d,2[7/2]*,3,5.0,7.0,,,,MCDHF
,10326.8958218618,,371.0,0.023094,,121191.805,122160.1502,3s2.3p5.(2P*<3/2>).6p,2[5/2],2,3s2.3p5.(2P*<3/2>).5d,2[7/2]*,3,5.0,7.0,,,,MCDHF
,10841.6515000998,,55400.0,0.377613,,122635.054,123557.4227,3s2.3p5.(2P*<1/2>).6p,2[3/2],2,3s2.3p5.(2P*<1/2>).5d,2[5/2]*,3,5.0,7.0,,,,MCDHF
,4372.91196186891,,632000.0,4.91147,,121270.617,123557.4227,3s2.3p5.(2P*<3/2>).6p,2[3/2],2,3s2.3p5.(2P*<1/2>).5d,2[5/2]*,3,5.0,7.0,,,,MCDHF
,4227.22572628705,,92.9941,0.014478,,121191.805,123557.4227,3s2.3p5.(2P*<3/2>).6p,2[5/2],2,3s2.3p5.(2P*<1/2>).5d,2[5/2]*,3,5.0,7.0,,,,MCDHF
,32745.8723827864,,777.0,0.00121,,122329.672,122635.054,3s2.3p5.(2P*<3/2>).5d,2[5/2]*,3,3s2.3p5.(2P*<1/2>).6p,2[3/2],2,7.0,5.0,,,,MCDHF
,9442.38023520963,,233.0,0.000387,,121270.617,122329.672,3s2.3p5.(2P*<3/2>).6p,2[3/2],2,3s2.3p5.(2P*<3/2>).5d,2[5/2]*,3,5.0,7.0,,,,MCDHF
,8788.37333361446,,829000.0,6.78083,,121191.805,122329.672,3s2.3p5.(2P*<3/2>).6p,2[5/2],2,3s2.3p5.(2P*<3/2>).5d,2[5/2]*,3,5.0,7.0,,,,MCDHF
,10052.44157722,,113000.0,0.913488,,121165.367,122160.1502,3s2.3p5.(2P*<3/2>).6p,2[5/2],3,3s2.3p5.(2P*<3/2>).5d,2[7/2]*,3,7.0,7.0,,,,MCDHF
,4180.50465965321,,183000.0,1.19595,,121165.367,123557.4227,3s2.3p5.(2P*<3/2>).6p,2[5/2],3,3s2.3p5.(2P*<1/2>).5d,2[5/2]*,3,7.0,7.0,,,,MCDHF
,8588.81478650348,,2380.0,0.00363,,121165.367,122329.672,3s2.3p5.(2P*<3/2>).6p,2[5/2],3,3s2.3p5.(2P*<3/2>).5d,2[5/2]*,3,7.0,7.0,,,,MCDHF
,11484.9672115671,,784000.0,9.25165,,121165.367,122036.0704,3s2.3p5.(2P*<3/2>).6p,2[5/2],3,3s2.3p5.(2P*<3/2>).5d,2[7/2]*,4,7.0,9.0,,,,MCDHF
,80.7218450902104,,10200000.0,0.00304,,0.0,123882.203,3s2.3p6,1S,0,3s2.3p5.(2P*<1/2>).7s,2[1/2]*,1,1.0,3.0,,,,MCDHF
,3565.99806580265,,8540.0,0.00164,,121068.736,123873.0,3s2.3p5.(2P*<3/2>).6p,2[1/2],1,3s2.3p5.(2P*<1/2>).7s,2[1/2]*,0,3.0,1.0,,,,MCDHF
,7915.38140661078,,1940.0,0.00043,,122609.637,123873.0,3s2.3p5.(2P*<1/2>).6p,2[3/2],1,3s2.3p5.(2P*<1/2>).7s,2[1/2]*,0,3.0,1.0,,,,MCDHF
,3822.86524514696,,755000.0,0.744289,,121257.161,123873.0,3s2.3p5.(2P*<3/2>).6p,2[3/2],1,3s2.3p5.(2P*<1/2>).7s,2[1/2]*,0,3.0,1.0,,,,MCDHF
,7863.02608558908,,611000.0,0.612591,,122601.225,123873.0,3s2.3p5.(2P*<1/2>).6p,2[1/2],1,3s2.3p5.(2P*<1/2>).7s,2[1/2]*,0,3.0,1.0,,,,MCDHF
,32137.2905050367,,120000.0,0.563324,,122479.382,122790.547,3s2.3p5.(2P*<3/2>).7s,2[3/2]*,1,3s2.3p5.(2P*<1/2>).6p,2[1/2],0,3.0,1.0,,,,MCDHF
,9909.38855108884,,1080.0,0.010741,,121470.238,122479.382,3s2.3p5.(2P*<3/2>).6p,2[1/2],0,3s2.3p5.(2P*<3/2>).7s,2[3/2]*,1,1.0,3.0,,,,MCDHF
,9160.3948496597,,2230.0,0.00173,,122790.547,123882.203,3s2.3p5.(2P*<1/2>).6p,2[1/2],0,3s2.3p5.(2P*<1/2>).7s,2[1/2]*,1,1.0,3.0,,,,MCDHF
,4145.99714340797,,127000.0,0.53266,,121470.238,123882.203,3s2.3p5.(2P*<3/2>).6p,2[1/2],0,3s2.3p5.(2P*<1/2>).7s,2[1/2]*,1,1.0,3.0,,,,MCDHF
,7088.95073604579,,79500.0,0.185178,,121068.736,122479.382,3s2.3p5.(2P*<3/2>).6p,2[1/2],1,3s2.3p5.(2P*<3/2>).7s,2[3/2]*,1,3.0,3.0,,,,MCDHF
,76772.4847414659,,375000.0,1.17719,,122479.382,122609.637,3s2.3p5.(2P*<3/2>).7s,2[3/2]*,1,3s2.3p5.(2P*<1/2>).6p,2[3/2],1,3.0,3.0,,,,MCDHF
,8181.82636364451,,23.0885,0.00366,,121257.161,122479.382,3s2.3p5.(2P*<3/2>).6p,2[3/2],1,3s2.3p5.(2P*<3/2>).7s,2[3/2]*,1,3.0,3.0,,,,MCDHF
,82072.8314306061,,0.188454,0.00247,,122479.382,122601.225,3s2.3p5.(2P*<3/2>).7s,2[3/2]*,1,3s2.3p5.(2P*<1/2>).6p,2[1/2],1,3.0,3.0,,,,MCDHF
,3554.33349671421,,4380.0,0.00249,,121068.736,123882.203,3s2.3p5.(2P*<3/2>).6p,2[1/2],1,3s2.3p5.(2P*<1/2>).7s,2[1/2]*,1,3.0,3.0,,,,MCDHF
,7858.13859556209,,0.096251,6.3E-08,,122609.637,123882.203,3s2.3p5.(2P*<1/2>).6p,2[3/2],1,3s2.3p5.(2P*<1/2>).7s,2[1/2]*,1,3.0,3.0,,,,MCDHF
,3809.46285811808,,210000.0,0.598102,,121257.161,123882.203,3s2.3p5.(2P*<3/2>).6p,2[3/2],1,3s2.3p5.(2P*<1/2>).7s,2[1/2]*,1,3.0,3.0,,,,MCDHF
,7806.53531910782,,251000.0,0.734824,,122601.225,123882.203,3s2.3p5.(2P*<1/2>).6p,2[1/2],1,3s2.3p5.(2P*<1/2>).7s,2[1/2]*,1,3.0,3.0,,,,MCDHF
,64237.6278328769,,594000.0,1.66531,,122479.382,122635.054,3s2.3p5.(2P*<3/2>).7s,2[3/2]*,1,3s2.3p5.(2P*<1/2>).6p,2[3/2],2,3.0,5.0,,,,MCDHF
,8272.90664438498,,177000.0,0.564799,,121270.617,122479.382,3s2.3p5.(2P*<3/2>).6p,2[3/2],2,3s2.3p5.(2P*<3/2>).7s,2[3/2]*,1,5.0,3.0,,,,MCDHF
,7766.52580777691,,14.0284,0.00281,,121191.805,122479.382,3s2.3p5.(2P*<3/2>).6p,2[5/2],2,3s2.3p5.(2P*<3/2>).7s,2[3/2]*,1,5.0,3.0,,,,MCDHF
,8018.28811152483,,11.4845,7.13E-06,,122635.054,123882.203,3s2.3p5.(2P*<1/2>).6p,2[3/2],2,3s2.3p5.(2P*<1/2>).7s,2[1/2]*,1,5.0,3.0,,,,MCDHF
,3829.09082833191,,1770.0,0.00117,,121270.617,123882.203,3s2.3p5.(2P*<3/2>).6p,2[3/2],2,3s2.3p5.(2P*<1/2>).7s,2[1/2]*,1,5.0,3.0,,,,MCDHF
,3716.92218028708,,760000.0,2.25529,,121191.805,123882.203,3s2.3p5.(2P*<3/2>).6p,2[5/2],2,3s2.3p5.(2P*<1/2>).7s,2[1/2]*,1,5.0,3.0,,,,MCDHF
,7292.1844117599,,251000.0,1.04105,,121068.736,122440.0672,3s2.3p5.(2P*<3/2>).6p,2[1/2],1,3s2.3p5.(2P*<3/2>).7s,2[3/2]*,2,3.0,5.0,,,,MCDHF
,58972.7651975773,,39700.0,0.223836,,122440.0672,122609.637,3s2.3p5.(2P*<3/2>).7s,2[3/2]*,2,3s2.3p5.(2P*<1/2>).6p,2[3/2],1,5.0,3.0,,,,MCDHF
,8453.75567394938,,0.853885,8.46E-05,,121257.161,122440.0672,3s2.3p5.(2P*<3/2>).6p,2[3/2],1,3s2.3p5.(2P*<3/2>).7s,2[3/2]*,2,3.0,5.0,,,,MCDHF
,62050.9835701402,,594.0,0.050538,,122440.0672,122601.225,3s2.3p5.(2P*<3/2>).7s,2[3/2]*,2,3s2.3p5.(2P*<1/2>).6p,2[1/2],1,5.0,3.0,,,,MCDHF
,51285.5229174491,,110000.0,0.550772,,122440.0672,122635.054,3s2.3p5.(2P*<3/2>).7s,2[3/2]*,2,3s2.3p5.(2P*<1/2>).6p,2[3/2],2,5.0,5.0,,,,MCDHF
,8551.02679874692,,321000.0,1.84164,,121270.617,122440.0672,3s2.3p5.(2P*<3/2>).6p,2[3/2],2,3s2.3p5.(2P*<3/2>).7s,2[3/2]*,2,5.0,5.0,,,,MCDHF
,8011.13740366399,,80.3617,0.010608,,121191.805,122440.0672,3s2.3p5.(2P*<3/2>).6p,2[5/2],2,3s2.3p5.(2P*<3/2>).7s,2[3/2]*,2,5.0,5.0,,,,MCDHF
,7844.98190241121,,648000.0,3.11708,,121165.367,122440.0672,3s2.3p5.(2P*<3/2>).6p,2[5/2],3,3s2.3p5.(2P*<3/2>).7s,2[3/2]*,2,7.0,5.0,,,,MCDHF
,907.581106666283,,2900000.0,0.153539,,111667.766,122686.065,3s2.3p5.(2P*<3/2>).3d,2[1/2]*,0,3s2.3p5.(2P*<3/2>).5f,2[3/2],1,1.0,3.0,,,,MCDHF
,920.129366508414,,2550000.0,0.13901,,111818.028,122686.065,3s2.3p5.(2P*<3/2>).3d,2[1/2]*,1,3s2.3p5.(2P*<3/2>).5f,2[3/2],1,3.0,3.0,,,,MCDHF
,1171.18880231071,,236000.0,0.018926,,114147.732,122686.065,3s2.3p5.(2P*<3/2>).3d,2[3/2]*,1,3s2.3p5.(2P*<3/2>).5f,2[3/2],1,3.0,3.0,,,,MCDHF
,1366.26972432366,,13200.0,0.00169,,115366.866,122686.065,3s2.3p5.(2P*<1/2>).3d,2[3/2]*,1,3s2.3p5.(2P*<3/2>).5f,2[3/2],1,3.0,3.0,,,,MCDHF
,920.100158422846,,2420000.0,0.21975,,111818.028,122686.41,3s2.3p5.(2P*<3/2>).3d,2[1/2]*,1,3s2.3p5.(2P*<3/2>).5f,2[3/2],2,3.0,5.0,,,,MCDHF
,918.265382001154,,974000.0,0.087818,,111818.028,122708.126,3s2.3p5.(2P*<3/2>).3d,2[1/2]*,1,3s2.3p5.(2P*<3/2>).5f,2[5/2],2,3.0,5.0,,,,MCDHF
,811.72731676717,,260000.0,0.01747,,111818.028,124137.436,3s2.3p5.(2P*<3/2>).3d,2[1/2]*,1,3s2.3p5.(2P*<1/2>).5f,2[5/2],2,3.0,5.0,,,,MCDHF
,1171.141481152,,1020000.0,0.136077,,114147.732,122686.41,3s2.3p5.(2P*<3/2>).3d,2[3/2]*,1,3s2.3p5.(2P*<3/2>).5f,2[3/2],2,3.0,5.0,,,,MCDHF
,1168.17053046857,,2360000.0,0.312287,,114147.732,122708.126,3s2.3p5.(2P*<3/2>).3d,2[3/2]*,1,3s2.3p5.(2P*<3/2>).5f,2[5/2],2,3.0,5.0,,,,MCDHF
,1001.03066116874,,880000.0,0.08209,,114147.732,124137.436,3s2.3p5.(2P*<3/2>).3d,2[3/2]*,1,3s2.3p5.(2P*<1/2>).5f,2[5/2],2,3.0,5.0,,,,MCDHF
,1366.20532645203,,510000.0,0.108351,,115366.866,122686.41,3s2.3p5.(2P*<1/2>).3d,2[3/2]*,1,3s2.3p5.(2P*<3/2>).5f,2[3/2],2,3.0,5.0,,,,MCDHF
,1362.16398819821,,213000.0,0.044819,,115366.866,122708.126,3s2.3p5.(2P*<1/2>).3d,2[3/2]*,1,3s2.3p5.(2P*<3/2>).5f,2[5/2],2,3.0,5.0,,,,MCDHF
,1140.17675019982,,3280000.0,0.449027,,115366.866,124137.436,3s2.3p5.(2P*<1/2>).3d,2[3/2]*,1,3s2.3p5.(2P*<1/2>).5f,2[5/2],2,3.0,5.0,,,,MCDHF
,948.124235752608,,243000.0,0.014051,,112138.924,122686.065,3s2.3p5.(2P*<3/2>).3d,2[3/2]*,2,3s2.3p5.(2P*<3/2>).5f,2[3/2],1,5.0,3.0,,,,MCDHF
,1079.9018282846,,102000.0,0.00677,,113425.964,122686.065,3s2.3p5.(2P*<3/2>).3d,2[5/2]*,2,3s2.3p5.(2P*<3/2>).5f,2[3/2],1,5.0,3.0,,,,MCDHF
,1242.99680065053,,8090.0,0.000733,,114640.992,122686.065,3s2.3p5.(2P*<1/2>).3d,2[5/2]*,2,3s2.3p5.(2P*<3/2>).5f,2[3/2],1,5.0,3.0,,,,MCDHF
,1268.88577870886,,26300.0,0.000247,,114805.135,122686.065,3s2.3p5.(2P*<1/2>).3d,2[3/2]*,2,3s2.3p5.(2P*<3/2>).5f,2[3/2],1,5.0,3.0,,,,MCDHF
,948.093223351991,,1340000.0,0.128855,,112138.924,122686.41,3s2.3p5.(2P*<3/2>).3d,2[3/2]*,2,3s2.3p5.(2P*<3/2>).5f,2[3/2],2,5.0,5.0,,,,MCDHF
,946.145224587438,,373000.0,0.035663,,112138.924,122708.126,3s2.3p5.(2P*<3/2>).3d,2[3/2]*,2,3s2.3p5.(2P*<3/2>).5f,2[5/2],2,5.0,5.0,,,,MCDHF
,833.436679481589,,73000.0,0.00516,,112138.924,124137.436,3s2.3p5.(2P*<3/2>).3d,2[3/2]*,2,3s2.3p5.(2P*<1/2>).5f,2[5/2],2,5.0,5.0,,,,MCDHF
,1079.86159629893,,4230.0,0.000466,,113425.964,122686.41,3s2.3p5.(2P*<3/2>).3d,2[5/2]*,2,3s2.3p5.(2P*<3/2>).5f,2[3/2],2,5.0,5.0,,,,MCDHF
,1077.33521565342,,1160000.0,0.127302,,113425.964,122708.126,3s2.3p5.(2P*<3/2>).3d,2[5/2]*,2,3s2.3p5.(2P*<3/2>).5f,2[5/2],2,5.0,5.0,,,,MCDHF
,933.578503496065,,40300.0,0.0032,,113425.964,124137.436,3s2.3p5.(2P*<3/2>).3d,2[5/2]*,2,3s2.3p5.(2P*<1/2>).5f,2[5/2],2,5.0,5.0,,,,MCDHF
,1242.94349902019,,266.0,4.01E-05,,114640.992,122686.41,3s2.3p5.(2P*<1/2>).3d,2[5/2]*,2,3s2.3p5.(2P*<3/2>).5f,2[3/2],2,5.0,5.0,,,,MCDHF
,1239.59760678328,,96000.0,0.014394,,114640.992,122708.126,3s2.3p5.(2P*<1/2>).3d,2[5/2]*,2,3s2.3p5.(2P*<3/2>).5f,2[5/2],2,5.0,5.0,,,,MCDHF
,1053.02574310974,,318000.0,0.032909,,114640.992,124137.436,3s2.3p5.(2P*<1/2>).3d,2[5/2]*,2,3s2.3p5.(2P*<1/2>).5f,2[5/2],2,5.0,5.0,,,,MCDHF
,1268.83023368681,,145000.0,0.022628,,114805.135,122686.41,3s2.3p5.(2P*<1/2>).3d,2[3/2]*,2,3s2.3p5.(2P*<3/2>).5f,2[3/2],2,5.0,5.0,,,,MCDHF
,1265.34371606902,,36200.0,0.00563,,114805.135,122708.126,3s2.3p5.(2P*<1/2>).3d,2[3/2]*,2,3s2.3p5.(2P*<3/2>).5f,2[5/2],2,5.0,5.0,,,,MCDHF
,1071.54709219087,,472000.0,0.050311,,114805.135,124137.436,3s2.3p5.(2P*<1/2>).3d,2[3/2]*,2,3s2.3p5.(2P*<1/2>).5f,2[5/2],2,5.0,5.0,,,,MCDHF
,946.165277286034,,3970000.0,0.531356,,112138.924,122707.902,3s2.3p5.(2P*<3/2>).3d,2[3/2]*,2,3s2.3p5.(2P*<3/2>).5f,2[5/2],3,5.0,7.0,,,,MCDHF
,945.275273139653,,21.1101,2.82E-06,,112138.924,122717.853,3s2.3p5.(2P*<3/2>).3d,2[3/2]*,2,3s2.3p5.(2P*<3/2>).5f,2[7/2],4,5.0,9.0,,,,MCDHF
,833.559436330438,,0.344044,3.41E-08,,112138.924,124135.669,3s2.3p5.(2P*<3/2>).3d,2[3/2]*,2,3s2.3p5.(2P*<1/2>).5f,2[7/2],3,5.0,7.0,,,,MCDHF
,833.45210025762,,730000.0,0.072294,,112138.924,124137.214,3s2.3p5.(2P*<3/2>).3d,2[3/2]*,2,3s2.3p5.(2P*<1/2>).5f,2[5/2],3,5.0,7.0,,,,MCDHF
,1077.36121486698,,57400.0,0.0088,,113425.964,122707.902,3s2.3p5.(2P*<3/2>).3d,2[5/2]*,2,3s2.3p5.(2P*<3/2>).5f,2[5/2],3,5.0,7.0,,,,MCDHF
,1076.21090677334,,4200000.0,0.643034,,113425.964,122717.823,3s2.3p5.(2P*<3/2>).3d,2[5/2]*,2,3s2.3p5.(2P*<3/2>).5f,2[7/2],3,5.0,7.0,,,,MCDHF
,933.732535116514,,490000.0,0.054509,,113425.964,124135.669,3s2.3p5.(2P*<3/2>).3d,2[5/2]*,2,3s2.3p5.(2P*<1/2>).5f,2[7/2],3,5.0,7.0,,,,MCDHF
,933.597852724939,,2330.0,0.000259,,113425.964,124137.214,3s2.3p5.(2P*<3/2>).3d,2[5/2]*,2,3s2.3p5.(2P*<1/2>).5f,2[5/2],3,5.0,7.0,,,,MCDHF
,1239.63202762892,,4380.0,0.00092,,114640.992,122707.902,3s2.3p5.(2P*<1/2>).3d,2[5/2]*,2,3s2.3p5.(2P*<3/2>).5f,2[5/2],3,5.0,7.0,,,,MCDHF
,1238.10935254186,,303000.0,0.063433,,114640.992,122717.823,3s2.3p5.(2P*<1/2>).3d,2[5/2]*,2,3s2.3p5.(2P*<3/2>).5f,2[7/2],3,5.0,7.0,,,,MCDHF
,1053.22171570449,,5040000.0,0.729204,,114640.992,124135.669,3s2.3p5.(2P*<1/2>).3d,2[5/2]*,2,3s2.3p5.(2P*<1/2>).5f,2[7/2],3,5.0,7.0,,,,MCDHF
,1053.05036044861,,19100.0,0.00277,,114640.992,124137.214,3s2.3p5.(2P*<1/2>).3d,2[5/2]*,2,3s2.3p5.(2P*<1/2>).5f,2[5/2],3,5.0,7.0,,,,MCDHF
,1265.3795816073,,387000.0,0.084212,,114805.135,122707.902,3s2.3p5.(2P*<1/2>).3d,2[3/2]*,2,3s2.3p5.(2P*<3/2>).5f,2[5/2],3,5.0,7.0,,,,MCDHF
,1263.79303720809,,3.41668,7.41E-07,,114805.135,122717.823,3s2.3p5.(2P*<1/2>).3d,2[3/2]*,2,3s2.3p5.(2P*<3/2>).5f,2[7/2],3,5.0,7.0,,,,MCDHF
,1071.75001988096,,114.0,1.69E-05,,114805.135,124135.669,3s2.3p5.(2P*<1/2>).3d,2[3/2]*,2,3s2.3p5.(2P*<1/2>).5f,2[7/2],3,5.0,7.0,,,,MCDHF
,1071.57258312965,,4680000.0,0.698512,,114805.135,124137.214,3s2.3p5.(2P*<1/2>).3d,2[3/2]*,2,3s2.3p5.(2P*<1/2>).5f,2[5/2],3,5.0,7.0,,,,MCDHF
,1034.5482205512,,7420.0,0.000751,,113020.355,122686.41,3s2.3p5.(2P*<3/2>).3d,2[7/2]*,3,3s2.3p5.(2P*<3/2>).5f,2[3/2],2,7.0,5.0,,,,MCDHF
,1032.22918873702,,90200.0,0.00909,,113020.355,122708.126,3s2.3p5.(2P*<3/2>).3d,2[7/2]*,3,3s2.3p5.(2P*<3/2>).5f,2[5/2],2,7.0,5.0,,,,MCDHF
,899.51669867297,,866.0,6.4E-05,,113020.355,124137.436,3s2.3p5.(2P*<3/2>).3d,2[7/2]*,3,3s2.3p5.(2P*<1/2>).5f,2[5/2],2,7.0,5.0,,,,MCDHF
,1114.84522325054,,93300.0,0.010551,,113716.555,122686.41,3s2.3p5.(2P*<3/2>).3d,2[5/2]*,3,3s2.3p5.(2P*<3/2>).5f,2[3/2],2,7.0,5.0,,,,MCDHF
,1112.15270390458,,46400.0,0.00521,,113716.555,122708.126,3s2.3p5.(2P*<3/2>).3d,2[5/2]*,3,3s2.3p5.(2P*<3/2>).5f,2[5/2],2,7.0,5.0,,,,MCDHF
,959.611764110922,,1220.0,9.9E-05,,113716.555,124137.436,3s2.3p5.(2P*<3/2>).3d,2[5/2]*,3,3s2.3p5.(2P*<1/2>).5f,2[5/2],2,7.0,5.0,,,,MCDHF
,1271.54134079711,,4220.0,0.000654,,114821.939,122686.41,3s2.3p5.(2P*<1/2>).3d,2[5/2]*,3,3s2.3p5.(2P*<3/2>).5f,2[3/2],2,7.0,5.0,,,,MCDHF
,1268.03992854849,,6300.0,0.00097,,114821.939,122708.126,3s2.3p5.(2P*<1/2>).3d,2[5/2]*,3,3s2.3p5.(2P*<3/2>).5f,2[5/2],2,7.0,5.0,,,,MCDHF
,1073.48003010467,,23500.0,0.00248,,114821.939,124137.436,3s2.3p5.(2P*<1/2>).3d,2[5/2]*,3,3s2.3p5.(2P*<1/2>).5f,2[5/2],2,7.0,5.0,,,,MCDHF
,1032.25305642388,,60000.0,0.00846,,113020.355,122707.902,3s2.3p5.(2P*<3/2>).3d,2[7/2]*,3,3s2.3p5.(2P*<3/2>).5f,2[5/2],3,7.0,7.0,,,,MCDHF
,1031.19700936368,,9600000.0,0.135101,,113020.355,122717.823,3s2.3p5.(2P*<3/2>).3d,2[7/2]*,3,3s2.3p5.(2P*<3/2>).5f,2[7/2],3,7.0,7.0,,,,MCDHF
,899.659694723874,,4960.0,0.000514,,113020.355,124135.669,3s2.3p5.(2P*<3/2>).3d,2[7/2]*,3,3s2.3p5.(2P*<1/2>).5f,2[7/2],3,7.0,7.0,,,,MCDHF
,899.534661724143,,9420.0,0.000975,,113020.355,124137.214,3s2.3p5.(2P*<3/2>).3d,2[7/2]*,3,3s2.3p5.(2P*<1/2>).5f,2[5/2],3,7.0,7.0,,,,MCDHF
,1112.18041078828,,1160000.0,0.182892,,113716.555,122707.902,3s2.3p5.(2P*<3/2>).3d,2[5/2]*,3,3s2.3p5.(2P*<3/2>).5f,2[5/2],3,7.0,7.0,,,,MCDHF
,1110.95458995333,,44800.0,0.00703,,113716.555,122717.823,3s2.3p5.(2P*<3/2>).3d,2[5/2]*,3,3s2.3p5.(2P*<3/2>).5f,2[7/2],3,7.0,7.0,,,,MCDHF
,959.774506738289,,10100.0,0.00115,,113716.555,124135.669,3s2.3p5.(2P*<3/2>).3d,2[5/2]*,3,3s2.3p5.(2P*<1/2>).5f,2[7/2],3,7.0,7.0,,,,MCDHF
,959.632207521615,,18400.0,0.0021,,113716.555,124137.214,3s2.3p5.(2P*<3/2>).3d,2[5/2]*,3,3s2.3p5.(2P*<1/2>).5f,2[5/2],3,7.0,7.0,,,,MCDHF
,1268.07594709739,,52700.0,0.011368,,114821.939,122707.902,3s2.3p5.(2P*<1/2>).3d,2[5/2]*,3,3s2.3p5.(2P*<3/2>).5f,2[5/2],3,7.0,7.0,,,,MCDHF
,1266.4826382961,,25900.0,0.00557,,114821.939,122717.823,3s2.3p5.(2P*<1/2>).3d,2[5/2]*,3,3s2.3p5.(2P*<3/2>).5f,2[7/2],3,7.0,7.0,,,,MCDHF
,1073.68369063737,,258000.0,0.038134,,114821.939,124135.669,3s2.3p5.(2P*<1/2>).3d,2[5/2]*,3,3s2.3p5.(2P*<1/2>).5f,2[7/2],3,7.0,7.0,,,,MCDHF
,1073.50561309247,,337000.0,0.04984,,114821.939,124137.214,3s2.3p5.(2P*<1/2>).3d,2[5/2]*,3,3s2.3p5.(2P*<1/2>).5f,2[5/2],3,7.0,7.0,,,,MCDHF
,1033.55519629177,,5190000.0,0.943597,,113020.355,122695.697,3s2.3p5.(2P*<3/2>).3d,2[7/2]*,3,3s2.3p5.(2P*<3/2>).5f,2[9/2],4,7.0,9.0,,,,MCDHF
,1031.19381927173,,165000.0,0.02986,,113020.355,122717.853,3s2.3p5.(2P*<3/2>).3d,2[7/2]*,3,3s2.3p5.(2P*<3/2>).5f,2[7/2],4,7.0,9.0,,,,MCDHF
,899.657347506055,,133000.0,0.017738,,113020.355,124135.698,3s2.3p5.(2P*<3/2>).3d,2[7/2]*,3,3s2.3p5.(2P*<1/2>).5f,2[7/2],4,7.0,9.0,,,,MCDHF
,1113.69215455107,,133000.0,0.078923,,113716.555,122695.697,3s2.3p5.(2P*<3/2>).3d,2[5/2]*,3,3s2.3p5.(2P*<3/2>).5f,2[9/2],4,7.0,9.0,,,,MCDHF
,1110.95088730536,,4410000.0,0.889433,,113716.555,122717.853,3s2.3p5.(2P*<3/2>).3d,2[5/2]*,3,3s2.3p5.(2P*<3/2>).5f,2[7/2],4,7.0,9.0,,,,MCDHF
,959.771835361123,,201000.0,0.029366,,113716.555,124135.698,3s2.3p5.(2P*<3/2>).3d,2[5/2]*,3,3s2.3p5.(2P*<1/2>).5f,2[7/2],4,7.0,9.0,,,,MCDHF
,1270.04157354087,,35700.0,0.00994,,114821.939,122695.697,3s2.3p5.(2P*<1/2>).3d,2[5/2]*,3,3s2.3p5.(2P*<3/2>).5f,2[9/2],4,7.0,9.0,,,,MCDHF
,1266.47782637957,,160000.0,0.044268,,114821.939,122717.853,3s2.3p5.(2P*<1/2>).3d,2[5/2]*,3,3s2.3p5.(2P*<3/2>).5f,2[7/2],4,7.0,9.0,,,,MCDHF
,1073.68034753744,,5390000.0,1.02619,,114821.939,124135.698,3s2.3p5.(2P*<1/2>).3d,2[5/2]*,3,3s2.3p5.(2P*<1/2>).5f,2[7/2],4,7.0,9.0,,,,MCDHF
,1004.24302721428,,54500.0,0.00739,,112750.153,122707.902,3s2.3p5.(2P*<3/2>).3d,2[7/2]*,4,3s2.3p5.(2P*<3/2>).5f,2[5/2],3,9.0,7.0,,,,MCDHF
,1003.24348619086,,30300.0,0.0041,,112750.153,122717.823,3s2.3p5.(2P*<3/2>).3d,2[7/2]*,4,3s2.3p5.(2P*<3/2>).5f,2[7/2],3,9.0,7.0,,,,MCDHF
,878.308897023201,,3.2845,3.29E-07,,112750.153,124135.669,3s2.3p5.(2P*<3/2>).3d,2[7/2]*,4,3s2.3p5.(2P*<1/2>).5f,2[7/2],3,9.0,7.0,,,,MCDHF
,878.18972779719,,13.9806,1.4E-06,,112750.153,124137.214,3s2.3p5.(2P*<3/2>).3d,2[7/2]*,4,3s2.3p5.(2P*<1/2>).5f,2[5/2],3,9.0,7.0,,,,MCDHF
,1005.47541693044,,167000.0,0.029143,,112750.153,122695.697,3s2.3p5.(2P*<3/2>).3d,2[7/2]*,4,3s2.3p5.(2P*<3/2>).5f,2[9/2],4,9.0,9.0,,,,MCDHF
,1003.24046670747,,823000.0,0.143068,,112750.153,122717.853,3s2.3p5.(2P*<3/2>).3d,2[7/2]*,4,3s2.3p5.(2P*<3/2>).5f,2[7/2],4,9.0,9.0,,,,MCDHF
,878.306659891995,,89.4528,1.15E-05,,112750.153,124135.698,3s2.3p5.(2P*<3/2>).3d,2[7/2]*,4,3s2.3p5.(2P*<1/2>).5f,2[7/2],4,9.0,9.0,,,,MCDHF
,1005.48158395123,,5930000.0,1.26585,,112750.153,122695.636,3s2.3p5.(2P*<3/2>).3d,2[7/2]*,4,3s2.3p5.(2P*<3/2>).5f,2[9/2],5,9.0,11.0,,,,MCDHF
,2395.85918864708,,1230000.0,0.517425,,118512.197,122686.065,3s2.3p5.(2P*<3/2>).4d,2[1/2]*,0,3s2.3p5.(2P*<3/2>).5f,2[3/2],1,1.0,3.0,,,,MCDHF
,2478.51745000211,,1120000.0,0.497633,,118651.395,122686.065,3s2.3p5.(2P*<3/2>).4d,2[1/2]*,1,3s2.3p5.(2P*<3/2>).5f,2[3/2],1,3.0,3.0,,,,MCDHF
,3523.24194630932,,50500.0,0.046388,,119847.77,122686.065,3s2.3p5.(2P*<3/2>).4d,2[3/2]*,1,3s2.3p5.(2P*<3/2>).5f,2[3/2],1,3.0,3.0,,,,MCDHF
,5973.19754582817,,122.289,0.000923,,121011.9198,122686.065,3s2.3p5.(2P*<1/2>).4d,2[3/2]*,1,3s2.3p5.(2P*<3/2>).5f,2[3/2],1,3.0,3.0,,,,MCDHF
,2478.30553294102,,959000.0,0.708711,,118651.395,122686.41,3s2.3p5.(2P*<3/2>).4d,2[1/2]*,1,3s2.3p5.(2P*<3/2>).5f,2[3/2],2,3.0,5.0,,,,MCDHF
,2465.03896856854,,488000.0,0.355248,,118651.395,122708.126,3s2.3p5.(2P*<3/2>).4d,2[1/2]*,1,3s2.3p5.(2P*<3/2>).5f,2[5/2],2,3.0,5.0,,,,MCDHF
,1822.8081051527,,62500.0,0.021671,,118651.395,124137.436,3s2.3p5.(2P*<3/2>).4d,2[1/2]*,1,3s2.3p5.(2P*<1/2>).5f,2[5/2],2,3.0,5.0,,,,MCDHF
,3522.81374179184,,481000.0,0.736545,,119847.77,122686.41,3s2.3p5.(2P*<3/2>).4d,2[3/2]*,1,3s2.3p5.(2P*<3/2>).5f,2[3/2],2,3.0,5.0,,,,MCDHF
,3496.06832156557,,816000.0,1.22293,,119847.77,122708.126,3s2.3p5.(2P*<3/2>).4d,2[3/2]*,1,3s2.3p5.(2P*<3/2>).5f,2[5/2],2,3.0,5.0,,,,MCDHF
,2331.18382643311,,301000.0,0.166502,,119847.77,124137.436,3s2.3p5.(2P*<3/2>).4d,2[3/2]*,1,3s2.3p5.(2P*<1/2>).5f,2[5/2],2,3.0,5.0,,,,MCDHF
,5971.9668708721,,50500.0,0.63457,,121011.9198,122686.41,3s2.3p5.(2P*<1/2>).4d,2[3/2]*,1,3s2.3p5.(2P*<3/2>).5f,2[3/2],2,3.0,5.0,,,,MCDHF
,5895.5096379202,,22900.0,0.270633,,121011.9198,122708.126,3s2.3p5.(2P*<1/2>).4d,2[3/2]*,1,3s2.3p5.(2P*<3/2>).5f,2[5/2],2,3.0,5.0,,,,MCDHF
,3199.47149849999,,1300000.0,1.95219,,121011.9198,124137.436,3s2.3p5.(2P*<1/2>).4d,2[3/2]*,1,3s2.3p5.(2P*<1/2>).5f,2[5/2],2,3.0,5.0,,,,MCDHF
,2645.88482886682,,109000.0,0.053401,,118906.611,122686.065,3s2.3p5.(2P*<3/2>).4d,2[3/2]*,2,3s2.3p5.(2P*<3/2>).5f,2[3/2],1,5.0,3.0,,,,MCDHF
,4837.81514979229,,43900.0,0.026138,,120619.0162,122686.065,3s2.3p5.(2P*<1/2>).4d,2[5/2]*,2,3s2.3p5.(2P*<3/2>).5f,2[3/2],1,5.0,3.0,,,,MCDHF
,3085.24374196872,,467.0,0.000952,,119444.83,122686.065,3s2.3p5.(2P*<3/2>).4d,2[5/2]*,2,3s2.3p5.(2P*<3/2>).5f,2[3/2],1,5.0,3.0,,,,MCDHF
,4795.76169764207,,2310.0,0.000498,,120600.8905,122686.065,3s2.3p5.(2P*<1/2>).4d,2[3/2]*,2,3s2.3p5.(2P*<3/2>).5f,2[3/2],1,5.0,3.0,,,,MCDHF
,2645.64332653668,,598000.0,0.489832,,118906.611,122686.41,3s2.3p5.(2P*<3/2>).4d,2[3/2]*,2,3s2.3p5.(2P*<3/2>).5f,2[3/2],2,5.0,5.0,,,,MCDHF
,2630.53019651376,,166000.0,0.134021,,118906.611,122708.126,3s2.3p5.(2P*<3/2>).4d,2[3/2]*,2,3s2.3p5.(2P*<3/2>).5f,2[5/2],2,5.0,5.0,,,,MCDHF
,1911.7443233142,,12700.0,0.00472,,118906.611,124137.436,3s2.3p5.(2P*<3/2>).4d,2[3/2]*,2,3s2.3p5.(2P*<1/2>).5f,2[5/2],2,5.0,5.0,,,,MCDHF
,4837.00783082545,,1730.0,0.00172,,120619.0162,122686.41,3s2.3p5.(2P*<1/2>).4d,2[5/2]*,2,3s2.3p5.(2P*<3/2>).5f,2[3/2],2,5.0,5.0,,,,MCDHF
,4786.72782062483,,501000.0,0.488528,,120619.0162,122708.126,3s2.3p5.(2P*<1/2>).4d,2[5/2]*,2,3s2.3p5.(2P*<3/2>).5f,2[5/2],2,5.0,5.0,,,,MCDHF
,2842.18500589384,,5640.0,0.00238,,120619.0162,124137.436,3s2.3p5.(2P*<1/2>).4d,2[5/2]*,2,3s2.3p5.(2P*<1/2>).5f,2[5/2],2,5.0,5.0,,,,MCDHF
,3084.9153807711,,9.69027,3.29E-05,,119444.83,122686.41,3s2.3p5.(2P*<3/2>).4d,2[5/2]*,2,3s2.3p5.(2P*<3/2>).5f,2[3/2],2,5.0,5.0,,,,MCDHF
,3064.38643629018,,5840.0,0.019205,,119444.83,122708.126,3s2.3p5.(2P*<3/2>).4d,2[5/2]*,2,3s2.3p5.(2P*<3/2>).5f,2[5/2],2,5.0,5.0,,,,MCDHF
,2131.0120645117,,141000.0,0.121334,,119444.83,124137.436,3s2.3p5.(2P*<3/2>).4d,2[5/2]*,2,3s2.3p5.(2P*<1/2>).5f,2[5/2],2,5.0,5.0,,,,MCDHF
,4794.96835201011,,12700.0,0.045741,,120600.8905,122686.41,3s2.3p5.(2P*<1/2>).4d,2[3/2]*,2,3s2.3p5.(2P*<3/2>).5f,2[3/2],2,5.0,5.0,,,,MCDHF
,4745.55406835162,,2970.0,0.010317,,120600.8905,122708.126,3s2.3p5.(2P*<1/2>).4d,2[3/2]*,2,3s2.3p5.(2P*<3/2>).5f,2[5/2],2,5.0,5.0,,,,MCDHF
,2827.6180809776,,214000.0,0.189556,,120600.8905,124137.436,3s2.3p5.(2P*<1/2>).4d,2[3/2]*,2,3s2.3p5.(2P*<1/2>).5f,2[5/2],2,5.0,5.0,,,,MCDHF
,2630.68520668373,,1770000.0,1.99942,,118906.611,122707.902,3s2.3p5.(2P*<3/2>).4d,2[3/2]*,2,3s2.3p5.(2P*<3/2>).5f,2[5/2],3,5.0,7.0,,,,MCDHF
,2623.81659312109,,12.236,1.37E-05,,118906.611,122717.853,3s2.3p5.(2P*<3/2>).4d,2[3/2]*,2,3s2.3p5.(2P*<3/2>).5f,2[7/2],4,5.0,9.0,,,,MCDHF
,1912.390338757,,0.222878,1.16E-07,,118906.611,124135.669,3s2.3p5.(2P*<3/2>).4d,2[3/2]*,2,3s2.3p5.(2P*<1/2>).5f,2[7/2],3,5.0,7.0,,,,MCDHF
,1911.82546257095,,127000.0,0.066072,,118906.611,124137.214,3s2.3p5.(2P*<3/2>).4d,2[3/2]*,2,3s2.3p5.(2P*<1/2>).5f,2[5/2],3,5.0,7.0,,,,MCDHF
,4787.24112155867,,24300.0,0.033142,,120619.0162,122707.902,3s2.3p5.(2P*<1/2>).4d,2[5/2]*,2,3s2.3p5.(2P*<3/2>).5f,2[5/2],3,5.0,7.0,,,,MCDHF
,4764.61196904831,,1810000.0,2.44356,,120619.0162,122717.823,3s2.3p5.(2P*<1/2>).4d,2[5/2]*,2,3s2.3p5.(2P*<3/2>).5f,2[7/2],3,5.0,7.0,,,,MCDHF
,2843.61310846496,,52700.0,0.031091,,120619.0162,124135.669,3s2.3p5.(2P*<1/2>).4d,2[5/2]*,2,3s2.3p5.(2P*<1/2>).5f,2[7/2],3,5.0,7.0,,,,MCDHF
,2842.36434915626,,331.0,0.000196,,120619.0162,124137.214,3s2.3p5.(2P*<1/2>).4d,2[5/2]*,2,3s2.3p5.(2P*<1/2>).5f,2[5/2],3,5.0,7.0,,,,MCDHF
,3064.5967971286,,232.0,0.00107,,119444.83,122707.902,3s2.3p5.(2P*<3/2>).4d,2[5/2]*,2,3s2.3p5.(2P*<3/2>).5f,2[5/2],3,5.0,7.0,,,,MCDHF
,3055.30748156198,,15900.0,0.072148,,119444.83,122717.823,3s2.3p5.(2P*<3/2>).4d,2[5/2]*,2,3s2.3p5.(2P*<3/2>).5f,2[7/2],3,5.0,7.0,,,,MCDHF
,2131.8147990157,,2230000.0,2.68864,,119444.83,124135.669,3s2.3p5.(2P*<3/2>).4d,2[5/2]*,2,3s2.3p5.(2P*<1/2>).5f,2[7/2],3,5.0,7.0,,,,MCDHF
,2131.11288419703,,9960.0,0.011992,,119444.83,124137.214,3s2.3p5.(2P*<3/2>).4d,2[5/2]*,2,3s2.3p5.(2P*<1/2>).5f,2[5/2],3,5.0,7.0,,,,MCDHF
,4746.05857632954,,32100.0,0.156659,,120600.8905,122707.902,3s2.3p5.(2P*<1/2>).4d,2[3/2]*,2,3s2.3p5.(2P*<3/2>).5f,2[5/2],3,5.0,7.0,,,,MCDHF
,4723.81618214088,,1.08202,5.19E-06,,120600.8905,122717.823,3s2.3p5.(2P*<1/2>).4d,2[3/2]*,2,3s2.3p5.(2P*<3/2>).5f,2[7/2],3,5.0,7.0,,,,MCDHF
,2829.03157864064,,212.0,0.000263,,120600.8905,124135.669,3s2.3p5.(2P*<1/2>).4d,2[3/2]*,2,3s2.3p5.(2P*<1/2>).5f,2[7/2],3,5.0,7.0,,,,MCDHF
,2827.79559053349,,2100000.0,2.60903,,120600.8905,124137.214,3s2.3p5.(2P*<1/2>).4d,2[3/2]*,2,3s2.3p5.(2P*<1/2>).5f,2[5/2],3,5.0,7.0,,,,MCDHF
,2878.90739706466,,3980.0,0.00347,,119212.87,122686.41,3s2.3p5.(2P*<3/2>).4d,2[7/2]*,3,3s2.3p5.(2P*<3/2>).5f,2[3/2],2,7.0,5.0,,,,MCDHF
,2861.02076643312,,37000.0,0.034001,,119212.87,122708.126,3s2.3p5.(2P*<3/2>).4d,2[7/2]*,3,3s2.3p5.(2P*<3/2>).5f,2[5/2],2,7.0,5.0,,,,MCDHF
,2030.63579612904,,229.0,8.86E-05,,119212.87,124137.436,3s2.3p5.(2P*<3/2>).4d,2[7/2]*,3,3s2.3p5.(2P*<1/2>).5f,2[5/2],2,7.0,5.0,,,,MCDHF
,5173.47007297591,,37600.0,0.038803,,120753.4714,122686.41,3s2.3p5.(2P*<1/2>).4d,2[5/2]*,3,3s2.3p5.(2P*<3/2>).5f,2[3/2],2,7.0,5.0,,,,MCDHF
,5115.99338317877,,18100.0,0.018381,,120753.4714,122708.126,3s2.3p5.(2P*<1/2>).4d,2[5/2]*,3,3s2.3p5.(2P*<3/2>).5f,2[5/2],2,7.0,5.0,,,,MCDHF
,2955.11365573977,,126.0,5.47E-05,,120753.4714,124137.436,3s2.3p5.(2P*<1/2>).4d,2[5/2]*,3,3s2.3p5.(2P*<1/2>).5f,2[5/2],2,7.0,5.0,,,,MCDHF
,3204.73788448842,,200.0,0.000753,,119566.03,122686.41,3s2.3p5.(2P*<3/2>).4d,2[5/2]*,3,3s2.3p5.(2P*<3/2>).5f,2[3/2],2,7.0,5.0,,,,MCDHF
,3182.58894699589,,437.0,0.00159,,119566.03,122708.126,3s2.3p5.(2P*<3/2>).4d,2[5/2]*,3,3s2.3p5.(2P*<3/2>).5f,2[5/2],2,7.0,5.0,,,,MCDHF
,2187.51080083458,,10100.0,0.00913,,119566.03,124137.436,3s2.3p5.(2P*<3/2>).4d,2[5/2]*,3,3s2.3p5.(2P*<1/2>).5f,2[5/2],2,7.0,5.0,,,,MCDHF
,2861.20413203655,,34500.0,0.041335,,119212.87,122707.902,3s2.3p5.(2P*<3/2>).4d,2[7/2]*,3,3s2.3p5.(2P*<3/2>).5f,2[5/2],3,7.0,7.0,,,,MCDHF
,2031.36467688403,,917.0,0.000497,,119212.87,124135.669,3s2.3p5.(2P*<3/2>).4d,2[7/2]*,3,3s2.3p5.(2P*<1/2>).5f,2[7/2],3,7.0,7.0,,,,MCDHF
,2030.72734155046,,2210.0,0.0012,,119212.87,124137.214,3s2.3p5.(2P*<3/2>).4d,2[7/2]*,3,3s2.3p5.(2P*<1/2>).5f,2[5/2],3,7.0,7.0,,,,MCDHF
,5116.57973427144,,473000.0,0.671195,,120753.4714,122707.902,3s2.3p5.(2P*<1/2>).4d,2[5/2]*,3,3s2.3p5.(2P*<3/2>).5f,2[5/2],3,7.0,7.0,,,,MCDHF
,5090.73833828931,,15500.0,0.021804,,120753.4714,122717.823,3s2.3p5.(2P*<1/2>).4d,2[5/2]*,3,3s2.3p5.(2P*<3/2>).5f,2[7/2],3,7.0,7.0,,,,MCDHF
,2956.65752941224,,728.0,0.000441,,120753.4714,124135.669,3s2.3p5.(2P*<1/2>).4d,2[5/2]*,3,3s2.3p5.(2P*<1/2>).5f,2[7/2],3,7.0,7.0,,,,MCDHF
,2955.30753432603,,2070.0,0.00125,,120753.4714,124137.214,3s2.3p5.(2P*<1/2>).4d,2[5/2]*,3,3s2.3p5.(2P*<1/2>).5f,2[5/2],3,7.0,7.0,,,,MCDHF
,3182.81584991368,,2690.0,0.013693,,119566.03,122707.902,3s2.3p5.(2P*<3/2>).4d,2[5/2]*,3,3s2.3p5.(2P*<3/2>).5f,2[5/2],3,7.0,7.0,,,,MCDHF
,3172.79719829316,,2060.0,0.010338,,119566.03,122717.823,3s2.3p5.(2P*<3/2>).4d,2[5/2]*,3,3s2.3p5.(2P*<3/2>).5f,2[7/2],3,7.0,7.0,,,,MCDHF
,2188.35667325143,,109000.0,0.138746,,119566.03,124135.669,3s2.3p5.(2P*<3/2>).4d,2[5/2]*,3,3s2.3p5.(2P*<1/2>).5f,2[7/2],3,7.0,7.0,,,,MCDHF
,2187.6170375115,,144000.0,0.183173,,119566.03,124137.214,3s2.3p5.(2P*<3/2>).4d,2[5/2]*,3,3s2.3p5.(2P*<1/2>).5f,2[5/2],3,7.0,7.0,,,,MCDHF
,2871.23075593476,,2100000.0,3.27445,,119212.87,122695.697,3s2.3p5.(2P*<3/2>).4d,2[7/2]*,3,3s2.3p5.(2P*<3/2>).5f,2[9/2],4,7.0,9.0,,,,MCDHF
,2853.10530554903,,99100.0,0.151678,,119212.87,122717.823,3s2.3p5.(2P*<3/2>).4d,2[7/2]*,3,3s2.3p5.(2P*<3/2>).5f,2[7/2],3,7.0,7.0,,,,MCDHF
,2031.35271027141,,28600.0,0.019955,,119212.87,124135.698,3s2.3p5.(2P*<3/2>).4d,2[7/2]*,3,3s2.3p5.(2P*<1/2>).5f,2[7/2],4,7.0,9.0,,,,MCDHF
,5148.73246444696,,179000.0,0.32994,,120753.4714,122695.697,3s2.3p5.(2P*<1/2>).4d,2[5/2]*,3,3s2.3p5.(2P*<3/2>).5f,2[9/2],4,7.0,9.0,,,,MCDHF
,2956.63217834073,,13100.0,0.010225,,120753.4714,124135.698,3s2.3p5.(2P*<1/2>).4d,2[5/2]*,3,3s2.3p5.(2P*<1/2>).5f,2[7/2],4,7.0,9.0,,,,MCDHF
,3195.22811851868,,5060.0,0.03378,,119566.03,122695.697,3s2.3p5.(2P*<3/2>).4d,2[5/2]*,3,3s2.3p5.(2P*<3/2>).5f,2[9/2],4,7.0,9.0,,,,MCDHF
,3172.76699865443,,6360.0,0.041087,,119566.03,122717.853,3s2.3p5.(2P*<3/2>).4d,2[5/2]*,3,3s2.3p5.(2P*<3/2>).5f,2[7/2],4,7.0,9.0,,,,MCDHF
,2188.34278551527,,2290000.0,0.042757,,119566.03,124135.698,3s2.3p5.(2P*<3/2>).4d,2[5/2]*,3,3s2.3p5.(2P*<1/2>).5f,2[7/2],4,7.0,9.0,,,,MCDHF
,2714.25368609222,,2270000.0,0.025288,,119023.648,122707.902,3s2.3p5.(2P*<3/2>).4d,2[7/2]*,4,3s2.3p5.(2P*<3/2>).5f,2[5/2],3,9.0,7.0,,,,MCDHF
,2706.9643425122,,12700.0,0.013998,,119023.648,122717.823,3s2.3p5.(2P*<3/2>).4d,2[7/2]*,4,3s2.3p5.(2P*<3/2>).5f,2[7/2],3,9.0,7.0,,,,MCDHF
,1956.17349772233,,1.73101,8.91E-07,,119023.648,124135.669,3s2.3p5.(2P*<3/2>).4d,2[7/2]*,4,3s2.3p5.(2P*<1/2>).5f,2[7/2],3,9.0,7.0,,,,MCDHF
,1955.58246437026,,7.36825,3.79E-06,,119023.648,124137.214,3s2.3p5.(2P*<3/2>).4d,2[7/2]*,4,3s2.3p5.(2P*<1/2>).5f,2[5/2],3,9.0,7.0,,,,MCDHF
,2723.27520683956,,69400.0,0.100048,,119023.648,122695.697,3s2.3p5.(2P*<3/2>).4d,2[7/2]*,4,3s2.3p5.(2P*<3/2>).5f,2[9/2],4,9.0,9.0,,,,MCDHF
,2706.94235972286,,344000.0,0.488672,,119023.648,122717.853,3s2.3p5.(2P*<3/2>).4d,2[7/2]*,4,3s2.3p5.(2P*<3/2>).5f,2[7/2],4,9.0,9.0,,,,MCDHF
,1956.1624006025,,47.144,3.12E-05,,119023.648,124135.698,3s2.3p5.(2P*<3/2>).4d,2[7/2]*,4,3s2.3p5.(2P*<1/2>).5f,2[7/2],4,9.0,9.0,,,,MCDHF
,2723.32044658098,,2470000.0,4.34573,,119023.648,122695.636,3s2.3p5.(2P*<3/2>).4d,2[7/2]*,4,3s2.3p5.(2P*<3/2>).5f,2[9/2],5,9.0,11.0,,,,MCDHF
,11211.1871503652,,9570.0,0.209377,,121794.0988,122686.065,3s2.3p5.(2P*<3/2>).5d,2[1/2]*,0,3s2.3p5.(2P*<3/2>).5f,2[3/2],1,1.0,3.0,,,,MCDHF
,13276.3811983606,,7990.0,0.231334,,121932.8477,122686.065,3s2.3p5.(2P*<3/2>).5d,2[1/2]*,1,3s2.3p5.(2P*<3/2>).5f,2[3/2],1,3.0,3.0,,,,MCDHF
,58182.4952144875,,161.0,0.178299,,122514.192,122686.065,3s2.3p5.(2P*<3/2>).5d,2[3/2]*,1,3s2.3p5.(2P*<3/2>).5f,2[3/2],1,3.0,3.0,,,,MCDHF
,8853.51418111638,,89.7665,0.000167,,122686.065,123815.56,3s2.3p5.(2P*<3/2>).5f,2[3/2],1,3s2.3p5.(2P*<1/2>).5d,2[3/2]*,1,3.0,3.0,,,,MCDHF
,13270.3029331482,,6390.0,0.307816,,121932.8477,122686.41,3s2.3p5.(2P*<3/2>).5d,2[1/2]*,1,3s2.3p5.(2P*<3/2>).5f,2[3/2],2,3.0,5.0,,,,MCDHF
,12898.5939629678,,3930.0,0.168741,,121932.8477,122708.126,3s2.3p5.(2P*<3/2>).5d,2[1/2]*,1,3s2.3p5.(2P*<3/2>).5f,2[5/2],2,3.0,5.0,,,,MCDHF
,4535.99431694344,,538.0,0.00117,,121932.8477,124137.436,3s2.3p5.(2P*<3/2>).5d,2[1/2]*,1,3s2.3p5.(2P*<1/2>).5f,2[5/2],2,3.0,5.0,,,,MCDHF
,58065.9396810992,,5090.0,0.566145,,122514.192,122686.41,3s2.3p5.(2P*<3/2>).5d,2[3/2]*,1,3s2.3p5.(2P*<3/2>).5f,2[3/2],2,3.0,5.0,,,,MCDHF
,51563.9341219155,,6080.0,0.868821,,122514.192,122708.126,3s2.3p5.(2P*<3/2>).5d,2[3/2]*,1,3s2.3p5.(2P*<3/2>).5f,2[5/2],2,3.0,5.0,,,,MCDHF
,6160.50328847663,,2480.0,0.011624,,122514.192,124137.436,3s2.3p5.(2P*<3/2>).5d,2[3/2]*,1,3s2.3p5.(2P*<1/2>).5f,2[5/2],2,3.0,5.0,,,,MCDHF
,8856.21927998942,,4110.0,0.00763,,122686.41,123815.56,3s2.3p5.(2P*<3/2>).5f,2[3/2],2,3s2.3p5.(2P*<1/2>).5d,2[3/2]*,1,5.0,3.0,,,,MCDHF
,9029.88349644318,,1660.0,0.00317,,122708.126,123815.56,3s2.3p5.(2P*<3/2>).5f,2[5/2],2,3s2.3p5.(2P*<1/2>).5d,2[3/2]*,1,5.0,3.0,,,,MCDHF
,31067.8646435269,,5410.0,2.9524,,123815.56,124137.436,3s2.3p5.(2P*<1/2>).5d,2[3/2]*,1,3s2.3p5.(2P*<1/2>).5f,2[5/2],2,3.0,5.0,,,,MCDHF
,16690.350273705,,625.0,0.031197,,122086.9164,122686.065,3s2.3p5.(2P*<3/2>).5d,2[3/2]*,2,3s2.3p5.(2P*<3/2>).5f,2[3/2],1,5.0,3.0,,,,MCDHF
,12203.6853665365,,145.0,0.025502,,122686.065,123505.4896,3s2.3p5.(2P*<3/2>).5f,2[3/2],1,3s2.3p5.(2P*<1/2>).5d,2[5/2]*,2,3.0,5.0,,,,MCDHF
,24754.8649498345,,3.43306,1.87E-05,,122282.104,122686.065,3s2.3p5.(2P*<3/2>).5d,2[5/2]*,2,3s2.3p5.(2P*<3/2>).5f,2[3/2],1,5.0,3.0,,,,MCDHF
,14559.0012990997,,20.9427,0.000111,,122686.065,123372.9253,3s2.3p5.(2P*<3/2>).5f,2[3/2],1,3s2.3p5.(2P*<1/2>).5d,2[3/2]*,2,3.0,5.0,,,,MCDHF
,16680.7452156286,,3450.0,0.286529,,122086.9164,122686.41,3s2.3p5.(2P*<3/2>).5d,2[3/2]*,2,3s2.3p5.(2P*<3/2>).5f,2[3/2],2,5.0,5.0,,,,MCDHF
,16097.626308415,,1020.0,0.072547,,122086.9164,122708.126,3s2.3p5.(2P*<3/2>).5d,2[3/2]*,2,3s2.3p5.(2P*<3/2>).5f,2[5/2],2,5.0,5.0,,,,MCDHF
,4876.81268689166,,83.2824,0.0002,,122086.9164,124137.436,3s2.3p5.(2P*<3/2>).5d,2[3/2]*,2,3s2.3p5.(2P*<1/2>).5f,2[5/2],2,5.0,5.0,,,,MCDHF
,12208.8256135302,,5.98575,0.00175,,122686.41,123505.4896,3s2.3p5.(2P*<3/2>).5f,2[3/2],2,3s2.3p5.(2P*<1/2>).5d,2[5/2]*,2,5.0,5.0,,,,MCDHF
,12541.3299528597,,1890.0,0.419367,,122708.126,123505.4896,3s2.3p5.(2P*<3/2>).5f,2[5/2],2,3s2.3p5.(2P*<1/2>).5d,2[5/2]*,2,5.0,5.0,,,,MCDHF
,15824.1268563283,,43.6439,0.000124,,123505.4896,124137.436,3s2.3p5.(2P*<1/2>).5d,2[5/2]*,2,3s2.3p5.(2P*<1/2>).5f,2[5/2],2,5.0,5.0,,,,MCDHF
,24733.741275173,,0.046644,2.54E-07,,122282.104,122686.41,3s2.3p5.(2P*<3/2>).5d,2[5/2]*,2,3s2.3p5.(2P*<3/2>).5f,2[3/2],2,5.0,5.0,,,,MCDHF
,23472.9661848451,,73.7661,0.000418,,122282.104,122708.126,3s2.3p5.(2P*<3/2>).5d,2[5/2]*,2,3s2.3p5.(2P*<3/2>).5f,2[5/2],2,5.0,5.0,,,,MCDHF
,5389.87092337114,,779.0,0.068374,,122282.104,124137.436,3s2.3p5.(2P*<3/2>).5d,2[5/2]*,2,3s2.3p5.(2P*<1/2>).5f,2[5/2],2,5.0,5.0,,,,MCDHF
,14566.3177499467,,194.0,0.00103,,122686.41,123372.9253,3s2.3p5.(2P*<3/2>).5f,2[3/2],2,3s2.3p5.(2P*<1/2>).5d,2[3/2]*,2,5.0,5.0,,,,MCDHF
,15042.1337687931,,36.8332,0.000204,,122708.126,123372.9253,3s2.3p5.(2P*<3/2>).5f,2[5/2],2,3s2.3p5.(2P*<1/2>).5d,2[3/2]*,2,5.0,5.0,,,,MCDHF
,13080.2616627864,,1200.0,0.16037,,123372.9253,124137.436,3s2.3p5.(2P*<1/2>).5d,2[3/2]*,2,3s2.3p5.(2P*<1/2>).5f,2[5/2],2,5.0,5.0,,,,MCDHF
,16103.4329942595,,10900.0,1.09071,,122086.9164,122707.902,3s2.3p5.(2P*<3/2>).5d,2[3/2]*,2,3s2.3p5.(2P*<3/2>).5f,2[5/2],3,5.0,7.0,,,,MCDHF
,15850.2066708447,,0.228017,2.13E-05,,122086.9164,122717.823,3s2.3p5.(2P*<3/2>).5d,2[3/2]*,2,3s2.3p5.(2P*<3/2>).5f,2[7/2],3,5.0,7.0,,,,MCDHF
,4881.01882091573,,0.000214,7.21E-10,,122086.9164,124135.669,3s2.3p5.(2P*<3/2>).5d,2[3/2]*,2,3s2.3p5.(2P*<1/2>).5f,2[7/2],3,5.0,7.0,,,,MCDHF
,4877.34073336475,,833.0,0.0028,,122086.9164,124137.214,3s2.3p5.(2P*<3/2>).5d,2[3/2]*,2,3s2.3p5.(2P*<1/2>).5f,2[5/2],3,5.0,7.0,,,,MCDHF
,12537.8077592982,,93.2941,0.029086,,122707.902,123505.4896,3s2.3p5.(2P*<3/2>).5f,2[5/2],3,3s2.3p5.(2P*<1/2>).5d,2[5/2]*,2,7.0,5.0,,,,MCDHF
,12695.7268468665,,7180.0,1.98373,,122717.823,123505.4896,3s2.3p5.(2P*<3/2>).5f,2[7/2],3,3s2.3p5.(2P*<1/2>).5d,2[5/2]*,2,7.0,5.0,,,,MCDHF
,15868.4971295477,,263.0,0.00105,,123505.4896,124135.669,3s2.3p5.(2P*<1/2>).5d,2[5/2]*,2,3s2.3p5.(2P*<1/2>).5f,2[7/2],3,5.0,7.0,,,,MCDHF
,15829.6877562429,,2.60647,1.03E-05,,123505.4896,124137.214,3s2.3p5.(2P*<1/2>).5d,2[5/2]*,2,3s2.3p5.(2P*<1/2>).5f,2[5/2],3,5.0,7.0,,,,MCDHF
,23485.3146327604,,3.46966,1.97E-05,,122282.104,122707.902,3s2.3p5.(2P*<3/2>).5d,2[5/2]*,2,3s2.3p5.(2P*<3/2>).5f,2[5/2],3,5.0,7.0,,,,MCDHF
,22950.571354474,,211.0,0.00122,,122282.104,122717.823,3s2.3p5.(2P*<3/2>).5d,2[5/2]*,2,3s2.3p5.(2P*<3/2>).5f,2[7/2],3,5.0,7.0,,,,MCDHF
,5395.00907710281,,12500.0,1.54394,,122282.104,124135.669,3s2.3p5.(2P*<3/2>).5d,2[5/2]*,2,3s2.3p5.(2P*<1/2>).5f,2[7/2],3,5.0,7.0,,,,MCDHF
,5390.5159262793,,71.8977,0.00886,,122282.104,124137.214,3s2.3p5.(2P*<3/2>).5d,2[5/2]*,2,3s2.3p5.(2P*<1/2>).5f,2[5/2],3,5.0,7.0,,,,MCDHF
,15037.0671223098,,579.0,0.0032,,122707.902,123372.9253,3s2.3p5.(2P*<3/2>).5f,2[5/2],3,3s2.3p5.(2P*<1/2>).5d,2[3/2]*,2,7.0,5.0,,,,MCDHF
,15264.791468447,,0.0845,4.77E-07,,122717.823,123372.9253,3s2.3p5.(2P*<3/2>).5f,2[7/2],3,3s2.3p5.(2P*<1/2>).5d,2[3/2]*,2,7.0,5.0,,,,MCDHF
,13110.5638761751,,3.44477,0.000466,,123372.9253,124135.669,3s2.3p5.(2P*<1/2>).5d,2[3/2]*,2,3s2.3p5.(2P*<1/2>).5f,2[7/2],3,5.0,7.0,,,,MCDHF
,13084.0610360979,,11700.0,1.57943,,123372.9253,124137.214,3s2.3p5.(2P*<1/2>).5d,2[3/2]*,2,3s2.3p5.(2P*<1/2>).5f,2[5/2],3,5.0,7.0,,,,MCDHF
,19002.0214350403,,21.4635,0.00238,,122160.1502,122686.41,3s2.3p5.(2P*<3/2>).5d,2[7/2]*,3,3s2.3p5.(2P*<3/2>).5f,2[3/2],2,7.0,5.0,,,,MCDHF
,18248.9810681421,,218.0,0.020328,,122160.1502,122708.126,3s2.3p5.(2P*<3/2>).5d,2[7/2]*,3,3s2.3p5.(2P*<3/2>).5f,2[5/2],2,7.0,5.0,,,,MCDHF
,5057.43782714669,,2.43114,6.12E-06,,122160.1502,124137.436,3s2.3p5.(2P*<3/2>).5d,2[7/2]*,3,3s2.3p5.(2P*<1/2>).5f,2[5/2],2,7.0,5.0,,,,MCDHF
,11480.8888550076,,104.0,0.044661,,122686.41,123557.4227,3s2.3p5.(2P*<3/2>).5f,2[3/2],2,3s2.3p5.(2P*<1/2>).5d,2[5/2]*,3,5.0,7.0,,,,MCDHF
,11774.4481993161,,57.8114,0.017831,,122708.126,123557.4227,3s2.3p5.(2P*<3/2>).5f,2[5/2],2,3s2.3p5.(2P*<1/2>).5d,2[5/2]*,3,5.0,7.0,,,,MCDHF
,17240.983956747,,96.2925,0.000283,,123557.4227,124137.436,3s2.3p5.(2P*<1/2>).5d,2[5/2]*,3,3s2.3p5.(2P*<1/2>).5f,2[5/2],2,7.0,5.0,,,,MCDHF
,28031.7768222058,,1.84581,1.3E-05,,122329.672,122686.41,3s2.3p5.(2P*<3/2>).5d,2[5/2]*,3,3s2.3p5.(2P*<3/2>).5f,2[3/2],2,7.0,5.0,,,,MCDHF
,26423.2905452183,,4.83527,3.54E-05,,122329.672,122708.126,3s2.3p5.(2P*<3/2>).5d,2[5/2]*,3,3s2.3p5.(2P*<3/2>).5f,2[5/2],2,7.0,5.0,,,,MCDHF
,5531.69550892706,,49.3421,0.00612,,122329.672,124137.436,3s2.3p5.(2P*<3/2>).5d,2[5/2]*,3,3s2.3p5.(2P*<1/2>).5f,2[5/2],2,7.0,5.0,,,,MCDHF
,18256.4438857162,,204.0,0.026689,,122160.1502,122707.902,3s2.3p5.(2P*<3/2>).5d,2[7/2]*,3,3s2.3p5.(2P*<3/2>).5f,2[5/2],3,7.0,7.0,,,,MCDHF
,17931.6617199189,,2290.0,0.276127,,122160.1502,122717.823,3s2.3p5.(2P*<3/2>).5d,2[7/2]*,3,3s2.3p5.(2P*<3/2>).5f,2[7/2],3,7.0,7.0,,,,MCDHF
,5061.96144526696,,4.94256,1.74E-05,,122160.1502,124135.669,3s2.3p5.(2P*<3/2>).5d,2[7/2]*,3,3s2.3p5.(2P*<1/2>).5f,2[7/2],3,7.0,7.0,,,,MCDHF
,5058.00571534413,,19.1862,6.76E-05,,122160.1502,124137.214,3s2.3p5.(2P*<3/2>).5d,2[7/2]*,3,3s2.3p5.(2P*<1/2>).5f,2[5/2],3,7.0,7.0,,,,MCDHF
,11771.343535243,,1530.0,0.66331,,122707.902,123557.4227,3s2.3p5.(2P*<3/2>).5f,2[5/2],3,3s2.3p5.(2P*<1/2>).5d,2[5/2]*,3,7.0,7.0,,,,MCDHF
,11910.4377955353,,49.8697,0.0188,,122717.823,123557.4227,3s2.3p5.(2P*<3/2>).5f,2[7/2],3,3s2.3p5.(2P*<1/2>).5d,2[5/2]*,3,7.0,7.0,,,,MCDHF
,17293.6688051441,,3.17449,1.3E-05,,123557.4227,124135.669,3s2.3p5.(2P*<1/2>).5d,2[5/2]*,3,3s2.3p5.(2P*<1/2>).5f,2[7/2],3,7.0,7.0,,,,MCDHF
,17247.5854673911,,17.3184,7.12E-05,,123557.4227,124137.214,3s2.3p5.(2P*<1/2>).5d,2[5/2]*,3,3s2.3p5.(2P*<1/2>).5f,2[5/2],3,7.0,7.0,,,,MCDHF
,26438.9392697568,,37.9456,0.000278,,122329.672,122707.902,3s2.3p5.(2P*<3/2>).5d,2[5/2]*,3,3s2.3p5.(2P*<3/2>).5f,2[5/2],3,7.0,7.0,,,,MCDHF
,25763.1694881632,,29.0712,0.000217,,122329.672,122717.823,3s2.3p5.(2P*<3/2>).5d,2[5/2]*,3,3s2.3p5.(2P*<3/2>).5f,2[7/2],3,7.0,7.0,,,,MCDHF
,5537.10775820783,,531.0,0.092641,,122329.672,124135.669,3s2.3p5.(2P*<3/2>).5d,2[5/2]*,3,3s2.3p5.(2P*<1/2>).5f,2[7/2],3,7.0,7.0,,,,MCDHF
,5532.37490470484,,705.0,0.12274,,122329.672,124137.214,3s2.3p5.(2P*<3/2>).5d,2[5/2]*,3,3s2.3p5.(2P*<1/2>).5f,2[5/2],3,7.0,7.0,,,,MCDHF
,18672.5044384544,,10800.0,1.99015,,122160.1502,122695.697,3s2.3p5.(2P*<3/2>).5d,2[7/2]*,3,3s2.3p5.(2P*<3/2>).5f,2[9/2],4,7.0,9.0,,,,MCDHF
,17930.6971383325,,613.0,0.09521,,122160.1502,122717.853,3s2.3p5.(2P*<3/2>).5d,2[7/2]*,3,3s2.3p5.(2P*<3/2>).5f,2[7/2],4,7.0,9.0,,,,MCDHF
,5061.88713834208,,216.0,0.000979,,122160.1502,124135.698,3s2.3p5.(2P*<3/2>).5d,2[7/2]*,3,3s2.3p5.(2P*<1/2>).5f,2[7/2],4,7.0,9.0,,,,MCDHF
,11604.6208207554,,564.0,0.370963,,122695.697,123557.4227,3s2.3p5.(2P*<3/2>).5f,2[9/2],4,3s2.3p5.(2P*<1/2>).5d,2[5/2]*,3,9.0,7.0,,,,MCDHF
,11910.8633863276,,6200.0,0.0299722,,122717.853,123557.4227,3s2.3p5.(2P*<3/2>).5f,2[7/2],4,3s2.3p5.(2P*<1/2>).5d,2[5/2]*,3,9.0,7.0,,,,MCDHF
,17292.8015427943,,46.1697,0.000244,,123557.4227,124135.698,3s2.3p5.(2P*<1/2>).5d,2[5/2]*,3,3s2.3p5.(2P*<1/2>).5f,2[7/2],4,7.0,9.0,,,,MCDHF
,27320.5382146033,,120.0,0.000861,,122329.672,122695.697,3s2.3p5.(2P*<3/2>).5d,2[5/2]*,3,3s2.3p5.(2P*<3/2>).5f,2[9/2],4,7.0,9.0,,,,MCDHF
,25761.1784193458,,73.9928,0.000553,,122329.672,122717.853,3s2.3p5.(2P*<3/2>).5d,2[5/2]*,3,3s2.3p5.(2P*<3/2>).5f,2[7/2],4,7.0,9.0,,,,MCDHF
,5537.01884690476,,11100.0,2.496,,122329.672,124135.698,3s2.3p5.(2P*<3/2>).5d,2[5/2]*,3,3s2.3p5.(2P*<1/2>).5f,2[7/2],4,7.0,9.0,,,,MCDHF
,14884.6824114852,,148.0,0.012422,,122036.0704,122707.902,3s2.3p5.(2P*<3/2>).5d,2[7/2]*,4,3s2.3p5.(2P*<3/2>).5f,2[5/2],3,9.0,7.0,,,,MCDHF
,14668.0775401515,,84.7886,0.00669,,122036.0704,122717.823,3s2.3p5.(2P*<3/2>).5d,2[7/2]*,4,3s2.3p5.(2P*<3/2>).5f,2[7/2],3,9.0,7.0,,,,MCDHF
,4762.81513999867,,0.389,1.27E-06,,122036.0704,124135.669,3s2.3p5.(2P*<3/2>).5d,2[7/2]*,4,3s2.3p5.(2P*<1/2>).5f,2[7/2],3,9.0,7.0,,,,MCDHF
,4759.31297603836,,0.165593,5.39E-07,,122036.0704,124137.214,3s2.3p5.(2P*<3/2>).5d,2[7/2]*,4,3s2.3p5.(2P*<1/2>).5f,2[5/2],3,9.0,7.0,,,,MCDHF
,15160.0920884633,,4370.0,0.507257,,122036.0704,122695.697,3s2.3p5.(2P*<3/2>).5d,2[7/2]*,4,3s2.3p5.(2P*<3/2>).5f,2[9/2],4,9.0,9.0,,,,MCDHF
,14667.432111057,,2300.0,0.233385,,122036.0704,122717.853,3s2.3p5.(2P*<3/2>).5d,2[7/2]*,4,3s2.3p5.(2P*<3/2>).5f,2[7/2],4,9.0,9.0,,,,MCDHF
,4762.7493561239,,1.05946,4.43E-06,,122036.0704,124135.698,3s2.3p5.(2P*<3/2>).5d,2[7/2]*,4,3s2.3p5.(2P*<1/2>).5f,2[7/2],4,9.0,9.0,,,,MCDHF
,15161.4941713151,,15500.0,2.20404,,122036.0704,122695.636,3s2.3p5.(2P*<3/2>).5d,2[7/2]*,4,3s2.3p5.(2P*<3/2>).5f,2[9/2],5,9.0,11.0,,,,MCDHF
,80.9926633824482,,2290000.0,0.000682,,0.0,123467.9733,3s2.3p6,1S,0,3s2.3p5.(2P*<3/2>).6d,2[1/2]*,1,1.0,3.0,,,,MCDHF
,80.6471059261832,,129000000.0,0.038123,,0.0,123997.01,3s2.3p6,1S,0,3s2.3p5.(2P*<3/2>).6d,2[3/2]*,1,1.0,3.0,,,,MCDHF
,79.817212198688,,119000000.0,0.034463,,0.0,125286.26,3s2.3p6,1S,0,3s2.3p5.(2P*<1/2>).6d,2[3/2]*,1,1.0,3.0,,,,MCDHF
,3011.41779055289,,65700.0,0.00778,,120188.232,123508.927,3s2.3p5.(2P*<3/2>).4f,2[3/2],1,3s2.3p5.(2P*<3/2>).6d,2[1/2]*,0,3.0,1.0,,,,MCDHF
,3049.0209700381,,21500.0,0.00747,,120188.232,123467.9733,3s2.3p5.(2P*<3/2>).4f,2[3/2],1,3s2.3p5.(2P*<3/2>).6d,2[1/2]*,1,3.0,3.0,,,,MCDHF
,2625.51401000532,,684.0,0.000194,,120188.232,123997.01,3s2.3p5.(2P*<3/2>).4f,2[3/2],1,3s2.3p5.(2P*<3/2>).6d,2[3/2]*,1,3.0,3.0,,,,MCDHF
,1961.54277693257,,47.4351,7.5E-06,,120188.232,125286.26,3s2.3p5.(2P*<3/2>).4f,2[3/2],1,3s2.3p5.(2P*<1/2>).6d,2[3/2]*,1,3.0,3.0,,,,MCDHF
,3049.39194667174,,27100.0,0.00941,,120188.631,123467.9733,3s2.3p5.(2P*<3/2>).4f,2[3/2],2,3s2.3p5.(2P*<3/2>).6d,2[1/2]*,1,5.0,3.0,,,,MCDHF
,3088.4116833008,,17500.0,0.00625,,120230.063,123467.9733,3s2.3p5.(2P*<3/2>).4f,2[5/2],2,3s2.3p5.(2P*<3/2>).6d,2[1/2]*,1,5.0,3.0,,,,MCDHF
,5514.52351787118,,82.2954,8.29E-05,,121654.58,123467.9733,3s2.3p5.(2P*<1/2>).4f,2[5/2],2,3s2.3p5.(2P*<3/2>).6d,2[1/2]*,1,5.0,3.0,,,,MCDHF
,2625.78908244164,,32400.0,0.00922,,120188.631,123997.01,3s2.3p5.(2P*<3/2>).4f,2[3/2],2,3s2.3p5.(2P*<3/2>).6d,2[3/2]*,1,5.0,3.0,,,,MCDHF
,2654.6696834333,,38200.0,0.011135,,120230.063,123997.01,3s2.3p5.(2P*<3/2>).4f,2[5/2],2,3s2.3p5.(2P*<3/2>).6d,2[3/2]*,1,5.0,3.0,,,,MCDHF
,4269.07100745808,,1120.0,0.000812,,121654.58,123997.01,3s2.3p5.(2P*<1/2>).4f,2[5/2],2,3s2.3p5.(2P*<3/2>).6d,2[3/2]*,1,5.0,3.0,,,,MCDHF
,1961.69631018656,,1660.0,0.000263,,120188.631,125286.26,3s2.3p5.(2P*<3/2>).4f,2[3/2],2,3s2.3p5.(2P*<1/2>).6d,2[3/2]*,1,5.0,3.0,,,,MCDHF
,1977.7710401711,,910.0,0.000147,,120230.063,125286.26,3s2.3p5.(2P*<3/2>).4f,2[5/2],2,3s2.3p5.(2P*<1/2>).6d,2[3/2]*,1,5.0,3.0,,,,MCDHF
,2753.54656797956,,69100.0,0.021018,,121654.58,125286.26,3s2.3p5.(2P*<1/2>).4f,2[5/2],2,3s2.3p5.(2P*<1/2>).6d,2[3/2]*,1,5.0,3.0,,,,MCDHF
,2762.21652407644,,1340.0,0.000751,,120188.232,123808.513,3s2.3p5.(2P*<3/2>).4f,2[3/2],1,3s2.3p5.(2P*<3/2>).6d,2[3/2]*,2,3.0,5.0,,,,MCDHF
,2030.39748685521,,595.0,0.00032,,120188.232,125113.376,3s2.3p5.(2P*<3/2>).4f,2[3/2],1,3s2.3p5.(2P*<1/2>).6d,2[5/2]*,2,3.0,5.0,,,,MCDHF
,2748.37172717024,,1.5469,4.44E-07,,120188.232,123826.75,3s2.3p5.(2P*<3/2>).4f,2[3/2],1,3s2.3p5.(2P*<3/2>).6d,2[5/2]*,2,3.0,5.0,,,,MCDHF
,2049.93645196999,,9.43767,2.701E-06,,120188.232,125066.432,3s2.3p5.(2P*<3/2>).4f,2[3/2],1,3s2.3p5.(2P*<1/2>).6d,2[3/2]*,2,3.0,5.0,,,,MCDHF
,2762.5209882532,,12200.0,0.00687,,120188.631,123808.513,3s2.3p5.(2P*<3/2>).4f,2[3/2],2,3s2.3p5.(2P*<3/2>).6d,2[3/2]*,2,5.0,5.0,,,,MCDHF
,2794.50600120163,,3400.0,0.00195,,120230.063,123808.513,3s2.3p5.(2P*<3/2>).4f,2[5/2],2,3s2.3p5.(2P*<3/2>).6d,2[3/2]*,2,5.0,5.0,,,,MCDHF
,4642.66994377262,,5.54753,8.83E-06,,121654.58,123808.513,3s2.3p5.(2P*<1/2>).4f,2[5/2],2,3s2.3p5.(2P*<3/2>).6d,2[3/2]*,2,5.0,5.0,,,,MCDHF
,2030.56198848874,,46.7812,2.51E-05,,120188.631,125113.376,3s2.3p5.(2P*<3/2>).4f,2[3/2],2,3s2.3p5.(2P*<1/2>).6d,2[5/2]*,2,5.0,5.0,,,,MCDHF
,2047.7900966004,,11100.0,0.0061,,120230.063,125113.376,3s2.3p5.(2P*<3/2>).4f,2[5/2],2,3s2.3p5.(2P*<1/2>).6d,2[5/2]*,2,5.0,5.0,,,,MCDHF
,2891.1794740135,,16.7203,2.47E-05,,121654.58,125113.376,3s2.3p5.(2P*<1/2>).4f,2[5/2],2,3s2.3p5.(2P*<1/2>).6d,2[5/2]*,2,5.0,5.0,,,,MCDHF
,2748.67314675523,,33300.0,9.55E-11,,120188.631,123826.75,3s2.3p5.(2P*<3/2>).4f,2[3/2],2,3s2.3p5.(2P*<3/2>).6d,2[5/2]*,2,5.0,5.0,,,,MCDHF
,2780.33645963632,,47.8559,1.4E-05,,120230.063,123826.75,3s2.3p5.(2P*<3/2>).4f,2[5/2],2,3s2.3p5.(2P*<3/2>).6d,2[5/2]*,2,5.0,5.0,,,,MCDHF
,4603.69123963595,,2740.0,0.00156,,121654.58,123826.75,3s2.3p5.(2P*<1/2>).4f,2[5/2],2,3s2.3p5.(2P*<3/2>).6d,2[5/2]*,2,5.0,5.0,,,,MCDHF
,2050.10413503954,,87.1348,2.49E-05,,120188.631,125066.432,3s2.3p5.(2P*<3/2>).4f,2[3/2],2,3s2.3p5.(2P*<1/2>).6d,2[3/2]*,2,5.0,5.0,,,,MCDHF
,2067.66687984312,,6.17412,1.8E-06,,120230.063,125066.432,3s2.3p5.(2P*<3/2>).4f,2[5/2],2,3s2.3p5.(2P*<1/2>).6d,2[3/2]*,2,5.0,5.0,,,,MCDHF
,2930.95949062269,,4690.0,0.00267,,121654.58,125066.432,3s2.3p5.(2P*<1/2>).4f,2[5/2],2,3s2.3p5.(2P*<1/2>).6d,2[3/2]*,2,5.0,5.0,,,,MCDHF
,2794.26159262292,,49900.0,0.028678,,120229.75,123808.513,3s2.3p5.(2P*<3/2>).4f,2[5/2],3,3s2.3p5.(2P*<3/2>).6d,2[3/2]*,2,7.0,5.0,,,,MCDHF
,2810.06463991691,,0.728767,4.24E-07,,120249.876,123808.513,3s2.3p5.(2P*<3/2>).4f,2[7/2],3,3s2.3p5.(2P*<3/2>).6d,2[3/2]*,2,7.0,5.0,,,,MCDHF
,4639.77914651261,,0.000134,2.13E-10,,121653.238,123808.513,3s2.3p5.(2P*<1/2>).4f,2[7/2],3,3s2.3p5.(2P*<3/2>).6d,2[3/2]*,2,7.0,5.0,,,,MCDHF
,4641.92428185948,,77.6826,0.000124,,121654.234,123808.513,3s2.3p5.(2P*<1/2>).4f,2[5/2],3,3s2.3p5.(2P*<3/2>).6d,2[3/2]*,2,7.0,5.0,,,,MCDHF
,2047.65885020679,,755.0,0.000415,,120229.75,125113.376,3s2.3p5.(2P*<3/2>).4f,2[5/2],3,3s2.3p5.(2P*<1/2>).6d,2[5/2]*,2,7.0,5.0,,,,MCDHF
,2056.13241492752,,55300.0,0.030808,,120249.876,125113.376,3s2.3p5.(2P*<3/2>).4f,2[7/2],3,3s2.3p5.(2P*<1/2>).6d,2[5/2]*,2,7.0,5.0,,,,MCDHF
,2890.0581421897,,20.577,3.04E-05,,121653.238,125113.376,3s2.3p5.(2P*<1/2>).4f,2[7/2],3,3s2.3p5.(2P*<1/2>).6d,2[5/2]*,2,7.0,5.0,,,,MCDHF
,2890.89028435374,,1.29577,1.92E-06,,121654.234,125113.376,3s2.3p5.(2P*<1/2>).4f,2[5/2],3,3s2.3p5.(2P*<1/2>).6d,2[5/2]*,2,7.0,5.0,,,,MCDHF
,2780.09452321379,,2.30725,6.74E-07,,120229.75,123826.75,3s2.3p5.(2P*<3/2>).4f,2[5/2],3,3s2.3p5.(2P*<3/2>).6d,2[5/2]*,2,7.0,5.0,,,,MCDHF
,2795.73728344918,,30.0014,8.84E-06,,120249.876,123826.75,3s2.3p5.(2P*<3/2>).4f,2[7/2],3,3s2.3p5.(2P*<3/2>).6d,2[5/2]*,2,7.0,5.0,,,,MCDHF
,4600.84876458009,,63700.0,0.036281,,121653.238,123826.75,3s2.3p5.(2P*<1/2>).4f,2[7/2],3,3s2.3p5.(2P*<3/2>).6d,2[5/2]*,2,7.0,5.0,,,,MCDHF
,4602.958044958,,501.0,0.000285,,121654.234,123826.75,3s2.3p5.(2P*<1/2>).4f,2[5/2],3,3s2.3p5.(2P*<3/2>).6d,2[5/2]*,2,7.0,5.0,,,,MCDHF
,2067.53307329281,,108.0,3.14E-05,,120229.75,125066.432,3s2.3p5.(2P*<3/2>).4f,2[5/2],3,3s2.3p5.(2P*<1/2>).6d,2[3/2]*,2,7.0,5.0,,,,MCDHF
,2076.17226914833,,0.031419,9.24E-09,,120249.876,125066.432,3s2.3p5.(2P*<3/2>).4f,2[7/2],3,3s2.3p5.(2P*<1/2>).6d,2[3/2]*,2,7.0,5.0,,,,MCDHF
,2929.80709564121,,60.8995,3.46E-05,,121653.238,125066.432,3s2.3p5.(2P*<1/2>).4f,2[7/2],3,3s2.3p5.(2P*<1/2>).6d,2[3/2]*,2,7.0,5.0,,,,MCDHF
,2930.66228864796,,62300.0,0.035423,,121654.234,125066.432,3s2.3p5.(2P*<1/2>).4f,2[5/2],3,3s2.3p5.(2P*<1/2>).6d,2[3/2]*,2,7.0,5.0,,,,MCDHF
,2789.22102189025,,63.7644,4.95E-05,,120188.631,123773.8614,3s2.3p5.(2P*<3/2>).4f,2[3/2],2,3s2.3p5.(2P*<3/2>).6d,2[7/2]*,3,5.0,7.0,,,,MCDHF
,2821.83094839706,,590.0,0.000469,,120230.063,123773.8614,3s2.3p5.(2P*<3/2>).4f,2[5/2],2,3s2.3p5.(2P*<3/2>).6d,2[7/2]*,3,5.0,7.0,,,,MCDHF
,4718.58055282325,,0.756439,1.65E-06,,121654.58,123773.8614,3s2.3p5.(2P*<1/2>).4f,2[5/2],2,3s2.3p5.(2P*<3/2>).6d,2[7/2]*,3,5.0,7.0,,,,MCDHF
,2015.59831221859,,607.0,0.000453,,120188.631,125149.937,3s2.3p5.(2P*<3/2>).4f,2[3/2],2,3s2.3p5.(2P*<1/2>).6d,2[5/2]*,3,5.0,7.0,,,,MCDHF
,2032.57237888612,,285.0,0.000218,,120230.063,125149.937,3s2.3p5.(2P*<3/2>).4f,2[5/2],2,3s2.3p5.(2P*<1/2>).6d,2[5/2]*,3,5.0,7.0,,,,MCDHF
,2860.93809587976,,0.327873,6.69E-07,,121654.58,125149.937,3s2.3p5.(2P*<1/2>).4f,2[5/2],2,3s2.3p5.(2P*<1/2>).6d,2[5/2]*,3,5.0,7.0,,,,MCDHF
,2744.39676512465,,0.747259,2.97E-07,,120188.631,123832.419,3s2.3p5.(2P*<3/2>).4f,2[3/2],2,3s2.3p5.(2P*<3/2>).6d,2[5/2]*,3,5.0,7.0,,,,MCDHF
,2775.96106548048,,3.0981,1.25E-06,,120230.063,123832.419,3s2.3p5.(2P*<3/2>).4f,2[5/2],2,3s2.3p5.(2P*<3/2>).6d,2[5/2]*,3,5.0,7.0,,,,MCDHF
,4591.7076514839,,152.0,0.00012,,121654.58,123832.419,3s2.3p5.(2P*<1/2>).4f,2[5/2],2,3s2.3p5.(2P*<3/2>).6d,2[5/2]*,3,5.0,7.0,,,,MCDHF
,2821.58173696234,,800.0,0.000637,,120229.75,123773.8614,3s2.3p5.(2P*<3/2>).4f,2[5/2],3,3s2.3p5.(2P*<3/2>).6d,2[7/2]*,3,7.0,7.0,,,,MCDHF
,2837.69620611936,,8200.0,0.0066,,120249.876,123773.8614,3s2.3p5.(2P*<3/2>).4f,2[7/2],3,3s2.3p5.(2P*<3/2>).6d,2[7/2]*,3,7.0,7.0,,,,MCDHF
,4715.59448037781,,0.00802,1.75E-08,,121653.238,123773.8614,3s2.3p5.(2P*<1/2>).4f,2[7/2],3,3s2.3p5.(2P*<3/2>).6d,2[7/2]*,3,7.0,7.0,,,,MCDHF
,4717.81030949119,,4.34431,9.48E-06,,121654.234,123773.8614,3s2.3p5.(2P*<1/2>).4f,2[5/2],3,3s2.3p5.(2P*<3/2>).6d,2[7/2]*,3,7.0,7.0,,,,MCDHF
,2032.44307584244,,10600.0,0.00806,,120229.75,125149.937,3s2.3p5.(2P*<3/2>).4f,2[5/2],3,3s2.3p5.(2P*<1/2>).6d,2[5/2]*,3,7.0,7.0,,,,MCDHF
,2040.79092076609,,303.0,0.000234,,120249.876,125149.937,3s2.3p5.(2P*<3/2>).4f,2[7/2],3,3s2.3p5.(2P*<1/2>).6d,2[5/2]*,3,7.0,7.0,,,,MCDHF
,2859.84009490093,,0.199818,4.08E-07,,121653.238,125149.937,3s2.3p5.(2P*<1/2>).4f,2[7/2],3,3s2.3p5.(2P*<1/2>).6d,2[5/2]*,3,7.0,7.0,,,,MCDHF
,2860.65492405962,,9.89898,2.02E-05,,121654.234,125149.937,3s2.3p5.(2P*<1/2>).4f,2[5/2],3,3s2.3p5.(2P*<1/2>).6d,2[5/2]*,3,7.0,7.0,,,,MCDHF
,2775.71988989275,,27.8383,1.13E-05,,120229.75,123832.419,3s2.3p5.(2P*<3/2>).4f,2[5/2],3,3s2.3p5.(2P*<3/2>).6d,2[5/2]*,3,7.0,7.0,,,,MCDHF
,2791.31332129162,,8.54377,3.48E-06,,120249.876,123832.419,3s2.3p5.(2P*<3/2>).4f,2[7/2],3,3s2.3p5.(2P*<3/2>).6d,2[5/2]*,3,7.0,7.0,,,,MCDHF
,4588.8799507705,,2310.0,0.00181,,121653.238,123832.419,3s2.3p5.(2P*<1/2>).4f,2[7/2],3,3s2.3p5.(2P*<3/2>).6d,2[5/2]*,3,7.0,7.0,,,,MCDHF
,4590.97826860437,,3050.0,0.00239,,121654.234,123832.419,3s2.3p5.(2P*<1/2>).4f,2[5/2],3,3s2.3p5.(2P*<3/2>).6d,2[5/2]*,3,7.0,7.0,,,,MCDHF
,2803.72280557103,,54600.0,0.042907,,120207.175,123773.8614,3s2.3p5.(2P*<3/2>).4f,2[9/2],4,3s2.3p5.(2P*<3/2>).6d,2[7/2]*,3,9.0,7.0,,,,MCDHF
,2837.72680602441,,3000.0,0.00242,,120249.914,123773.8614,3s2.3p5.(2P*<3/2>).4f,2[7/2],4,3s2.3p5.(2P*<3/2>).6d,2[7/2]*,3,9.0,7.0,,,,MCDHF
,4715.68787691905,,32.1778,7.02E-05,,121653.28,123773.8614,3s2.3p5.(2P*<1/2>).4f,2[7/2],4,3s2.3p5.(2P*<3/2>).6d,2[7/2]*,3,9.0,7.0,,,,MCDHF
,2023.16033019595,,5710.0,0.0043,,120207.175,125149.937,3s2.3p5.(2P*<3/2>).4f,2[9/2],4,3s2.3p5.(2P*<1/2>).6d,2[5/2]*,3,9.0,7.0,,,,MCDHF
,2040.80674723364,,50900.0,0.039344,,120249.914,125149.937,3s2.3p5.(2P*<3/2>).4f,2[7/2],4,3s2.3p5.(2P*<1/2>).6d,2[5/2]*,3,9.0,7.0,,,,MCDHF
,2859.87444579208,,0.093772,1.91E-07,,121653.28,125149.937,3s2.3p5.(2P*<1/2>).4f,2[7/2],4,3s2.3p5.(2P*<1/2>).6d,2[5/2]*,3,9.0,7.0,,,,MCDHF
,2758.4350184429,,58.3375,2.34E-05,,120207.175,123832.419,3s2.3p5.(2P*<3/2>).4f,2[9/2],4,3s2.3p5.(2P*<3/2>).6d,2[5/2]*,3,9.0,7.0,,,,MCDHF
,2791.34292903988,,2.38849,9.74E-07,,120249.914,123832.419,3s2.3p5.(2P*<3/2>).4f,2[7/2],4,3s2.3p5.(2P*<3/2>).6d,2[5/2]*,3,9.0,7.0,,,,MCDHF
,4588.96839531577,,62100.0,0.048752,,121653.28,123832.419,3s2.3p5.(2P*<1/2>).4f,2[7/2],4,3s2.3p5.(2P*<3/2>).6d,2[5/2]*,3,9.0,7.0,,,,MCDHF
,2921.04957985084,,339.0,0.000355,,120229.75,123653.177,3s2.3p5.(2P*<3/2>).4f,2[5/2],3,3s2.3p5.(2P*<3/2>).6d,2[7/2]*,4,7.0,9.0,,,,MCDHF
,2938.32370395684,,187.0,0.000199,,120249.876,123653.177,3s2.3p5.(2P*<3/2>).4f,2[7/2],3,3s2.3p5.(2P*<3/2>).6d,2[7/2]*,4,7.0,9.0,,,,MCDHF
,5000.1525046514,,0.040735,1.19E-07,,121653.238,123653.177,3s2.3p5.(2P*<1/2>).4f,2[7/2],3,3s2.3p5.(2P*<3/2>).6d,2[7/2]*,4,7.0,9.0,,,,MCDHF
,5002.64389729973,,0.171114,5E-07,,121654.234,123653.177,3s2.3p5.(2P*<1/2>).4f,2[5/2],3,3s2.3p5.(2P*<3/2>).6d,2[7/2]*,4,7.0,9.0,,,,MCDHF
,2901.91357985283,,1340.0,0.00138,,120207.175,123653.177,3s2.3p5.(2P*<3/2>).4f,2[9/2],4,3s2.3p5.(2P*<3/2>).6d,2[7/2]*,4,9.0,9.0,,,,MCDHF
,2938.35651255869,,6540.0,0.00694,,120249.914,123653.177,3s2.3p5.(2P*<3/2>).4f,2[7/2],4,3s2.3p5.(2P*<3/2>).6d,2[7/2]*,4,9.0,9.0,,,,MCDHF
,5000.25751326194,,1.42997,4.18E-06,,121653.28,123653.177,3s2.3p5.(2P*<1/2>).4f,2[7/2],4,3s2.3p5.(2P*<3/2>).6d,2[7/2]*,4,9.0,9.0,,,,MCDHF
,2901.87905374368,,58400.0,0.060385,,120207.134,123653.177,3s2.3p5.(2P*<3/2>).4f,2[9/2],5,3s2.3p5.(2P*<3/2>).6d,2[7/2]*,4,11.0,9.0,,,,MCDHF
,12152.7060430547,,99900.0,0.130107,,122686.065,123508.927,3s2.3p5.(2P*<3/2>).5f,2[3/2],1,3s2.3p5.(2P*<3/2>).6d,2[1/2]*,0,3.0,1.0,,,,MCDHF
,12789.2234933432,,33500.0,0.121902,,122686.065,123467.9733,3s2.3p5.(2P*<3/2>).5f,2[3/2],1,3s2.3p5.(2P*<3/2>).6d,2[1/2]*,1,3.0,3.0,,,,MCDHF
,7628.08508366107,,1290.0,0.00216,,122686.065,123997.01,3s2.3p5.(2P*<3/2>).5f,2[3/2],1,3s2.3p5.(2P*<3/2>).6d,2[3/2]*,1,3.0,3.0,,,,MCDHF
,3845.86540624839,,1280.0,7.09E-05,,122686.065,125286.26,3s2.3p5.(2P*<3/2>).5f,2[3/2],1,3s2.3p5.(2P*<1/2>).6d,2[3/2]*,1,3.0,3.0,,,,MCDHF
,12794.8689504741,,42500.0,0.154866,,122686.41,123467.9733,3s2.3p5.(2P*<3/2>).5f,2[3/2],2,3s2.3p5.(2P*<3/2>).6d,2[1/2]*,1,5.0,3.0,,,,MCDHF
,13160.5389661845,,26600.0,0.101293,,122708.126,123467.9733,3s2.3p5.(2P*<3/2>).5f,2[5/2],2,3s2.3p5.(2P*<3/2>).6d,2[1/2]*,1,5.0,3.0,,,,MCDHF
,14937.3519988491,,56.3749,0.00336,,123467.9733,124137.436,3s2.3p5.(2P*<3/2>).6d,2[1/2]*,1,3s2.3p5.(2P*<1/2>).5f,2[5/2],2,3.0,5.0,,,,MCDHF
,7630.09308713572,,60500.0,0.122728,,122686.41,123997.01,3s2.3p5.(2P*<3/2>).5f,2[3/2],2,3s2.3p5.(2P*<3/2>).6d,2[3/2]*,1,5.0,3.0,,,,MCDHF
,7758.65011901775,,73000.0,0.152964,,122708.126,123997.01,3s2.3p5.(2P*<3/2>).5f,2[5/2],2,3s2.3p5.(2P*<3/2>).6d,2[3/2]*,1,5.0,3.0,,,,MCDHF
,71211.8838391717,,44.6598,0.395172,,123997.01,124137.436,3s2.3p5.(2P*<3/2>).6d,2[3/2]*,1,3s2.3p5.(2P*<1/2>).5f,2[5/2],2,3.0,5.0,,,,MCDHF
,3846.37575244727,,4450.0,0.00247,,122686.41,125286.26,3s2.3p5.(2P*<3/2>).5f,2[3/2],2,3s2.3p5.(2P*<1/2>).6d,2[3/2]*,1,5.0,3.0,,,,MCDHF
,3878.77433833929,,1820.0,0.00103,,122708.126,125286.26,3s2.3p5.(2P*<3/2>).5f,2[5/2],2,3s2.3p5.(2P*<1/2>).6d,2[3/2]*,1,5.0,3.0,,,,MCDHF
,8704.55352604059,,125000.0,0.296505,,124137.436,125286.26,3s2.3p5.(2P*<1/2>).5f,2[5/2],2,3s2.3p5.(2P*<1/2>).6d,2[3/2]*,1,5.0,3.0,,,,MCDHF
,8909.09868430427,,2160.0,0.01185,,122686.065,123808.513,3s2.3p5.(2P*<3/2>).5f,2[3/2],1,3s2.3p5.(2P*<3/2>).6d,2[3/2]*,2,3.0,5.0,,,,MCDHF
,4119.78522735652,,1000.0,0.00482,,122686.065,125113.376,3s2.3p5.(2P*<3/2>).5f,2[3/2],1,3s2.3p5.(2P*<1/2>).6d,2[5/2]*,2,3.0,5.0,,,,MCDHF
,8766.66213722458,,4.00403,4.36E-06,,122686.065,123826.75,3s2.3p5.(2P*<3/2>).5f,2[3/2],1,3s2.3p5.(2P*<3/2>).6d,2[5/2]*,2,3.0,5.0,,,,MCDHF
,4201.03286594042,,24.4503,2.65E-05,,122686.065,125066.432,3s2.3p5.(2P*<3/2>).5f,2[3/2],1,3s2.3p5.(2P*<1/2>).6d,2[3/2]*,2,3.0,5.0,,,,MCDHF
,8911.83786158666,,19800.0,0.10892,,122686.41,123808.513,3s2.3p5.(2P*<3/2>).5f,2[3/2],2,3s2.3p5.(2P*<3/2>).6d,2[3/2]*,2,5.0,5.0,,,,MCDHF
,9087.71186864256,,5310.0,0.030384,,122708.126,123808.513,3s2.3p5.(2P*<3/2>).5f,2[5/2],2,3s2.3p5.(2P*<3/2>).6d,2[3/2]*,2,5.0,5.0,,,,MCDHF
,30402.2521988433,,6.2564,0.00053,,123808.513,124137.436,3s2.3p5.(2P*<3/2>).6d,2[3/2]*,2,3s2.3p5.(2P*<1/2>).5f,2[5/2],2,5.0,5.0,,,,MCDHF
,4120.37086634094,,66.46,0.00032,,122686.41,125113.376,3s2.3p5.(2P*<3/2>).5f,2[3/2],2,3s2.3p5.(2P*<1/2>).6d,2[5/2]*,2,5.0,5.0,,,,MCDHF
,4157.57197796487,,18600.0,0.092862,,122708.126,125113.376,3s2.3p5.(2P*<3/2>).5f,2[5/2],2,3s2.3p5.(2P*<1/2>).6d,2[5/2]*,2,5.0,5.0,,,,MCDHF
,10246.5315490706,,4.17183,0.000661,,124137.436,125113.376,3s2.3p5.(2P*<1/2>).5f,2[5/2],2,3s2.3p5.(2P*<1/2>).6d,2[5/2]*,2,5.0,5.0,,,,MCDHF
,8769.31441499906,,2.33E-05,2.53E-11,,122686.41,123826.75,3s2.3p5.(2P*<3/2>).5f,2[3/2],2,3s2.3p5.(2P*<3/2>).6d,2[5/2]*,2,5.0,5.0,,,,MCDHF
,8939.55430958037,,94.5186,0.000105,,122708.126,123826.75,3s2.3p5.(2P*<3/2>).5f,2[5/2],2,3s2.3p5.(2P*<3/2>).6d,2[5/2]*,2,5.0,5.0,,,,MCDHF
,32186.8381581402,,4420.0,0.024668,,123826.75,124137.436,3s2.3p5.(2P*<3/2>).6d,2[5/2]*,2,3s2.3p5.(2P*<1/2>).5f,2[5/2],2,5.0,5.0,,,,MCDHF
,4201.64183356289,,227.0,0.000246,,122686.41,125066.432,3s2.3p5.(2P*<3/2>).5f,2[3/2],2,3s2.3p5.(2P*<1/2>).6d,2[3/2]*,2,5.0,5.0,,,,MCDHF
,4240.33183140781,,33.1887,3.66E-05,,122708.126,125066.432,3s2.3p5.(2P*<3/2>).5f,2[5/2],2,3s2.3p5.(2P*<1/2>).6d,2[3/2]*,2,5.0,5.0,,,,MCDHF
,10764.3089959483,,7570.0,0.041906,,124137.436,125066.432,3s2.3p5.(2P*<1/2>).5f,2[5/2],2,3s2.3p5.(2P*<1/2>).6d,2[3/2]*,2,5.0,5.0,,,,MCDHF
,9085.86230739104,,79600.0,0.455138,,122707.902,123808.513,3s2.3p5.(2P*<3/2>).5f,2[5/2],3,3s2.3p5.(2P*<3/2>).6d,2[3/2]*,2,7.0,5.0,,,,MCDHF
,9168.50800869173,,1.14089,6.65E-06,,122717.823,123808.513,3s2.3p5.(2P*<3/2>).5f,2[7/2],3,3s2.3p5.(2P*<3/2>).6d,2[3/2]*,2,7.0,5.0,,,,MCDHF
,30566.4575920979,,7.32E-05,8.7E-09,,123808.513,124135.669,3s2.3p5.(2P*<3/2>).6d,2[3/2]*,2,3s2.3p5.(2P*<1/2>).5f,2[7/2],3,5.0,7.0,,,,MCDHF
,30422.7854493901,,62.614,0.00744,,123808.513,124137.214,3s2.3p5.(2P*<3/2>).6d,2[3/2]*,2,3s2.3p5.(2P*<1/2>).5f,2[5/2],3,5.0,7.0,,,,MCDHF
,4157.1848209542,,1270.0,0.00632,,122707.902,125113.376,3s2.3p5.(2P*<3/2>).5f,2[5/2],3,3s2.3p5.(2P*<1/2>).6d,2[5/2]*,2,7.0,5.0,,,,MCDHF
,4174.40148475112,,92200.0,0.469086,,122717.823,125113.376,3s2.3p5.(2P*<3/2>).5f,2[7/2],3,3s2.3p5.(2P*<1/2>).6d,2[5/2]*,2,7.0,5.0,,,,MCDHF
,10228.0130959479,,13.6127,0.00304,,124135.669,125113.376,3s2.3p5.(2P*<1/2>).5f,2[7/2],3,3s2.3p5.(2P*<1/2>).6d,2[5/2]*,2,7.0,5.0,,,,MCDHF
,10244.2012698712,,0.239835,5.34E-05,,124137.214,125113.376,3s2.3p5.(2P*<1/2>).5f,2[5/2],3,3s2.3p5.(2P*<1/2>).6d,2[5/2]*,2,7.0,5.0,,,,MCDHF
,8937.76455783093,,3.40717,3.77E-06,,122707.902,123826.75,3s2.3p5.(2P*<3/2>).5f,2[5/2],3,3s2.3p5.(2P*<3/2>).6d,2[5/2]*,2,7.0,5.0,,,,MCDHF
,9017.72614428185,,177.0,0.000198,,122717.823,123826.75,3s2.3p5.(2P*<3/2>).5f,2[7/2],3,3s2.3p5.(2P*<3/2>).6d,2[5/2]*,2,7.0,5.0,,,,MCDHF
,32370.9451344857,,103000.0,0.572234,,123826.75,124135.669,3s2.3p5.(2P*<3/2>).6d,2[5/2]*,2,3s2.3p5.(2P*<1/2>).5f,2[7/2],3,5.0,7.0,,,,MCDHF
,32209.8536384243,,796.0,0.00444,,123826.75,124137.214,3s2.3p5.(2P*<3/2>).6d,2[5/2]*,2,3s2.3p5.(2P*<1/2>).5f,2[5/2],3,5.0,7.0,,,,MCDHF
,4239.92910838531,,550.0,0.000607,,122707.902,125066.432,3s2.3p5.(2P*<3/2>).5f,2[5/2],3,3s2.3p5.(2P*<1/2>).6d,2[3/2]*,2,7.0,5.0,,,,MCDHF
,4257.83942750795,,0.176718,1.97E-07,,122717.823,125066.432,3s2.3p5.(2P*<3/2>).5f,2[7/2],3,3s2.3p5.(2P*<1/2>).6d,2[3/2]*,2,7.0,5.0,,,,MCDHF
,10743.8735746908,,94.188,0.000521,,124135.669,125066.432,3s2.3p5.(2P*<1/2>).5f,2[7/2],3,3s2.3p5.(2P*<1/2>).6d,2[3/2]*,2,7.0,5.0,,,,MCDHF
,10761.7372887741,,101000.0,0.556758,,124137.214,125066.432,3s2.3p5.(2P*<1/2>).5f,2[5/2],3,3s2.3p5.(2P*<1/2>).6d,2[3/2]*,2,7.0,5.0,,,,MCDHF
,9195.81325657412,,107.0,0.000796,,122686.41,123773.8614,3s2.3p5.(2P*<3/2>).5f,2[3/2],2,3s2.3p5.(2P*<3/2>).6d,2[7/2]*,3,5.0,7.0,,,,MCDHF
,9383.19211316438,,952.0,0.00735,,122708.126,123773.8614,3s2.3p5.(2P*<3/2>).5f,2[5/2],2,3s2.3p5.(2P*<3/2>).6d,2[7/2]*,3,5.0,7.0,,,,MCDHF
,27504.6716684823,,0.322142,3.17E-05,,123773.8614,124137.436,3s2.3p5.(2P*<3/2>).6d,2[7/2]*,3,3s2.3p5.(2P*<1/2>).5f,2[5/2],2,7.0,5.0,,,,MCDHF
,4059.22078385989,,1040.0,0.00682,,122686.41,125149.937,3s2.3p5.(2P*<3/2>).5f,2[3/2],2,3s2.3p5.(2P*<1/2>).6d,2[5/2]*,3,5.0,7.0,,,,MCDHF
,4095.32105474174,,474.0,0.00323,,122708.126,125149.937,3s2.3p5.(2P*<3/2>).5f,2[5/2],2,3s2.3p5.(2P*<1/2>).6d,2[5/2]*,3,5.0,7.0,,,,MCDHF
,9876.53345527556,,0.091664,1.7E-05,,124137.436,125149.937,3s2.3p5.(2P*<1/2>).5f,2[5/2],2,3s2.3p5.(2P*<1/2>).6d,2[5/2]*,3,5.0,7.0,,,,MCDHF
,8725.93496211642,,1.97023,2.94E-06,,122686.41,123832.419,3s2.3p5.(2P*<3/2>).5f,2[3/2],2,3s2.3p5.(2P*<3/2>).6d,2[5/2]*,3,5.0,7.0,,,,MCDHF
,8894.47857453536,,6.24671,9.48E-06,,122708.126,123832.419,3s2.3p5.(2P*<3/2>).5f,2[5/2],2,3s2.3p5.(2P*<3/2>).6d,2[5/2]*,3,5.0,7.0,,,,MCDHF
,32785.0578820189,,250.0,0.00186,,123832.419,124137.436,3s2.3p5.(2P*<3/2>).6d,2[5/2]*,3,3s2.3p5.(2P*<1/2>).5f,2[5/2],2,7.0,5.0,,,,MCDHF
,9381.22033540871,,1300.0,0.01001,,122707.902,123773.8614,3s2.3p5.(2P*<3/2>).5f,2[5/2],3,3s2.3p5.(2P*<3/2>).6d,2[7/2]*,3,7.0,7.0,,,,MCDHF
,9469.35262960144,,13200.0,0.104017,,122717.823,123773.8614,3s2.3p5.(2P*<3/2>).5f,2[7/2],3,3s2.3p5.(2P*<3/2>).6d,2[7/2]*,3,7.0,7.0,,,,MCDHF
,27638.9992913361,,0.206539,2.85E-05,,123773.8614,124135.669,3s2.3p5.(2P*<3/2>).6d,2[7/2]*,3,3s2.3p5.(2P*<1/2>).5f,2[7/2],3,7.0,7.0,,,,MCDHF
,27521.4763840954,,1.99269,0.000275,,123773.8614,124137.214,3s2.3p5.(2P*<3/2>).6d,2[7/2]*,3,3s2.3p5.(2P*<1/2>).5f,2[5/2],3,7.0,7.0,,,,MCDHF
,4094.94540414039,,17800.0,0.121459,,122707.902,125149.937,3s2.3p5.(2P*<3/2>).5f,2[5/2],3,3s2.3p5.(2P*<1/2>).6d,2[5/2]*,3,7.0,7.0,,,,MCDHF
,4111.64937169886,,509.0,0.00353,,122717.823,125149.937,3s2.3p5.(2P*<3/2>).5f,2[7/2],3,3s2.3p5.(2P*<1/2>).6d,2[5/2]*,3,7.0,7.0,,,,MCDHF
,9859.32712064257,,0.146374,3.81E-05,,124135.669,125149.937,3s2.3p5.(2P*<1/2>).5f,2[7/2],3,3s2.3p5.(2P*<1/2>).6d,2[5/2]*,3,7.0,7.0,,,,MCDHF
,9874.36841071055,,1.79856,0.000468,,124137.214,125149.937,3s2.3p5.(2P*<1/2>).5f,2[5/2],3,3s2.3p5.(2P*<1/2>).6d,2[5/2]*,3,7.0,7.0,,,,MCDHF
,8892.7068243522,,49.2472,7.47E-05,,122707.902,123832.419,3s2.3p5.(2P*<3/2>).5f,2[5/2],3,3s2.3p5.(2P*<3/2>).6d,2[5/2]*,3,7.0,7.0,,,,MCDHF
,8971.86065623785,,31.0358,4.75E-05,,122717.823,123832.419,3s2.3p5.(2P*<3/2>).5f,2[7/2],3,3s2.3p5.(2P*<3/2>).6d,2[5/2]*,3,7.0,7.0,,,,MCDHF
,32976.0923330585,,3770.0,0.028045,,123832.419,124135.669,3s2.3p5.(2P*<3/2>).6d,2[5/2]*,3,3s2.3p5.(2P*<1/2>).5f,2[7/2],3,7.0,7.0,,,,MCDHF
,32808.9371544795,,5010.0,0.037267,,123832.419,124137.214,3s2.3p5.(2P*<3/2>).6d,2[5/2]*,3,3s2.3p5.(2P*<1/2>).5f,2[5/2],3,7.0,7.0,,,,MCDHF
,9275.0233637839,,88900.0,0.671116,,122695.697,123773.8614,3s2.3p5.(2P*<3/2>).5f,2[9/2],4,3s2.3p5.(2P*<3/2>).6d,2[7/2]*,3,9.0,7.0,,,,MCDHF
,9469.62164316125,,4790.0,0.037664,,122717.853,123773.8614,3s2.3p5.(2P*<3/2>).5f,2[7/2],4,3s2.3p5.(2P*<3/2>).6d,2[7/2]*,3,9.0,7.0,,,,MCDHF
,27636.7841174711,,18.2188,0.00323,,123773.8614,124135.698,3s2.3p5.(2P*<3/2>).6d,2[7/2]*,3,3s2.3p5.(2P*<1/2>).5f,2[7/2],4,7.0,9.0,,,,MCDHF
,4074.58113305951,,9610.0,0.064143,,122695.697,125149.937,3s2.3p5.(2P*<3/2>).5f,2[9/2],4,3s2.3p5.(2P*<1/2>).6d,2[5/2]*,3,9.0,7.0,,,,MCDHF
,4111.70008930612,,85700.0,0.594499,,122717.853,125149.937,3s2.3p5.(2P*<3/2>).5f,2[7/2],4,3s2.3p5.(2P*<1/2>).6d,2[5/2]*,3,9.0,7.0,,,,MCDHF
,9859.60902706363,,1.33728,0.000448,,124135.698,125149.937,3s2.3p5.(2P*<1/2>).5f,2[7/2],4,3s2.3p5.(2P*<1/2>).6d,2[5/2]*,3,9.0,7.0,,,,MCDHF
,8797.22570690112,,152.0,0.000229,,122695.697,123832.419,3s2.3p5.(2P*<3/2>).5f,2[9/2],4,3s2.3p5.(2P*<3/2>).6d,2[5/2]*,3,9.0,7.0,,,,MCDHF
,8972.10214558858,,47.8548,7.32E-05,,122717.853,123832.419,3s2.3p5.(2P*<3/2>).5f,2[7/2],4,3s2.3p5.(2P*<3/2>).6d,2[5/2]*,3,9.0,7.0,,,,MCDHF
,32972.9391088723,,102000.0,0.756371,,123832.419,124135.698,3s2.3p5.(2P*<3/2>).6d,2[5/2]*,3,3s2.3p5.(2P*<1/2>).5f,2[7/2],4,7.0,9.0,,,,MCDHF
,10578.9320568089,,535.0,0.00572,,122707.902,123653.177,3s2.3p5.(2P*<3/2>).5f,2[5/2],3,3s2.3p5.(2P*<3/2>).6d,2[7/2]*,4,7.0,9.0,,,,MCDHF
,10691.1393974902,,294.0,0.00321,,122717.823,123653.177,3s2.3p5.(2P*<3/2>).5f,2[7/2],3,3s2.3p5.(2P*<3/2>).6d,2[7/2]*,4,7.0,9.0,,,,MCDHF
,20725.7322401201,,0.010133,1.04E-06,,123653.177,124135.669,3s2.3p5.(2P*<3/2>).6d,2[7/2]*,4,3s2.3p5.(2P*<1/2>).5f,2[7/2],3,9.0,7.0,,,,MCDHF
,20659.5776769127,,0.043158,4.43E-06,,123653.177,124137.214,3s2.3p5.(2P*<3/2>).6d,2[7/2]*,4,3s2.3p5.(2P*<1/2>).5f,2[5/2],3,9.0,7.0,,,,MCDHF
,10444.0823829219,,2130.0,0.022307,,122695.697,123653.177,3s2.3p5.(2P*<3/2>).5f,2[9/2],4,3s2.3p5.(2P*<3/2>).6d,2[7/2]*,4,9.0,9.0,,,,MCDHF
,10691.4823098734,,10300.0,0.112153,,122717.853,123653.177,3s2.3p5.(2P*<3/2>).5f,2[7/2],4,3s2.3p5.(2P*<3/2>).6d,2[7/2]*,4,9.0,9.0,,,,MCDHF
,20724.4866026553,,0.276057,3.64E-05,,123653.177,124135.698,3s2.3p5.(2P*<3/2>).6d,2[7/2]*,4,3s2.3p5.(2P*<1/2>).5f,2[7/2],4,9.0,9.0,,,,MCDHF
,10443.4170442833,,92500.0,0.968737,,122695.636,123653.177,3s2.3p5.(2P*<3/2>).5f,2[9/2],5,3s2.3p5.(2P*<3/2>).6d,2[7/2]*,4,11.0,9.0,,,,MCDHF
,14263.7074228333,,741.0,0.00189,,123171.92,123873.0,3s2.3p5.(2P*<3/2>).7p,2[1/2],1,3s2.3p5.(2P*<1/2>).7s,2[1/2]*,0,3.0,1.0,,,,MCDHF
,12979.4276072426,,136.0,0.000456,,123873.0,124643.45,3s2.3p5.(2P*<1/2>).7s,2[1/2]*,0,3s2.3p5.(2P*<1/2>).7p,2[3/2],1,1.0,3.0,,,,MCDHF
,16178.8736268182,,141000.0,1.17438,,123254.91,123873.0,3s2.3p5.(2P*<3/2>).7p,2[3/2],1,3s2.3p5.(2P*<1/2>).7s,2[1/2]*,0,3.0,1.0,,,,MCDHF
,12854.2965486214,,145000.0,1.18851,,123873.0,124650.95,3s2.3p5.(2P*<1/2>).7s,2[1/2]*,0,3s2.3p5.(2P*<1/2>).7p,2[1/2],1,1.0,3.0,,,,MCDHF
,4404.46559958211,,333000.0,0.680266,,122479.382,124749.805,3s2.3p5.(2P*<3/2>).7s,2[3/2]*,1,3s2.3p5.(2P*<1/2>).7p,2[1/2],0,3.0,1.0,,,,MCDHF
,11041.646883716,,1140.0,0.000336,,122479.382,123385.044,3s2.3p5.(2P*<3/2>).7s,2[3/2]*,1,3s2.3p5.(2P*<3/2>).7p,2[1/2],0,3.0,1.0,,,,MCDHF
,11526.022300548,,94.3386,0.00132,,123882.203,124749.805,3s2.3p5.(2P*<1/2>).7s,2[1/2]*,1,3s2.3p5.(2P*<1/2>).7p,2[1/2],0,3.0,1.0,,,,MCDHF
,20114.2893923272,,320000.0,0.70101,,123385.044,123882.203,3s2.3p5.(2P*<3/2>).7p,2[1/2],0,3s2.3p5.(2P*<1/2>).7s,2[1/2]*,1,1.0,3.0,,,,MCDHF
,14439.6408572526,,38300.0,0.426072,,122479.382,123171.92,3s2.3p5.(2P*<3/2>).7s,2[3/2]*,1,3s2.3p5.(2P*<3/2>).7p,2[1/2],1,3.0,3.0,,,,MCDHF
,4620.9268839981,,241000.0,2.01484,,122479.382,124643.45,3s2.3p5.(2P*<3/2>).7s,2[3/2]*,1,3s2.3p5.(2P*<1/2>).7p,2[3/2],1,3.0,3.0,,,,MCDHF
,12894.4409486181,,6.22485,6.13E-06,,122479.382,123254.91,3s2.3p5.(2P*<3/2>).7s,2[3/2]*,1,3s2.3p5.(2P*<3/2>).7p,2[3/2],1,3.0,3.0,,,,MCDHF
,4604.96747050979,,1.87762,1.84E-06,,122479.382,124650.95,3s2.3p5.(2P*<3/2>).7s,2[3/2]*,1,3s2.3p5.(2P*<1/2>).7p,2[1/2],1,3.0,3.0,,,,MCDHF
,14078.8953135582,,303.0,0.00219,,123171.92,123882.203,3s2.3p5.(2P*<3/2>).7p,2[1/2],1,3s2.3p5.(2P*<1/2>).7s,2[1/2]*,1,3.0,3.0,,,,MCDHF
,13136.3407671885,,28.2922,0.000267,,123882.203,124643.45,3s2.3p5.(2P*<1/2>).7s,2[1/2]*,1,3s2.3p5.(2P*<1/2>).7p,2[3/2],1,3.0,3.0,,,,MCDHF
,15941.5137742652,,139000.0,1.23138,,123254.91,123882.203,3s2.3p5.(2P*<3/2>).7p,2[3/2],1,3s2.3p5.(2P*<1/2>).7s,2[1/2]*,1,3.0,3.0,,,,MCDHF
,13008.1808449333,,138000.0,1.20362,,123882.203,124650.95,3s2.3p5.(2P*<1/2>).7s,2[1/2]*,1,3s2.3p5.(2P*<1/2>).7p,2[1/2],1,3.0,3.0,,,,MCDHF
,4589.13897656693,,204000.0,3.15012,,122479.382,124658.44,3s2.3p5.(2P*<3/2>).7s,2[3/2]*,1,3s2.3p5.(2P*<1/2>).7p,2[3/2],2,3.0,5.0,,,,MCDHF
,12785.3857926237,,70100.0,0.963604,,122479.382,123261.525,3s2.3p5.(2P*<3/2>).7s,2[3/2]*,1,3s2.3p5.(2P*<3/2>).7p,2[3/2],2,3.0,5.0,,,,MCDHF
,13489.6696110118,,260.0,0.000421,,122479.382,123220.69,3s2.3p5.(2P*<3/2>).7s,2[3/2]*,1,3s2.3p5.(2P*<3/2>).7p,2[5/2],2,3.0,5.0,,,,MCDHF
,12882.6634133646,,26.7667,0.000228,,123882.203,124658.44,3s2.3p5.(2P*<1/2>).7s,2[1/2]*,1,3s2.3p5.(2P*<1/2>).7p,2[3/2],2,3.0,5.0,,,,MCDHF
,16111.4136476563,,222.0,0.00212,,123261.525,123882.203,3s2.3p5.(2P*<3/2>).7p,2[3/2],2,3s2.3p5.(2P*<1/2>).7s,2[1/2]*,1,5.0,3.0,,,,MCDHF
,15116.8608931346,,282000.0,4.01699,,123220.69,123882.203,3s2.3p5.(2P*<3/2>).7p,2[5/2],2,3s2.3p5.(2P*<1/2>).7s,2[1/2]*,1,5.0,3.0,,,,MCDHF
,13663.9499090529,,223000.0,2.16405,,122440.0672,123171.92,3s2.3p5.(2P*<3/2>).7s,2[3/2]*,2,3s2.3p5.(2P*<3/2>).7p,2[1/2],1,5.0,3.0,,,,MCDHF
,4538.47601969119,,46100.0,0.342431,,122440.0672,124643.45,3s2.3p5.(2P*<3/2>).7s,2[3/2]*,2,3s2.3p5.(2P*<1/2>).7p,2[3/2],1,5.0,3.0,,,,MCDHF
,12272.3057748071,,1.11416,1.05E-06,,122440.0672,123254.91,3s2.3p5.(2P*<3/2>).7s,2[3/2]*,2,3s2.3p5.(2P*<3/2>).7p,2[3/2],1,5.0,3.0,,,,MCDHF
,4523.08010175846,,1770.0,0.00166,,122440.0672,124650.95,3s2.3p5.(2P*<3/2>).7s,2[3/2]*,2,3s2.3p5.(2P*<1/2>).7p,2[1/2],1,5.0,3.0,,,,MCDHF
,4507.80860638032,,69800.0,0.950279,,122440.0672,124658.44,3s2.3p5.(2P*<3/2>).7s,2[3/2]*,2,3s2.3p5.(2P*<1/2>).7p,2[3/2],2,5.0,5.0,,,,MCDHF
,12173.4798793074,,230000.0,2.81294,,122440.0672,123261.525,3s2.3p5.(2P*<3/2>).7s,2[3/2]*,2,3s2.3p5.(2P*<3/2>).7p,2[3/2],2,5.0,5.0,,,,MCDHF
,12810.2843012016,,209.0,0.000324,,122440.0672,123220.69,3s2.3p5.(2P*<3/2>).7s,2[3/2]*,2,3s2.3p5.(2P*<3/2>).7p,2[5/2],2,5.0,5.0,,,,MCDHF
,13059.7268323059,,283000.0,5.61259,,122440.0672,123205.78,3s2.3p5.(2P*<3/2>).7s,2[3/2]*,2,3s2.3p5.(2P*<3/2>).7p,2[5/2],3,5.0,7.0,,,,MCDHF
,80.6868907282452,,6770000.0,0.0022,,0.0,123935.87,3s2.3p6,1S,0,3s2.3p5.(2P*<3/2>).8s,2[3/2]*,1,1.0,3.0,,,,MCDHF
,79.7745698295928,,3520000.0,0.00101,,0.0,125353.23,3s2.3p6,1S,0,3s2.3p5.(2P*<1/2>).8s,2[1/2]*,1,1.0,3.0,,,,MCDHF
,4623.70016229187,,355.0,5.19E-05,,123171.92,125334.69,3s2.3p5.(2P*<3/2>).7p,2[1/2],1,3s2.3p5.(2P*<1/2>).8s,2[1/2]*,0,3.0,1.0,,,,MCDHF
,14466.7553960997,,73.2986,1.28E-05,,124643.45,125334.69,3s2.3p5.(2P*<1/2>).7p,2[3/2],1,3s2.3p5.(2P*<1/2>).8s,2[1/2]*,0,3.0,1.0,,,,MCDHF
,4808.20086739944,,109000.0,0.06992,,123254.91,125334.69,3s2.3p5.(2P*<3/2>).7p,2[3/2],1,3s2.3p5.(2P*<1/2>).8s,2[1/2]*,0,3.0,1.0,,,,MCDHF
,14625.4424196331,,109000.0,0.070663,,124650.95,125334.69,3s2.3p5.(2P*<1/2>).7p,2[1/2],1,3s2.3p5.(2P*<1/2>).8s,2[1/2]*,0,3.0,1.0,,,,MCDHF
,12285.9933532776,,21700.0,0.051625,,123935.87,124749.805,3s2.3p5.(2P*<3/2>).8s,2[3/2]*,1,3s2.3p5.(2P*<1/2>).7p,2[1/2],0,3.0,1.0,,,,MCDHF
,18154.5533435241,,2.33777,0.00937,,123385.044,123935.87,3s2.3p5.(2P*<3/2>).7p,2[1/2],0,3s2.3p5.(2P*<3/2>).8s,2[3/2]*,1,1.0,3.0,,,,MCDHF
,16572.0677797571,,1150.0,0.00132,,124749.805,125353.23,3s2.3p5.(2P*<1/2>).7p,2[1/2],0,3s2.3p5.(2P*<1/2>).8s,2[1/2]*,1,1.0,3.0,,,,MCDHF
,5080.82061349892,,22600.0,0.050497,,123385.044,125353.23,3s2.3p5.(2P*<3/2>).7p,2[1/2],0,3s2.3p5.(2P*<1/2>).8s,2[1/2]*,1,1.0,3.0,,,,MCDHF
,13089.861901957,,11600.0,0.020414,,123171.92,123935.87,3s2.3p5.(2P*<3/2>).7p,2[1/2],1,3s2.3p5.(2P*<3/2>).8s,2[3/2]*,1,3.0,3.0,,,,MCDHF
,14132.6775770937,,60400.0,0.120942,,123935.87,124643.45,3s2.3p5.(2P*<3/2>).8s,2[3/2]*,1,3s2.3p5.(2P*<1/2>).7p,2[3/2],1,3.0,3.0,,,,MCDHF
,14685.15037594,,0.764,0.000381,,123254.91,123935.87,3s2.3p5.(2P*<3/2>).7p,2[3/2],1,3s2.3p5.(2P*<3/2>).8s,2[3/2]*,1,3.0,3.0,,,,MCDHF
,13984.4492923868,,0.568224,0.000325,,123935.87,124650.95,3s2.3p5.(2P*<3/2>).8s,2[3/2]*,1,3s2.3p5.(2P*<1/2>).7p,2[1/2],1,3.0,3.0,,,,MCDHF
,4584.40111676012,,200.0,0.00219,,123171.92,125353.23,3s2.3p5.(2P*<3/2>).7p,2[1/2],1,3s2.3p5.(2P*<1/2>).8s,2[1/2]*,1,3.0,3.0,,,,MCDHF
,14088.8726084139,,1.43465,7.48E-07,,124643.45,125353.23,3s2.3p5.(2P*<1/2>).7p,2[3/2],1,3s2.3p5.(2P*<1/2>).8s,2[1/2]*,1,3.0,3.0,,,,MCDHF
,4765.7173357734,,37100.0,0.070944,,123254.91,125353.23,3s2.3p5.(2P*<3/2>).7p,2[3/2],1,3s2.3p5.(2P*<1/2>).8s,2[1/2]*,1,3.0,3.0,,,,MCDHF
,14239.3347382811,,35900.0,0.069269,,124650.95,125353.23,3s2.3p5.(2P*<1/2>).7p,2[1/2],1,3s2.3p5.(2P*<1/2>).8s,2[1/2]*,1,3.0,3.0,,,,MCDHF
,13839.4895996234,,92500.0,0.176688,,123935.87,124658.44,3s2.3p5.(2P*<3/2>).8s,2[3/2]*,1,3s2.3p5.(2P*<1/2>).7p,2[3/2],2,3.0,5.0,,,,MCDHF
,14829.2046356093,,28700.0,0.057857,,123261.525,123935.87,3s2.3p5.(2P*<3/2>).7p,2[3/2],2,3s2.3p5.(2P*<3/2>).8s,2[3/2]*,1,5.0,3.0,,,,MCDHF
,13982.4939176153,,0.057336,3.9E-05,,123220.69,123935.87,3s2.3p5.(2P*<3/2>).7p,2[5/2],2,3s2.3p5.(2P*<3/2>).8s,2[3/2]*,1,5.0,3.0,,,,MCDHF
,14392.8381237498,,6.03183,3.07E-06,,124658.44,125353.23,3s2.3p5.(2P*<1/2>).7p,2[3/2],2,3s2.3p5.(2P*<1/2>).8s,2[1/2]*,1,5.0,3.0,,,,MCDHF
,4780.78887797275,,52.9161,2.77E-05,,123261.525,125353.23,3s2.3p5.(2P*<3/2>).7p,2[3/2],2,3s2.3p5.(2P*<1/2>).8s,2[1/2]*,1,5.0,3.0,,,,MCDHF
,4689.2438125428,,120000.0,0.234115,,123220.69,125353.23,3s2.3p5.(2P*<3/2>).7p,2[5/2],2,3s2.3p5.(2P*<1/2>).8s,2[1/2]*,1,5.0,3.0,,,,MCDHF
,13674.2786817995,,38200.0,0.114775,,123171.92,123903.22,3s2.3p5.(2P*<3/2>).7p,2[1/2],1,3s2.3p5.(2P*<3/2>).8s,2[3/2]*,2,3.0,5.0,,,,MCDHF
,13509.3146724667,,6600.0,0.022506,,123903.22,124643.45,3s2.3p5.(2P*<3/2>).8s,2[3/2]*,2,3s2.3p5.(2P*<1/2>).7p,2[3/2],1,5.0,3.0,,,,MCDHF
,15424.7196557203,,0.00272,3.27E-06,,123254.91,123903.22,3s2.3p5.(2P*<3/2>).7p,2[3/2],1,3s2.3p5.(2P*<3/2>).8s,2[3/2]*,2,3.0,5.0,,,,MCDHF
,13373.8114025117,,4.33699,0.00618,,123903.22,124650.95,3s2.3p5.(2P*<3/2>).8s,2[3/2]*,2,3s2.3p5.(2P*<1/2>).7p,2[1/2],1,5.0,3.0,,,,MCDHF
,13241.1747570244,,17800.0,0.057838,,123903.22,124658.44,3s2.3p5.(2P*<3/2>).8s,2[3/2]*,2,3s2.3p5.(2P*<1/2>).7p,2[3/2],2,5.0,5.0,,,,MCDHF
,15583.7274717738,,53100.0,0.182521,,123261.525,123903.22,3s2.3p5.(2P*<3/2>).7p,2[3/2],2,3s2.3p5.(2P*<3/2>).8s,2[3/2]*,2,5.0,5.0,,,,MCDHF
,14651.370635723,,0.763354,0.00135,,123220.69,123903.22,3s2.3p5.(2P*<3/2>).7p,2[5/2],2,3s2.3p5.(2P*<3/2>).8s,2[3/2]*,2,5.0,5.0,,,,MCDHF
,14338.1509520532,,102000.0,0.325048,,123205.78,123903.22,3s2.3p5.(2P*<3/2>).7p,2[5/2],3,3s2.3p5.(2P*<3/2>).8s,2[3/2]*,2,7.0,5.0,,,,MCDHF